2 0
3 -1
4 2
5 -1
6 0
7 -3
8 -2
9 -5
10 4
11 -3
12 -2
13 -7
14 -4
15 -9
16 10
17 -3
18 -4
19 11
20 0
21 -1
22 -6
23 3
24 -2
25 5
26 -2
27 -3
28 -2
29 7
30 -2
31 -5
32 -4
33 5
34 0
35 1
36 -2
37 -5
38 0
39 -7
40 6
41 -11
42 0
43 -13
44 10
45 -7
46 -8
47 23
48 0
49 -1
50 10
51 -1
52 2
53 -15
54 6
55 -1
56 -8
57 5
58 -6
59 11
60 0
61 1
62 -10
63 -1
64 -8
65 15
66 -8
67 -5
68 -8
69 13
70 10
71 -13
72 4
73 -3
74 2
75 19
76 -10
77 -5
78 0
79 -7
80 -6
81 -5
82 0
83 -3
84 8
85 11
86 8
87 1
88 4
89 -1
90 2
91 3
92 6
93 -5
94 4
95 -7
96 -6
97 5
98 -6
99 -3
100 -10
101 -9
102 0
103 -17
104 -6
105 -23
106 -10
107 11
108 -4
109 3
110 -12
111 -1
112 14
113 -3
114 -6
115 -7
116 -8
117 25
118 6
119 9
120 -12
121 3
122 4
123 3
124 -4
125 -3
126 8
127 -11
128 6
129 -9
130 8
131 -5
132 12
133 -3
134 2
135 -1
136 4
137 -17
138 -6
139 -3
140 4
141 3
142 6
143 -9
144 -4
145 -27
146 4
147 21
148 -4
149 17
150 -4
151 -13
152 -10
153 -27
154 16
155 -19
156 -4
157 -15
158 -16
159 9
160 -8
161 -11
162 -6
163 11
164 -4
165 7
166 -6
167 7
168 -10
169 17
170 10
171 -5
172 -24
173 27
174 -10
175 -11
176 30
177 3
178 0
179 -3
180 -12
181 1
182 -14
183 5
184 -14
185 7
186 -18
187 3
188 46
189 7
190 4
191 -7
192 12
193 -19
194 16
195 3
196 12
197 1
198 -2
199 17
200 0
201 31
202 -8
203 1
204 -14
205 7
206 -12
207 -1
208 2
209 -21
210 -32
211 -17
212 -16
213 -23
214 42
215 13
216 4
217 -13
218 -14
219 17
220 -6
221 7
222 -10
223 21
224 2
225 -9
226 28
227 -7
228 8
229 -7
230 12
231 7
232 12
233 -5
234 8
235 19
236 -8
237 3
238 14
239 -17
240 4
241 -9
242 -2
243 25
244 -6
245 -13
246 -6
247 15
248 14
249 -13
250 -8
251 1
252 10
253 13
254 -10
255 1
256 18
257 1
258 16
259 7
260 -16
261 1
262 10
263 7
264 12
265 -9
266 6
267 -17
268 -10
269 19
270 12
271 7
272 -22
273 -19
274 -44
275 17
276 12
277 5
278 -28
279 -15
280 0
281 -37
282 14
283 25
284 6
285 -1
286 4
287 1
288 -8
289 -3
290 26
291 31
292 -12
293 -7
294 6
295 3
296 -12
297 -37
298 -28
299 5
300 10
301 13
302 -6
303 -11
304 -28
305 -5
306 0
307 -29
308 4
309 -13
310 18
311 17
312 14
313 1
314 12
315 5
316 -22
317 -11
318 -26
319 -27
320 -22
321 3
322 0
323 -3
324 -30
325 9
326 12
327 1
328 18
329 7
330 -12
331 11
332 24
333 -3
334 -2
335 -5
336 -2
337 19
338 -18
339 -31
340 -44
341 25
342 20
343 -17
344 2
345 -21
346 -38
347 -1
348 -36
349 -5
350 28
351 -7
352 -30
353 -1
354 -6
355 13
356 52
357 5
358 -2
359 -13
360 -10
361 53
362 -24
363 7
364 22
365 -1
366 18
367 -39
368 8
369 21
370 -20
371 -9
372 -6
373 -13
374 6
375 -3
376 0
377 -13
378 -6
379 25
380 -20
381 25
382 8
383 -1
384 -42
385 -13
386 52
387 5
388 14
389 -11
390 -44
391 7
392 6
393 -21
394 14
395 -9
396 6
397 1
398 4
399 35
400 16
401 5
402 -18
403 -17
404 -44
405 15
406 14
407 -13
408 12
409 43
410 4
411 -9
412 56
413 13
414 20
415 -11
416 -6
417 -11
418 -12
419 25
420 22
421 -9
422 -30
423 13
424 -36
425 -47
426 -44
427 -1
428 -32
429 13
430 2
431 37
432 12
433 -3
434 4
435 -35
436 50
437 -23
438 14
439 -25
440 18
441 -3
442 -12
443 3
444 8
445 15
446 -48
447 7
448 -4
449 11
450 -16
451 -19
452 -2
453 -11
454 -24
455 31
456 -4
457 -45
458 60
459 -1
460 -20
461 -51
462 8
463 -21
464 -8
465 -3
466 38
467 21
468 2
469 -21
470 36
471 3
472 -4
473 -29
474 6
475 -45
476 -16
477 15
478 28
479 -9
480 -40
481 -9
482 4
483 1
484 6
485 13
486 -4
487 -13
488 42
489 -9
490 -18
491 9
492 12
493 -25
494 0
495 45
496 54
497 5
498 4
499 -17
500 2
501 -11
502 -20
503 17
504 16
505 -7
506 12
507 5
508 6
509 1
510 16
511 29
512 -24
513 3
514 12
515 -45
516 32
517 -7
518 2
519 21
520 6
521 23
522 2
523 -25
524 -22
525 -15
526 -2
527 15
528 10
529 -29
530 -20
531 27
532 -26
533 27
534 -4
535 25
536 -50
537 -17
538 12
539 -49
540 30
541 -5
542 6
543 7
544 2
545 23
546 -18
547 19
548 0
549 13
550 20
551 1
552 16
553 19
554 -12
555 -13
556 -2
557 29
558 -20
559 -21
560 8
561 -3
562 -22
563 15
564 -32
565 3
566 -48
567 43
568 28
569 1
570 18
571 -33
572 -22
573 25
574 56
575 -19
576 6
577 1
578 12
579 -33
580 8
581 -33
582 28
583 -17
584 -14
585 -15
586 14
587 -9
588 -26
589 31
590 -12
591 -37
592 -66
593 -23
594 62
595 -35
596 -28
597 -21
598 -12
599 -23
600 8
601 -31
602 -4
603 -37
604 -4
605 11
606 -18
607 9
608 84
609 1
610 24
611 -5
612 18
613 -31
614 -16
615 37
616 18
617 7
618 -46
619 43
620 -10
621 15
622 30
623 21
624 -8
625 -53
626 -2
627 -25
628 -2
629 -1
630 20
631 19
632 -8
633 -33
634 -10
635 23
636 60
637 -35
638 -24
639 11
640 -24
641 -5
642 20
643 -1
644 -16
645 15
646 -16
647 -29
648 36
649 -7
650 12
651 15
652 -36
653 1
654 -40
655 -3
656 -54
657 25
658 -34
659 47
660 20
661 -5
662 -32
663 53
664 -22
665 -11
666 -18
667 31
668 -20
669 9
670 6
671 -23
672 -26
673 -7
674 30
675 -7
676 -30
677 -23
678 0
679 -51
680 -4
681 -41
682 28
683 -15
684 -52
685 19
686 -44
687 -9
688 4
689 17
690 28
691 9
692 4
693 41
694 10
695 -7
696 -16
697 59
698 12
699 -17
700 26
701 7
702 -6
703 -17
704 0
705 5
706 4
707 -39
708 34
709 13
710 -16
711 -25
712 8
713 -5
714 40
715 9
716 -26
717 -5
718 -16
719 19
720 22
721 -39
722 32
723 -31
724 -32
725 61
726 -34
727 -25
728 -4
729 -1
730 4
731 -5
732 22
733 33
734 -22
735 11
736 -4
737 23
738 18
739 17
740 6
741 -29
742 6
743 5
744 10
745 -21
746 26
747 -1
748 -14
749 -45
750 22
751 -15
752 -4
753 -9
754 -12
755 31
756 20
757 1
758 20
759 -3
760 -4
761 5
762 -14
763 -81
764 -26
765 7
766 -20
767 3
768 -68
769 19
770 104
771 -21
772 -44
773 -29
774 16
775 -59
776 -2
777 -33
778 34
779 25
780 40
781 1
782 -22
783 29
784 -6
785 15
786 -10
787 13
788 54
789 -43
790 6
791 43
792 -16
793 21
794 -24
795 37
796 8
797 -9
798 0
799 1
800 -16
801 31
802 6
803 15
804 18
805 17
806 -36
807 61
808 10
809 27
810 -4
811 -1
812 -6
813 19
814 4
815 -9
816 14
817 -9
818 26
819 7
820 -10
821 -69
822 36
823 -25
824 44
825 -61
826 16
827 -23
828 4
829 -1
830 -44
831 -1
832 26
833 7
834 -30
835 -1
836 -6
837 -9
838 -26
839 -15
840 56
841 9
842 10
843 15
844 -6
845 27
846 -20
847 -11
848 10
849 1
850 48
851 25
852 -52
853 -19
854 24
855 -27
856 -2
857 -19
858 -8
859 19
860 8
861 5
862 -28
863 -9
864 -32
865 27
866 4
867 -15
868 -12
869 7
870 -44
871 15
872 14
873 9
874 20
875 -47
876 14
877 43
878 -56
879 43
880 4
881 -9
882 24
883 31
884 -14
885 31
886 -54
887 -1
888 0
889 -75
890 -20
891 -7
892 0
893 37
894 24
895 11
896 -2
897 25
898 22
899 -57
900 14
901 -11
902 44
903 -31
904 -18
905 39
906 32
907 -13
908 20
909 19
910 -12
911 -7
912 -14
913 -15
914 4
915 39
916 -40
917 -5
918 -38
919 -27
920 6
921 -49
922 30
923 -27
924 0
925 7
926 0
927 27
928 -12
929 -5
930 28
931 -25
932 -38
933 -7
934 86
935 -57
936 -34
937 -19
938 -2
939 49
940 6
941 11
942 -30
943 -13
944 -16
945 23
946 8
947 -21
948 -14
949 25
950 -24
951 -57
952 -50
953 13
954 22
955 35
956 16
957 -1
958 -38
959 23
960 38
961 5
962 -88
963 -37
964 48
965 3
966 30
967 3
968 -26
969 19
970 -34
971 -1
972 56
973 -39
974 6
975 65
976 20
977 -13
978 -26
979 19
980 20
981 -25
982 40
983 -13
984 -18
985 49
986 8
987 -53
988 -40
989 47
990 -36
991 9
992 -6
993 13
994 -6
995 11
996 -24
997 27
998 14
999 -13
1000 2
1001 -3
1002 22
1003 47
1004 -72
1005 17
1006 -12
1007 19
1008 24
1009 25
1010 -42
1011 -1
1012 -26
1013 -19
1014 60
1015 35
1016 24
1017 -55
1018 26
1019 -23
1020 16
1021 -69
1022 8
1023 -9
1024 -18
1025 -29
1026 -8
1027 25
1028 14
1029 75
1030 12
1031 -53
1032 -16
1033 15
1034 4
1035 69
1036 4
1037 21
1038 -36
1039 -1
1040 -2
1041 -21
1042 -26
1043 3
1044 14
1045 -45
1046 -60
1047 -1
1048 -14
1049 65
1050 16
1051 -49
1052 -4
1053 -35
1054 -10
1055 45
1056 22
1057 7
1058 -44
1059 11
1060 -24
1061 37
1062 -16
1063 33
1064 34
1065 -3
1066 0
1067 23
1068 -36
1069 7
1070 6
1071 -31
1072 -6
1073 -9
1074 32
1075 13
1076 26
1077 -25
1078 32
1079 9
1080 -16
1081 -5
1082 28
1083 33
1084 16
1085 -53
1086 46
1087 -15
1088 12
1089 -23
1090 34
1091 -49
1092 0
1093 -25
1094 68
1095 39
1096 -4
1097 39
1098 -10
1099 11
1100 28
1101 31
1102 -30
1103 59
1104 -40
1105 -63
1106 0
1107 13
1108 -44
1109 15
1110 14
1111 -23
1112 -20
1113 -7
1114 -28
1115 -29
1116 -32
1117 -37
1118 -56
1119 -61
1120 32
1121 -23
1122 -6
1123 -41
1124 34
1125 -39
1126 -16
1127 -23
1128 4
1129 5
1130 18
1131 35
1132 -2
1133 41
1134 -2
1135 -25
1136 16
1137 23
1138 18
1139 31
1140 60
1141 35
1142 -6
1143 63
1144 30
1145 -11
1146 22
1147 -35
1148 -24
1149 9
1150 4
1151 27
1152 40
1153 17
1154 34
1155 63
1156 4
1157 -9
1158 12
1159 -23
1160 16
1161 -7
1162 -36
1163 -13
1164 6
1165 -11
1166 12
1167 -51
1168 28
1169 19
1170 -56
1171 -13
1172 20
1173 9
1174 -12
1175 -7
1176 0
1177 -11
1178 -2
1179 -39
1180 48
1181 57
1182 12
1183 -45
1184 28
1185 -11
1186 56
1187 -21
1188 -16
1189 -53
1190 -48
1191 -3
1192 -6
1193 5
1194 30
1195 -5
1196 14
1197 17
1198 -78
1199 59
1200 -30
1201 33
1202 42
1203 1
1204 12
1205 53
1206 44
1207 3
1208 26
1209 35
1210 -42
1211 -95
1212 36
1213 -17
1214 -14
1215 39
1216 -26
1217 -51
1218 -14
1219 -69
1220 20
1221 -37
1222 -36
1223 9
1224 8
1225 -13
1226 14
1227 -25
1228 -2
1229 31
1230 -6
1231 5
1232 30
1233 1
1234 76
1235 29
1236 -34
1237 35
1238 -46
1239 37
1240 -10
1241 -27
1242 -46
1243 -1
1244 14
1245 -27
1246 14
1247 73
1248 8
1249 35
1250 4
1251 39
1252 -4
1253 37
1254 0
1255 37
1256 -12
1257 -5
1258 -44
1259 -11
1260 -52
1261 7
1262 -14
1263 -21
1264 8
1265 -21
1266 -18
1267 -55
1268 -8
1269 -1
1270 34
1271 -33
1272 34
1273 -31
1274 62
1275 73
1276 8
1277 -21
1278 14
1279 -13
1280 -32
1281 -77
1282 14
1283 -13
1284 -48
1285 -41
1286 -12
1287 -37
1288 14
1289 39
1290 -50
1291 55
1292 24
1293 17
1294 0
1295 53
1296 42
1297 27
1298 -36
1299 9
1300 -6
1301 -13
1302 34
1303 -29
1304 14
1305 57
1306 2
1307 -37
1308 34
1309 1
1310 0
1311 51
1312 76
1313 1
1314 24
1315 19
1316 2
1317 -11
1318 -18
1319 -51
1320 -28
1321 5
1322 30
1323 19
1324 32
1325 -19
1326 24
1327 3
1328 22
1329 7
1330 -10
1331 -21
1332 38
1333 3
1334 20
1335 11
1336 16
1337 21
1338 24
1339 1
1340 46
1341 -7
1342 22
1343 -25
1344 46
1345 -63
1346 64
1347 37
1348 -12
1349 -25
1350 14
1351 45
1352 20
1353 -1
1354 -38
1355 -7
1356 34
1357 91
1358 30
1359 -13
1360 -36
1361 3
1362 -16
1363 7
1364 -2
1365 -3
1366 -20
1367 -35
1368 -36
1369 19
1370 30
1371 23
1372 54
1373 11
1374 28
1375 5
1376 20
1377 -39
1378 -36
1379 35
1380 8
1381 -55
1382 70
1383 -33
1384 38
1385 29
1386 80
1387 -51
1388 -40
1389 37
1390 6
1391 -9
1392 0
1393 21
1394 42
1395 1
1396 12
1397 -9
1398 22
1399 -7
1400 40
1401 -29
1402 8
1403 119
1404 -6
1405 -7
1406 18
1407 33
1408 -6
1409 -71
1410 -4
1411 -3
1412 0
1413 -47
1414 2
1415 29
1416 54
1417 -35
1418 -16
1419 -59
1420 -12
1421 -17
1422 8
1423 -47
1424 56
1425 -77
1426 52
1427 -51
1428 -4
1429 59
1430 -76
1431 -61
1432 -60
1433 33
1434 -62
1435 9
1436 2
1437 23
1438 -72
1439 17
1440 -72
1441 -7
1442 -2
1443 -61
1444 40
1445 -39
1446 -2
1447 -19
1448 -108
1449 39
1450 -52
1451 45
1452 -22
1453 5
1454 -74
1455 41
1456 -34
1457 47
1458 82
1459 25
1460 34
1461 -61
1462 32
1463 53
1464 -84
1465 43
1466 14
1467 13
1468 16
1469 33
1470 -22
1471 -29
1472 18
1473 -41
1474 -20
1475 -39
1476 22
1477 75
1478 -16
1479 31
1480 30
1481 55
1482 -6
1483 27
1484 56
1485 -21
1486 -58
1487 -9
1488 4
1489 -33
1490 16
1491 55
1492 0
1493 -27
1494 -8
1495 35
1496 -52
1497 91
1498 -36
1499 49
1500 50
1501 3
1502 24
1503 -9
1504 -36
1505 27
1506 -14
1507 23
1508 66
1509 -15
1510 -40
1511 41
1512 14
1513 -3
1514 -116
1515 15
1516 -60
1517 65
1518 -28
1519 63
1520 -56
1521 99
1522 -22
1523 -17
1524 14
1525 -37
1526 12
1527 -47
1528 40
1529 -15
1530 58
1531 7
1532 -6
1533 33
1534 -72
1535 -47
1536 -16
1537 33
1538 -10
1539 25
1540 54
1541 -91
1542 -20
1543 -7
1544 66
1545 21
1546 28
1547 27
1548 -54
1549 -1
1550 -30
1551 -15
1552 30
1553 -33
1554 68
1555 -17
1556 16
1557 -19
1558 32
1559 37
1560 18
1561 9
1562 22
1563 -31
1564 38
1565 -5
1566 -2
1567 9
1568 -22
1569 43
1570 -34
1571 15
1572 -6
1573 1
1574 10
1575 -39
1576 -4
1577 3
1578 38
1579 39
1580 -22
1581 9
1582 16
1583 -45
1584 -44
1585 -3
1586 -20
1587 -27
1588 0
1589 1
1590 -2
1591 -47
1592 -24
1593 29
1594 -16
1595 -5
1596 26
1597 5
1598 22
1599 -109
1600 -28
1601 -9
1602 -24
1603 -39
1604 16
1605 -23
1606 -16
1607 43
1608 -10
1609 -21
1610 -10
1611 9
1612 34
1613 -11
1614 -26
1615 27
1616 -14
1617 65
1618 32
1619 21
1620 4
1621 -71
1622 -30
1623 23
1624 -10
1625 -67
1626 -48
1627 21
1628 -4
1629 13
1630 14
1631 -73
1632 20
1633 -13
1634 42
1635 27
1636 24
1637 -27
1638 8
1639 -21
1640 6
1641 3
1642 20
1643 -29
1644 32
1645 -39
1646 -42
1647 -101
1648 -52
1649 55
1650 28
1651 -3
1652 -76
1653 5
1654 24
1655 -13
1656 -38
1657 -31
1658 -10
1659 -73
1660 16
1661 -41
1662 -18
1663 -21
1664 8
1665 19
1666 -16
1667 -35
1668 56
1669 19
1670 30
1671 -13
1672 14
1673 -9
1674 28
1675 17
1676 10
1677 -53
1678 64
1679 -93
1680 -68
1681 17
1682 -32
1683 37
1684 -30
1685 41
1686 70
1687 -37
1688 -26
1689 49
1690 82
1691 -41
1692 70
1693 83
1694 -4
1695 -23
1696 22
1697 -5
1698 2
1699 -1
1700 4
1701 -5
1702 34
1703 -13
1704 30
1705 -51
1706 -4
1707 3
1708 -36
1709 -7
1710 38
1711 67
1712 56
1713 21
1714 44
1715 75
1716 28
1717 49
1718 52
1719 -21
1720 -62
1721 49
1722 46
1723 35
1724 34
1725 -39
1726 28
1727 13
1728 -42
1729 -35
1730 -34
1731 13
1732 66
1733 33
1734 4
1735 15
1736 74
1737 13
1738 26
1739 49
1740 -84
1741 -15
1742 26
1743 15
1744 54
1745 -15
1746 -20
1747 19
1748 2
1749 -21
1750 58
1751 61
1752 60
1753 -87
1754 16
1755 45
1756 -4
1757 -59
1758 -18
1759 -53
1760 32
1761 -13
1762 54
1763 31
1764 -84
1765 -23
1766 -50
1767 -43
1768 -34
1769 -21
1770 -6
1771 11
1772 -46
1773 31
1774 62
1775 73
1776 70
1777 23
1778 32
1779 1
1780 6
1781 25
1782 4
1783 51
1784 -12
1785 -11
1786 -14
1787 -25
1788 -48
1789 55
1790 46
1791 -5
1792 14
1793 13
1794 52
1795 -35
1796 -16
1797 7
1798 -6
1799 25
1800 -56
1801 9
1802 40
1803 -5
1804 -20
1805 -37
1806 20
1807 33
1808 38
1809 -27
1810 12
1811 3
1812 -32
1813 -37
1814 32
1815 -11
1816 -28
1817 39
1818 22
1819 15
1820 -16
1821 17
1822 32
1823 -47
1824 -20
1825 43
1826 60
1827 -15
1828 -52
1829 -3
1830 -32
1831 -21
1832 42
1833 -27
1834 -38
1835 -57
1836 38
1837 25
1838 32
1839 105
1840 -18
1841 75
1842 -52
1843 53
1844 -44
1845 49
1846 -66
1847 -15
1848 120
1849 -27
1850 -58
1851 15
1852 -56
1853 7
1854 -26
1855 -7
1856 -6
1857 33
1858 -4
1859 -55
1860 82
1861 -1
1862 22
1863 21
1864 -10
1865 -15
1866 8
1867 -113
1868 62
1869 -29
1870 -62
1871 49
1872 56
1873 15
1874 36
1875 -93
1876 34
1877 1
1878 60
1879 -79
1880 -12
1881 -45
1882 64
1883 45
1884 -6
1885 -9
1886 44
1887 -1
1888 42
1889 -9
1890 -4
1891 57
1892 -78
1893 39
1894 16
1895 -5
1896 14
1897 -55
1898 -30
1899 13
1900 -40
1901 -51
1902 -70
1903 -7
1904 42
1905 -29
1906 -4
1907 -71
1908 48
1909 13
1910 38
1911 21
1912 36
1913 -21
1914 38
1915 9
1916 58
1917 -5
1918 22
1919 -19
1920 -30
1921 7
1922 28
1923 -71
1924 -28
1925 -3
1926 -6
1927 31
1928 0
1929 9
1930 -10
1931 31
1932 -62
1933 -29
1934 -18
1935 -41
1936 -22
1937 9
1938 -22
1939 -63
1940 -36
1941 -51
1942 -50
1943 -35
1944 -14
1945 7
1946 -24
1947 -19
1948 38
1949 13
1950 -38
1951 -27
1952 8
1953 83
1954 -38
1955 73
1956 44
1957 59
1958 -36
1959 -33
1960 6
1961 -9
1962 24
1963 49
1964 66
1965 29
1966 46
1967 -31
1968 30
1969 -61
1970 -66
1971 87
1972 38
1973 -23
1974 32
1975 11
1976 -2
1977 -23
1978 -86
1979 1
1980 -6
1981 33
1982 -58
1983 -109
1984 -36
1985 17
1986 -18
1987 -39
1988 -42
1989 29
1990 52
1991 37
1992 -24
1993 23
1994 86
1995 -57
1996 44
1997 69
1998 26
1999 13
2000 -8
2001 103
2002 24
2003 9
2004 -8
2005 -25
2006 2
2007 -15
2008 -10
2009 -49
2010 -52
2011 -3
2012 -18
2013 -91
2014 16
2015 -13
2016 10
2017 57
2018 16
2019 59
2020 56
2021 -71
2022 54
2023 17
2024 -2
2025 -1
2026 -10
2027 11
2028 18
2029 7
2030 -16
2031 -29
2032 -52
2033 19
2034 4
2035 -103
2036 -56
2037 53
2038 -50
2039 1
2040 24
2041 -81
2042 40
2043 53
2044 -66
2045 3
2046 -74
2047 -15
2048 -40
2049 -59
2050 -84
2051 25
2052 -22
2053 -59
2054 56
2055 -5
2056 -54
2057 19
2058 -20
2059 35
2060 -8
2061 89
2062 -34
2063 -25
2064 -42
2065 3
2066 22
2067 81
2068 -34
2069 9
2070 -26
2071 -5
2072 0
2073 15
2074 44
2075 23
2076 -60
2077 -23
2078 -18
2079 47
2080 50
2081 29
2082 52
2083 57
2084 -8
2085 35
2086 -46
2087 -3
2088 8
2089 21
2090 -8
2091 49
2092 -22
2093 -23
2094 -76
2095 -63
2096 -6
2097 9
2098 -12
2099 -63
2100 32
2101 -87
2102 0
2103 -53
2104 -12
2105 31
2106 20
2107 -101
2108 76
2109 119
2110 28
2111 19
2112 -52
2113 85
2114 -66
2115 21
2116 -4
2117 -45
2118 -46
2119 -7
2120 -18
2121 -43
2122 -38
2123 5
2124 -48
2125 -31
2126 58
2127 -3
2128 -80
2129 9
2130 -8
2131 83
2132 22
2133 -29
2134 94
2135 -15
2136 -76
2137 67
2138 -26
2139 59
2140 -52
2141 15
2142 16
2143 63
2144 66
2145 79
2146 -46
2147 5
2148 32
2149 -51
2150 88
2151 23
2152 -56
2153 -11
2154 -2
2155 53
2156 -44
2157 -49
2158 114
2159 -31
2160 36
2161 -75
2162 -12
2163 -5
2164 30
2165 5
2166 46
2167 15
2168 14
2169 -27
2170 26
2171 -145
2172 70
2173 -29
2174 -76
2175 -67
2176 -30
2177 -45
2178 62
2179 61
2180 16
2181 -129
2182 -62
2183 17
2184 12
2185 -33
2186 52
2187 -13
2188 -60
2189 23
2190 -56
2191 -53
2192 12
2193 -37
2194 -68
2195 41
2196 -38
2197 43
2198 90
2199 -39
2200 -56
2201 -45
2202 -30
2203 47
2204 -10
2205 -11
2206 58
2207 -69
2208 -74
2209 -67
2210 -112
2211 23
2212 -24
2213 3
2214 24
2215 -45
2216 10
2217 -73
2218 74
2219 -21
2220 18
2221 17
2222 -50
2223 75
2224 -4
2225 29
2226 54
2227 21
2228 -122
2229 5
2230 56
2231 -37
2232 -76
2233 13
2234 78
2235 87
2236 16
2237 77
2238 6
2239 -11
2240 66
2241 -27
2242 -38
2243 11
2244 78
2245 -11
2246 -6
2247 -43
2248 66
2249 -37
2250 22
2251 3
2252 -54
2253 -29
2254 -12
2255 -7
2256 56
2257 -71
2258 38
2259 -15
2260 4
2261 33
2262 -22
2263 77
2264 -6
2265 1
2266 6
2267 -35
2268 30
2269 -15
2270 -24
2271 -1
2272 4
2273 65
2274 -48
2275 -21
2276 -14
2277 -41
2278 -34
2279 111
2280 66
2281 -3
2282 -44
2283 -39
2284 16
2285 1
2286 -52
2287 17
2288 -10
2289 19
2290 -32
2291 -69
2292 10
2293 -19
2294 -56
2295 33
2296 90
2297 25
2298 48
2299 19
2300 6
2301 -1
2302 -80
2303 59
2304 32
2305 -3
2306 -58
2307 57
2308 96
2309 -13
2310 38
2311 -27
2312 -40
2313 -65
2314 66
2315 -19
2316 -28
2317 57
2318 -8
2319 27
2320 -6
2321 -45
2322 -36
2323 73
2324 -26
2325 117
2326 -76
2327 -7
2328 -6
2329 17
2330 54
2331 -21
2332 -24
2333 -27
2334 -16
2335 5
2336 48
2337 -37
2338 44
2339 -53
2340 6
2341 69
2342 -44
2343 19
2344 -100
2345 -25
2346 32
2347 -7
2348 30
2349 67
2350 -42
2351 -9
2352 -44
2353 43
2354 32
2355 -3
2356 28
2357 83
2358 -16
2359 33
2360 64
2361 85
2362 -22
2363 9
2364 -18
2365 61
2366 -14
2367 -9
2368 -6
2369 77
2370 -32
2371 55
2372 36
2373 91
2374 -36
2375 47
2376 -36
2377 -23
2378 -26
2379 43
2380 -12
2381 -59
2382 26
2383 23
2384 -78
2385 31
2386 -10
2387 -33
2388 -50
2389 33
2390 94
2391 21
2392 8
2393 53
2394 -60
2395 61
2396 -44
2397 71
2398 24
2399 87
2400 -84
2401 -33
2402 34
2403 -45
2404 50
2405 -39
2406 50
2407 -69
2408 8
2409 35
2410 72
2411 5
2412 2
2413 -55
2414 -26
2415 -17
2416 30
2417 49
2418 -26
2419 53
2420 -100
2421 -111
2422 -30
2423 -41
2424 18
2425 -39
2426 -72
2427 47
2428 -52
2429 39
2430 -4
2431 21
2432 -58
2433 23
2434 84
2435 -11
2436 -38
2437 -57
2438 -88
2439 -23
2440 70
2441 1
2442 16
2443 -31
2444 -42
2445 105
2446 -34
2447 35
2448 50
2449 -19
2450 -12
2451 -27
2452 14
2453 -3
2454 -40
2455 119
2456 -70
2457 -33
2458 96
2459 -75
2460 48
2461 -45
2462 0
2463 97
2464 2
2465 23
2466 -92
2467 53
2468 2
2469 21
2470 -84
2471 -61
2472 24
2473 -13
2474 -20
2475 113
2476 -12
2477 -17
2478 -136
2479 -43
2480 -54
2481 17
2482 -60
2483 27
2484 -26
2485 -15
2486 -22
2487 41
2488 74
2489 23
2490 16
2491 35
2492 -54
2493 79
2494 -46
2495 -1
2496 64
2497 -65
2498 -44
2499 31
2500 -114
2501 61
2502 4
2503 -41
2504 76
2505 11
2506 24
2507 45
2508 28
2509 -23
2510 16
2511 65
2512 18
2513 35
2514 -48
2515 -39
2516 84
2517 25
2518 -10
2519 27
2520 112
2521 -9
2522 -62
2523 -29
2524 70
2525 -53
2526 -78
2527 1
2528 6
2529 -47
2530 -46
2531 33
2532 -92
2533 13
2534 -178
2535 39
2536 20
2537 25
2538 34
2539 57
2540 52
2541 69
2542 28
2543 11
2544 -18
2545 -5
2546 -2
2547 -77
2548 -90
2549 29
2550 -40
2551 -77
2552 72
2553 -3
2554 6
2555 17
2556 86
2557 -47
2558 38
2559 -3
2560 -76
2561 -39
2562 -58
2563 -3
2564 -60
2565 -65
2566 44
2567 -19
2568 -54
2569 129
2570 -42
2571 17
2572 -62
2573 15
2574 42
2575 39
2576 104
2577 37
2578 -18
2579 5
2580 -6
2581 21
2582 48
2583 -147
2584 -14
2585 -19
2586 -38
2587 -63
2588 -36
2589 -7
2590 -34
2591 -53
2592 38
2593 -59
2594 -20
2595 -53
2596 -46
2597 -35
2598 -52
2599 -7
2600 -40
2601 -31
2602 -14
2603 -25
2604 -2
2605 51
2606 54
2607 17
2608 -36
2609 33
2610 -46
2611 41
2612 8
2613 -29
2614 30
2615 -31
2616 20
2617 21
2618 162
2619 -59
2620 -12
2621 9
2622 -2
2623 11
2624 -70
2625 87
2626 -74
2627 11
2628 128
2629 -69
2630 6
2631 -23
2632 14
2633 125
2634 -32
2635 -7
2636 12
2637 3
2638 20
2639 -31
2640 -50
2641 -19
2642 -134
2643 1
2644 14
2645 25
2646 12
2647 -61
2648 -20
2649 25
2650 64
2651 -83
2652 38
2653 13
2654 68
2655 -11
2656 -38
2657 95
2658 50
2659 79
2660 52
2661 -39
2662 -98
2663 41
2664 44
2665 49
2666 82
2667 -61
2668 -52
2669 59
2670 -2
2671 35
2672 -26
2673 105
2674 46
2675 -7
2676 -70
2677 39
2678 -56
2679 13
2680 18
2681 -13
2682 -20
2683 -51
2684 2
2685 3
2686 -26
2687 -23
2688 -54
2689 31
2690 6
2691 35
2692 -32
2693 -89
2694 -2
2695 -29
2696 -84
2697 39
2698 8
2699 9
2700 36
2701 53
2702 56
2703 -9
2704 16
2705 57
2706 -54
2707 5
2708 -4
2709 -31
2710 28
2711 9
2712 -24
2713 -107
2714 2
2715 59
2716 28
2717 -157
2718 -46
2719 -53
2720 -24
2721 15
2722 -56
2723 -5
2724 -8
2725 31
2726 -66
2727 -9
2728 -74
2729 -51
2730 -68
2731 -61
2732 86
2733 -75
2734 -42
2735 9
2736 54
2737 3
2738 76
2739 67
2740 -30
2741 71
2742 18
2743 43
2744 -20
2745 -27
2746 80
2747 -7
2748 54
2749 -27
2750 44
2751 17
2752 64
2753 3
2754 -30
2755 -7
2756 -62
2757 17
2758 -80
2759 -23
2760 78
2761 -49
2762 24
2763 -135
2764 58
2765 121
2766 -30
2767 -9
2768 4
2769 -79
2770 -152
2771 49
2772 -78
2773 27
2774 -52
2775 3
2776 56
2777 27
2778 -76
2779 -29
2780 86
2781 -19
2782 -4
2783 -107
2784 10
2785 137
2786 86
2787 -59
2788 -66
2789 -1
2790 -30
2791 -109
2792 -110
2793 -91
2794 126
2795 -87
2796 44
2797 33
2798 -64
2799 -15
2800 46
2801 -17
2802 6
2803 -47
2804 120
2805 103
2806 -24
2807 51
2808 -20
2809 -89
2810 32
2811 85
2812 -36
2813 -35
2814 88
2815 -75
2816 34
2817 -75
2818 -50
2819 -41
2820 20
2821 -5
2822 -24
2823 1
2824 -130
2825 -75
2826 34
2827 45
2828 60
2829 -55
2830 -42
2831 1
2832 60
2833 -79
2834 -124
2835 -1
2836 28
2837 -23
2838 -8
2839 5
2840 64
2841 -67
2842 98
2843 19
2844 6
2845 3
2846 10
2847 117
2848 -22
2849 -5
2850 -58
2851 -11
2852 52
2853 35
2854 -38
2855 19
2856 -12
2857 65
2858 -4
2859 51
2860 4
2861 -63
2862 -4
2863 21
2864 26
2865 -25
2866 -4
2867 -41
2868 -68
2869 -97
2870 -58
2871 -1
2872 26
2873 -19
2874 136
2875 73
2876 -48
2877 9
2878 16
2879 -1
2880 -22
2881 45
2882 -2
2883 -49
2884 60
2885 117
2886 -82
2887 -41
2888 14
2889 -45
2890 -52
2891 -43
2892 56
2893 -25
2894 -10
2895 17
2896 6
2897 17
2898 10
2899 -5
2900 26
2901 -63
2902 -34
2903 37
2904 -28
2905 -141
2906 30
2907 -33
2908 -92
2909 -13
2910 58
2911 23
2912 -88
2913 73
2914 56
2915 21
2916 -10
2917 -53
2918 -92
2919 29
2920 -68
2921 73
2922 -14
2923 93
2924 -74
2925 41
2926 8
2927 19
2928 -38
2929 101
2930 30
2931 7
2932 -82
2933 -29
2934 -36
2935 -93
2936 68
2937 -47
2938 8
2939 -33
2940 26
2941 -21
2942 18
2943 -151
2944 -48
2945 -25
2946 -64
2947 -89
2948 32
2949 -11
2950 -2
2951 31
2952 -44
2953 -83
2954 48
2955 25
2956 40
2957 -27
2958 -72
2959 31
2960 -54
2961 -79
2962 -6
2963 -25
2964 18
2965 59
2966 -22
2967 -31
2968 -74
2969 37
2970 50
2971 -41
2972 26
2973 9
2974 28
2975 -73
2976 112
2977 41
2978 28
2979 5
2980 52
2981 -45
2982 -54
2983 49
2984 36
2985 -59
2986 -108
2987 7
2988 12
2989 -85
2990 -22
2991 -29
2992 -30
2993 51
2994 -10
2995 -53
2996 38
2997 -19
2998 -4
2999 -35
3000 -42
3001 -105
3002 54
3003 93
3004 124
3005 -21
3006 -30
3007 -69
3008 14
3009 19
3010 38
3011 -53
3012 58
3013 -27
3014 -94
3015 77
3016 0
3017 -107
3018 26
3019 -21
3020 40
3021 -15
3022 4
3023 101
3024 10
3025 5
3026 52
3027 -61
3028 -146
3029 11
3030 54
3031 -37
3032 14
3033 1
3034 -102
3035 -59
3036 -102
3037 15
3038 92
3039 -51
3040 -18
3041 -71
3042 60
3043 37
3044 -72
3045 73
3046 -132
3047 -73
3048 -46
3049 33
3050 -2
3051 85
3052 -118
3053 -3
3054 -130
3055 75
3056 -14
3057 49
3058 36
3059 -39
3060 -32
3061 53
3062 -42
3063 23
3064 -8
3065 -49
3066 10
3067 81
3068 -58
3069 -27
3070 -30
3071 9
3072 -60
3073 -41
3074 -28
3075 -13
3076 34
3077 23
3078 -22
3079 -57
3080 12
3081 -21
3082 16
3083 69
3084 10
3085 -3
3086 -188
3087 9
3088 -2
3089 -33
3090 18
3091 29
3092 -40
3093 -11
3094 62
3095 -3
3096 38
3097 17
3098 -24
3099 135
3100 -82
3101 -53
3102 40
3103 45
3104 -60
3105 -21
3106 32
3107 -87
3108 54
3109 81
3110 6
3111 95
3112 -42
3113 55
3114 -10
3115 -19
3116 -26
3117 -21
3118 14
3119 -27
3120 -8
3121 13
3122 10
3123 55
3124 44
3125 31
3126 18
3127 -25
3128 -6
3129 -17
3130 28
3131 29
3132 18
3133 11
3134 8
3135 -49
3136 -56
3137 113
3138 42
3139 145
3140 12
3141 83
3142 48
3143 -19
3144 -126
3145 1
3146 -20
3147 43
3148 46
3149 87
3150 -24
3151 -11
3152 48
3153 -81
3154 80
3155 -71
3156 -26
3157 49
3158 0
3159 -21
3160 100
3161 7
3162 -8
3163 -17
3164 56
3165 31
3166 -68
3167 11
3168 -144
3169 -33
3170 -18
3171 47
3172 146
3173 -65
3174 132
3175 -19
3176 64
3177 -41
3178 -4
3179 99
3180 -92
3181 -23
3182 -16
3183 -21
3184 78
3185 -75
3186 -54
3187 -53
3188 -12
3189 19
3190 46
3191 67
3192 -60
3193 -85
3194 20
3195 45
3196 -4
3197 -29
3198 -38
3199 -49
3200 12
3201 105
3202 -14
3203 -35
3204 -68
3205 75
3206 -50
3207 1
3208 -58
3209 1
3210 -12
3211 9
3212 64
3213 -49
3214 -94
3215 107
3216 32
3217 -5
3218 -60
3219 -1
3220 72
3221 -81
3222 -10
3223 165
3224 38
3225 -51
3226 48
3227 -13
3228 -40
3229 -69
3230 -46
3231 7
3232 88
3233 -27
3234 42
3235 97
3236 -152
3237 -13
3238 80
3239 -1
3240 -122
3241 -51
3242 6
3243 -5
3244 -8
3245 -33
3246 -86
3247 -19
3248 2
3249 -53
3250 -10
3251 135
3252 -68
3253 -5
3254 6
3255 -3
3256 -6
3257 -95
3258 -156
3259 85
3260 16
3261 93
3262 -22
3263 69
3264 -46
3265 55
3266 4
3267 -59
3268 20
3269 -47
3270 -76
3271 -55
3272 -68
3273 77
3274 -48
3275 17
3276 26
3277 105
3278 -12
3279 -31
3280 -56
3281 35
3282 8
3283 -5
3284 -74
3285 15
3286 -28
3287 -39
3288 34
3289 1
3290 -78
3291 15
3292 -40
3293 3
3294 -88
3295 -43
3296 38
3297 -39
3298 -12
3299 -91
3300 102
3301 47
3302 -4
3303 13
3304 82
3305 93
3306 56
3307 23
3308 -52
3309 -5
3310 -14
3311 -65
3312 30
3313 -57
3314 72
3315 -31
3316 124
3317 67
3318 6
3319 49
3320 -70
3321 77
3322 -2
3323 75
3324 2
3325 -29
3326 50
3327 43
3328 18
3329 15
3330 34
3331 55
3332 -6
3333 -81
3334 86
3335 33
3336 -64
3337 -15
3338 86
3339 35
3340 -86
3341 -1
3342 -28
3343 49
3344 -60
3345 -53
3346 -4
3347 17
3348 -2
3349 11
3350 30
3351 59
3352 -6
3353 -85
3354 30
3355 11
3356 194
3357 19
3358 100
3359 19
3360 -4
3361 119
3362 -68
3363 15
3364 70
3365 -81
3366 -26
3367 -1
3368 -54
3369 9
3370 0
3371 -71
3372 24
3373 37
3374 -26
3375 149
3376 16
3377 33
3378 22
3379 -85
3380 24
3381 -65
3382 -76
3383 39
3384 56
3385 -47
3386 -58
3387 -17
3388 -70
3389 107
3390 24
3391 -61
3392 12
3393 17
3394 -6
3395 83
3396 -30
3397 31
3398 -12
3399 -21
3400 62
3401 19
3402 -82
3403 19
3404 -20
3405 -63
3406 -84
3407 -31
3408 44
3409 31
3410 6
3411 19
3412 2
3413 -121
3414 -28
3415 -53
3416 40
3417 57
3418 -100
3419 -1
3420 -20
3421 -19
3422 -10
3423 -13
3424 16
3425 19
3426 -46
3427 27
3428 50
3429 41
3430 -44
3431 -45
3432 -60
3433 29
3434 14
3435 -53
3436 -158
3437 -85
3438 -148
3439 -101
3440 10
3441 81
3442 70
3443 17
3444 12
3445 -69
3446 130
3447 -67
3448 16
3449 19
3450 34
3451 -65
3452 -62
3453 -45
3454 -60
3455 -59
3456 -6
3457 61
3458 40
3459 -145
3460 86
3461 17
3462 52
3463 123
3464 78
3465 41
3466 -72
3467 -81
3468 -90
3469 -45
3470 90
3471 5
3472 -4
3473 -53
3474 -176
3475 77
3476 104
3477 -27
3478 -70
3479 -155
3480 -46
3481 107
3482 -66
3483 -89
3484 68
3485 -49
3486 -84
3487 -11
3488 60
3489 117
3490 -40
3491 17
3492 20
3493 57
3494 24
3495 43
3496 42
3497 -19
3498 52
3499 -17
3500 16
3501 115
3502 38
3503 1
3504 96
3505 59
3506 -16
3507 7
3508 82
3509 -59
3510 54
3511 13
3512 6
3513 5
3514 -22
3515 -107
3516 90
3517 3
3518 114
3519 -7
3520 18
3521 7
3522 -2
3523 19
3524 -32
3525 63
3526 -14
3527 -37
3528 -38
3529 -33
3530 20
3531 -1
3532 -70
3533 -71
3534 -64
3535 59
3536 -114
3537 -45
3538 40
3539 23
3540 -18
3541 29
3542 40
3543 71
3544 40
3545 107
3546 86
3547 17
3548 128
3549 97
3550 44
3551 39
3552 -32
3553 35
3554 14
3555 21
3556 8
3557 -13
3558 84
3559 35
3560 -90
3561 85
3562 38
3563 -83
3564 -14
3565 -11
3566 -6
3567 -15
3568 -54
3569 -31
3570 -68
3571 65
3572 68
3573 21
3574 -86
3575 37
3576 54
3577 -35
3578 52
3579 31
3580 -34
3581 59
3582 8
3583 -25
3584 -54
3585 15
3586 40
3587 -85
3588 -6
3589 -33
3590 -4
3591 -47
3592 -112
3593 -15
3594 24
3595 61
3596 18
3597 -27
3598 -32
3599 -105
3600 -80
3601 -113
3602 58
3603 -127
3604 14
3605 -21
3606 -58
3607 -105
3608 -40
3609 -7
3610 -20
3611 -73
3612 -60
3613 -99
3614 108
3615 47
3616 66
3617 -53
3618 -30
3619 39
3620 -2
3621 45
3622 116
3623 25
3624 -70
3625 133
3626 -20
3627 29
3628 100
3629 -91
3630 34
3631 13
3632 -26
3633 39
3634 34
3635 71
3636 2
3637 53
3638 -32
3639 39
3640 38
3641 -19
3642 14
3643 -35
3644 4
3645 -41
3646 -94
3647 -105
3648 8
3649 -5
3650 50
3651 69
3652 54
3653 -17
3654 52
3655 -11
3656 8
3657 -99
3658 52
3659 -19
3660 -68
3661 33
3662 4
3663 -17
3664 88
3665 123
3666 80
3667 127
3668 20
3669 -9
3670 94
3671 -29
3672 -4
3673 -59
3674 48
3675 -47
3676 16
3677 7
3678 -32
3679 -45
3680 24
3681 -73
3682 -6
3683 79
3684 22
3685 27
3686 62
3687 91
3688 6
3689 1
3690 4
3691 91
3692 38
3693 -51
3694 50
3695 41
3696 -10
3697 95
3698 32
3699 -1
3700 -40
3701 79
3702 66
3703 -33
3704 54
3705 -103
3706 56
3707 -127
3708 64
3709 -73
3710 -18
3711 -67
3712 -52
3713 -85
3714 -14
3715 29
3716 -4
3717 -81
3718 -56
3719 -19
3720 38
3721 71
3722 14
3723 -65
3724 -104
3725 -39
3726 -100
3727 25
3728 2
3729 -47
3730 -60
3731 11
3732 -68
3733 -85
3734 44
3735 49
3736 30
3737 -53
3738 80
3739 3
3740 -72
3741 -73
3742 -4
3743 35
3744 -46
3745 35
3746 94
3747 -113
3748 8
3749 -49
3750 34
3751 39
3752 48
3753 -3
3754 32
3755 75
3756 -16
3757 43
3758 -38
3759 -35
3760 -22
3761 55
3762 82
3763 -7
3764 28
3765 -5
3766 -20
3767 43
3768 -20
3769 69
3770 70
3771 -107
3772 86
3773 99
3774 -10
3775 -57
3776 -60
3777 -1
3778 -28
3779 133
3780 2
3781 -29
3782 42
3783 107
3784 -2
3785 31
3786 106
3787 139
3788 -166
3789 119
3790 6
3791 83
3792 8
3793 -69
3794 -18
3795 -7
3796 4
3797 5
3798 62
3799 -71
3800 108
3801 13
3802 6
3803 -121
3804 30
3805 -29
3806 -60
3807 -43
3808 -24
3809 -53
3810 -52
3811 1
3812 64
3813 13
3814 4
3815 115
3816 -58
3817 -9
3818 -2
3819 -11
3820 -18
3821 57
3822 26
3823 43
3824 -56
3825 39
3826 102
3827 -1
3828 -14
3829 -25
3830 -10
3831 -19
3832 32
3833 19
3834 -172
3835 25
3836 14
3837 -15
3838 -62
3839 41
3840 68
3841 95
3842 -28
3843 -23
3844 -14
3845 9
3846 -6
3847 -61
3848 -100
3849 5
3850 30
3851 -55
3852 122
3853 23
3854 -114
3855 -95
3856 -34
3857 -83
3858 -180
3859 -7
3860 -28
3861 -5
3862 -38
3863 -87
3864 72
3865 -129
3866 -86
3867 -115
3868 60
3869 1
3870 82
3871 49
3872 -78
3873 -47
3874 -84
3875 -77
3876 124
3877 21
3878 14
3879 -113
3880 -16
3881 39
3882 -90
3883 27
3884 -96
3885 97
3886 -122
3887 -67
3888 60
3889 -55
3890 44
3891 -59
3892 86
3893 -81
3894 30
3895 -25
3896 60
3897 75
3898 -42
3899 -13
3900 20
3901 -35
3902 -88
3903 41
3904 4
3905 -69
3906 68
3907 -15
3908 -64
3909 57
3910 -26
3911 39
3912 -22
3913 73
3914 -108
3915 21
3916 62
3917 -47
3918 10
3919 29
3920 -70
3921 -129
3922 22
3923 -25
3924 8
3925 33
3926 34
3927 -13
3928 4
3929 -5
3930 52
3931 11
3932 -50
3933 67
3934 54
3935 -57
3936 -26
3937 -61
3938 48
3939 101
3940 -48
3941 -35
3942 34
3943 117
3944 -110
3945 -93
3946 6
3947 -115
3948 220
3949 -39
3950 130
3951 -51
3952 62
3953 55
3954 38
3955 -43
3956 -120
3957 -15
3958 -10
3959 -43
3960 40
3961 47
3962 88
3963 -69
3964 18
3965 -29
3966 26
3967 -15
3968 -64
3969 -51
3970 34
3971 35
3972 -10
3973 -29
3974 -96
3975 -49
3976 -14
3977 41
3978 66
3979 -47
3980 -26
3981 -27
3982 -34
3983 77
3984 40
3985 -15
3986 -6
3987 -27
3988 -26
3989 -31
3990 -20
3991 -3
3992 -74
3993 -51
3994 98
3995 15
3996 20
3997 1
3998 112
3999 109
4000 -48
4001 33
4002 -34
4003 23
4004 -32
4005 -71
4006 68
4007 49
4008 -44
4009 -57
4010 42
4011 69
4012 92
4013 143
4014 92
4015 9
4016 -4
4017 29
4018 4
4019 -101
4020 20
4021 -5
4022 -62
4023 -31
4024 52
4025 -17
4026 112
4027 -57
4028 42
4029 83
4030 -88
4031 69
4032 66
4033 -49
4034 -18
4035 -23
4036 90
4037 -39
4038 8
4039 -75
4040 32
4041 -69
4042 32
4043 21
4044 34
4045 51
4046 -94
4047 135
4048 10
4049 21
4050 2
4051 -11
4052 42
4053 23
4054 -26
4055 19
4056 -14
4057 -55
4058 6
4059 -25
4060 10
4061 31
4062 -44
4063 47
4064 -72
4065 -43
4066 24
4067 -87
4068 108
4069 115
4070 -6
4071 -3
4072 12
4073 -37
4074 78
4075 3
4076 -90
4077 33
4078 -10
4079 -53
4080 16
4081 61
4082 -22
4083 23
4084 -92
4085 -53
4086 -30
4087 -79
4088 -136
4089 55
4090 -52
4091 51
4092 -4
4093 -65
4094 -6
4095 1
4096 -74
4097 99
4098 4
4099 105
4100 82
4101 45
4102 -80
4103 -31
4104 -48
4105 -19
4106 84
4107 -29
4108 -28
4109 -19
4110 -8
4111 91
4112 -34
4113 57
4114 -98
4115 43
4116 96
4117 73
4118 -62
4119 3
4120 110
4121 25
4122 -122
4123 25
4124 -80
4125 21
4126 -20
4127 -39
4128 116
4129 17
4130 180
4131 -17
4132 34
4133 -83
4134 50
4135 -31
4136 -16
4137 45
4138 -54
4139 -19
4140 78
4141 -25
4142 52
4143 -3
4144 -62
4145 -15
4146 -140
4147 11
4148 -68
4149 101
4150 -116
4151 23
4152 30
4153 35
4154 -48
4155 59
4156 28
4157 49
4158 88
4159 23
4160 -60
4161 71
4162 2
4163 15
4164 -30
4165 51
4166 -122
4167 -29
4168 -70
4169 105
4170 88
4171 -81
4172 4
4173 43
4174 -46
4175 29
4176 54
4177 -41
4178 48
4179 -119
4180 44
4181 -35
4182 32
4183 23
4184 110
4185 29
4186 52
4187 63
4188 -34
4189 69
4190 -74
4191 -119
4192 2
4193 -117
4194 -18
4195 35
4196 72
4197 39
4198 -14
4199 -115
4200 26
4201 -43
4202 2
4203 -55
4204 32
4205 -45
4206 -52
4207 -103
4208 -84
4209 33
4210 -36
4211 -81
4212 -88
4213 -73
4214 -6
4215 3
4216 -64
4217 1
4218 10
4219 19
4220 110
4221 25
4222 100
4223 -13
4224 -134
4225 75
4226 -6
4227 19
4228 -18
4229 13
4230 106
4231 53
4232 -32
4233 1
4234 -38
4235 115
4236 36
4237 21
4238 -32
4239 -41
4240 -22
4241 -19
4242 -44
4243 -89
4244 46
4245 17
4246 6
4247 -25
4248 56
4249 -53
4250 14
4251 -187
4252 6
4253 -69
4254 -134
4255 -29
4256 -104
4257 3
4258 -4
4259 -29
4260 36
4261 45
4262 -58
4263 61
4264 4
4265 -79
4266 -14
4267 15
4268 -4
4269 7
4270 -30
4271 21
4272 -40
4273 -49
4274 128
4275 -79
4276 -24
4277 -171
4278 -84
4279 89
4280 -38
4281 13
4282 -16
4283 -37
4284 -148
4285 63
4286 96
4287 47
4288 -48
4289 -31
4290 74
4291 -35
4292 22
4293 73
4294 28
4295 1
4296 78
4297 127
4298 -18
4299 137
4300 -58
4301 -167
4302 -54
4303 31
4304 -38
4305 -33
4306 -122
4307 135
4308 -52
4309 -111
4310 -152
4311 -107
4312 -38
4313 19
4314 -12
4315 45
4316 100
4317 -43
4318 56
4319 -25
4320 -52
4321 -49
4322 154
4323 -7
4324 14
4325 13
4326 -26
4327 -69
4328 -18
4329 -15
4330 -60
4331 81
4332 76
4333 -13
4334 -60
4335 -101
4336 -70
4337 35
4338 -26
4339 -103
4340 130
4341 1
4342 6
4343 49
4344 -84
4345 -3
4346 28
4347 -9
4348 8
4349 -21
4350 -88
4351 -15
4352 24
4353 -31
4354 -38
4355 -139
4356 -116
4357 -35
4358 -80
4359 45
4360 -62
4361 -11
4362 -34
4363 -19
4364 -182
4365 -67
4366 -82
4367 -39
4368 -98
4369 129
4370 -110
4371 -55
4372 74
4373 -83
4374 -80
4375 -55
4376 -2
4377 35
4378 118
4379 113
4380 24
4381 -81
4382 -72
4383 171
4384 54
4385 35
4386 -2
4387 85
4388 -26
4389 15
4390 -2
4391 -11
4392 82
4393 47
4394 116
4395 11
4396 -44
4397 -59
4398 -114
4399 -99
4400 -28
4401 113
4402 16
4403 -63
4404 14
4405 17
4406 -52
4407 55
4408 38
4409 105
4410 92
4411 -83
4412 96
4413 25
4414 66
4415 -27
4416 -16
4417 -7
4418 62
4419 29
4420 22
4421 111
4422 56
4423 -133
4424 10
4425 -39
4426 -120
4427 -87
4428 -20
4429 5
4430 -16
4431 49
4432 0
4433 -95
4434 -62
4435 19
4436 98
4437 -19
4438 28
4439 -5
4440 -42
4441 -9
4442 -160
4443 -61
4444 -12
4445 -83
4446 44
4447 31
4448 32
4449 137
4450 -76
4451 83
4452 -28
4453 -51
4454 -76
4455 -83
4456 40
4457 -53
4458 32
4459 59
4460 6
4461 1
4462 -72
4463 109
4464 26
4465 59
4466 10
4467 -85
4468 -12
4469 1
4470 56
4471 105
4472 32
4473 -17
4474 -20
4475 79
4476 62
4477 -67
4478 88
4479 45
4480 -92
4481 73
4482 62
4483 33
4484 -52
4485 35
4486 -32
4487 85
4488 -8
4489 -45
4490 86
4491 -131
4492 70
4493 -81
4494 -116
4495 55
4496 -2
4497 -131
4498 46
4499 113
4500 -30
4501 -103
4502 150
4503 27
4504 -94
4505 119
4506 44
4507 -19
4508 90
4509 -45
4510 106
4511 9
4512 26
4513 45
4514 26
4515 -43
4516 -42
4517 -19
4518 -104
4519 101
4520 -110
4521 -25
4522 24
4523 -11
4524 64
4525 -63
4526 78
4527 17
4528 -54
4529 -61
4530 -116
4531 -13
4532 -128
4533 39
4534 -72
4535 -9
4536 96
4537 19
4538 -24
4539 -119
4540 36
4541 37
4542 -74
4543 -67
4544 80
4545 -7
4546 24
4547 11
4548 -14
4549 27
4550 -16
4551 49
4552 -60
4553 23
4554 90
4555 29
4556 8
4557 -9
4558 -86
4559 97
4560 12
4561 23
4562 4
4563 59
4564 104
4565 -39
4566 -56
4567 13
4568 4
4569 3
4570 -86
4571 31
4572 54
4573 5
4574 -40
4575 83
4576 -50
4577 5
4578 -158
4579 5
4580 -40
4581 -113
4582 74
4583 59
4584 -36
4585 -35
4586 -52
4587 -5
4588 -90
4589 89
4590 74
4591 -23
4592 30
4593 -15
4594 62
4595 -13
4596 18
4597 -33
4598 -48
4599 -61
4600 92
4601 97
4602 -40
4603 -3
4604 -46
4605 43
4606 46
4607 -3
4608 -22
4609 83
4610 -10
4611 -105
4612 50
4613 -65
4614 8
4615 -21
4616 58
4617 87
4618 -28
4619 43
4620 2
4621 107
4622 130
4623 31
4624 38
4625 -47
4626 -158
4627 -81
4628 104
4629 5
4630 50
4631 33
4632 -30
4633 -73
4634 -104
4635 23
4636 -88
4637 -1
4638 -20
4639 91
4640 64
4641 17
4642 4
4643 65
4644 42
4645 63
4646 26
4647 -35
4648 -86
4649 -57
4650 -162
4651 -45
4652 60
4653 -97
4654 42
4655 29
4656 14
4657 3
4658 34
4659 53
4660 8
4661 -117
4662 -34
4663 -113
4664 -32
4665 29
4666 4
4667 -19
4668 124
4669 31
4670 -8
4671 -73
4672 -52
4673 165
4674 14
4675 -143
4676 66
4677 -17
4678 30
4679 -41
4680 -20
4681 -77
4682 -46
4683 -21
4684 -18
4685 47
4686 32
4687 -95
4688 106
4689 75
4690 10
4691 57
4692 8
4693 -91
4694 94
4695 33
4696 -34
4697 -27
4698 -2
4699 -39
4700 -60
4701 83
4702 94
4703 -81
4704 6
4705 -33
4706 -2
4707 77
4708 -64
4709 -21
4710 -46
4711 17
4712 -32
4713 -9
4714 66
4715 -85
4716 -40
4717 -75
4718 60
4719 11
4720 4
4721 15
4722 -36
4723 95
4724 -54
4725 -43
4726 88
4727 -103
4728 32
4729 -129
4730 70
4731 37
4732 28
4733 -31
4734 64
4735 17
4736 88
4737 111
4738 -2
4739 -69
4740 -58
4741 49
4742 -30
4743 69
4744 -44
4745 31
4746 14
4747 93
4748 -92
4749 -9
4750 -120
4751 49
4752 -200
4753 125
4754 -108
4755 -139
4756 68
4757 59
4758 50
4759 -43
4760 -20
4761 -29
4762 28
4763 -5
4764 62
4765 69
4766 -8
4767 3
4768 -34
4769 -79
4770 52
4771 3
4772 58
4773 -67
4774 -26
4775 -123
4776 34
4777 -19
4778 -102
4779 119
4780 32
4781 7
4782 -66
4783 -33
4784 8
4785 3
4786 -28
4787 -3
4788 36
4789 69
4790 -100
4791 3
4792 48
4793 19
4794 10
4795 -147
4796 -4
4797 143
4798 68
4799 -75
4800 12
4801 77
4802 72
4803 -225
4804 -6
4805 -3
4806 2
4807 -29
4808 126
4809 -81
4810 4
4811 51
4812 -72
4813 -47
4814 -108
4815 -19
4816 46
4817 17
4818 70
4819 -55
4820 38
4821 75
4822 32
4823 -29
4824 48
4825 -33
4826 66
4827 29
4828 -26
4829 11
4830 2
4831 17
4832 40
4833 75
4834 -16
4835 25
4836 86
4837 -55
4838 -54
4839 -13
4840 -64
4841 -33
4842 82
4843 -3
4844 18
4845 149
4846 42
4847 39
4848 -20
4849 1
4850 -2
4851 -25
4852 -18
4853 57
4854 98
4855 -41
4856 0
4857 27
4858 -104
4859 -63
4860 4
4861 77
4862 -54
4863 9
4864 -64
4865 -49
4866 -44
4867 43
4868 20
4869 19
4870 -34
4871 -97
4872 -106
4873 33
4874 -2
4875 97
4876 2
4877 -37
4878 94
4879 51
4880 16
4881 139
4882 -18
4883 53
4884 6
4885 85
4886 6
4887 5
4888 60
4889 -11
4890 74
4891 -3
4892 -56
4893 -125
4894 66
4895 -45
4896 82
4897 171
4898 30
4899 -53
4900 66
4901 9
4902 8
4903 153
4904 50
4905 5
4906 -42
4907 75
4908 30
4909 13
4910 -10
4911 11
4912 0
4913 -75
4914 50
4915 -93
4916 -30
4917 -7
4918 -130
4919 41
4920 -36
4921 89
4922 46
4923 -55
4924 -54
4925 49
4926 -42
4927 133
4928 -36
4929 -69
4930 -26
4931 49
4932 -144
4933 -35
4934 206
4935 13
4936 174
4937 -93
4938 14
4939 63
4940 54
4941 25
4942 8
4943 -65
4944 -22
4945 71
4946 28
4947 101
4948 -46
4949 11
4950 56
4951 -43
4952 -18
4953 -67
4954 146
4955 -71
4956 -4
4957 -11
4958 0
4959 -37
4960 74
4961 59
4962 -162
4963 31
4964 -20
4965 81
4966 -88
4967 11
4968 6
4969 -75
4970 -84
4971 23
4972 62
4973 87
4974 28
4975 49
4976 42
4977 29
4978 122
4979 -53
4980 142
4981 -67
4982 108
4983 -15
4984 34
4985 -83
4986 56
4987 55
4988 -144
4989 -103
4990 -60
4991 43
4992 -14
4993 -23
4994 140
4995 -11
4996 -28
4997 19
4998 -8
4999 -103
5000 -102
5001 -3
5002 -84
5003 35
5004 78
5005 19
5006 102
5007 37
5008 -6
5009 29
5010 4
5011 7
5012 20
5013 93
5014 -8
5015 63
5016 2
5017 -57
5018 -14
5019 -19
5020 20
5021 65
5022 -82
5023 -95
5024 26
5025 -17
5026 66
5027 97
5028 34
5029 23
5030 72
5031 -67
5032 32
5033 25
5034 64
5035 -29
5036 0
5037 -71
5038 -98
5039 -71
5040 -174
5041 -51
5042 -20
5043 15
5044 38
5045 -69
5046 36
5047 -93
5048 78
5049 -49
5050 -24
5051 -37
5052 8
5053 31
5054 -68
5055 15
5056 56
5057 -131
5058 -24
5059 -87
5060 84
5061 63
5062 -94
5063 -69
5064 -94
5065 13
5066 14
5067 -19
5068 80
5069 15
5070 28
5071 -59
5072 68
5073 -27
5074 -108
5075 -17
5076 44
5077 -203
5078 -24
5079 -17
5080 -102
5081 53
5082 -110
5083 -7
5084 142
5085 -19
5086 52
5087 21
5088 12
5089 5
5090 -36
5091 23
5092 -114
5093 135
5094 104
5095 71
5096 36
5097 -59
5098 -98
5099 103
5100 36
5101 39
5102 58
5103 19
5104 54
5105 -13
5106 34
5107 89
5108 -20
5109 -13
5110 102
5111 -25
5112 -14
5113 81
5114 18
5115 107
5116 -6
5117 11
5118 10
5119 -93
5120 -30
5121 -29
5122 40
5123 -107
5124 -16
5125 7
5126 -6
5127 -119
5128 136
5129 89
5130 2
5131 11
5132 -26
5133 75
5134 -128
5135 155
5136 108
5137 21
5138 14
5139 63
5140 -18
5141 -53
5142 -64
5143 49
5144 4
5145 3
5146 -54
5147 13
5148 78
5149 -105
5150 -36
5151 111
5152 42
5153 -9
5154 -4
5155 -3
5156 12
5157 -187
5158 6
5159 -21
5160 48
5161 -79
5162 -112
5163 -13
5164 40
5165 -95
5166 -64
5167 -107
5168 -36
5169 19
5170 88
5171 -71
5172 16
5173 -97
5174 -42
5175 -11
5176 -78
5177 -7
5178 104
5179 13
5180 66
5181 -21
5182 -16
5183 9
5184 -14
5185 13
5186 30
5187 3
5188 -58
5189 -33
5190 -120
5191 55
5192 -36
5193 11
5194 -34
5195 -69
5196 -8
5197 63
5198 84
5199 -73
5200 -98
5201 -25
5202 48
5203 9
5204 -22
5205 9
5206 -18
5207 35
5208 -82
5209 -35
5210 24
5211 29
5212 -48
5213 107
5214 -30
5215 -129
5216 240
5217 -55
5218 -48
5219 -19
5220 18
5221 43
5222 102
5223 -5
5224 56
5225 59
5226 -82
5227 93
5228 -20
5229 -7
5230 -68
5231 -137
5232 -78
5233 99
5234 -80
5235 49
5236 -22
5237 37
5238 -18
5239 57
5240 76
5241 39
5242 -122
5243 1
5244 -20
5245 35
5246 -72
5247 -147
5248 -90
5249 41
5250 46
5251 71
5252 -92
5253 53
5254 -36
5255 -111
5256 -66
5257 -95
5258 20
5259 79
5260 10
5261 -109
5262 -62
5263 -39
5264 -122
5265 5
5266 12
5267 -33
5268 64
5269 -121
5270 28
5271 -31
5272 -18
5273 69
5274 46
5275 63
5276 4
5277 63
5278 154
5279 -27
5280 -44
5281 -3
5282 106
5283 45
5284 -4
5285 -149
5286 -54
5287 -117
5288 -66
5289 -119
5290 -104
5291 115
5292 -4
5293 -85
5294 96
5295 -13
5296 -6
5297 39
5298 16
5299 49
5300 16
5301 -129
5302 70
5303 15
5304 -144
5305 29
5306 56
5307 45
5308 8
5309 39
5310 78
5311 -29
5312 10
5313 -129
5314 -28
5315 29
5316 -24
5317 61
5318 -8
5319 -55
5320 -32
5321 49
5322 -84
5323 21
5324 166
5325 59
5326 -4
5327 7
5328 -76
5329 -63
5330 -54
5331 83
5332 50
5333 -63
5334 -182
5335 -77
5336 -68
5337 -5
5338 100
5339 -119
5340 -26
5341 89
5342 140
5343 3
5344 20
5345 13
5346 -24
5347 199
5348 28
5349 13
5350 -44
5351 77
5352 40
5353 9
5354 -6
5355 -41
5356 174
5357 7
5358 70
5359 -11
5360 -36
5361 -47
5362 106
5363 -165
5364 -98
5365 97
5366 -42
5367 -109
5368 126
5369 25
5370 88
5371 37
5372 -14
5373 -29
5374 -120
5375 -55
5376 178
5377 49
5378 -132
5379 -39
5380 -128
5381 231
5382 -146
5383 -19
5384 36
5385 77
5386 -24
5387 -133
5388 -108
5389 41
5390 30
5391 -61
5392 22
5393 15
5394 -28
5395 103
5396 -96
5397 45
5398 -92
5399 27
5400 74
5401 21
5402 -60
5403 61
5404 -58
5405 -3
5406 -124
5407 19
5408 58
5409 -11
5410 -24
5411 41
5412 82
5413 -47
5414 86
5415 -61
5416 94
5417 -103
5418 -4
5419 -41
5420 -80
5421 43
5422 42
5423 -23
5424 2
5425 -55
5426 78
5427 -131
5428 20
5429 95
5430 -80
5431 -55
5432 -202
5433 -11
5434 52
5435 -51
5436 78
5437 -119
5438 58
5439 -63
5440 26
5441 -97
5442 -16
5443 -75
5444 40
5445 -1
5446 -4
5447 83
5448 -16
5449 -73
5450 144
5451 -29
5452 -102
5453 7
5454 -24
5455 59
5456 -46
5457 37
5458 162
5459 -19
5460 -68
5461 -55
5462 -154
5463 159
5464 -90
5465 -97
5466 56
5467 -109
5468 74
5469 15
5470 2
5471 9
5472 96
5473 -31
5474 -76
5475 -41
5476 -18
5477 21
5478 46
5479 3
5480 -30
5481 -123
5482 -36
5483 135
5484 -46
5485 27
5486 58
5487 -11
5488 -30
5489 -63
5490 -136
5491 85
5492 -42
5493 19
5494 66
5495 -207
5496 -50
5497 13
5498 -166
5499 -97
5500 72
5501 99
5502 -88
5503 -43
5504 38
5505 -101
5506 40
5507 -65
5508 12
5509 -65
5510 -124
5511 113
5512 50
5513 111
5514 104
5515 -23
5516 -16
5517 77
5518 62
5519 -21
5520 6
5521 35
5522 -24
5523 59
5524 20
5525 39
5526 160
5527 -43
5528 72
5529 5
5530 -60
5531 -69
5532 14
5533 -63
5534 140
5535 97
5536 80
5537 31
5538 22
5539 -31
5540 18
5541 -17
5542 30
5543 -39
5544 56
5545 9
5546 166
5547 -71
5548 -60
5549 29
5550 -40
5551 -87
5552 102
5553 25
5554 56
5555 -21
5556 12
5557 99
5558 -86
5559 69
5560 -74
5561 -47
5562 -58
5563 -35
5564 -84
5565 99
5566 70
5567 49
5568 -102
5569 139
5570 -4
5571 9
5572 14
5573 71
5574 -98
5575 -51
5576 -20
5577 19
5578 68
5579 -43
5580 186
5581 25
5582 40
5583 -7
5584 92
5585 39
5586 70
5587 -1
5588 84
5589 -43
5590 22
5591 9
5592 144
5593 -21
5594 -46
5595 -29
5596 84
5597 127
5598 6
5599 -103
5600 20
5601 -61
5602 -52
5603 -97
5604 -36
5605 63
5606 88
5607 7
5608 -32
5609 5
5610 66
5611 -37
5612 52
5613 89
5614 54
5615 123
5616 12
5617 -149
5618 -82
5619 -15
5620 114
5621 13
5622 -18
5623 17
5624 -4
5625 -101
5626 -140
5627 -37
5628 22
5629 25
5630 -152
5631 -31
5632 4
5633 13
5634 -56
5635 -5
5636 114
5637 -17
5638 2
5639 -53
5640 66
5641 -95
5642 36
5643 37
5644 8
5645 23
5646 -18
5647 39
5648 32
5649 107
5650 8
5651 91
5652 -24
5653 99
5654 26
5655 -247
5656 84
5657 -81
5658 230
5659 -47
5660 -84
5661 43
5662 -120
5663 67
5664 -66
5665 17
5666 -42
5667 -87
5668 -112
5669 31
5670 -106
5671 15
5672 -34
5673 -89
5674 -64
5675 89
5676 -14
5677 -195
5678 14
5679 -15
5680 108
5681 155
5682 100
5683 -71
5684 146
5685 45
5686 -8
5687 163
5688 -60
5689 27
5690 -52
5691 -31
5692 -14
5693 -79
5694 -100
5695 -101
5696 -214
5697 -57
5698 -12
5699 53
5700 -48
5701 3
5702 20
5703 83
5704 92
5705 -45
5706 90
5707 83
5708 10
5709 -85
5710 208
5711 -43
5712 -2
5713 -63
5714 -104
5715 19
5716 60
5717 -107
5718 48
5719 -65
5720 -108
5721 9
5722 -24
5723 -13
5724 -4
5725 -25
5726 6
5727 71
5728 -78
5729 13
5730 -8
5731 7
5732 2
5733 -49
5734 54
5735 -83
5736 -66
5737 41
5738 -64
5739 -85
5740 50
5741 -85
5742 68
5743 -117
5744 6
5745 -17
5746 -90
5747 133
5748 26
5749 25
5750 34
5751 -97
5752 42
5753 57
5754 270
5755 3
5756 -98
5757 -37
5758 36
5759 -45
5760 -50
5761 77
5762 2
5763 19
5764 -4
5765 45
5766 68
5767 -7
5768 -114
5769 -9
5770 -114
5771 19
5772 -68
5773 35
5774 196
5775 -17
5776 -62
5777 -29
5778 -72
5779 -115
5780 -8
5781 -29
5782 -148
5783 -63
5784 138
5785 -71
5786 26
5787 -65
5788 114
5789 41
5790 -26
5791 -95
5792 12
5793 19
5794 30
5795 -73
5796 34
5797 -83
5798 86
5799 181
5800 102
5801 -27
5802 104
5803 -5
5804 -58
5805 13
5806 110
5807 27
5808 -116
5809 67
5810 -84
5811 -97
5812 32
5813 31
5814 -82
5815 -47
5816 -38
5817 -41
5818 36
5819 -1
5820 -68
5821 71
5822 -64
5823 -21
5824 76
5825 53
5826 -4
5827 29
5828 6
5829 -33
5830 10
5831 -5
5832 -88
5833 -35
5834 -86
5835 63
5836 0
5837 35
5838 0
5839 43
5840 -52
5841 -59
5842 90
5843 -3
5844 -44
5845 -43
5846 48
5847 3
5848 -32
5849 5
5850 -4
5851 3
5852 -16
5853 121
5854 46
5855 33
5856 -92
5857 97
5858 56
5859 -5
5860 28
5861 -5
5862 -8
5863 -97
5864 150
5865 -5
5866 -160
5867 63
5868 -108
5869 21
5870 -78
5871 209
5872 56
5873 -171
5874 24
5875 129
5876 -68
5877 -53
5878 -90
5879 23
5880 8
5881 -19
5882 122
5883 113
5884 124
5885 -119
5886 192
5887 -75
5888 -56
5889 41
5890 -26
5891 131
5892 -52
5893 -41
5894 -32
5895 117
5896 -88
5897 -59
5898 6
5899 -23
5900 -74
5901 -157
5902 134
5903 89
5904 -66
5905 -139
5906 -24
5907 15
5908 26
5909 -3
5910 14
5911 61
5912 -2
5913 23
5914 6
5915 125
5916 -78
5917 47
5918 4
5919 107
5920 58
5921 75
5922 4
5923 -9
5924 -48
5925 63
5926 88
5927 23
5928 18
5929 -71
5930 216
5931 -49
5932 76
5933 -13
5934 -6
5935 -9
5936 -10
5937 -153
5938 66
5939 7
5940 10
5941 -25
5942 4
5943 35
5944 -34
5945 5
5946 -28
5947 97
5948 8
5949 57
5950 66
5951 87
5952 -138
5953 129
5954 -24
5955 27
5956 -14
5957 -147
5958 10
5959 -15
5960 -54
5961 165
5962 -68
5963 83
5964 8
5965 97
5966 -146
5967 73
5968 -12
5969 107
5970 -48
5971 -39
5972 -134
5973 -33
5974 22
5975 -31
5976 -6
5977 3
5978 42
5979 -55
5980 74
5981 -27
5982 2
5983 -7
5984 -62
5985 29
5986 -30
5987 59
5988 64
5989 5
5990 -90
5991 85
5992 -54
5993 31
5994 178
5995 25
5996 60
5997 -65
5998 22
5999 33
6000 20
6001 31
6002 -106
6003 11
6004 84
6005 -89
6006 174
6007 -67
6008 44
6009 37
6010 40
6011 -185
6012 -10
6013 -7
6014 52
6015 5
6016 34
6017 53
6018 -38
6019 -55
6020 12
6021 -233
6022 56
6023 55
6024 -44
6025 57
6026 -58
6027 -77
6028 -36
6029 -3
6030 20
6031 -103
6032 10
6033 45
6034 4
6035 123
6036 -132
6037 -169
6038 104
6039 87
6040 22
6041 57
6042 120
6043 -11
6044 18
6045 -17
6046 -28
6047 9
6048 -100
6049 -9
6050 -44
6051 -9
6052 8
6053 -113
6054 -112
6055 -49
6056 -30
6057 3
6058 -68
6059 -23
6060 116
6061 -49
6062 96
6063 -45
6064 -16
6065 81
6066 96
6067 11
6068 44
6069 161
6070 -26
6071 23
6072 70
6073 3
6074 94
6075 -37
6076 -100
6077 35
6078 84
6079 -131
6080 144
6081 -67
6082 102
6083 -241
6084 -24
6085 -33
6086 12
6087 -37
6088 -62
6089 93
6090 30
6091 33
6092 22
6093 135
6094 20
6095 41
6096 96
6097 121
6098 62
6099 -37
6100 -176
6101 -121
6102 12
6103 -45
6104 -158
6105 -65
6106 16
6107 -21
6108 -36
6109 -3
6110 -82
6111 -21
6112 36
6113 -29
6114 -14
6115 -55
6116 -54
6117 -137
6118 -176
6119 69
6120 44
6121 -55
6122 -26
6123 -77
6124 -32
6125 -45
6126 38
6127 13
6128 6
6129 149
6130 -62
6131 -87
6132 -6
6133 -71
6134 -140
6135 3
6136 68
6137 -109
6138 -24
6139 75
6140 -72
6141 -45
6142 -124
6143 79
6144 -36
6145 121
6146 -44
6147 19
6148 -112
6149 59
6150 68
6151 -89
6152 -2
6153 -33
6154 46
6155 61
6156 70
6157 5
6158 -36
6159 87
6160 98
6161 -39
6162 -54
6163 101
6164 -52
6165 7
6166 52
6167 21
6168 32
6169 109
6170 68
6171 69
6172 226
6173 -77
6174 -6
6175 -107
6176 60
6177 11
6178 -12
6179 -77
6180 2
6181 -87
6182 -34
6183 53
6184 24
6185 13
6186 -16
6187 -25
6188 -84
6189 89
6190 120
6191 17
6192 52
6193 157
6194 -94
6195 83
6196 16
6197 133
6198 68
6199 -49
6200 2
6201 -25
6202 176
6203 103
6204 30
6205 -129
6206 -32
6207 -209
6208 36
6209 -33
6210 34
6211 -39
6212 -122
6213 9
6214 14
6215 19
6216 58
6217 143
6218 46
6219 -23
6220 -22
6221 -91
6222 -96
6223 83
6224 52
6225 7
6226 48
6227 -113
6228 -62
6229 173
6230 -12
6231 -27
6232 18
6233 -9
6234 138
6235 -37
6236 12
6237 59
6238 106
6239 27
6240 -52
6241 -123
6242 108
6243 -17
6244 118
6245 75
6246 -52
6247 41
6248 -118
6249 25
6250 64
6251 29
6252 -98
6253 -93
6254 -100
6255 -101
6256 76
6257 -13
6258 -4
6259 -33
6260 -82
6261 -33
6262 -124
6263 -23
6264 78
6265 -73
6266 84
6267 29
6268 28
6269 75
6270 -60
6271 59
6272 -68
6273 145
6274 -90
6275 53
6276 4
6277 -41
6278 96
6279 -151
6280 -150
6281 11
6282 2
6283 59
6284 -16
6285 41
6286 -48
6287 31
6288 42
6289 15
6290 -88
6291 -133
6292 208
6293 -69
6294 -30
6295 -7
6296 72
6297 23
6298 112
6299 -205
6300 16
6301 -89
6302 10
6303 -39
6304 8
6305 -45
6306 -68
6307 11
6308 186
6309 -121
6310 100
6311 65
6312 -76
6313 -21
6314 -42
6315 71
6316 8
6317 79
6318 22
6319 5
6320 -4
6321 -57
6322 36
6323 -33
6324 64
6325 -93
6326 124
6327 31
6328 54
6329 43
6330 -28
6331 109
6332 28
6333 69
6334 34
6335 51
6336 36
6337 -101
6338 -18
6339 31
6340 -56
6341 87
6342 0
6343 59
6344 -108
6345 -141
6346 -36
6347 -3
6348 18
6349 -17
6350 -76
6351 -197
6352 4
6353 49
6354 20
6355 -99
6356 150
6357 121
6358 -138
6359 63
6360 62
6361 -81
6362 -38
6363 127
6364 92
6365 -47
6366 -88
6367 7
6368 38
6369 207
6370 -18
6371 -19
6372 82
6373 -111
6374 -46
6375 109
6376 -30
6377 -29
6378 118
6379 -79
6380 -24
6381 -81
6382 70
6383 31
6384 58
6385 75
6386 -74
6387 -29
6388 -28
6389 -165
6390 -48
6391 27
6392 90
6393 -55
6394 -44
6395 -187
6396 94
6397 -47
6398 132
6399 19
6400 -46
6401 63
6402 32
6403 -21
6404 -144
6405 51
6406 72
6407 -89
6408 -44
6409 41
6410 8
6411 -133
6412 60
6413 -87
6414 -58
6415 37
6416 34
6417 -135
6418 50
6419 21
6420 42
6421 43
6422 28
6423 31
6424 -28
6425 37
6426 154
6427 -41
6428 100
6429 -87
6430 34
6431 -131
6432 -36
6433 41
6434 50
6435 -109
6436 66
6437 -141
6438 60
6439 9
6440 88
6441 13
6442 70
6443 -15
6444 96
6445 7
6446 46
6447 95
6448 -158
6449 167
6450 12
6451 -51
6452 -90
6453 -37
6454 -6
6455 87
6456 20
6457 -111
6458 -60
6459 -65
6460 34
6461 17
6462 -188
6463 -47
6464 14
6465 -61
6466 24
6467 -29
6468 38
6469 -15
6470 -124
6471 -185
6472 -88
6473 9
6474 -50
6475 183
6476 22
6477 -21
6478 -34
6479 -5
6480 40
6481 45
6482 -30
6483 -37
6484 -22
6485 -57
6486 -26
6487 77
6488 -76
6489 -7
6490 20
6491 -27
6492 -34
6493 -23
6494 -32
6495 115
6496 -150
6497 191
6498 32
6499 45
6500 62
6501 -111
6502 -4
6503 -89
6504 52
6505 -41
6506 142
6507 -7
6508 -12
6509 -51
6510 36
6511 17
6512 46
6513 -97
6514 36
6515 65
6516 -26
6517 93
6518 6
6519 -79
6520 -88
6521 -27
6522 36
6523 51
6524 -108
6525 -137
6526 40
6527 11
6528 162
6529 -71
6530 42
6531 31
6532 8
6533 -81
6534 100
6535 47
6536 -56
6537 -91
6538 -144
6539 105
6540 -2
6541 -35
6542 164
6543 3
6544 72
6545 5
6546 86
6547 19
6548 -46
6549 -175
6550 -60
6551 -39
6552 -8
6553 139
6554 92
6555 11
6556 8
6557 79
6558 140
6559 -51
6560 -12
6561 -17
6562 94
6563 -79
6564 12
6565 51
6566 -94
6567 87
6568 -6
6569 -87
6570 -58
6571 197
6572 -48
6573 107
6574 108
6575 127
6576 188
6577 -103
6578 -16
6579 -27
6580 -30
6581 -123
6582 4
6583 -31
6584 38
6585 -13
6586 38
6587 19
6588 16
6589 -149
6590 -10
6591 -113
6592 174
6593 -101
6594 82
6595 -61
6596 106
6597 33
6598 -24
6599 -23
6600 192
6601 -1
6602 -122
6603 -63
6604 -90
6605 -145
6606 -6
6607 -71
6608 78
6609 -9
6610 -44
6611 -87
6612 46
6613 -225
6614 46
6615 21
6616 136
6617 163
6618 -84
6619 51
6620 -188
6621 49
6622 -90
6623 51
6624 -46
6625 81
6626 -40
6627 9
6628 30
6629 -53
6630 -166
6631 -37
6632 -42
6633 -31
6634 -4
6635 11
6636 -128
6637 -129
6638 -62
6639 55
6640 130
6641 -49
6642 -26
6643 -43
6644 50
6645 79
6646 62
6647 -31
6648 148
6649 -123
6650 30
6651 -117
6652 136
6653 -49
6654 130
6655 35
6656 -46
6657 83
6658 30
6659 -15
6660 6
6661 13
6662 44
6663 143
6664 176
6665 51
6666 106
6667 -93
6668 24
6669 -137
6670 14
6671 63
6672 -10
6673 95
6674 62
6675 117
6676 -40
6677 -55
6678 32
6679 -127
6680 -8
6681 -41
6682 46
6683 155
6684 184
6685 101
6686 -56
6687 -43
6688 -178
6689 -15
6690 62
6691 39
6692 34
6693 -33
6694 -108
6695 -143
6696 -144
6697 125
6698 -84
6699 -19
6700 148
6701 -35
6702 4
6703 -15
6704 26
6705 -31
6706 -100
6707 17
6708 -80
6709 -77
6710 18
6711 31
6712 164
6713 89
6714 -50
6715 89
6716 -154
6717 -71
6718 144
6719 81
6720 -24
6721 -99
6722 42
6723 -127
6724 -92
6725 107
6726 -64
6727 39
6728 -30
6729 -37
6730 -76
6731 177
6732 -80
6733 103
6734 -20
6735 41
6736 14
6737 -21
6738 -66
6739 123
6740 -64
6741 -125
6742 -54
6743 79
6744 -122
6745 19
6746 100
6747 75
6748 32
6749 -3
6750 86
6751 -15
6752 -98
6753 -199
6754 -120
6755 -3
6756 96
6757 -41
6758 -68
6759 123
6760 -142
6761 -119
6762 84
6763 111
6764 -136
6765 -187
6766 108
6767 81
6768 -46
6769 9
6770 84
6771 87
6772 42
6773 225
6774 80
6775 3
6776 -28
6777 53
6778 42
6779 -93
6780 6
6781 119
6782 94
6783 -5
6784 -16
6785 1
6786 116
6787 -111
6788 -44
6789 -3
6790 -22
6791 5
6792 -92
6793 19
6794 30
6795 -31
6796 -90
6797 -65
6798 106
6799 -33
6800 140
6801 75
6802 30
6803 87
6804 -146
6805 71
6806 88
6807 -113
6808 18
6809 91
6810 -44
6811 -91
6812 -24
6813 35
6814 4
6815 -19
6816 -66
6817 -131
6818 -14
6819 -199
6820 -2
6821 -115
6822 114
6823 27
6824 -70
6825 31
6826 -18
6827 -97
6828 90
6829 -19
6830 60
6831 47
6832 -42
6833 -113
6834 -178
6835 145
6836 -6
6837 -95
6838 -98
6839 -61
6840 112
6841 139
6842 -8
6843 19
6844 -62
6845 -117
6846 68
6847 -57
6848 -28
6849 -121
6850 -124
6851 -21
6852 76
6853 -29
6854 -42
6855 -117
6856 -156
6857 -95
6858 -88
6859 159
6860 -56
6861 47
6862 46
6863 21
6864 -68
6865 -15
6866 0
6867 83
6868 162
6869 -67
6870 -22
6871 -29
6872 -10
6873 -57
6874 -2
6875 -53
6876 18
6877 -13
6878 -156
6879 31
6880 68
6881 -27
6882 66
6883 -43
6884 -70
6885 53
6886 -116
6887 69
6888 12
6889 -141
6890 -124
6891 -71
6892 -104
6893 -161
6894 188
6895 -47
6896 -84
6897 159
6898 18
6899 -65
6900 54
6901 -33
6902 -134
6903 3
6904 -2
6905 -21
6906 32
6907 33
6908 8
6909 27
6910 94
6911 -31
6912 -2
6913 -7
6914 140
6915 -69
6916 -52
6917 107
6918 104
6919 89
6920 -66
6921 -137
6922 100
6923 -55
6924 -118
6925 27
6926 -32
6927 289
6928 28
6929 -99
6930 96
6931 69
6932 -64
6933 41
6934 -8
6935 11
6936 2
6937 -127
6938 160
6939 -63
6940 -14
6941 147
6942 -74
6943 101
6944 12
6945 109
6946 22
6947 -137
6948 130
6949 83
6950 36
6951 111
6952 -38
6953 -29
6954 -92
6955 81
6956 -156
6957 -99
6958 60
6959 141
6960 -36
6961 35
6962 66
6963 49
6964 -48
6965 101
6966 202
6967 -15
6968 94
6969 -9
6970 40
6971 91
6972 8
6973 -123
6974 8
6975 -61
6976 82
6977 -31
6978 -54
6979 13
6980 -28
6981 -107
6982 -128
6983 -71
6984 -158
6985 49
6986 142
6987 -65
6988 -92
6989 -15
6990 88
6991 89
6992 -60
6993 -99
6994 34
6995 7
6996 -50
6997 113
6998 -56
6999 69
7000 -92
7001 -109
7002 -20
7003 45
7004 -140
7005 -85
7006 -90
7007 75
7008 110
7009 -47
7010 -70
7011 -37
7012 24
7013 -99
7014 -66
7015 155
7016 64
7017 -71
7018 -132
7019 21
7020 0
7021 39
7022 60
7023 5
7024 18
7025 -5
7026 12
7027 -29
7028 150
7029 63
7030 16
7031 -43
7032 94
7033 -13
7034 -130
7035 -91
7036 158
7037 63
7038 18
7039 1
7040 26
7041 -137
7042 -166
7043 71
7044 -76
7045 27
7046 74
7047 29
7048 -18
7049 95
7050 4
7051 -111
7052 -72
7053 7
7054 30
7055 83
7056 16
7057 -159
7058 84
7059 49
7060 50
7061 -9
7062 48
7063 -15
7064 62
7065 43
7066 -58
7067 63
7068 -96
7069 -117
7070 -80
7071 67
7072 -10
7073 -25
7074 -60
7075 -63
7076 -74
7077 137
7078 -16
7079 99
7080 -82
7081 103
7082 -142
7083 -59
7084 86
7085 47
7086 8
7087 -89
7088 84
7089 -93
7090 -102
7091 -31
7092 12
7093 -73
7094 18
7095 59
7096 98
7097 57
7098 -234
7099 -77
7100 192
7101 -95
7102 -52
7103 29
7104 124
7105 51
7106 -20
7107 139
7108 64
7109 -111
7110 -80
7111 -73
7112 -48
7113 113
7114 -134
7115 47
7116 8
7117 19
7118 2
7119 -25
7120 -28
7121 145
7122 -20
7123 -19
7124 4
7125 -45
7126 -100
7127 -61
7128 -50
7129 -69
7130 -156
7131 127
7132 -138
7133 33
7134 -76
7135 -107
7136 90
7137 -65
7138 72
7139 -157
7140 -80
7141 -115
7142 -48
7143 -41
7144 -102
7145 -63
7146 -206
7147 -55
7148 76
7149 3
7150 26
7151 71
7152 14
7153 157
7154 -44
7155 -57
7156 -106
7157 59
7158 176
7159 97
7160 44
7161 121
7162 -8
7163 63
7164 -2
7165 95
7166 -66
7167 -21
7168 -44
7169 -23
7170 12
7171 -85
7172 44
7173 -67
7174 110
7175 49
7176 -42
7177 -55
7178 112
7179 91
7180 -158
7181 -37
7182 86
7183 -65
7184 66
7185 -19
7186 138
7187 75
7188 -130
7189 -125
7190 -48
7191 -25
7192 -84
7193 -65
7194 -30
7195 23
7196 20
7197 -85
7198 82
7199 107
7200 64
7201 -37
7202 28
7203 37
7204 -50
7205 -35
7206 -104
7207 175
7208 4
7209 25
7210 32
7211 45
7212 -84
7213 109
7214 -58
7215 -69
7216 8
7217 -47
7218 -30
7219 19
7220 -42
7221 107
7222 222
7223 51
7224 28
7225 -21
7226 28
7227 -3
7228 26
7229 125
7230 -60
7231 21
7232 0
7233 -3
7234 -138
7235 113
7236 42
7237 -107
7238 164
7239 19
7240 -62
7241 -63
7242 52
7243 3
7244 80
7245 -85
7246 58
7247 111
7248 -4
7249 -113
7250 116
7251 1
7252 24
7253 31
7254 -60
7255 141
7256 -76
7257 109
7258 -24
7259 9
7260 -60
7261 -23
7262 -112
7263 -57
7264 -230
7265 -81
7266 0
7267 -51
7268 66
7269 -127
7270 -64
7271 -13
7272 50
7273 -161
7274 10
7275 -121
7276 80
7277 -25
7278 -42
7279 125
7280 -42
7281 -47
7282 146
7283 -111
7284 -70
7285 41
7286 16
7287 49
7288 -74
7289 57
7290 8
7291 -89
7292 50
7293 7
7294 -46
7295 5
7296 54
7297 89
7298 70
7299 -37
7300 -30
7301 37
7302 70
7303 -9
7304 2
7305 -107
7306 -6
7307 -5
7308 -150
7309 -1
7310 12
7311 -15
7312 -186
7313 -119
7314 64
7315 81
7316 -124
7317 5
7318 -30
7319 51
7320 -40
7321 -209
7322 120
7323 45
7324 -108
7325 15
7326 -44
7327 -27
7328 -56
7329 -31
7330 52
7331 -11
7332 134
7333 -43
7334 150
7335 119
7336 140
7337 -5
7338 54
7339 -41
7340 -16
7341 -175
7342 54
7343 -107
7344 -228
7345 -35
7346 38
7347 -61
7348 -18
7349 63
7350 120
7351 3
7352 -42
7353 35
7354 62
7355 135
7356 8
7357 -81
7358 -54
7359 75
7360 172
7361 53
7362 -152
7363 -95
7364 -140
7365 129
7366 46
7367 215
7368 32
7369 71
7370 -92
7371 -39
7372 92
7373 -113
7374 -152
7375 -73
7376 14
7377 -25
7378 36
7379 89
7380 -62
7381 189
7382 78
7383 49
7384 -164
7385 -127
7386 -22
7387 -157
7388 -104
7389 19
7390 -64
7391 61
7392 -70
7393 -137
7394 26
7395 3
7396 2
7397 35
7398 62
7399 -125
7400 -38
7401 -97
7402 10
7403 29
7404 -146
7405 89
7406 -106
7407 -31
7408 58
7409 -39
7410 -44
7411 33
7412 -58
7413 143
7414 104
7415 -35
7416 -96
7417 -121
7418 72
7419 -31
7420 158
7421 71
7422 -124
7423 115
7424 108
7425 -113
7426 22
7427 173
7428 -22
7429 9
7430 56
7431 -81
7432 2
7433 23
7434 -68
7435 37
7436 120
7437 75
7438 104
7439 11
7440 116
7441 151
7442 -26
7443 -71
7444 -30
7445 -165
7446 -100
7447 -47
7448 52
7449 27
7450 76
7451 -55
7452 64
7453 169
7454 32
7455 67
7456 -150
7457 -5
7458 58
7459 -87
7460 24
7461 83
7462 -72
7463 91
7464 76
7465 -41
7466 2
7467 73
7468 -184
7469 -143
7470 -26
7471 -115
7472 66
7473 -77
7474 -106
7475 37
7476 44
7477 -141
7478 56
7479 -13
7480 -32
7481 43
7482 -26
7483 115
7484 78
7485 167
7486 62
7487 145
7488 108
7489 117
7490 28
7491 -47
7492 8
7493 57
7494 -54
7495 7
7496 112
7497 59
7498 40
7499 -29
7500 -50
7501 65
7502 82
7503 -99
7504 -68
7505 -21
7506 -42
7507 199
7508 50
7509 17
7510 92
7511 87
7512 -60
7513 -271
7514 -68
7515 157
7516 -58
7517 31
7518 -84
7519 19
7520 6
7521 167
7522 30
7523 191
7524 -38
7525 5
7526 -56
7527 -23
7528 -34
7529 -75
7530 116
7531 53
7532 -146
7533 -109
7534 -6
7535 77
7536 158
7537 1
7538 38
7539 -43
7540 104
7541 -127
7542 -184
7543 -195
7544 134
7545 111
7546 2
7547 113
7548 -36
7549 31
7550 102
7551 9
7552 -60
7553 -13
7554 -38
7555 5
7556 14
7557 -47
7558 16
7559 -61
7560 -212
7561 -29
7562 20
7563 -13
7564 52
7565 3
7566 0
7567 9
7568 34
7569 79
7570 186
7571 147
7572 -40
7573 -7
7574 124
7575 -45
7576 -98
7577 -29
7578 -92
7579 39
7580 -34
7581 7
7582 -52
7583 117
7584 -116
7585 133
7586 66
7587 -47
7588 -28
7589 -31
7590 34
7591 -69
7592 156
7593 -43
7594 -76
7595 27
7596 -36
7597 31
7598 40
7599 -7
7600 -70
7601 131
7602 162
7603 -3
7604 -236
7605 93
7606 2
7607 49
7608 -98
7609 -77
7610 56
7611 -73
7612 -146
7613 245
7614 34
7615 -69
7616 -92
7617 -81
7618 -52
7619 -93
7620 90
7621 -49
7622 -134
7623 -169
7624 116
7625 63
7626 96
7627 -159
7628 34
7629 29
7630 22
7631 35
7632 116
7633 17
7634 72
7635 -67
7636 34
7637 27
7638 -16
7639 111
7640 -110
7641 17
7642 120
7643 3
7644 80
7645 -61
7646 -32
7647 27
7648 44
7649 3
7650 110
7651 35
7652 84
7653 -91
7654 0
7655 -83
7656 32
7657 -137
7658 64
7659 -99
7660 56
7661 -47
7662 -94
7663 1
7664 -62
7665 -1
7666 120
7667 89
7668 -134
7669 -15
7670 -6
7671 -141
7672 8
7673 -119
7674 -8
7675 -29
7676 92
7677 -33
7678 -130
7679 -61
7680 -82
7681 -59
7682 -150
7683 107
7684 -66
7685 -29
7686 -82
7687 277
7688 -54
7689 135
7690 24
7691 -41
7692 -92
7693 25
7694 2
7695 -147
7696 86
7697 -45
7698 -22
7699 31
7700 -32
7701 -163
7702 -106
7703 -9
7704 48
7705 101
7706 -46
7707 103
7708 -24
7709 -75
7710 132
7711 81
7712 -22
7713 51
7714 28
7715 -71
7716 110
7717 -117
7718 -94
7719 -65
7720 28
7721 -19
7722 46
7723 45
7724 30
7725 181
7726 -116
7727 -101
7728 52
7729 -17
7730 78
7731 -21
7732 -84
7733 199
7734 124
7735 95
7736 -40
7737 -113
7738 -144
7739 -27
7740 -6
7741 59
7742 64
7743 23
7744 32
7745 13
7746 92
7747 -163
7748 114
7749 -11
7750 -88
7751 13
7752 -54
7753 -3
7754 148
7755 137
7756 26
7757 -3
7758 28
7759 73
7760 38
7761 213
7762 58
7763 117
7764 42
7765 -1
7766 32
7767 -89
7768 60
7769 63
7770 -22
7771 -41
7772 -36
7773 -53
7774 -34
7775 55
7776 130
7777 25
7778 -150
7779 113
7780 -82
7781 27
7782 -78
7783 -137
7784 -92
7785 171
7786 52
7787 -7
7788 72
7789 11
7790 -6
7791 -21
7792 -28
7793 7
7794 -146
7795 -165
7796 50
7797 -91
7798 -148
7799 37
7800 -62
7801 -27
7802 36
7803 109
7804 34
7805 147
7806 -80
7807 15
7808 -42
7809 -1
7810 -74
7811 19
7812 84
7813 -9
7814 192
7815 -65
7816 32
7817 -129
7818 120
7819 -197
7820 104
7821 -121
7822 48
7823 59
7824 66
7825 -9
7826 188
7827 103
7828 -2
7829 87
7830 172
7831 -61
7832 154
7833 -57
7834 62
7835 -35
7836 -42
7837 37
7838 -132
7839 -15
7840 2
7841 83
7842 100
7843 39
7844 62
7845 -5
7846 -48
7847 139
7848 -62
7849 -87
7850 12
7851 3
7852 12
7853 -105
7854 -50
7855 -131
7856 -230
7857 85
7858 -40
7859 3
7860 12
7861 81
7862 -92
7863 63
7864 120
7865 181
7866 -4
7867 21
7868 24
7869 -155
7870 -64
7871 75
7872 34
7873 69
7874 64
7875 81
7876 62
7877 85
7878 -32
7879 -31
7880 -50
7881 9
7882 -96
7883 -95
7884 -78
7885 -131
7886 96
7887 19
7888 -24
7889 19
7890 -44
7891 -13
7892 46
7893 -53
7894 -172
7895 -31
7896 12
7897 17
7898 -34
7899 -113
7900 188
7901 185
7902 -84
7903 -73
7904 52
7905 -21
7906 104
7907 41
7908 70
7909 -151
7910 118
7911 113
7912 -154
7913 65
7914 -52
7915 161
7916 -38
7917 -51
7918 -56
7919 -33
7920 -6
7921 23
7922 62
7923 -73
7924 -30
7925 57
7926 -142
7927 -115
7928 50
7929 -9
7930 -136
7931 -59
7932 244
7933 33
7934 26
7935 -113
7936 -96
7937 -59
7938 102
7939 -53
7940 -66
7941 -3
7942 -18
7943 -75
7944 122
7945 115
7946 -34
7947 -89
7948 -168
7949 91
7950 134
7951 -83
7952 48
7953 153
7954 -212
7955 15
7956 -4
7957 -27
7958 -186
7959 87
7960 -42
7961 25
7962 80
7963 -83
7964 -88
7965 -49
7966 98
7967 -117
7968 22
7969 105
7970 -128
7971 -155
7972 76
7973 123
7974 64
7975 37
7976 82
7977 57
7978 -206
7979 45
7980 56
7981 15
7982 -124
7983 41
7984 98
7985 -85
7986 -96
7987 43
7988 24
7989 -39
7990 -164
7991 79
7992 176
7993 -49
7994 -170
7995 -93
7996 168
7997 -89
7998 -56
7999 -49
8000 32
8001 -11
8002 76
8003 -135
8004 258
8005 77
8006 -88
8007 -75
8008 98
8009 73
8010 -20
8011 79
8012 -34
8013 -125
8014 252
8015 -29
8016 104
8017 91
8018 88
8019 -21
8020 28
8021 -113
8022 108
8023 123
8024 184
8025 -35
8026 2
8027 69
8028 54
8029 15
8030 -84
8031 -73
8032 -106
8033 -13
8034 -28
8035 -33
8036 26
8037 -79
8038 -60
8039 -17
8040 42
8041 27
8042 -14
8043 109
8044 -126
8045 -39
8046 50
8047 71
8048 28
8049 -67
8050 46
8051 213
8052 26
8053 85
8054 138
8055 -53
8056 20
8057 -73
8058 90
8059 -31
8060 -186
8061 181
8062 102
8063 79
8064 98
8065 -167
8066 26
8067 15
8068 80
8069 -75
8070 82
8071 -161
8072 -16
8073 -101
8074 38
8075 95
8076 224
8077 -39
8078 -116
8079 -135
8080 -52
8081 -17
8082 112
8083 49
8084 6
8085 13
8086 -134
8087 17
8088 66
8089 69
8090 34
8091 -105
8092 102
8093 205
8094 60
8095 1
8096 -2
8097 121
8098 -114
8099 -35
8100 36
8101 47
8102 72
8103 -27
8104 -134
8105 119
8106 -236
8107 -61
8108 4
8109 219
8110 28
8111 9
8112 64
8113 171
8114 112
8115 41
8116 92
8117 99
8118 60
8119 49
8120 -90
8121 -49
8122 8
8123 -127
8124 72
8125 9
8126 -74
8127 113
8128 -2
8129 -11
8130 114
8131 -35
8132 112
8133 109
8134 30
8135 -15
8136 4
8137 -99
8138 -38
8139 15
8140 -100
8141 97
8142 86
8143 -25
8144 -30
8145 145
8146 -64
8147 -311
8148 -40
8149 -17
8150 -110
8151 39
8152 140
8153 -47
8154 -146
8155 31
8156 58
8157 27
8158 -6
8159 -7
8160 6
8161 65
8162 8
8163 -125
8164 -30
8165 -31
8166 -134
8167 19
8168 -112
8169 -201
8170 6
8171 -33
8172 2
8173 -25
8174 -10
8175 -51
8176 -54
8177 45
8178 54
8179 97
8180 146
8181 -37
8182 70
8183 53
8184 -78
8185 -37
8186 -110
8187 -37
8188 -122
8189 -43
8190 100
8191 -25
8192 178
8193 -55
8194 92
8195 -39
8196 10
8197 -85
8198 32
8199 -35
8200 -2
8201 79
8202 44
8203 -139
8204 152
8205 9
8206 -6
8207 147
8208 104
8209 23
8210 66
8211 7
8212 54
8213 33
8214 -74
8215 3
8216 6
8217 -67
8218 -212
8219 -19
8220 196
8221 149
8222 -42
8223 37
8224 -56
8225 -103
8226 -96
8227 29
8228 -58
8229 -85
8230 16
8231 -77
8232 -150
8233 123
8234 62
8235 -83
8236 -46
8237 -53
8238 26
8239 55
8240 148
8241 -81
8242 162
8243 -33
8244 -6
8245 -23
8246 -92
8247 61
8248 -48
8249 -65
8250 -160
8251 43
8252 -4
8253 107
8254 -34
8255 71
8256 -4
8257 -63
8258 -78
8259 -221
8260 -40
8261 29
8262 82
8263 95
8264 128
8265 89
8266 90
8267 11
8268 -122
8269 -35
8270 0
8271 121
8272 -10
8273 -9
8274 -12
8275 -35
8276 -156
8277 197
8278 152
8279 21
8280 -94
8281 -57
8282 78
8283 185
8284 104
8285 51
8286 0
8287 137
8288 -14
8289 43
8290 28
8291 -5
8292 -164
8293 -87
8294 6
8295 199
8296 88
8297 -11
8298 -74
8299 29
8300 18
8301 105
8302 -66
8303 -5
8304 -76
8305 -7
8306 -18
8307 17
8308 36
8309 -49
8310 -22
8311 -55
8312 28
8313 -137
8314 -138
8315 -13
8316 22
8317 109
8318 -142
8319 125
8320 140
8321 93
8322 -34
8323 53
8324 -2
8325 -213
8326 16
8327 -133
8328 -42
8329 59
8330 -58
8331 -155
8332 -2
8333 97
8334 -100
8335 -29
8336 4
8337 35
8338 -106
8339 -35
8340 -58
8341 77
8342 32
8343 127
8344 78
8345 105
8346 62
8347 129
8348 10
8349 -87
8350 -104
8351 147
8352 -30
8353 57
8354 -92
8355 7
8356 -94
8357 -81
8358 -126
8359 -117
8360 52
8361 -23
8362 -78
8363 3
8364 140
8365 -83
8366 -58
8367 13
8368 -22
8369 61
8370 -14
8371 -23
8372 70
8373 41
8374 -82
8375 105
8376 116
8377 85
8378 -30
8379 93
8380 34
8381 59
8382 74
8383 5
8384 -38
8385 31
8386 52
8387 -21
8388 64
8389 -1
8390 -202
8391 63
8392 -34
8393 -133
8394 -158
8395 -27
8396 -148
8397 -239
8398 174
8399 25
8400 -166
8401 -111
8402 52
8403 -149
8404 10
8405 -41
8406 -72
8407 -87
8408 196
8409 -23
8410 136
8411 55
8412 14
8413 27
8414 -26
8415 -127
8416 -156
8417 147
8418 -16
8419 -83
8420 38
8421 -63
8422 -110
8423 153
8424 56
8425 63
8426 6
8427 15
8428 48
8429 -63
8430 26
8431 171
8432 112
8433 -5
8434 -104
8435 -27
8436 -132
8437 -21
8438 -54
8439 51
8440 -24
8441 75
8442 154
8443 -115
8444 130
8445 15
8446 0
8447 -31
8448 6
8449 21
8450 66
8451 -195
8452 42
8453 213
8454 -100
8455 -129
8456 -92
8457 -45
8458 -184
8459 11
8460 84
8461 -13
8462 4
8463 -21
8464 32
8465 -11
8466 -50
8467 61
8468 -20
8469 185
8470 -10
8471 53
8472 6
8473 203
8474 -110
8475 51
8476 -182
8477 33
8478 -58
8479 -81
8480 64
8481 93
8482 -32
8483 83
8484 -14
8485 -67
8486 -106
8487 265
8488 -82
8489 21
8490 -172
8491 -177
8492 -72
8493 57
8494 46
8495 -11
8496 -168
8497 -193
8498 48
8499 -87
8500 -68
8501 215
8502 82
8503 73
8504 86
8505 5
8506 170
8507 -103
8508 -196
8509 -53
8510 132
8511 183
8512 -42
8513 17
8514 46
8515 79
8516 68
8517 -51
8518 -24
8519 -87
8520 38
8521 -61
8522 -138
8523 -79
8524 -96
8525 -67
8526 180
8527 -133
8528 24
8529 -171
8530 24
8531 81
8532 -20
8533 141
8534 70
8535 -139
8536 -36
8537 261
8538 -60
8539 33
8540 148
8541 133
8542 -10
8543 121
8544 -88
8545 187
8546 -62
8547 -79
8548 60
8549 57
8550 48
8551 -95
8552 -18
8553 -31
8554 -64
8555 -83
8556 186
8557 -153
8558 158
8559 -91
8560 110
8561 9
8562 26
8563 -57
8564 -194
8565 -65
8566 122
8567 139
8568 30
8569 93
8570 72
8571 -17
8572 14
8573 5
8574 98
8575 49
8576 -70
8577 -31
8578 20
8579 169
8580 -166
8581 -41
8582 66
8583 85
8584 -76
8585 13
8586 -34
8587 81
8588 -4
8589 -23
8590 -58
8591 105
8592 158
8593 151
8594 -202
8595 -133
8596 116
8597 -19
8598 -56
8599 77
8600 -124
8601 139
8602 106
8603 -171
8604 -128
8605 -195
8606 -106
8607 -183
8608 168
8609 -23
8610 68
8611 -155
8612 -166
8613 101
8614 -66
8615 15
8616 -104
8617 -53
8618 92
8619 -141
8620 -230
8621 25
8622 200
8623 53
8624 -80
8625 -9
8626 78
8627 -25
8628 -54
8629 -71
8630 -94
8631 131
8632 26
8633 19
8634 90
8635 -47
8636 44
8637 21
8638 -42
8639 -97
8640 34
8641 -121
8642 -22
8643 -79
8644 68
8645 23
8646 72
8647 -67
8648 -40
8649 -81
8650 136
8651 15
8652 -112
8653 97
8654 -18
8655 73
8656 -132
8657 17
8658 -34
8659 -61
8660 2
8661 -161
8662 108
8663 -11
8664 168
8665 -99
8666 -124
8667 61
8668 50
8669 -113
8670 26
8671 71
8672 26
8673 99
8674 -72
8675 -89
8676 -158
8677 -89
8678 8
8679 73
8680 24
8681 -25
8682 138
8683 -117
8684 -42
8685 17
8686 24
8687 33
8688 92
8689 -27
8690 -102
8691 135
8692 -40
8693 -207
8694 -64
8695 -17
8696 88
8697 23
8698 -124
8699 103
8700 -136
8701 -137
8702 108
8703 -167
8704 -48
8705 -11
8706 58
8707 -159
8708 -126
8709 -29
8710 78
8711 17
8712 -70
8713 -17
8714 -40
8715 -35
8716 -22
8717 -3
8718 86
8719 -3
8720 -48
8721 17
8722 4
8723 71
8724 28
8725 -143
8726 118
8727 -29
8728 -124
8729 89
8730 -6
8731 -31
8732 -136
8733 -11
8734 70
8735 19
8736 78
8737 -171
8738 44
8739 35
8740 -12
8741 -41
8742 48
8743 -107
8744 -28
8745 71
8746 -16
8747 -11
8748 158
8749 13
8750 38
8751 37
8752 222
8753 -113
8754 -52
8755 -79
8756 6
8757 63
8758 68
8759 -61
8760 12
8761 53
8762 -6
8763 281
8764 -174
8765 -37
8766 14
8767 115
8768 -222
8769 117
8770 -60
8771 -41
8772 -106
8773 71
8774 132
8775 145
8776 134
8777 -103
8778 10
8779 11
8780 -106
8781 45
8782 50
8783 61
8784 -16
8785 -1
8786 66
8787 -59
8788 -68
8789 -15
8790 122
8791 -115
8792 54
8793 35
8794 106
8795 -289
8796 4
8797 79
8798 -154
8799 -73
8800 -52
8801 -169
8802 214
8803 -47
8804 -68
8805 3
8806 -122
8807 -115
8808 -50
8809 -167
8810 96
8811 9
8812 -142
8813 19
8814 -34
8815 -197
8816 86
8817 23
8818 -98
8819 27
8820 236
8821 31
8822 122
8823 -11
8824 76
8825 -85
8826 -30
8827 41
8828 100
8829 71
8830 -100
8831 115
8832 192
8833 -11
8834 26
8835 71
8836 -54
8837 -217
8838 -98
8839 67
8840 16
8841 -21
8842 44
8843 -41
8844 4
8845 -23
8846 108
8847 101
8848 -66
8849 -45
8850 -22
8851 -51
8852 80
8853 -141
8854 -28
8855 -197
8856 -86
8857 75
8858 16
8859 -153
8860 -128
8861 45
8862 52
8863 45
8864 -82
8865 35
8866 40
8867 37
8868 -26
8869 -109
8870 -146
8871 151
8872 14
8873 -1
8874 66
8875 -129
8876 -148
8877 55
8878 106
8879 -107
8880 -32
8881 -97
8882 108
8883 115
8884 -22
8885 77
8886 52
8887 -27
8888 -46
8889 -225
8890 142
8891 87
8892 -28
8893 -97
8894 72
8895 -57
8896 166
8897 33
8898 96
8899 -17
8900 -76
8901 113
8902 -92
8903 83
8904 4
8905 -65
8906 44
8907 -97
8908 -22
8909 -171
8910 90
8911 1
8912 -132
8913 37
8914 -132
8915 101
8916 40
8917 93
8918 -130
8919 99
8920 56
8921 41
8922 -16
8923 3
8924 -120
8925 -17
8926 106
8927 -35
8928 -28
8929 -167
8930 114
8931 -3
8932 -162
8933 67
8934 72
8935 107
8936 56
8937 -97
8938 -50
8939 49
8940 12
8941 29
8942 0
8943 -87
8944 0
8945 97
8946 58
8947 35
8948 -6
8949 73
8950 -40
8951 -135
8952 -66
8953 97
8954 158
8955 161
8956 96
8957 77
8958 52
8959 -11
8960 170
8961 11
8962 98
8963 35
8964 124
8965 33
8966 -20
8967 99
8968 68
8969 157
8970 -142
8971 -21
8972 148
8973 25
8974 -152
8975 -47
8976 92
8977 3
8978 112
8979 -169
8980 -74
8981 -63
8982 -52
8983 151
8984 -6
8985 105
8986 -94
8987 153
8988 6
8989 -63
8990 120
8991 -251
8992 -84
8993 65
8994 150
8995 -11
8996 52
8997 -127
8998 -116
8999 67
9000 -172
9001 -39
9002 46
9003 -123
9004 88
9005 139
9006 12
9007 -59
9008 88
9009 -23
9010 162
9011 21
9012 -214
9013 7
9014 -16
9015 111
9016 134
9017 1
9018 32
9019 -41
9020 54
9021 111
9022 -114
9023 -39
9024 76
9025 33
9026 -88
9027 -89
9028 20
9029 -41
9030 -174
9031 41
9032 92
9033 -113
9034 26
9035 107
9036 102
9037 -41
9038 192
9039 51
9040 18
9041 43
9042 -52
9043 227
9044 10
9045 -227
9046 -174
9047 87
9048 -106
9049 47
9050 94
9051 101
9052 -204
9053 -127
9054 -118
9055 -9
9056 -38
9057 -63
9058 -24
9059 13
9060 0
9061 69
9062 18
9063 -103
9064 -78
9065 -99
9066 -28
9067 111
9068 -8
9069 -5
9070 126
9071 89
9072 -6
9073 -89
9074 -16
9075 -109
9076 98
9077 -9
9078 62
9079 -61
9080 140
9081 81
9082 -146
9083 -5
9084 200
9085 -153
9086 -8
9087 -117
9088 -18
9089 -49
9090 76
9091 177
9092 128
9093 61
9094 140
9095 15
9096 50
9097 -117
9098 -168
9099 -145
9100 162
9101 -17
9102 108
9103 -23
9104 -94
9105 -73
9106 -26
9107 23
9108 212
9109 165
9110 -108
9111 55
9112 54
9113 161
9114 -12
9115 37
9116 -140
9117 123
9118 -50
9119 -67
9120 -212
9121 149
9122 220
9123 153
9124 54
9125 -93
9126 42
9127 -79
9128 92
9129 -123
9130 72
9131 19
9132 -74
9133 -17
9134 24
9135 -13
9136 -6
9137 13
9138 -20
9139 -49
9140 130
9141 -197
9142 -224
9143 55
9144 80
9145 161
9146 -20
9147 -87
9148 46
9149 43
9150 -66
9151 -169
9152 -168
9153 -55
9154 30
9155 -101
9156 86
9157 73
9158 222
9159 61
9160 70
9161 27
9162 -4
9163 -53
9164 -78
9165 -11
9166 -110
9167 57
9168 -12
9169 225
9170 78
9171 103
9172 26
9173 -49
9174 -46
9175 27
9176 -82
9177 61
9178 -84
9179 87
9180 74
9181 125
9182 -80
9183 -153
9184 -42
9185 33
9186 32
9187 87
9188 26
9189 13
9190 -40
9191 -123
9192 150
9193 -11
9194 -202
9195 93
9196 40
9197 89
9198 -10
9199 -53
9200 -40
9201 -105
9202 -14
9203 81
9204 80
9205 117
9206 84
9207 -41
9208 24
9209 -97
9210 -82
9211 -49
9212 26
9213 -3
9214 -94
9215 -71
9216 220
9217 -113
9218 64
9219 99
9220 -152
9221 29
9222 168
9223 137
9224 -12
9225 -15
9226 -10
9227 -25
9228 -50
9229 -95
9230 -76
9231 29
9232 -52
9233 -37
9234 -116
9235 7
9236 92
9237 -25
9238 -134
9239 -5
9240 30
9241 1
9242 178
9243 -7
9244 52
9245 -117
9246 136
9247 -99
9248 14
9249 -165
9250 -100
9251 -231
9252 -82
9253 -119
9254 224
9255 55
9256 -12
9257 -117
9258 50
9259 67
9260 14
9261 71
9262 -40
9263 -21
9264 -4
9265 73
9266 -88
9267 -27
9268 114
9269 -23
9270 -120
9271 -83
9272 44
9273 -201
9274 86
9275 61
9276 102
9277 73
9278 124
9279 -27
9280 22
9281 -101
9282 -52
9283 -321
9284 -62
9285 189
9286 -154
9287 -127
9288 -150
9289 105
9290 78
9291 79
9292 132
9293 -41
9294 -108
9295 -21
9296 90
9297 171
9298 10
9299 -13
9300 -134
9301 19
9302 16
9303 25
9304 -12
9305 -127
9306 8
9307 95
9308 -90
9309 -87
9310 320
9311 55
9312 -32
9313 -123
9314 -52
9315 -229
9316 20
9317 47
9318 -30
9319 -107
9320 -38
9321 -57
9322 270
9323 -55
9324 -4
9325 -39
9326 84
9327 -5
9328 -78
9329 -111
9330 134
9331 -43
9332 -24
9333 31
9334 54
9335 49
9336 -30
9337 -29
9338 18
9339 191
9340 80
9341 45
9342 -36
9343 -97
9344 264
9345 29
9346 22
9347 -87
9348 176
9349 -15
9350 -24
9351 -131
9352 120
9353 61
9354 -114
9355 -115
9356 74
9357 271
9358 42
9359 -21
9360 170
9361 -127
9362 20
9363 151
9364 -82
9365 47
9366 48
9367 141
9368 44
9369 1
9370 172
9371 13
9372 154
9373 99
9374 44
9375 35
9376 130
9377 21
9378 30
9379 -181
9380 36
9381 -163
9382 -6
9383 -87
9384 -72
9385 -197
9386 -56
9387 103
9388 66
9389 -127
9390 40
9391 13
9392 90
9393 -15
9394 -36
9395 -67
9396 78
9397 95
9398 22
9399 47
9400 -74
9401 -13
9402 -114
9403 35
9404 76
9405 -9
9406 38
9407 67
9408 66
9409 -107
9410 48
9411 33
9412 16
9413 17
9414 -42
9415 91
9416 -18
9417 -27
9418 74
9419 -45
9420 -74
9421 -41
9422 110
9423 51
9424 260
9425 117
9426 2
9427 181
9428 -64
9429 -63
9430 146
9431 -93
9432 30
9433 27
9434 82
9435 -83
9436 -36
9437 -17
9438 -32
9439 25
9440 -72
9441 -53
9442 102
9443 -247
9444 -4
9445 117
9446 -32
9447 -51
9448 182
9449 -137
9450 -136
9451 33
9452 -16
9453 77
9454 108
9455 195
9456 -122
9457 -43
9458 -18
9459 -39
9460 46
9461 -67
9462 -96
9463 43
9464 -130
9465 103
9466 -14
9467 39
9468 104
9469 -65
9470 38
9471 -79
9472 -76
9473 25
9474 -14
9475 -221
9476 -56
9477 -53
9478 -8
9479 -29
9480 88
9481 -111
9482 -260
9483 -161
9484 216
9485 -57
9486 -94
9487 169
9488 -162
9489 73
9490 60
9491 9
9492 78
9493 1
9494 -48
9495 -1
9496 -24
9497 -87
9498 200
9499 185
9500 26
9501 -89
9502 22
9503 87
9504 -32
9505 19
9506 -16
9507 -3
9508 122
9509 23
9510 -84
9511 -117
9512 60
9513 -81
9514 8
9515 21
9516 120
9517 159
9518 16
9519 -103
9520 2
9521 -59
9522 20
9523 -101
9524 6
9525 25
9526 -92
9527 103
9528 116
9529 -71
9530 -64
9531 -63
9532 136
9533 131
9534 -50
9535 27
9536 72
9537 37
9538 -66
9539 -77
9540 70
9541 105
9542 -120
9543 65
9544 106
9545 -53
9546 -36
9547 297
9548 80
9549 -67
9550 -56
9551 -15
9552 108
9553 65
9554 76
9555 -169
9556 34
9557 101
9558 28
9559 -89
9560 52
9561 167
9562 150
9563 91
9564 -96
9565 19
9566 -24
9567 -27
9568 -192
9569 -41
9570 -28
9571 31
9572 178
9573 -125
9574 -34
9575 111
9576 -94
9577 57
9578 50
9579 -45
9580 -26
9581 113
9582 -24
9583 35
9584 -56
9585 -5
9586 148
9587 -33
9588 -10
9589 -71
9590 22
9591 -89
9592 62
9593 -7
9594 88
9595 -77
9596 -58
9597 69
9598 -8
9599 -133
9600 -90
9601 -47
9602 -100
9603 -75
9604 -100
9605 -161
9606 312
9607 151
9608 162
9609 53
9610 -42
9611 3
9612 -130
9613 87
9614 136
9615 -133
9616 128
9617 15
9618 -80
9619 81
9620 -24
9621 73
9622 -94
9623 233
9624 -116
9625 -43
9626 8
9627 -51
9628 -162
9629 -93
9630 -60
9631 -93
9632 112
9633 37
9634 -78
9635 -201
9636 -4
9637 65
9638 216
9639 -63
9640 124
9641 83
9642 -222
9643 -67
9644 166
9645 -3
9646 -64
9647 -131
9648 -30
9649 -165
9650 0
9651 5
9652 -2
9653 -139
9654 -82
9655 -49
9656 -76
9657 -127
9658 76
9659 51
9660 68
9661 49
9662 -128
9663 71
9664 60
9665 33
9666 202
9667 -119
9668 -76
9669 255
9670 26
9671 239
9672 100
9673 3
9674 122
9675 -113
9676 -58
9677 111
9678 -136
9679 -103
9680 -34
9681 61
9682 40
9683 -157
9684 -186
9685 5
9686 50
9687 25
9688 -58
9689 -27
9690 82
9691 -85
9692 -58
9693 -35
9694 -84
9695 -87
9696 74
9697 -109
9698 -26
9699 129
9700 4
9701 -219
9702 68
9703 9
9704 -78
9705 -3
9706 70
9707 -75
9708 10
9709 91
9710 -54
9711 -113
9712 54
9713 25
9714 88
9715 97
9716 6
9717 35
9718 -24
9719 179
9720 -2
9721 135
9722 -6
9723 169
9724 -158
9725 169
9726 26
9727 -19
9728 96
9729 103
9730 -52
9731 -45
9732 -66
9733 -109
9734 92
9735 87
9736 -190
9737 9
9738 40
9739 95
9740 30
9741 13
9742 146
9743 -113
9744 -48
9745 -17
9746 88
9747 15
9748 76
9749 -69
9750 36
9751 63
9752 50
9753 -7
9754 -18
9755 -1
9756 -14
9757 1
9758 172
9759 67
9760 16
9761 -9
9762 86
9763 -77
9764 -208
9765 103
9766 60
9767 -65
9768 156
9769 79
9770 74
9771 41
9772 36
9773 21
9774 96
9775 241
9776 -44
9777 -59
9778 158
9779 -97
9780 26
9781 -41
9782 -116
9783 71
9784 -84
9785 1
9786 152
9787 63
9788 -20
9789 -17
9790 -20
9791 -15
9792 -18
9793 93
9794 -62
9795 -81
9796 48
9797 7
9798 46
9799 -21
9800 -24
9801 -101
9802 -16
9803 -119
9804 136
9805 -107
9806 178
9807 19
9808 252
9809 127
9810 -58
9811 -71
9812 50
9813 -37
9814 -76
9815 -57
9816 28
9817 33
9818 -26
9819 -85
9820 326
9821 -9
9822 48
9823 -99
9824 46
9825 -207
9826 4
9827 159
9828 26
9829 -121
9830 34
9831 135
9832 -248
9833 -81
9834 -40
9835 35
9836 38
9837 -25
9838 -62
9839 -19
9840 14
9841 7
9842 6
9843 -19
9844 126
9845 89
9846 74
9847 5
9848 -30
9849 65
9850 164
9851 -47
9852 68
9853 5
9854 -32
9855 83
9856 78
9857 233
9858 10
9859 -73
9860 172
9861 123
9862 130
9863 -121
9864 252
9865 -49
9866 90
9867 57
9868 -40
9869 227
9870 -8
9871 -49
9872 240
9873 -49
9874 38
9875 -79
9876 24
9877 169
9878 -110
9879 -109
9880 122
9881 135
9882 -56
9883 99
9884 102
9885 -87
9886 -130
9887 -149
9888 76
9889 107
9890 36
9891 -13
9892 -150
9893 89
9894 188
9895 -15
9896 2
9897 -35
9898 -146
9899 3
9900 70
9901 67
9902 -18
9903 -99
9904 88
9905 7
9906 -44
9907 -55
9908 -58
9909 55
9910 250
9911 15
9912 -12
9913 97
9914 -84
9915 -19
9916 -68
9917 91
9918 80
9919 63
9920 -18
9921 -43
9922 -10
9923 31
9924 -142
9925 69
9926 34
9927 -161
9928 106
9929 -183
9930 -8
9931 -73
9932 -14
9933 77
9934 24
9935 -77
9936 174
9937 -117
9938 198
9939 117
9940 -24
9941 -131
9942 10
9943 -125
9944 -212
9945 195
9946 -18
9947 -75
9948 38
9949 21
9950 36
9951 -33
9952 -14
9953 47
9954 66
9955 113
9956 -74
9957 33
9958 -32
9959 59
9960 6
9961 65
9962 66
9963 9
9964 54
9965 191
9966 162
9967 -51
9968 -204
9969 -307
9970 -2
9971 27
9972 12
9973 -83
9974 -126
9975 205
9976 -2
9977 -75
9978 -122
9979 87
9980 78
9981 45
9982 -68
9983 -11
9984 -110
9985 -67
9986 20
9987 147
9988 128
9989 -103
9990 48
9991 -145
9992 66
9993 -113
9994 6
9995 167
9996 16
9997 25
9998 -42
9999 -7
10000 156
10001 5
10002 6
10003 -71
10004 70
10005 113
10006 -34
10007 -111
10008 -162
10009 37
10010 -216
10011 -79
10012 20
10013 201
10014 -116
10015 -51
10016 142
10017 -31
10018 -80
10019 -113
10020 -14
10021 -45
10022 12
10023 105
10024 36
10025 -5
10026 -42
10027 -23
10028 26
10029 -37
10030 -52
10031 -45
10032 -76
10033 15
10034 -90
10035 -27
10036 -48
10037 103
10038 -64
10039 -191
10040 -156
10041 -37
10042 44
10043 57
10044 -268
10045 7
10046 -58
10047 -99
10048 34
10049 -63
10050 100
10051 127
10052 8
10053 -1
10054 110
10055 141
10056 94
10057 -101
10058 -56
10059 -127
10060 54
10061 -27
10062 60
10063 53
10064 -88
10065 -27
10066 -92
10067 65
10068 -20
10069 -207
10070 -130
10071 131
10072 218
10073 21
10074 -70
10075 19
10076 72
10077 13
10078 96
10079 143
10080 -56
10081 -33
10082 -182
10083 -87
10084 36
10085 51
10086 -110
10087 -13
10088 -74
10089 -45
10090 -94
10091 -133
10092 -16
10093 -93
10094 -28
10095 159
10096 114
10097 135
10098 -168
10099 99
10100 -118
10101 -9
10102 18
10103 -43
10104 -122
10105 -49
10106 146
10107 -3
10108 -132
10109 115
10110 12
10111 -9
10112 -34
10113 115
10114 82
10115 -169
10116 58
10117 -27
10118 64
10119 -3
10120 30
10121 19
10122 -122
10123 -37
10124 -106
10125 -133
10126 -126
10127 -143
10128 -58
10129 -121
10130 26
10131 49
10132 -122
10133 119
10134 -174
10135 -135
10136 -30
10137 -115
10138 -136
10139 53
10140 82
10141 -31
10142 -152
10143 47
10144 -128
10145 -11
10146 170
10147 3
10148 90
10149 105
10150 -132
10151 155
10152 -52
10153 -43
10154 -146
10155 47
10156 106
10157 17
10158 10
10159 -5
10160 -94
10161 -69
10162 -110
10163 133
10164 -104
10165 65
10166 20
10167 -121
10168 -44
10169 203
10170 -242
10171 189
10172 246
10173 57
10174 -148
10175 -1
10176 -106
10177 65
10178 58
10179 -69
10180 -164
10181 -183
10182 -12
10183 -111
10184 80
10185 -155
10186 -74
10187 -69
10188 -150
10189 -115
10190 6
10191 121
10192 88
10193 19
10194 16
10195 19
10196 52
10197 -91
10198 -42
10199 -157
10200 60
10201 -71
10202 162
10203 11
10204 -70
10205 -35
10206 112
10207 -117
10208 94
10209 121
10210 -114
10211 95
10212 -28
10213 -97
10214 -60
10215 37
10216 2
10217 115
10218 -26
10219 -133
10220 68
10221 93
10222 -120
10223 57
10224 -42
10225 -33
10226 34
10227 -81
10228 -284
10229 -117
10230 36
10231 135
10232 90
10233 111
10234 -12
10235 -103
10236 52
10237 95
10238 -36
10239 -27
10240 -40
10241 -47
10242 68
10243 -39
10244 76
10245 135
10246 82
10247 83
10248 -20
10249 33
10250 -70
10251 43
10252 -206
10253 71
10254 102
10255 -63
10256 -52
10257 27
10258 -84
10259 -119
10260 -4
10261 -139
10262 -62
10263 1
10264 54
10265 -17
10266 162
10267 87
10268 -100
10269 51
10270 68
10271 39
10272 8
10273 -133
10274 -36
10275 -63
10276 -112
10277 143
10278 142
10279 -171
10280 96
10281 49
10282 -38
10283 61
10284 32
10285 -83
10286 -54
10287 -29
10288 -12
10289 89
10290 32
10291 -57
10292 -198
10293 5
10294 -110
10295 -95
10296 -74
10297 231
10298 6
10299 -111
10300 -14
10301 115
10302 106
10303 -65
10304 -90
10305 145
10306 -28
10307 -1
10308 150
10309 -263
10310 166
10311 -19
10312 -24
10313 -97
10314 62
10315 -37
10316 -152
10317 121
10318 -26
10319 81
10320 -20
10321 -61
10322 20
10323 151
10324 136
10325 41
10326 -88
10327 -69
10328 18
10329 41
10330 -76
10331 39
10332 -6
10333 1
10334 -148
10335 -177
10336 90
10337 -57
10338 84
10339 -5
10340 112
10341 31
10342 -146
10343 -33
10344 -174
10345 -193
10346 -192
10347 79
10348 80
10349 -49
10350 -68
10351 -25
10352 90
10353 -227
10354 66
10355 89
10356 14
10357 -71
10358 -54
10359 71
10360 -44
10361 -197
10362 -144
10363 123
10364 -60
10365 17
10366 168
10367 55
10368 80
10369 -63
10370 150
10371 -53
10372 78
10373 59
10374 -4
10375 45
10376 -36
10377 -91
10378 166
10379 -209
10380 -54
10381 117
10382 24
10383 -61
10384 -102
10385 163
10386 -44
10387 121
10388 -32
10389 -17
10390 -10
10391 149
10392 54
10393 205
10394 -42
10395 105
10396 -50
10397 -183
10398 -64
10399 117
10400 40
10401 -149
10402 -30
10403 -77
10404 -90
10405 -37
10406 180
10407 -147
10408 -96
10409 -121
10410 -64
10411 3
10412 -116
10413 127
10414 140
10415 1
10416 72
10417 -3
10418 66
10419 -75
10420 36
10421 77
10422 -10
10423 -63
10424 116
10425 -149
10426 -292
10427 -5
10428 -42
10429 -85
10430 62
10431 -29
10432 62
10433 207
10434 224
10435 137
10436 -136
10437 -11
10438 66
10439 57
10440 -54
10441 -35
10442 -24
10443 -139
10444 172
10445 131
10446 -50
10447 105
10448 68
10449 -265
10450 108
10451 -33
10452 62
10453 197
10454 -24
10455 23
10456 24
10457 127
10458 112
10459 75
10460 -38
10461 19
10462 186
10463 -87
10464 -208
10465 15
10466 22
10467 -47
10468 -16
10469 149
10470 -16
10471 -41
10472 156
10473 -99
10474 20
10475 7
10476 -16
10477 93
10478 152
10479 -1
10480 34
10481 53
10482 102
10483 155
10484 52
10485 13
10486 -60
10487 131
10488 -54
10489 -45
10490 -18
10491 83
10492 -54
10493 -17
10494 16
10495 19
10496 -32
10497 65
10498 -54
10499 23
10500 48
10501 -93
10502 68
10503 35
10504 -32
10505 93
10506 124
10507 51
10508 58
10509 -35
10510 52
10511 -105
10512 -54
10513 -71
10514 64
10515 153
10516 68
10517 -17
10518 56
10519 181
10520 -134
10521 -39
10522 -50
10523 17
10524 24
10525 141
10526 4
10527 105
10528 6
10529 -71
10530 -46
10531 -189
10532 26
10533 75
10534 48
10535 61
10536 150
10537 13
10538 30
10539 21
10540 40
10541 -79
10542 -8
10543 -5
10544 160
10545 -81
10546 16
10547 -11
10548 -66
10549 -113
10550 46
10551 -47
10552 -26
10553 47
10554 116
10555 -89
10556 70
10557 27
10558 0
10559 -99
10560 -44
10561 -11
10562 -18
10563 31
10564 -14
10565 -239
10566 -16
10567 -105
10568 -70
10569 -25
10570 -100
10571 -115
10572 54
10573 155
10574 166
10575 235
10576 -238
10577 -113
10578 58
10579 -91
10580 -48
10581 9
10582 -106
10583 -117
10584 -82
10585 -161
10586 198
10587 5
10588 -210
10589 101
10590 -184
10591 43
10592 88
10593 149
10594 -54
10595 -103
10596 74
10597 -83
10598 142
10599 -65
10600 18
10601 -59
10602 -76
10603 31
10604 -58
10605 129
10606 -32
10607 111
10608 -20
10609 29
10610 -98
10611 -41
10612 -18
10613 37
10614 66
10615 -103
10616 -16
10617 61
10618 -72
10619 -149
10620 146
10621 -71
10622 58
10623 -183
10624 -98
10625 -257
10626 180
10627 -7
10628 -56
10629 119
10630 88
10631 -107
10632 -46
10633 67
10634 152
10635 45
10636 140
10637 -151
10638 -18
10639 151
10640 126
10641 167
10642 28
10643 -21
10644 42
10645 37
10646 60
10647 29
10648 -82
10649 47
10650 -22
10651 97
10652 112
10653 45
10654 16
10655 21
10656 -44
10657 91
10658 -8
10659 19
10660 20
10661 7
10662 66
10663 125
10664 18
10665 23
10666 90
10667 -117
10668 -36
10669 -45
10670 164
10671 35
10672 312
10673 -65
10674 104
10675 115
10676 16
10677 55
10678 22
10679 9
10680 82
10681 -77
10682 -2
10683 -13
10684 90
10685 -121
10686 66
10687 267
10688 -10
10689 31
10690 -28
10691 111
10692 72
10693 119
10694 -36
10695 127
10696 -16
10697 81
10698 -42
10699 -23
10700 122
10701 -115
10702 82
10703 -207
10704 20
10705 -3
10706 178
10707 -121
10708 120
10709 -31
10710 -86
10711 21
10712 -20
10713 -67
10714 68
10715 49
10716 26
10717 -57
10718 92
10719 9
10720 -74
10721 -3
10722 154
10723 129
10724 52
10725 -49
10726 10
10727 107
10728 10
10729 103
10730 8
10731 3
10732 156
10733 -189
10734 8
10735 61
10736 -82
10737 -13
10738 76
10739 -91
10740 -28
10741 -143
10742 48
10743 199
10744 -164
10745 55
10746 140
10747 29
10748 254
10749 103
10750 -2
10751 149
10752 -38
10753 225
10754 -30
10755 21
10756 -72
10757 -83
10758 50
10759 -15
10760 -14
10761 3
10762 124
10763 -9
10764 80
10765 -143
10766 24
10767 135
10768 4
10769 -129
10770 198
10771 -205
10772 -74
10773 -123
10774 36
10775 -93
10776 90
10777 -1
10778 166
10779 105
10780 -2
10781 -119
10782 48
10783 121
10784 134
10785 -65
10786 -32
10787 -179
10788 -128
10789 -3
10790 34
10791 115
10792 -74
10793 115
10794 182
10795 111
10796 -28
10797 -51
10798 -76
10799 65
10800 52
10801 -51
10802 -150
10803 -173
10804 -42
10805 -105
10806 -34
10807 -37
10808 18
10809 17
10810 38
10811 -89
10812 90
10813 -145
10814 0
10815 -57
10816 18
10817 191
10818 -6
10819 51
10820 10
10821 -23
10822 -66
10823 -223
10824 -118
10825 23
10826 -90
10827 101
10828 106
10829 17
10830 -90
10831 23
10832 70
10833 -71
10834 162
10835 -161
10836 -212
10837 -57
10838 -84
10839 -19
10840 134
10841 105
10842 -134
10843 -21
10844 -12
10845 33
10846 10
10847 131
10848 -26
10849 -93
10850 -66
10851 183
10852 86
10853 -5
10854 -94
10855 139
10856 116
10857 3
10858 166
10859 73
10860 32
10861 -141
10862 -16
10863 -111
10864 70
10865 -89
10866 32
10867 133
10868 172
10869 -121
10870 -162
10871 -41
10872 162
10873 -35
10874 -16
10875 1
10876 22
10877 155
10878 178
10879 -21
10880 -66
10881 221
10882 52
10883 29
10884 -146
10885 -103
10886 -90
10887 85
10888 106
10889 65
10890 80
10891 29
10892 114
10893 19
10894 176
10895 15
10896 74
10897 -65
10898 104
10899 -57
10900 56
10901 87
10902 56
10903 -7
10904 -78
10905 -149
10906 108
10907 -37
10908 -4
10909 97
10910 -158
10911 -57
10912 46
10913 59
10914 56
10915 151
10916 -154
10917 -17
10918 -18
10919 83
10920 48
10921 51
10922 -146
10923 13
10924 -6
10925 135
10926 -68
10927 193
10928 30
10929 -7
10930 38
10931 43
10932 98
10933 -121
10934 68
10935 -21
10936 -118
10937 -99
10938 36
10939 -127
10940 -8
10941 1
10942 -70
10943 53
10944 0
10945 11
10946 -126
10947 -247
10948 -242
10949 -155
10950 -20
10951 77
10952 162
10953 -79
10954 -88
10955 151
10956 98
10957 -45
10958 -250
10959 103
10960 -180
10961 107
10962 52
10963 -59
10964 -54
10965 133
10966 -218
10967 25
10968 -48
10969 9
10970 -78
10971 109
10972 68
10973 -127
10974 -60
10975 -9
10976 164
10977 -81
10978 136
10979 7
10980 46
10981 61
10982 40
10983 -33
10984 48
10985 -9
10986 94
10987 9
10988 88
10989 53
10990 -78
10991 -165
10992 -8
10993 -123
10994 -18
10995 -67
10996 16
10997 71
10998 122
10999 -213
11000 48
11001 -19
11002 -32
11003 95
11004 22
11005 19
11006 -26
11007 1
11008 -4
11009 101
11010 56
11011 -37
11012 184
11013 -31
11014 42
11015 29
11016 4
11017 167
11018 -154
11019 25
11020 12
11021 -169
11022 -158
11023 -65
11024 -22
11025 93
11026 -148
11027 35
11028 38
11029 67
11030 8
11031 -105
11032 130
11033 149
11034 58
11035 -107
11036 -42
11037 -29
11038 -58
11039 89
11040 -126
11041 -85
11042 166
11043 -61
11044 -92
11045 -5
11046 104
11047 -103
11048 14
11049 69
11050 -66
11051 -183
11052 -56
11053 7
11054 54
11055 -51
11056 4
11057 -61
11058 -56
11059 1
11060 -296
11061 185
11062 144
11063 -165
11064 64
11065 -15
11066 92
11067 -63
11068 -122
11069 143
11070 -82
11071 25
11072 -52
11073 -311
11074 68
11075 -13
11076 86
11077 -5
11078 58
11079 107
11080 -26
11081 -3
11082 -172
11083 -79
11084 86
11085 121
11086 -230
11087 -17
11088 106
11089 73
11090 -202
11091 93
11092 120
11093 55
11094 -46
11095 -57
11096 28
11097 -45
11098 -114
11099 -101
11100 -94
11101 151
11102 32
11103 17
11104 -76
11105 265
11106 32
11107 93
11108 222
11109 33
11110 -156
11111 49
11112 -116
11113 -141
11114 10
11115 181
11116 54
11117 47
11118 160
11119 217
11120 8
11121 31
11122 70
11123 -9
11124 126
11125 -27
11126 -48
11127 -61
11128 106
11129 -1
11130 -136
11131 -65
11132 -26
11133 35
11134 42
11135 3
11136 92
11137 103
11138 -116
11139 43
11140 -114
11141 27
11142 94
11143 39
11144 110
11145 19
11146 124
11147 77
11148 10
11149 17
11150 -176
11151 45
11152 56
11153 -59
11154 2
11155 -151
11156 -40
11157 -39
11158 112
11159 -265
11160 -86
11161 97
11162 -54
11163 -301
11164 -8
11165 -63
11166 -12
11167 77
11168 -186
11169 -51
11170 -88
11171 19
11172 26
11173 -95
11174 -102
11175 -99
11176 18
11177 -77
11178 -36
11179 -77
11180 6
11181 -39
11182 70
11183 19
11184 -36
11185 71
11186 20
11187 -227
11188 -102
11189 -27
11190 154
11191 77
11192 44
11193 -191
11194 -12
11195 -105
11196 68
11197 311
11198 130
11199 25
11200 -14
11201 -57
11202 276
11203 27
11204 56
11205 -45
11206 -32
11207 67
11208 -72
11209 -5
11210 254
11211 15
11212 12
11213 17
11214 -88
11215 -35
11216 -134
11217 -107
11218 134
11219 175
11220 116
11221 51
11222 -224
11223 -97
11224 -22
11225 -83
11226 52
11227 -139
11228 -14
11229 -1
11230 -178
11231 -249
11232 78
11233 7
11234 0
11235 1
11236 -36
11237 -101
11238 270
11239 31
11240 44
11241 -259
11242 104
11243 -13
11244 -52
11245 -45
11246 -284
11247 -39
11248 152
11249 7
11250 -156
11251 9
11252 -90
11253 13
11254 160
11255 65
11256 -128
11257 -121
11258 80
11259 27
11260 56
11261 -143
11262 -268
11263 -47
11264 68
11265 -79
11266 156
11267 -223
11268 -118
11269 -35
11270 76
11271 41
11272 -60
11273 -81
11274 -18
11275 -141
11276 -288
11277 209
11278 -68
11279 93
11280 -40
11281 -115
11282 -32
11283 25
11284 80
11285 65
11286 -82
11287 111
11288 -12
11289 -65
11290 -8
11291 -53
11292 104
11293 143
11294 -84
11295 71
11296 -80
11297 -121
11298 -46
11299 -13
11300 42
11301 -5
11302 26
11303 -37
11304 -98
11305 -15
11306 -98
11307 -21
11308 26
11309 37
11310 16
11311 -43
11312 -6
11313 -197
11314 -224
11315 161
11316 -22
11317 -53
11318 -66
11319 -195
11320 126
11321 23
11322 -56
11323 85
11324 -94
11325 65
11326 16
11327 -29
11328 -40
11329 -129
11330 114
11331 177
11332 -82
11333 -1
11334 112
11335 -55
11336 102
11337 37
11338 -258
11339 -13
11340 -160
11341 129
11342 -34
11343 -105
11344 2
11345 109
11346 -52
11347 269
11348 28
11349 -9
11350 130
11351 -43
11352 -138
11353 -27
11354 60
11355 67
11356 -34
11357 -19
11358 92
11359 7
11360 60
11361 5
11362 -136
11363 -125
11364 110
11365 221
11366 88
11367 -27
11368 -76
11369 245
11370 88
11371 -125
11372 114
11373 25
11374 122
11375 -3
11376 -138
11377 -85
11378 -90
11379 -59
11380 -60
11381 57
11382 86
11383 -79
11384 158
11385 -137
11386 -22
11387 -155
11388 26
11389 93
11390 36
11391 -9
11392 84
11393 -63
11394 126
11395 -149
11396 -176
11397 127
11398 -116
11399 -145
11400 26
11401 25
11402 182
11403 -27
11404 54
11405 25
11406 -184
11407 -101
11408 30
11409 -49
11410 -286
11411 109
11412 -58
11413 -65
11414 -36
11415 37
11416 44
11417 -233
11418 -18
11419 73
11420 40
11421 -151
11422 -84
11423 173
11424 -118
11425 107
11426 -32
11427 -85
11428 -182
11429 1
11430 -24
11431 133
11432 -10
11433 199
11434 94
11435 -77
11436 152
11437 139
11438 24
11439 -145
11440 -72
11441 -87
11442 150
11443 77
11444 -28
11445 -13
11446 84
11447 -71
11448 144
11449 -275
11450 -16
11451 19
11452 -62
11453 35
11454 104
11455 -127
11456 -56
11457 71
11458 -54
11459 -7
11460 -80
11461 27
11462 46
11463 -55
11464 -72
11465 -63
11466 -120
11467 -27
11468 -16
11469 -15
11470 160
11471 25
11472 -62
11473 103
11474 -118
11475 -39
11476 -38
11477 -19
11478 22
11479 -245
11480 190
11481 109
11482 -68
11483 -149
11484 36
11485 63
11486 208
11487 167
11488 50
11489 -73
11490 -332
11491 91
11492 60
11493 249
11494 24
11495 67
11496 14
11497 -159
11498 -102
11499 77
11500 -104
11501 -25
11502 -60
11503 -47
11504 30
11505 -57
11506 86
11507 -47
11508 108
11509 147
11510 -46
11511 95
11512 -56
11513 7
11514 50
11515 141
11516 42
11517 -111
11518 -20
11519 71
11520 74
11521 -7
11522 110
11523 85
11524 178
11525 167
11526 -156
11527 101
11528 -34
11529 105
11530 -106
11531 71
11532 112
11533 -1
11534 14
11535 75
11536 32
11537 -35
11538 50
11539 -37
11540 -38
11541 -49
11542 104
11543 -9
11544 -110
11545 13
11546 -72
11547 -27
11548 84
11549 -81
11550 -116
11551 11
11552 242
11553 -235
11554 -62
11555 51
11556 70
11557 -49
11558 150
11559 -137
11560 208
11561 171
11562 74
11563 -77
11564 -68
11565 107
11566 -120
11567 95
11568 14
11569 1
11570 54
11571 -9
11572 -64
11573 -143
11574 172
11575 103
11576 144
11577 -153
11578 36
11579 31
11580 -28
11581 83
11582 -254
11583 -3
11584 -98
11585 187
11586 -10
11587 45
11588 -58
11589 -99
11590 -104
11591 -109
11592 -82
11593 107
11594 -44
11595 21
11596 248
11597 61
11598 -6
11599 -43
11600 -26
11601 -29
11602 2
11603 -53
11604 178
11605 259
11606 -120
11607 -1
11608 -36
11609 93
11610 -94
11611 -137
11612 -156
11613 91
11614 188
11615 -113
11616 -60
11617 -281
11618 184
11619 45
11620 32
11621 63
11622 -42
11623 -75
11624 -36
11625 59
11626 -106
11627 -5
11628 0
11629 79
11630 -62
11631 195
11632 -12
11633 89
11634 70
11635 13
11636 -2
11637 47
11638 126
11639 -107
11640 -146
11641 63
11642 -102
11643 29
11644 -82
11645 251
11646 -182
11647 71
11648 42
11649 -217
11650 -116
11651 -107
11652 14
11653 -83
11654 74
11655 7
11656 32
11657 -79
11658 10
11659 -243
11660 -122
11661 -15
11662 -18
11663 39
11664 14
11665 17
11666 -78
11667 -1
11668 -50
11669 -85
11670 -58
11671 -183
11672 -170
11673 37
11674 -32
11675 -17
11676 -206
11677 43
11678 244
11679 -93
11680 28
11681 87
11682 38
11683 23
11684 64
11685 19
11686 -48
11687 -47
11688 -156
11689 9
11690 -72
11691 127
11692 18
11693 -1
11694 172
11695 129
11696 108
11697 83
11698 -140
11699 -89
11700 2
11701 -35
11702 -66
11703 129
11704 24
11705 -143
11706 -34
11707 -21
11708 -28
11709 3
11710 70
11711 39
11712 -198
11713 111
11714 -34
11715 -9
11716 -144
11717 -77
11718 54
11719 271
11720 -102
11721 133
11722 126
11723 33
11724 -136
11725 -15
11726 -94
11727 -73
11728 126
11729 59
11730 -66
11731 -173
11732 124
11733 -91
11734 2
11735 123
11736 20
11737 59
11738 146
11739 173
11740 -36
11741 87
11742 84
11743 21
11744 68
11745 -13
11746 38
11747 -69
11748 -152
11749 173
11750 -64
11751 -107
11752 208
11753 111
11754 -112
11755 25
11756 10
11757 67
11758 -4
11759 -107
11760 -130
11761 -155
11762 132
11763 -29
11764 -44
11765 -113
11766 42
11767 -35
11768 -4
11769 245
11770 14
11771 3
11772 34
11773 -193
11774 -58
11775 -117
11776 62
11777 -15
11778 -26
11779 -89
11780 126
11781 57
11782 38
11783 19
11784 84
11785 -181
11786 72
11787 71
11788 190
11789 33
11790 -108
11791 -3
11792 -58
11793 -211
11794 -14
11795 -39
11796 -48
11797 159
11798 2
11799 129
11800 20
11801 113
11802 -88
11803 -151
11804 24
11805 31
11806 108
11807 -1
11808 60
11809 77
11810 -104
11811 21
11812 172
11813 201
11814 -208
11815 -217
11816 -38
11817 -3
11818 78
11819 73
11820 -134
11821 -33
11822 2
11823 15
11824 184
11825 -123
11826 86
11827 -97
11828 126
11829 -35
11830 2
11831 57
11832 124
11833 -57
11834 -100
11835 299
11836 0
11837 31
11838 -126
11839 -51
11840 76
11841 113
11842 -28
11843 -9
11844 234
11845 219
11846 34
11847 -19
11848 -138
11849 47
11850 -26
11851 -29
11852 160
11853 65
11854 146
11855 3
11856 -150
11857 -149
11858 -178
11859 7
11860 106
11861 169
11862 -28
11863 25
11864 -206
11865 -109
11866 96
11867 -127
11868 -34
11869 -27
11870 -4
11871 -123
11872 -18
11873 53
11874 62
11875 -85
11876 -48
11877 11
11878 -178
11879 151
11880 112
11881 -7
11882 246
11883 73
11884 22
11885 -27
11886 -158
11887 21
11888 -176
11889 265
11890 24
11891 -95
11892 -136
11893 133
11894 -276
11895 79
11896 8
11897 -83
11898 -18
11899 -73
11900 90
11901 -125
11902 72
11903 275
11904 -100
11905 89
11906 -172
11907 193
11908 150
11909 91
11910 28
11911 -87
11912 252
11913 1
11914 194
11915 27
11916 -172
11917 143
11918 116
11919 -131
11920 2
11921 -69
11922 -254
11923 91
11924 -180
11925 -161
11926 130
11927 -29
11928 -140
11929 209
11930 -94
11931 -129
11932 -190
11933 69
11934 -86
11935 81
11936 -96
11937 -153
11938 -16
11939 147
11940 -142
11941 -97
11942 38
11943 63
11944 -152
11945 -107
11946 76
11947 27
11948 100
11949 87
11950 104
11951 97
11952 -96
11953 189
11954 94
11955 -29
11956 -138
11957 75
11958 94
11959 -61
11960 160
11961 -97
11962 -8
11963 -5
11964 -118
11965 -89
11966 40
11967 -103
11968 -84
11969 71
11970 -166
11971 -143
11972 22
11973 -35
11974 -4
11975 -245
11976 -10
11977 29
11978 36
11979 -21
11980 -88
11981 59
11982 12
11983 -55
11984 -26
11985 -113
11986 0
11987 -165
11988 -224
11989 145
11990 -56
11991 -223
11992 132
11993 13
11994 158
11995 17
11996 80
11997 -149
11998 -72
11999 39
12000 -18
12001 -1
12002 68
12003 -1
12004 164
12005 1
12006 -12
12007 101
12008 -200
12009 -145
12010 -122
12011 23
12012 8
12013 -151
12014 -50
12015 -87
12016 10
12017 -139
12018 -88
12019 157
12020 142
12021 117
12022 42
12023 -7
12024 308
12025 33
12026 112
12027 173
12028 194
12029 -123
12030 34
12031 121
12032 -68
12033 51
12034 20
12035 -149
12036 14
12037 -189
12038 70
12039 -65
12040 -156
12041 -87
12042 -16
12043 33
12044 -72
12045 211
12046 -112
12047 143
12048 138
12049 87
12050 114
12051 -9
12052 -42
12053 27
12054 -76
12055 123
12056 76
12057 191
12058 30
12059 -121
12060 -94
12061 103
12062 -80
12063 -89
12064 154
12065 -133
12066 64
12067 77
12068 6
12069 23
12070 202
12071 19
12072 56
12073 -101
12074 240
12075 -23
12076 86
12077 -215
12078 122
12079 -151
12080 172
12081 -247
12082 178
12083 209
12084 -58
12085 177
12086 96
12087 -127
12088 -42
12089 -119
12090 216
12091 -93
12092 196
12093 -111
12094 -2
12095 -23
12096 26
12097 11
12098 92
12099 63
12100 -56
12101 53
12102 -54
12103 -33
12104 68
12105 175
12106 -216
12107 193
12108 -74
12109 19
12110 130
12111 -49
12112 -46
12113 69
12114 -42
12115 47
12116 -20
12117 -19
12118 4
12119 149
12120 44
12121 85
12122 -38
12123 -35
12124 -32
12125 -43
12126 -116
12127 -213
12128 -144
12129 -105
12130 -18
12131 167
12132 -6
12133 -81
12134 16
12135 51
12136 74
12137 -45
12138 2
12139 165
12140 154
12141 95
12142 140
12143 -1
12144 22
12145 133
12146 -208
12147 61
12148 -4
12149 231
12150 -222
12151 7
12152 -144
12153 -17
12154 56
12155 -41
12156 44
12157 -139
12158 -78
12159 91
12160 48
12161 -33
12162 -98
12163 -43
12164 -78
12165 -27
12166 -98
12167 -165
12168 110
12169 -11
12170 112
12171 -23
12172 62
12173 57
12174 158
12175 -119
12176 22
12177 39
12178 20
12179 205
12180 -2
12181 119
12182 36
12183 11
12184 92
12185 -147
12186 88
12187 -207
12188 150
12189 67
12190 170
12191 23
12192 60
12193 -159
12194 -14
12195 -65
12196 -158
12197 191
12198 152
12199 -25
12200 -58
12201 -135
12202 6
12203 173
12204 70
12205 -7
12206 -104
12207 -1
12208 -2
12209 -75
12210 202
12211 25
12212 88
12213 281
12214 38
12215 -161
12216 -136
12217 -39
12218 150
12219 247
12220 -66
12221 -51
12222 136
12223 -255
12224 140
12225 7
12226 64
12227 -67
12228 -28
12229 -77
12230 256
12231 227
12232 82
12233 127
12234 140
12235 -83
12236 -102
12237 41
12238 -98
12239 189
12240 92
12241 1
12242 68
12243 -117
12244 54
12245 23
12246 86
12247 1
12248 38
12249 -177
12250 -14
12251 -115
12252 -128
12253 39
12254 50
12255 65
12256 -168
12257 -137
12258 -56
12259 33
12260 -122
12261 129
12262 44
12263 53
12264 -116
12265 -75
12266 -48
12267 111
12268 -138
12269 -127
12270 118
12271 -19
12272 34
12273 -103
12274 -48
12275 205
12276 28
12277 55
12278 -26
12279 -29
12280 -26
12281 39
12282 44
12283 -107
12284 0
12285 -187
12286 76
12287 19
12288 -118
12289 25
12290 32
12291 1
12292 -16
12293 53
12294 72
12295 119
12296 -90
12297 103
12298 -122
12299 55
12300 36
12301 -125
12302 -120
12303 123
12304 -92
12305 -151
12306 -54
12307 101
12308 148
12309 -9
12310 -14
12311 47
12312 102
12313 -53
12314 106
12315 81
12316 118
12317 1
12318 22
12319 105
12320 -108
12321 -71
12322 422
12323 -113
12324 152
12325 107
12326 -96
12327 51
12328 80
12329 5
12330 -38
12331 -63
12332 22
12333 101
12334 52
12335 -47
12336 74
12337 -113
12338 48
12339 -49
12340 -16
12341 125
12342 100
12343 9
12344 -208
12345 25
12346 98
12347 -115
12348 -86
12349 47
12350 20
12351 229
12352 -188
12353 -61
12354 -50
12355 111
12356 -274
12357 -65
12358 -28
12359 -25
12360 -56
12361 85
12362 70
12363 -39
12364 40
12365 -71
12366 116
12367 -55
12368 308
12369 57
12370 34
12371 -99
12372 -104
12373 -161
12374 38
12375 -53
12376 -84
12377 -33
12378 -92
12379 -43
12380 176
12381 -129
12382 -88
12383 -23
12384 -48
12385 29
12386 40
12387 -199
12388 -14
12389 163
12390 142
12391 -23
12392 14
12393 -113
12394 -22
12395 -113
12396 -66
12397 53
12398 -50
12399 -61
12400 90
12401 -109
12402 128
12403 133
12404 -140
12405 -225
12406 104
12407 35
12408 138
12409 47
12410 -44
12411 -11
12412 44
12413 -15
12414 -202
12415 131
12416 18
12417 -53
12418 44
12419 -25
12420 -16
12421 147
12422 72
12423 -17
12424 88
12425 -37
12426 -4
12427 25
12428 -56
12429 -67
12430 30
12431 -85
12432 -96
12433 -95
12434 -170
12435 -143
12436 -6
12437 -81
12438 -184
12439 -61
12440 -64
12441 91
12442 -16
12443 -137
12444 72
12445 133
12446 -136
12447 69
12448 -10
12449 -71
12450 176
12451 53
12452 -90
12453 -269
12454 16
12455 -61
12456 156
12457 233
12458 114
12459 -193
12460 0
12461 -59
12462 106
12463 15
12464 -68
12465 -3
12466 -12
12467 -113
12468 236
12469 47
12470 20
12471 41
12472 -114
12473 139
12474 138
12475 145
12476 72
12477 -75
12478 -40
12479 -33
12480 -16
12481 -119
12482 178
12483 35
12484 74
12485 57
12486 122
12487 -15
12488 -34
12489 111
12490 308
12491 137
12492 -16
12493 -55
12494 58
12495 17
12496 -16
12497 63
12498 38
12499 -9
12500 90
12501 -35
12502 -170
12503 93
12504 -220
12505 -45
12506 48
12507 -93
12508 -84
12509 167
12510 160
12511 155
12512 -92
12513 -17
12514 -110
12515 -137
12516 88
12517 113
12518 -56
12519 121
12520 -20
12521 3
12522 22
12523 11
12524 90
12525 -251
12526 -178
12527 -215
12528 72
12529 -85
12530 -160
12531 89
12532 48
12533 105
12534 -56
12535 -51
12536 -86
12537 119
12538 200
12539 -179
12540 12
12541 -55
12542 -118
12543 95
12544 172
12545 -89
12546 -82
12547 -193
12548 -160
12549 -137
12550 90
12551 139
12552 -56
12553 -17
12554 104
12555 105
12556 232
12557 111
12558 144
12559 -39
12560 24
12561 -163
12562 10
12563 9
12564 124
12565 -157
12566 -102
12567 117
12568 82
12569 -39
12570 124
12571 191
12572 8
12573 -83
12574 160
12575 -161
12576 -48
12577 23
12578 60
12579 -27
12580 -206
12581 89
12582 -78
12583 -11
12584 -158
12585 -81
12586 102
12587 1
12588 12
12589 151
12590 52
12591 -171
12592 -8
12593 19
12594 -168
12595 15
12596 42
12597 45
12598 -158
12599 -133
12600 40
12601 -69
12602 42
12603 -75
12604 28
12605 221
12606 4
12607 -21
12608 -16
12609 105
12610 234
12611 81
12612 26
12613 -59
12614 -164
12615 -19
12616 68
12617 59
12618 -78
12619 -255
12620 18
12621 83
12622 -108
12623 -55
12624 162
12625 -213
12626 146
12627 57
12628 12
12629 151
12630 108
12631 107
12632 78
12633 49
12634 -30
12635 33
12636 -230
12637 -213
12638 164
12639 35
12640 -72
12641 -239
12642 12
12643 5
12644 -274
12645 125
12646 -62
12647 109
12648 42
12649 -1
12650 142
12651 -143
12652 148
12653 177
12654 66
12655 -133
12656 78
12657 -181
12658 16
12659 -63
12660 -24
12661 -113
12662 110
12663 -247
12664 -22
12665 41
12666 -110
12667 81
12668 -82
12669 113
12670 32
12671 -75
12672 216
12673 -223
12674 94
12675 185
12676 -220
12677 203
12678 66
12679 -21
12680 -62
12681 29
12682 -114
12683 -161
12684 -32
12685 207
12686 214
12687 97
12688 124
12689 -9
12690 -242
12691 -25
12692 26
12693 27
12694 -50
12695 85
12696 10
12697 37
12698 -70
12699 -69
12700 60
12701 -11
12702 58
12703 -271
12704 132
12705 319
12706 -236
12707 9
12708 20
12709 -45
12710 -184
12711 99
12712 70
12713 25
12714 84
12715 85
12716 162
12717 129
12718 -32
12719 -47
12720 120
12721 -63
12722 -20
12723 -215
12724 114
12725 -185
12726 -124
12727 -37
12728 -84
12729 87
12730 134
12731 -53
12732 60
12733 -131
12734 -150
12735 157
12736 -40
12737 115
12738 -28
12739 -31
12740 16
12741 41
12742 104
12743 17
12744 34
12745 -67
12746 -78
12747 33
12748 78
12749 -1
12750 96
12751 115
12752 -128
12753 -61
12754 60
12755 -165
12756 54
12757 -3
12758 178
12759 -21
12760 -116
12761 55
12762 -178
12763 -89
12764 -180
12765 -121
12766 52
12767 -187
12768 -156
12769 -9
12770 76
12771 -103
12772 -100
12773 -219
12774 14
12775 -153
12776 18
12777 -17
12778 238
12779 -3
12780 -44
12781 -89
12782 -178
12783 -143
12784 -64
12785 -11
12786 74
12787 109
12788 -54
12789 -45
12790 22
12791 7
12792 92
12793 -125
12794 -68
12795 -9
12796 -122
12797 95
12798 136
12799 -117
12800 94
12801 -45
12802 128
12803 33
12804 56
12805 223
12806 -52
12807 87
12808 20
12809 47
12810 -200
12811 -5
12812 0
12813 -79
12814 44
12815 69
12816 -64
12817 53
12818 -76
12819 119
12820 106
12821 77
12822 38
12823 -121
12824 200
12825 143
12826 64
12827 -271
12828 -54
12829 -47
12830 -10
12831 95
12832 -174
12833 79
12834 -72
12835 75
12836 -42
12837 49
12838 -52
12839 -11
12840 -74
12841 -85
12842 146
12843 85
12844 76
12845 123
12846 114
12847 11
12848 126
12849 113
12850 82
12851 -1
12852 -32
12853 203
12854 -76
12855 -303
12856 70
12857 59
12858 16
12859 -127
12860 216
12861 103
12862 -40
12863 -117
12864 78
12865 45
12866 -16
12867 -63
12868 156
12869 29
12870 -6
12871 -71
12872 -162
12873 -183
12874 -154
12875 235
12876 116
12877 -31
12878 112
12879 193
12880 -62
12881 -99
12882 -10
12883 1
12884 6
12885 111
12886 -188
12887 81
12888 -54
12889 -11
12890 130
12891 29
12892 42
12893 -195
12894 112
12895 -81
12896 -44
12897 129
12898 -4
12899 -43
12900 20
12901 37
12902 82
12903 -73
12904 128
12905 -43
12906 -98
12907 -159
12908 -34
12909 73
12910 -182
12911 -27
12912 50
12913 -9
12914 -154
12915 -119
12916 -122
12917 -47
12918 -70
12919 55
12920 -106
12921 35
12922 176
12923 67
12924 -72
12925 77
12926 -60
12927 201
12928 -156
12929 -37
12930 -12
12931 -195
12932 126
12933 37
12934 -64
12935 109
12936 -170
12937 -27
12938 -84
12939 -189
12940 -80
12941 -143
12942 -30
12943 181
12944 44
12945 -5
12946 -74
12947 29
12948 -38
12949 -39
12950 12
12951 -43
12952 48
12953 17
12954 -28
12955 -95
12956 -116
12957 -121
12958 -202
12959 -11
12960 -122
12961 -65
12962 -122
12963 85
12964 26
12965 -203
12966 -138
12967 105
12968 -168
12969 -67
12970 74
12971 41
12972 48
12973 95
12974 8
12975 17
12976 198
12977 31
12978 -52
12979 -253
12980 -106
12981 105
12982 -16
12983 11
12984 176
12985 -75
12986 6
12987 79
12988 24
12989 121
12990 -22
12991 57
12992 52
12993 -15
12994 -42
12995 27
12996 -38
12997 -33
12998 -44
12999 107
13000 22
13001 51
13002 44
13003 77
13004 36
13005 131
13006 -50
13007 85
13008 12
13009 -71
13010 118
13011 -109
13012 -178
13013 93
13014 -30
13015 137
13016 112
13017 5
13018 80
13019 69
13020 -388
13021 99
13022 26
13023 -137
13024 234
13025 -39
13026 162
13027 117
13028 -142
13029 133
13030 -186
13031 245
13032 -76
13033 215
13034 -128
13035 -19
13036 -316
13037 49
13038 64
13039 -5
13040 160
13041 -43
13042 -102
13043 103
13044 126
13045 215
13046 32
13047 -163
13048 -52
13049 -49
13050 222
13051 41
13052 -2
13053 -31
13054 106
13055 -157
13056 -22
13057 45
13058 50
13059 -129
13060 96
13061 25
13062 24
13063 -273
13064 108
13065 11
13066 36
13067 -13
13068 -14
13069 -257
13070 18
13071 -93
13072 -40
13073 81
13074 104
13075 71
13076 -78
13077 -3
13078 -188
13079 -235
13080 -78
13081 -97
13082 -200
13083 141
13084 132
13085 -123
13086 -20
13087 183
13088 -140
13089 51
13090 -154
13091 25
13092 -2
13093 69
13094 -172
13095 161
13096 -6
13097 77
13098 -14
13099 -9
13100 -64
13101 239
13102 -214
13103 -223
13104 14
13105 -15
13106 -188
13107 -75
13108 -152
13109 -31
13110 -32
13111 -35
13112 -44
13113 -127
13114 -140
13115 19
13116 -146
13117 -95
13118 -188
13119 -69
13120 -72
13121 -27
13122 -110
13123 -129
13124 -32
13125 151
13126 -28
13127 37
13128 -86
13129 167
13130 76
13131 107
13132 372
13133 41
13134 16
13135 89
13136 96
13137 87
13138 -70
13139 143
13140 -2
13141 -47
13142 36
13143 201
13144 -26
13145 -79
13146 -12
13147 5
13148 24
13149 -83
13150 42
13151 -79
13152 26
13153 91
13154 96
13155 187
13156 68
13157 223
13158 46
13159 -185
13160 202
13161 199
13162 -8
13163 -7
13164 66
13165 129
13166 126
13167 -85
13168 -72
13169 7
13170 -46
13171 -89
13172 -20
13173 -95
13174 54
13175 61
13176 -108
13177 -137
13178 -18
13179 -57
13180 -28
13181 -161
13182 32
13183 -47
13184 -42
13185 -201
13186 6
13187 -81
13188 -64
13189 -73
13190 -106
13191 -281
13192 -32
13193 -41
13194 148
13195 -51
13196 -130
13197 93
13198 28
13199 61
13200 168
13201 -113
13202 174
13203 -157
13204 -152
13205 147
13206 -10
13207 -139
13208 -54
13209 211
13210 -8
13211 53
13212 18
13213 11
13214 46
13215 289
13216 -4
13217 267
13218 100
13219 15
13220 116
13221 -71
13222 204
13223 189
13224 -148
13225 155
13226 -122
13227 -151
13228 84
13229 23
13230 -162
13231 339
13232 118
13233 3
13234 46
13235 -247
13236 122
13237 29
13238 -6
13239 -151
13240 102
13241 161
13242 4
13243 -103
13244 36
13245 -71
13246 -10
13247 -45
13248 -272
13249 23
13250 18
13251 53
13252 -6
13253 15
13254 124
13255 -51
13256 -78
13257 -31
13258 -42
13259 61
13260 -30
13261 217
13262 -60
13263 -45
13264 42
13265 183
13266 -66
13267 163
13268 -194
13269 -67
13270 -12
13271 -13
13272 114
13273 -259
13274 -116
13275 -171
13276 74
13277 -71
13278 -116
13279 -65
13280 136
13281 -19
13282 26
13283 -97
13284 256
13285 59
13286 120
13287 -197
13288 -168
13289 27
13290 -228
13291 61
13292 -16
13293 45
13294 28
13295 -73
13296 16
13297 -35
13298 -20
13299 -55
13300 -240
13301 -131
13302 62
13303 -215
13304 -66
13305 45
13306 -70
13307 -91
13308 -44
13309 -73
13310 226
13311 -43
13312 338
13313 141
13314 -10
13315 181
13316 34
13317 77
13318 -46
13319 -103
13320 22
13321 -41
13322 130
13323 -65
13324 140
13325 -9
13326 108
13327 69
13328 -110
13329 75
13330 146
13331 -43
13332 -280
13333 101
13334 -106
13335 -125
13336 128
13337 219
13338 90
13339 -109
13340 -50
13341 -195
13342 230
13343 -93
13344 4
13345 -157
13346 40
13347 123
13348 280
13349 -37
13350 -94
13351 -7
13352 -152
13353 179
13354 -128
13355 -113
13356 104
13357 -137
13358 -84
13359 139
13360 100
13361 61
13362 102
13363 91
13364 70
13365 -23
13366 -170
13367 97
13368 78
13369 -105
13370 10
13371 -61
13372 -84
13373 -203
13374 -174
13375 59
13376 102
13377 91
13378 188
13379 -47
13380 96
13381 117
13382 -156
13383 75
13384 64
13385 -27
13386 94
13387 19
13388 176
13389 87
13390 -76
13391 371
13392 24
13393 -5
13394 -158
13395 153
13396 -36
13397 -29
13398 -156
13399 -15
13400 -66
13401 -85
13402 -98
13403 229
13404 148
13405 -123
13406 -72
13407 -151
13408 78
13409 75
13410 0
13411 301
13412 138
13413 107
13414 84
13415 113
13416 178
13417 -9
13418 -84
13419 49
13420 4
13421 59
13422 -24
13423 -91
13424 -218
13425 -211
13426 52
13427 -35
13428 -210
13429 33
13430 38
13431 -117
13432 -92
13433 77
13434 52
13435 123
13436 44
13437 119
13438 42
13439 -55
13440 78
13441 27
13442 68
13443 33
13444 130
13445 49
13446 -86
13447 83
13448 -246
13449 -73
13450 100
13451 -85
13452 -132
13453 21
13454 -80
13455 167
13456 -158
13457 165
13458 -76
13459 -137
13460 84
13461 31
13462 204
13463 -73
13464 30
13465 -153
13466 -124
13467 75
13468 206
13469 -139
13470 -184
13471 133
13472 -104
13473 55
13474 158
13475 45
13476 130
13477 53
13478 -30
13479 -221
13480 86
13481 -91
13482 -32
13483 23
13484 -38
13485 175
13486 -182
13487 -177
13488 -48
13489 51
13490 148
13491 -17
13492 6
13493 -93
13494 318
13495 -113
13496 -118
13497 -143
13498 -110
13499 63
13500 -8
13501 119
13502 -30
13503 145
13504 104
13505 121
13506 -106
13507 73
13508 144
13509 -59
13510 8
13511 31
13512 60
13513 -163
13514 42
13515 -105
13516 70
13517 -57
13518 24
13519 59
13520 112
13521 -165
13522 -112
13523 -11
13524 -138
13525 -231
13526 -302
13527 -187
13528 54
13529 -137
13530 54
13531 113
13532 -224
13533 169
13534 60
13535 -143
13536 -80
13537 109
13538 70
13539 -21
13540 -124
13541 -187
13542 220
13543 -51
13544 -154
13545 301
13546 -2
13547 -25
13548 22
13549 -153
13550 28
13551 -37
13552 -86
13553 -217
13554 70
13555 53
13556 -2
13557 49
13558 -94
13559 101
13560 40
13561 -153
13562 -180
13563 -127
13564 110
13565 201
13566 -26
13567 169
13568 -68
13569 -207
13570 -74
13571 -53
13572 140
13573 -17
13574 -126
13575 -31
13576 134
13577 -115
13578 76
13579 29
13580 -164
13581 -93
13582 -32
13583 -145
13584 22
13585 -3
13586 270
13587 189
13588 22
13589 -221
13590 0
13591 137
13592 -48
13593 -111
13594 -112
13595 167
13596 232
13597 57
13598 -102
13599 -91
13600 80
13601 51
13602 150
13603 -121
13604 -186
13605 -119
13606 -8
13607 -79
13608 162
13609 1
13610 -166
13611 201
13612 -164
13613 -159
13614 160
13615 -101
13616 110
13617 -229
13618 -96
13619 -59
13620 30
13621 123
13622 -52
13623 19
13624 -282
13625 -185
13626 -130
13627 -75
13628 -6
13629 53
13630 -62
13631 -27
13632 14
13633 -41
13634 -14
13635 -77
13636 176
13637 193
13638 44
13639 -117
13640 -108
13641 187
13642 146
13643 -177
13644 122
13645 -33
13646 86
13647 -63
13648 108
13649 -109
13650 90
13651 -97
13652 -128
13653 -343
13654 106
13655 17
13656 -36
13657 43
13658 -22
13659 37
13660 -26
13661 15
13662 -32
13663 -165
13664 148
13665 43
13666 132
13667 -211
13668 94
13669 47
13670 102
13671 -129
13672 70
13673 207
13674 16
13675 87
13676 -50
13677 105
13678 -128
13679 -279
13680 -104
13681 -149
13682 18
13683 65
13684 -228
13685 33
13686 276
13687 -89
13688 146
13689 15
13690 -218
13691 177
13692 -104
13693 255
13694 -46
13695 -47
13696 2
13697 135
13698 16
13699 -173
13700 -232
13701 13
13702 -74
13703 215
13704 54
13705 175
13706 -68
13707 75
13708 38
13709 -71
13710 0
13711 107
13712 94
13713 -123
13714 30
13715 189
13716 -68
13717 -39
13718 -72
13719 -5
13720 34
13721 5
13722 314
13723 111
13724 -220
13725 203
13726 62
13727 -97
13728 142
13729 -19
13730 -188
13731 -33
13732 -84
13733 31
13734 -36
13735 199
13736 184
13737 -123
13738 264
13739 3
13740 -212
13741 -21
13742 188
13743 47
13744 66
13745 -131
13746 -114
13747 25
13748 -76
13749 -207
13750 56
13751 153
13752 -106
13753 93
13754 -122
13755 151
13756 74
13757 227
13758 -210
13759 227
13760 -4
13761 -11
13762 -36
13763 -45
13764 20
13765 127
13766 -84
13767 -53
13768 -4
13769 -79
13770 12
13771 -123
13772 -44
13773 91
13774 -42
13775 -121
13776 -62
13777 -23
13778 154
13779 71
13780 -112
13781 -3
13782 -12
13783 -73
13784 10
13785 137
13786 34
13787 -157
13788 12
13789 -201
13790 34
13791 -21
13792 18
13793 -97
13794 104
13795 95
13796 114
13797 -45
13798 -36
13799 39
13800 -140
13801 -57
13802 78
13803 -215
13804 132
13805 1
13806 -84
13807 155
13808 -90
13809 93
13810 -34
13811 -103
13812 -12
13813 -259
13814 -120
13815 -17
13816 246
13817 21
13818 -184
13819 7
13820 100
13821 -5
13822 138
13823 -5
13824 -6
13825 19
13826 94
13827 31
13828 -42
13829 127
13830 16
13831 35
13832 -132
13833 -75
13834 -44
13835 47
13836 -50
13837 -23
13838 -96
13839 -67
13840 74
13841 -185
13842 18
13843 -21
13844 -20
13845 117
13846 -134
13847 -75
13848 138
13849 -43
13850 184
13851 95
13852 148
13853 135
13854 2
13855 -113
13856 118
13857 -143
13858 -30
13859 -65
13860 8
13861 -135
13862 -10
13863 9
13864 180
13865 -133
13866 -214
13867 -23
13868 -200
13869 -171
13870 46
13871 -197
13872 -32
13873 -13
13874 0
13875 -173
13876 4
13877 83
13878 6
13879 -75
13880 46
13881 141
13882 -62
13883 81
13884 60
13885 -309
13886 -136
13887 89
13888 62
13889 -125
13890 64
13891 -123
13892 78
13893 57
13894 -6
13895 -67
13896 26
13897 -63
13898 10
13899 -231
13900 -58
13901 -159
13902 194
13903 -69
13904 -74
13905 -241
13906 -16
13907 17
13908 -22
13909 141
13910 30
13911 57
13912 -42
13913 -117
13914 -30
13915 293
13916 298
13917 -103
13918 160
13919 201
13920 74
13921 59
13922 184
13923 103
13924 0
13925 61
13926 96
13927 -19
13928 -70
13929 -45
13930 60
13931 -3
13932 212
13933 85
13934 -130
13935 -145
13936 146
13937 115
13938 178
13939 -83
13940 -142
13941 -155
13942 66
13943 115
13944 -56
13945 103
13946 -100
13947 79
13948 72
13949 -43
13950 210
13951 -75
13952 -114
13953 63
13954 -64
13955 -161
13956 136
13957 -135
13958 -16
13959 21
13960 -190
13961 67
13962 28
13963 79
13964 -126
13965 41
13966 -18
13967 -15
13968 62
13969 -29
13970 238
13971 -1
13972 -18
13973 -63
13974 -58
13975 -23
13976 -60
13977 95
13978 154
13979 -101
13980 62
13981 -47
13982 64
13983 -121
13984 108
13985 61
13986 0
13987 -185
13988 -86
13989 67
13990 -42
13991 173
13992 -14
13993 5
13994 60
13995 99
13996 42
13997 139
13998 184
13999 -95
14000 -116
14001 31
14002 18
14003 15
14004 -158
14005 19
14006 58
14007 -83
14008 -2
14009 -5
14010 328
14011 -99
14012 -48
14013 -73
14014 214
14015 -117
14016 -52
14017 163
14018 46
14019 -45
14020 -128
14021 -51
14022 158
14023 49
14024 -38
14025 11
14026 62
14027 63
14028 136
14029 -81
14030 -210
14031 27
14032 22
14033 177
14034 -156
14035 -37
14036 -2
14037 113
14038 26
14039 147
14040 28
14041 161
14042 -122
14043 -253
14044 138
14045 137
14046 8
14047 165
14048 -156
14049 11
14050 -118
14051 -5
14052 90
14053 15
14054 48
14055 -159
14056 -94
14057 299
14058 196
14059 111
14060 180
14061 117
14062 226
14063 103
14064 -236
14065 201
14066 -60
14067 175
14068 0
14069 169
14070 82
14071 125
14072 -88
14073 17
14074 -32
14075 159
14076 74
14077 -51
14078 -34
14079 -123
14080 304
14081 -69
14082 202
14083 -13
14084 134
14085 19
14086 -128
14087 -27
14088 84
14089 -63
14090 192
14091 175
14092 12
14093 111
14094 162
14095 -185
14096 -44
14097 -157
14098 -106
14099 19
14100 -52
14101 -23
14102 -138
14103 161
14104 -28
14105 -203
14106 -72
14107 -63
14108 192
14109 161
14110 38
14111 -69
14112 10
14113 -11
14114 -84
14115 53
14116 28
14117 103
14118 0
14119 173
14120 32
14121 -93
14122 68
14123 -181
14124 98
14125 -245
14126 -120
14127 81
14128 -4
14129 -125
14130 44
14131 17
14132 60
14133 45
14134 -52
14135 153
14136 -96
14137 73
14138 132
14139 35
14140 164
14141 -135
14142 -240
14143 -203
14144 -10
14145 57
14146 268
14147 -105
14148 -72
14149 -169
14150 88
14151 -313
14152 116
14153 -99
14154 90
14155 -179
14156 114
14157 -283
14158 116
14159 23
14160 52
14161 71
14162 96
14163 103
14164 -16
14165 101
14166 -122
14167 -129
14168 68
14169 229
14170 -58
14171 -289
14172 20
14173 31
14174 58
14175 -65
14176 0
14177 17
14178 -62
14179 -259
14180 -272
14181 21
14182 106
14183 97
14184 56
14185 -61
14186 102
14187 -83
14188 -54
14189 -207
14190 96
14191 125
14192 36
14193 31
14194 -16
14195 33
14196 126
14197 1
14198 24
14199 -255
14200 -112
14201 185
14202 -54
14203 -63
14204 54
14205 55
14206 -128
14207 -153
14208 86
14209 23
14210 -36
14211 111
14212 28
14213 187
14214 94
14215 -127
14216 314
14217 41
14218 -130
14219 239
14220 132
14221 -5
14222 20
14223 -315
14224 30
14225 -23
14226 54
14227 -329
14228 64
14229 87
14230 -4
14231 -9
14232 178
14233 119
14234 -160
14235 -41
14236 16
14237 119
14238 -90
14239 -99
14240 44
14241 -75
14242 72
14243 219
14244 -180
14245 -63
14246 -10
14247 -211
14248 12
14249 161
14250 8
14251 -15
14252 70
14253 -19
14254 -148
14255 99
14256 62
14257 -169
14258 82
14259 -79
14260 214
14261 27
14262 -96
14263 -25
14264 -46
14265 89
14266 -74
14267 -29
14268 -60
14269 55
14270 -34
14271 27
14272 -166
14273 95
14274 -34
14275 41
14276 -66
14277 -155
14278 -60
14279 -115
14280 -136
14281 -137
14282 138
14283 33
14284 -48
14285 53
14286 -80
14287 -31
14288 166
14289 181
14290 102
14291 -37
14292 264
14293 249
14294 -68
14295 -181
14296 -162
14297 167
14298 138
14299 77
14300 36
14301 135
14302 -50
14303 -125
14304 40
14305 75
14306 -100
14307 9
14308 24
14309 15
14310 -46
14311 95
14312 74
14313 -79
14314 60
14315 -41
14316 -42
14317 -93
14318 94
14319 -71
14320 150
14321 97
14322 92
14323 155
14324 44
14325 -1
14326 -188
14327 101
14328 -30
14329 -123
14330 -104
14331 -241
14332 -126
14333 -157
14334 76
14335 -35
14336 -8
14337 39
14338 6
14339 49
14340 -122
14341 45
14342 -222
14343 -93
14344 30
14345 -5
14346 18
14347 -3
14348 -6
14349 -17
14350 52
14351 77
14352 72
14353 -47
14354 12
14355 163
14356 28
14357 1
14358 -70
14359 -37
14360 220
14361 25
14362 -26
14363 -81
14364 -158
14365 253
14366 8
14367 165
14368 -162
14369 73
14370 68
14371 -283
14372 -166
14373 123
14374 -54
14375 -43
14376 -252
14377 163
14378 364
14379 113
14380 -138
14381 -135
14382 -28
14383 -3
14384 -98
14385 -69
14386 88
14387 -107
14388 -150
14389 -23
14390 166
14391 -127
14392 144
14393 -65
14394 72
14395 -15
14396 -40
14397 7
14398 -110
14399 -101
14400 74
14401 -239
14402 -56
14403 -113
14404 -60
14405 -101
14406 122
14407 105
14408 78
14409 193
14410 -86
14411 -205
14412 -42
14413 91
14414 58
14415 41
14416 -242
14417 57
14418 -164
14419 -19
14420 120
14421 1
14422 -98
14423 127
14424 232
14425 167
14426 -10
14427 137
14428 170
14429 -45
14430 84
14431 221
14432 176
14433 5
14434 116
14435 19
14436 88
14437 -75
14438 -122
14439 -53
14440 166
14441 43
14442 130
14443 -25
14444 20
14445 -107
14446 -32
14447 -123
14448 -38
14449 -159
14450 -126
14451 37
14452 212
14453 -233
14454 -112
14455 249
14456 -34
14457 107
14458 -180
14459 -181
14460 54
14461 3
14462 56
14463 -73
14464 -28
14465 35
14466 230
14467 -39
14468 -112
14469 97
14470 46
14471 97
14472 -114
14473 305
14474 38
14475 -7
14476 2
14477 -61
14478 272
14479 -15
14480 -82
14481 73
14482 -114
14483 -37
14484 -216
14485 -33
14486 156
14487 -117
14488 160
14489 3
14490 12
14491 157
14492 160
14493 -83
14494 64
14495 -25
14496 -264
14497 129
14498 -80
14499 -115
14500 102
14501 75
14502 176
14503 -15
14504 52
14505 85
14506 142
14507 -139
14508 -34
14509 129
14510 -2
14511 5
14512 -118
14513 -127
14514 -2
14515 -15
14516 -42
14517 -105
14518 -176
14519 -17
14520 -140
14521 31
14522 -74
14523 165
14524 -82
14525 121
14526 154
14527 -55
14528 84
14529 -105
14530 176
14531 7
14532 100
14533 -175
14534 12
14535 -89
14536 126
14537 89
14538 -98
14539 -83
14540 -46
14541 69
14542 -112
14543 59
14544 -140
14545 -27
14546 -128
14547 -313
14548 28
14549 197
14550 -36
14551 191
14552 60
14553 1
14554 84
14555 -149
14556 -48
14557 -159
14558 86
14559 -35
14560 -178
14561 151
14562 198
14563 -57
14564 104
14565 -25
14566 -86
14567 -229
14568 4
14569 -77
14570 -86
14571 -193
14572 96
14573 85
14574 110
14575 233
14576 16
14577 -131
14578 -164
14579 111
14580 -154
14581 -71
14582 -152
14583 -37
14584 -86
14585 103
14586 -198
14587 193
14588 128
14589 45
14590 -40
14591 -61
14592 -6
14593 -43
14594 -38
14595 -9
14596 -20
14597 41
14598 104
14599 -245
14600 134
14601 89
14602 -24
14603 -99
14604 80
14605 -83
14606 -22
14607 57
14608 78
14609 -121
14610 16
14611 47
14612 74
14613 87
14614 -30
14615 117
14616 -68
14617 41
14618 128
14619 -289
14620 -102
14621 75
14622 10
14623 21
14624 -96
14625 77
14626 12
14627 -191
14628 -194
14629 163
14630 -122
14631 261
14632 -66
14633 83
14634 -68
14635 59
14636 16
14637 65
14638 20
14639 -169
14640 64
14641 5
14642 -58
14643 -43
14644 -22
14645 73
14646 -44
14647 -47
14648 -14
14649 -83
14650 102
14651 269
14652 -372
14653 61
14654 146
14655 -69
14656 -268
14657 93
14658 44
14659 -35
14660 0
14661 223
14662 140
14663 -43
14664 -138
14665 -25
14666 268
14667 -141
14668 -176
14669 -145
14670 30
14671 -201
14672 -186
14673 95
14674 -46
14675 131
14676 -222
14677 283
14678 26
14679 81
14680 2
14681 75
14682 -144
14683 -9
14684 154
14685 157
14686 62
14687 11
14688 -98
14689 5
14690 22
14691 43
14692 -216
14693 35
14694 -46
14695 -67
14696 -62
14697 -189
14698 -94
14699 117
14700 -102
14701 -65
14702 -120
14703 155
14704 -200
14705 17
14706 -206
14707 -23
14708 240
14709 5
14710 -32
14711 -133
14712 128
14713 117
14714 -296
14715 185
14716 -42
14717 -67
14718 -16
14719 -117
14720 94
14721 -57
14722 -126
14723 -175
14724 148
14725 -35
14726 124
14727 -57
14728 -4
14729 11
14730 -6
14731 65
14732 -154
14733 107
14734 -30
14735 -11
14736 106
14737 309
14738 -4
14739 207
14740 -84
14741 171
14742 -16
14743 29
14744 -176
14745 1
14746 -46
14747 -39
14748 88
14749 81
14750 116
14751 -75
14752 94
14753 -209
14754 -4
14755 163
14756 38
14757 17
14758 -22
14759 -65
14760 78
14761 -115
14762 -136
14763 -181
14764 222
14765 -349
14766 82
14767 -145
14768 24
14769 9
14770 -74
14771 19
14772 184
14773 -55
14774 176
14775 -63
14776 198
14777 -189
14778 -52
14779 -285
14780 118
14781 -49
14782 -142
14783 81
14784 -110
14785 -5
14786 190
14787 9
14788 -244
14789 -29
14790 -60
14791 177
14792 -38
14793 -167
14794 142
14795 53
14796 186
14797 -165
14798 26
14799 99
14800 -184
14801 -129
14802 72
14803 -79
14804 30
14805 -121
14806 -4
14807 -149
14808 66
14809 -121
14810 48
14811 217
14812 64
14813 31
14814 248
14815 -87
14816 32
14817 -279
14818 6
14819 37
14820 12
14821 -59
14822 -54
14823 -51
14824 36
14825 -29
14826 -110
14827 -81
14828 36
14829 39
14830 68
14831 -19
14832 134
14833 -163
14834 92
14835 137
14836 -60
14837 37
14838 94
14839 -221
14840 -206
14841 227
14842 -126
14843 209
14844 36
14845 -89
14846 -38
14847 -145
14848 -160
14849 169
14850 78
14851 -23
14852 -114
14853 89
14854 -106
14855 65
14856 -74
14857 -39
14858 44
14859 -109
14860 -210
14861 61
14862 -72
14863 -101
14864 234
14865 -107
14866 -112
14867 -93
14868 -82
14869 41
14870 -248
14871 25
14872 -252
14873 127
14874 -78
14875 -95
14876 36
14877 -141
14878 236
14879 -197
14880 130
14881 -211
14882 10
14883 167
14884 2
14885 -81
14886 -138
14887 83
14888 -322
14889 63
14890 0
14891 -199
14892 -178
14893 175
14894 -182
14895 -31
14896 -78
14897 111
14898 -14
14899 -49
14900 -142
14901 167
14902 -4
14903 -49
14904 98
14905 9
14906 10
14907 3
14908 -92
14909 95
14910 -42
14911 -91
14912 -24
14913 -3
14914 222
14915 -43
14916 -112
14917 167
14918 -6
14919 101
14920 -40
14921 -81
14922 44
14923 109
14924 114
14925 145
14926 -322
14927 13
14928 96
14929 107
14930 -48
14931 -191
14932 38
14933 -91
14934 -66
14935 97
14936 138
14937 67
14938 24
14939 -201
14940 24
14941 5
14942 154
14943 -149
14944 -58
14945 147
14946 368
14947 161
14948 58
14949 -107
14950 88
14951 255
14952 156
14953 177
14954 18
14955 -133
14956 6
14957 -317
14958 378
14959 81
14960 48
14961 -225
14962 120
14963 -71
14964 -90
14965 -137
14966 -80
14967 -105
14968 306
14969 -41
14970 -98
14971 -51
14972 142
14973 -69
14974 -96
14975 -117
14976 -8
14977 5
14978 106
14979 -5
14980 -148
14981 71
14982 68
14983 -21
14984 94
14985 63
14986 -62
14987 35
14988 86
14989 13
14990 -194
14991 263
14992 10
14993 -133
14994 28
14995 -145
14996 20
14997 -37
14998 132
14999 -7
15000 -36
15001 147
15002 134
15003 -47
15004 8
15005 -75
15006 182
15007 173
15008 -24
15009 51
15010 124
15011 -175
15012 -62
15013 45
15014 178
15015 77
15016 -174
15017 155
15018 46
15019 85
15020 -86
15021 -85
15022 -166
15023 -59
15024 -64
15025 -77
15026 66
15027 135
15028 -58
15029 -67
15030 94
15031 -191
15032 -194
15033 107
15034 -182
15035 61
15036 240
15037 -89
15038 64
15039 91
15040 52
15041 -113
15042 44
15043 -43
15044 70
15045 117
15046 162
15047 -81
15048 -24
15049 -103
15050 -64
15051 203
15052 -66
15053 73
15054 -44
15055 43
15056 150
15057 -39
15058 100
15059 47
15060 2
15061 -67
15062 14
15063 33
15064 -54
15065 151
15066 242
15067 -83
15068 124
15069 185
15070 -2
15071 -51
15072 -84
15073 -351
15074 -168
15075 -133
15076 232
15077 67
15078 78
15079 -127
15080 154
15081 13
15082 -88
15083 185
15084 144
15085 147
15086 60
15087 -121
15088 -52
15089 -21
15090 6
15091 -87
15092 -96
15093 251
15094 -6
15095 -111
15096 -250
15097 -61
15098 -38
15099 77
15100 -70
15101 193
15102 18
15103 201
15104 -146
15105 -155
15106 50
15107 -93
15108 80
15109 51
15110 -38
15111 123
15112 -18
15113 -57
15114 -208
15115 -37
15116 46
15117 53
15118 -36
15119 -73
15120 38
15121 -103
15122 -90
15123 -95
15124 226
15125 -125
15126 170
15127 61
15128 48
15129 131
15130 80
15131 -7
15132 -104
15133 1
15134 4
15135 -9
15136 24
15137 -171
15138 -44
15139 117
15140 8
15141 201
15142 -250
15143 67
15144 -8
15145 127
15146 176
15147 5
15148 -280
15149 -69
15150 -10
15151 -215
15152 26
15153 -61
15154 76
15155 -29
15156 2
15157 187
15158 264
15159 25
15160 -54
15161 5
15162 100
15163 55
15164 -14
15165 -1
15166 -60
15167 3
15168 -80
15169 13
15170 18
15171 -13
15172 140
15173 131
15174 -36
15175 91
15176 -92
15177 -65
15178 -322
15179 -45
15180 -304
15181 -95
15182 18
15183 -259
15184 -96
15185 -55
15186 36
15187 93
15188 -18
15189 -71
15190 74
15191 37
15192 -48
15193 169
15194 388
15195 23
15196 -20
15197 81
15198 64
15199 85
15200 -124
15201 57
15202 -204
15203 -11
15204 154
15205 127
15206 220
15207 -21
15208 34
15209 113
15210 -138
15211 99
15212 94
15213 1
15214 70
15215 171
15216 -190
15217 211
15218 28
15219 -83
15220 -12
15221 -15
15222 -128
15223 141
15224 298
15225 81
15226 28
15227 -13
15228 -138
15229 -81
15230 80
15231 11
15232 -78
15233 61
15234 182
15235 105
15236 102
15237 121
15238 36
15239 -123
15240 -116
15241 -121
15242 62
15243 125
15244 62
15245 -87
15246 -120
15247 97
15248 -100
15249 -49
15250 100
15251 -251
15252 -64
15253 99
15254 132
15255 47
15256 -102
15257 9
15258 -140
15259 103
15260 -80
15261 -61
15262 -6
15263 231
15264 46
15265 11
15266 30
15267 137
15268 -90
15269 -89
15270 -158
15271 51
15272 -42
15273 -127
15274 22
15275 21
15276 22
15277 -15
15278 50
15279 189
15280 76
15281 -13
15282 12
15283 191
15284 138
15285 -199
15286 -130
15287 -3
15288 -102
15289 -89
15290 -72
15291 231
15292 -46
15293 21
15294 -78
15295 -15
15296 -76
15297 -121
15298 -140
15299 59
15300 66
15301 47
15302 26
15303 139
15304 -26
15305 -93
15306 -26
15307 69
15308 84
15309 81
15310 114
15311 103
15312 138
15313 47
15314 92
15315 -73
15316 -126
15317 -13
15318 78
15319 95
15320 280
15321 -83
15322 -356
15323 3
15324 -46
15325 39
15326 136
15327 -155
15328 -84
15329 87
15330 -140
15331 21
15332 -208
15333 -233
15334 400
15335 85
15336 202
15337 29
15338 2
15339 -31
15340 -170
15341 45
15342 42
15343 -57
15344 -22
15345 31
15346 -108
15347 -7
15348 150
15349 -37
15350 104
15351 97
15352 74
15353 69
15354 36
15355 51
15356 178
15357 -203
15358 -52
15359 -195
15360 102
15361 -75
15362 216
15363 129
15364 202
15365 -209
15366 278
15367 -35
15368 -150
15369 61
15370 -82
15371 -175
15372 -14
15373 35
15374 62
15375 -65
15376 20
15377 -215
15378 48
15379 157
15380 -10
15381 71
15382 -12
15383 -233
15384 -108
15385 181
15386 50
15387 5
15388 76
15389 61
15390 -22
15391 -99
15392 -174
15393 -7
15394 108
15395 -123
15396 16
15397 121
15398 -156
15399 47
15400 204
15401 -21
15402 -40
15403 101
15404 186
15405 79
15406 -58
15407 7
15408 140
15409 -83
15410 -186
15411 271
15412 -142
15413 185
15414 194
15415 -251
15416 -82
15417 -195
15418 68
15419 -43
15420 -20
15421 65
15422 174
15423 -133
15424 -6
15425 153
15426 -2
15427 -75
15428 22
15429 -77
15430 -50
15431 -191
15432 48
15433 -99
15434 20
15435 -203
15436 -198
15437 -261
15438 182
15439 -141
15440 -106
15441 135
15442 -18
15443 -61
15444 -110
15445 49
15446 -80
15447 -123
15448 -136
15449 -119
15450 -112
15451 -169
15452 -32
15453 35
15454 162
15455 83
15456 6
15457 -39
15458 24
15459 69
15460 -192
15461 55
15462 130
15463 71
15464 46
15465 -3
15466 88
15467 -95
15468 108
15469 -93
15470 8
15471 -107
15472 18
15473 169
15474 196
15475 -93
15476 114
15477 295
15478 -92
15479 65
15480 100
15481 5
15482 -80
15483 -165
15484 -160
15485 -201
15486 -242
15487 203
15488 -248
15489 -217
15490 -20
15491 65
15492 28
15493 149
15494 -238
15495 159
15496 128
15497 125
15498 -14
15499 -29
15500 -136
15501 207
15502 -134
15503 279
15504 -266
15505 15
15506 8
15507 67
15508 -14
15509 193
15510 136
15511 -29
15512 184
15513 -39
15514 46
15515 -105
15516 2
15517 -77
15518 204
15519 185
15520 168
15521 229
15522 30
15523 89
15524 -34
15525 97
15526 158
15527 211
15528 -32
15529 -81
15530 -16
15531 297
15532 -96
15533 -61
15534 100
15535 135
15536 106
15537 1
15538 170
15539 99
15540 116
15541 -109
15542 -38
15543 -103
15544 -132
15545 -95
15546 -88
15547 -55
15548 228
15549 -181
15550 -28
15551 65
15552 -134
15553 -153
15554 -20
15555 -61
15556 72
15557 19
15558 -28
15559 -187
15560 -68
15561 -21
15562 86
15563 63
15564 -108
15565 21
15566 -6
15567 -93
15568 14
15569 -55
15570 258
15571 -189
15572 -2
15573 9
15574 -6
15575 -159
15576 -136
15577 -101
15578 242
15579 -247
15580 178
15581 -59
15582 -30
15583 -73
15584 246
15585 -283
15586 126
15587 15
15588 -40
15589 -57
15590 -182
15591 1
15592 256
15593 -13
15594 100
15595 -1
15596 52
15597 -33
15598 26
15599 -57
15600 142
15601 103
15602 -24
15603 41
15604 126
15605 51
15606 -70
15607 -59
15608 194
15609 15
15610 -72
15611 127
15612 80
15613 -51
15614 -110
15615 -39
15616 54
15617 145
15618 -138
15619 169
15620 -6
15621 -137
15622 -10
15623 -51
15624 -108
15625 -109
15626 -2
15627 35
15628 -44
15629 167
15630 -76
15631 37
15632 42
15633 33
15634 -100
15635 131
15636 -174
15637 -317
15638 -22
15639 19
15640 84
15641 -215
15642 224
15643 -11
15644 -22
15645 -303
15646 114
15647 -85
15648 -66
15649 27
15650 -96
15651 -91
15652 78
15653 -29
15654 -6
15655 159
15656 -98
15657 -279
15658 20
15659 -57
15660 -108
15661 57
15662 34
15663 7
15664 -6
15665 17
15666 160
15667 -47
15668 -190
15669 249
15670 268
15671 -119
15672 138
15673 -9
15674 -8
15675 31
15676 52
15677 233
15678 -10
15679 53
15680 -182
15681 -1
15682 -62
15683 27
15684 16
15685 -101
15686 0
15687 -11
15688 12
15689 -173
15690 110
15691 -45
15692 80
15693 -31
15694 -72
15695 -9
15696 18
15697 1
15698 50
15699 -179
15700 -62
15701 -15
15702 -90
15703 167
15704 -188
15705 -7
15706 14
15707 -175
15708 58
15709 165
15710 64
15711 -55
15712 90
15713 -31
15714 -76
15715 17
15716 88
15717 -15
15718 10
15719 -37
15720 22
15721 -69
15722 -44
15723 -105
15724 220
15725 -293
15726 168
15727 59
15728 -106
15729 97
15730 76
15731 -145
15732 -86
15733 -67
15734 10
15735 -11
15736 120
15737 43
15738 206
15739 37
15740 80
15741 -101
15742 18
15743 149
15744 -56
15745 -175
15746 2
15747 197
15748 -20
15749 35
15750 -354
15751 -23
15752 -102
15753 -7
15754 -166
15755 81
15756 104
15757 -27
15758 204
15759 -63
15760 188
15761 37
15762 -42
15763 135
15764 -16
15765 167
15766 10
15767 -271
15768 -220
15769 27
15770 -122
15771 53
15772 86
15773 -125
15774 116
15775 -45
15776 -110
15777 -95
15778 374
15779 151
15780 84
15781 -69
15782 -58
15783 -33
15784 -88
15785 49
15786 -164
15787 85
15788 -12
15789 283
15790 -62
15791 -23
15792 12
15793 -103
15794 -74
15795 -13
15796 44
15797 -57
15798 6
15799 -43
15800 34
15801 -51
15802 322
15803 83
15804 86
15805 -193
15806 -56
15807 -169
15808 -62
15809 -15
15810 -64
15811 -163
15812 -40
15813 121
15814 -10
15815 -273
15816 -32
15817 161
15818 -346
15819 135
15820 112
15821 -115
15822 34
15823 71
15824 58
15825 183
15826 -106
15827 41
15828 -2
15829 43
15830 -86
15831 -37
15832 -186
15833 -129
15834 148
15835 -3
15836 -100
15837 23
15838 -132
15839 -167
15840 124
15841 125
15842 -78
15843 95
15844 390
15845 239
15846 72
15847 287
15848 -158
15849 51
15850 10
15851 -149
15852 46
15853 -113
15854 -178
15855 211
15856 -52
15857 -303
15858 -18
15859 -151
15860 -98
15861 175
15862 10
15863 -73
15864 -32
15865 -139
15866 -18
15867 -91
15868 -166
15869 -179
15870 40
15871 25
15872 -256
15873 33
15874 -188
15875 -19
15876 -66
15877 -101
15878 72
15879 147
15880 -6
15881 123
15882 96
15883 7
15884 126
15885 41
15886 -266
15887 87
15888 126
15889 19
15890 -62
15891 -33
15892 50
15893 3
15894 78
15895 -365
15896 42
15897 -225
15898 208
15899 -85
15900 64
15901 141
15902 -98
15903 79
15904 232
15905 -39
15906 -52
15907 -61
15908 216
15909 -71
15910 -148
15911 47
15912 -206
15913 21
15914 64
15915 -45
15916 -124
15917 395
15918 -20
15919 -183
15920 -28
15921 -99
15922 -52
15923 -43
15924 -118
15925 -51
15926 -2
15927 -147
15928 -208
15929 117
15930 188
15931 255
15932 -82
15933 -45
15934 -40
15935 61
15936 -126
15937 73
15938 -154
15939 47
15940 98
15941 17
15942 -12
15943 7
15944 30
15945 -7
15946 22
15947 43
15948 248
15949 -103
15950 -32
15951 55
15952 -68
15953 149
15954 -132
15955 -59
15956 -24
15957 239
15958 -102
15959 95
15960 6
15961 -75
15962 -88
15963 257
15964 72
15965 -13
15966 172
15967 207
15968 -78
15969 113
15970 2
15971 165
15972 76
15973 149
15974 84
15975 -61
15976 80
15977 -27
15978 -14
15979 113
15980 124
15981 -71
15982 88
15983 -171
15984 -100
15985 -3
15986 -228
15987 -53
15988 -46
15989 127
15990 -26
15991 55
15992 -142
15993 235
15994 130
15995 -25
15996 -64
15997 41
15998 -10
15999 137
16000 -40
16001 49
16002 74
16003 135
16004 34
16005 23
16006 -18
16007 -77
16008 -40
16009 25
16010 -118
16011 -109
16012 140
16013 65
16014 208
16015 -41
16016 16
16017 -121
16018 -118
16019 -129
16020 -112
16021 -123
16022 130
16023 61
16024 58
16025 -173
16026 144
16027 -101
16028 -164
16029 117
16030 -270
16031 171
16032 -52
16033 -135
16034 -44
16035 -27
16036 14
16037 -259
16038 116
16039 99
16040 60
16041 29
16042 96
16043 91
16044 230
16045 -17
16046 56
16047 91
16048 40
16049 29
16050 214
16051 -19
16052 -26
16053 375
16054 18
16055 9
16056 86
16057 -1
16058 334
16059 -75
16060 -192
16061 -67
16062 -12
16063 -3
16064 74
16065 -45
16066 236
16067 -111
16068 -56
16069 41
16070 -78
16071 -135
16072 22
16073 55
16074 0
16075 -305
16076 -182
16077 -195
16078 -172
16079 237
16080 -134
16081 47
16082 -168
16083 109
16084 -250
16085 93
16086 28
16087 79
16088 178
16089 -3
16090 190
16091 -253
16092 -44
16093 25
16094 242
16095 -251
16096 -64
16097 -71
16098 270
16099 -101
16100 102
16101 353
16102 16
16103 -117
16104 88
16105 -51
16106 -206
16107 -51
16108 -96
16109 -21
16110 -10
16111 9
16112 26
16113 309
16114 -16
16115 69
16116 14
16117 -127
16118 -28
16119 -101
16120 80
16121 127
16122 -62
16123 -55
16124 -112
16125 65
16126 86
16127 243
16128 -108
16129 25
16130 -68
16131 27
16132 -262
16133 33
16134 124
16135 -71
16136 -26
16137 -65
16138 74
16139 -77
16140 190
16141 -155
16142 -246
16143 -167
16144 -24
16145 -29
16146 -176
16147 55
16148 36
16149 -63
16150 120
16151 157
16152 -110
16153 15
16154 18
16155 -145
16156 58
16157 105
16158 50
16159 23
16160 86
16161 67
16162 12
16163 -215
16164 32
16165 87
16166 108
16167 87
16168 -58
16169 45
16170 -34
16171 -61
16172 -32
16173 171
16174 136
16175 3
16176 -154
16177 89
16178 2
16179 -105
16180 -14
16181 -107
16182 18
16183 57
16184 106
16185 -147
16186 -44
16187 -59
16188 102
16189 -25
16190 -248
16191 -301
16192 136
16193 -23
16194 10
16195 81
16196 -26
16197 -3
16198 26
16199 -169
16200 48
16201 231
16202 18
16203 113
16204 96
16205 57
16206 98
16207 9
16208 -10
16209 -195
16210 -288
16211 27
16212 -10
16213 55
16214 168
16215 -225
16216 -178
16217 97
16218 -224
16219 93
16220 -34
16221 149
16222 10
16223 -101
16224 -78
16225 -77
16226 -168
16227 167
16228 -148
16229 -193
16230 -202
16231 93
16232 -88
16233 69
16234 124
16235 -33
16236 14
16237 -7
16238 156
16239 -57
16240 -80
16241 -73
16242 66
16243 -121
16244 140
16245 -33
16246 -184
16247 53
16248 46
16249 101
16250 70
16251 -157
16252 20
16253 89
16254 40
16255 113
16256 -20
16257 27
16258 260
16259 61
16260 -92
16261 -117
16262 212
16263 -17
16264 -96
16265 113
16266 260
16267 -231
16268 -28
16269 165
16270 128
16271 -125
16272 178
16273 -149
16274 70
16275 -231
16276 -30
16277 77
16278 -110
16279 37
16280 -10
16281 -145
16282 10
16283 105
16284 78
16285 -69
16286 136
16287 17
16288 148
16289 -171
16290 166
16291 -205
16292 16
16293 1
16294 138
16295 -19
16296 -62
16297 -3
16298 -42
16299 117
16300 -234
16301 -163
16302 -2
16303 -207
16304 -170
16305 -7
16306 8
16307 -3
16308 -68
16309 -13
16310 -260
16311 -269
16312 122
16313 -93
16314 112
16315 109
16316 64
16317 139
16318 -136
16319 -107
16320 -30
16321 -65
16322 108
16323 5
16324 216
16325 -135
16326 106
16327 73
16328 218
16329 -173
16330 254
16331 141
16332 -84
16333 -147
16334 -208
16335 89
16336 170
16337 -17
16338 180
16339 23
16340 4
16341 -25
16342 -120
16343 95
16344 70
16345 81
16346 60
16347 -13
16348 -184
16349 -39
16350 10
16351 -207
16352 44
16353 -59
16354 -76
16355 -319
16356 -128
16357 19
16358 -74
16359 -33
16360 230
16361 -113
16362 -214
16363 -53
16364 -18
16365 -191
16366 -54
16367 -165
16368 -138
16369 23
16370 -104
16371 -121
16372 -6
16373 -27
16374 98
16375 -243
16376 10
16377 -53
16378 -214
16379 -53
16380 208
16381 -27
16382 -24
16383 159
16384 294
16385 -273
16386 180
16387 21
16388 -46
16389 261
16390 48
16391 -159
16392 -24
16393 -39
16394 -40
16395 -3
16396 -14
16397 89
16398 -338
16399 209
16400 -70
16401 125
16402 -46
16403 -145
16404 -116
16405 105
16406 -118
16407 -121
16408 214
16409 -117
16410 4
16411 -15
16412 150
16413 15
16414 -24
16415 61
16416 -220
16417 73
16418 64
16419 155
16420 6
16421 -19
16422 -158
16423 165
16424 -100
16425 -163
16426 188
16427 75
16428 134
16429 -149
16430 142
16431 -115
16432 -160
16433 -17
16434 -184
16435 3
16436 -32
16437 -93
16438 -64
16439 -219
16440 40
16441 -7
16442 -228
16443 -329
16444 60
16445 115
16446 -116
16447 -205
16448 -56
16449 -75
16450 150
16451 -161
16452 -234
16453 -21
16454 70
16455 41
16456 -240
16457 -5
16458 82
16459 189
16460 -4
16461 -119
16462 74
16463 -21
16464 76
16465 -119
16466 -112
16467 -19
16468 -144
16469 -77
16470 -106
16471 -103
16472 64
16473 7
16474 224
16475 25
16476 46
16477 83
16478 80
16479 -65
16480 -38
16481 -41
16482 106
16483 -113
16484 28
16485 73
16486 -72
16487 39
16488 -118
16489 -155
16490 140
16491 57
16492 222
16493 185
16494 90
16495 89
16496 -98
16497 -27
16498 8
16499 -51
16500 100
16501 167
16502 92
16503 -75
16504 -86
16505 -23
16506 -52
16507 -19
16508 122
16509 -197
16510 8
16511 183
16512 -82
16513 -35
16514 222
16515 -121
16516 -18
16517 -81
16518 78
16519 213
16520 -22
16521 -39
16522 -24
16523 251
16524 -20
16525 103
16526 100
16527 163
16528 70
16529 1
16530 -32
16531 65
16532 -194
16533 191
16534 48
16535 -31
16536 74
16537 -31
16538 -270
16539 135
16540 84
16541 -27
16542 -44
16543 79
16544 44
16545 -93
16546 92
16547 111
16548 -266
16549 -33
16550 -26
16551 41
16552 -84
16553 -125
16554 90
16555 141
16556 60
16557 111
16558 186
16559 -5
16560 28
16561 -61
16562 -198
16563 -201
16564 44
16565 39
16566 -88
16567 -27
16568 -48
16569 -43
16570 28
16571 183
16572 58
16573 -47
16574 -72
16575 -127
16576 -34
16577 -43
16578 106
16579 -23
16580 388
16581 79
16582 146
16583 -35
16584 -206
16585 -5
16586 86
16587 121
16588 22
16589 -47
16590 184
16591 -111
16592 -18
16593 -121
16594 -116
16595 97
16596 -72
16597 25
16598 -10
16599 161
16600 -68
16601 79
16602 -160
16603 -23
16604 -230
16605 -151
16606 -90
16607 -151
16608 156
16609 -19
16610 34
16611 -269
16612 -44
16613 83
16614 124
16615 -121
16616 130
16617 -263
16618 -290
16619 47
16620 76
16621 -203
16622 208
16623 409
16624 206
16625 -13
16626 -288
16627 153
16628 98
16629 -45
16630 16
16631 41
16632 126
16633 191
16634 6
16635 -39
16636 240
16637 15
16638 120
16639 13
16640 -176
16641 57
16642 -82
16643 -199
16644 -216
16645 -51
16646 128
16647 -1
16648 -96
16649 -91
16650 116
16651 55
16652 -166
16653 33
16654 -182
16655 21
16656 -190
16657 79
16658 -314
16659 -85
16660 -48
16661 -103
16662 48
16663 -1
16664 -114
16665 -49
16666 64
16667 55
16668 46
16669 81
16670 -122
16671 39
16672 80
16673 135
16674 222
16675 97
16676 -58
16677 193
16678 -24
16679 35
16680 8
16681 157
16682 6
16683 -35
16684 130
16685 17
16686 -184
16687 -109
16688 -228
16689 89
16690 74
16691 -59
16692 120
16693 -43
16694 -66
16695 35
16696 10
16697 -45
16698 56
16699 115
16700 172
16701 -95
16702 176
16703 113
16704 118
16705 211
16706 -46
16707 15
16708 -108
16709 51
16710 230
16711 237
16712 -216
16713 -149
16714 -20
16715 57
16716 54
16717 -293
16718 142
16719 -33
16720 40
16721 49
16722 -46
16723 -95
16724 38
16725 17
16726 32
16727 -163
16728 -66
16729 39
16730 60
16731 37
16732 -46
16733 17
16734 -242
16735 31
16736 -270
16737 -203
16738 294
16739 111
16740 126
16741 -3
16742 80
16743 153
16744 10
16745 63
16746 -148
16747 133
16748 106
16749 91
16750 -152
16751 27
16752 -104
16753 -97
16754 -2
16755 -179
16756 -138
16757 159
16758 -246
16759 -39
16760 -138
16761 -73
16762 44
16763 71
16764 -78
16765 19
16766 240
16767 257
16768 96
16769 87
16770 106
16771 35
16772 -216
16773 -21
16774 156
16775 -61
16776 68
16777 -87
16778 8
16779 81
16780 8
16781 -73
16782 168
16783 -91
16784 -188
16785 41
16786 -8
16787 27
16788 -70
16789 91
16790 154
16791 119
16792 14
16793 195
16794 20
16795 193
16796 56
16797 -75
16798 206
16799 43
16800 192
16801 71
16802 112
16803 -147
16804 -62
16805 -217
16806 68
16807 -55
16808 40
16809 -127
16810 -52
16811 179
16812 172
16813 73
16814 -114
16815 79
16816 6
16817 -345
16818 66
16819 -77
16820 -94
16821 -5
16822 -126
16823 -9
16824 146
16825 -43
16826 84
16827 207
16828 68
16829 -313
16830 -22
16831 71
16832 -118
16833 -223
16834 -264
16835 -223
16836 16
16837 -55
16838 134
16839 61
16840 -114
16841 25
16842 126
16843 -237
16844 94
16845 -69
16846 342
16847 -215
16848 -56
16849 -37
16850 -20
16851 77
16852 -158
16853 -259
16854 -14
16855 -13
16856 38
16857 123
16858 -128
16859 27
16860 -288
16861 -241
16862 -48
16863 -11
16864 128
16865 -161
16866 138
16867 -117
16868 -262
16869 11
16870 -80
16871 179
16872 308
16873 -63
16874 366
16875 -43
16876 58
16877 -107
16878 42
16879 -57
16880 -44
16881 -201
16882 -62
16883 9
16884 6
16885 -197
16886 -56
16887 -207
16888 -208
16889 111
16890 48
16891 -49
16892 -220
16893 -229
16894 122
16895 91
16896 -136
16897 183
16898 30
16899 145
16900 152
16901 19
16902 -54
16903 233
16904 38
16905 -137
16906 -20
16907 -35
16908 60
16909 107
16910 -296
16911 -157
16912 -48
16913 -43
16914 -172
16915 125
16916 156
16917 41
16918 76
16919 -95
16920 130
16921 51
16922 -152
16923 145
16924 -40
16925 -59
16926 46
16927 63
16928 112
16929 -11
16930 66
16931 -55
16932 -60
16933 295
16934 -10
16935 213
16936 106
16937 61
16938 -130
16939 135
16940 -220
16941 31
16942 -178
16943 97
16944 -90
16945 171
16946 -34
16947 -127
16948 94
16949 7
16950 -10
16951 67
16952 -4
16953 141
16954 -12
16955 1
16956 -12
16957 -15
16958 218
16959 135
16960 62
16961 -21
16962 -36
16963 133
16964 -204
16965 -47
16966 -4
16967 13
16968 124
16969 23
16970 -38
16971 49
16972 100
16973 -87
16974 -28
16975 -153
16976 -30
16977 35
16978 -2
16979 59
16980 34
16981 -1
16982 4
16983 113
16984 -76
16985 107
16986 -180
16987 -63
16988 -162
16989 3
16990 124
16991 43
16992 -78
16993 -63
16994 8
16995 55
16996 -172
16997 127
16998 86
16999 19
17000 -78
17001 161
17002 64
17003 271
17004 164
17005 -115
17006 -310
17007 -143
17008 116
17009 37
17010 130
17011 111
17012 134
17013 -41
17014 154
17015 -7
17016 -148
17017 23
17018 -96
17019 -167
17020 4
17021 -123
17022 236
17023 141
17024 130
17025 185
17026 12
17027 -1
17028 -102
17029 -31
17030 -22
17031 71
17032 20
17033 -79
17034 56
17035 3
17036 88
17037 -21
17038 -262
17039 139
17040 94
17041 219
17042 178
17043 211
17044 8
17045 -163
17046 204
17047 -37
17048 -100
17049 27
17050 178
17051 47
17052 -150
17053 -163
17054 -6
17055 59
17056 66
17057 181
17058 -2
17059 -37
17060 176
17061 113
17062 116
17063 -109
17064 72
17065 -157
17066 -174
17067 227
17068 102
17069 277
17070 -54
17071 -111
17072 -22
17073 21
17074 142
17075 -55
17076 30
17077 -79
17078 158
17079 -101
17080 96
17081 127
17082 182
17083 -191
17084 20
17085 -207
17086 -178
17087 -127
17088 -44
17089 -125
17090 -126
17091 -225
17092 2
17093 -75
17094 -8
17095 119
17096 -86
17097 235
17098 64
17099 -107
17100 54
17101 -167
17102 -188
17103 -5
17104 -76
17105 109
17106 30
17107 63
17108 -66
17109 199
17110 216
17111 79
17112 -10
17113 -65
17114 82
17115 -101
17116 92
17117 57
17118 54
17119 -223
17120 -234
17121 5
17122 -22
17123 -27
17124 44
17125 319
17126 -158
17127 -29
17128 -118
17129 -231
17130 26
17131 -79
17132 52
17133 53
17134 -164
17135 87
17136 -96
17137 231
17138 164
17139 -159
17140 144
17141 -353
17142 -222
17143 -43
17144 44
17145 31
17146 -46
17147 -65
17148 156
17149 -7
17150 -186
17151 55
17152 252
17153 39
17154 106
17155 165
17156 -84
17157 -15
17158 90
17159 -341
17160 -136
17161 -257
17162 -252
17163 111
17164 56
17165 167
17166 200
17167 65
17168 -178
17169 89
17170 110
17171 -23
17172 56
17173 147
17174 -28
17175 -23
17176 102
17177 -39
17178 46
17179 59
17180 -136
17181 -261
17182 46
17183 83
17184 136
17185 -273
17186 -102
17187 21
17188 -252
17189 -7
17190 172
17191 11
17192 66
17193 -103
17194 -12
17195 -105
17196 60
17197 -31
17198 330
17199 317
17200 42
17201 -183
17202 -248
17203 -131
17204 -150
17205 257
17206 114
17207 -129
17208 46
17209 -189
17210 50
17211 -189
17212 -218
17213 -93
17214 54
17215 111
17216 136
17217 91
17218 -28
17219 -21
17220 -76
17221 239
17222 40
17223 129
17224 -116
17225 -87
17226 334
17227 207
17228 58
17229 91
17230 -200
17231 -87
17232 -8
17233 -183
17234 -48
17235 -315
17236 -154
17237 -111
17238 20
17239 -1
17240 -84
17241 35
17242 -148
17243 -115
17244 8
17245 -13
17246 18
17247 -143
17248 12
17249 93
17250 -146
17251 -271
17252 128
17253 -77
17254 -72
17255 -131
17256 -134
17257 79
17258 -40
17259 91
17260 18
17261 21
17262 20
17263 55
17264 122
17265 59
17266 -54
17267 -125
17268 -256
17269 47
17270 -66
17271 -109
17272 56
17273 -51
17274 190
17275 145
17276 50
17277 -101
17278 -32
17279 -167
17280 -212
17281 -205
17282 -22
17283 63
17284 -68
17285 -293
17286 68
17287 -91
17288 68
17289 -119
17290 -74
17291 23
17292 98
17293 -71
17294 -60
17295 119
17296 -10
17297 1
17298 42
17299 -231
17300 100
17301 -13
17302 -126
17303 147
17304 -12
17305 -149
17306 -72
17307 15
17308 244
17309 -99
17310 244
17311 -155
17312 110
17313 125
17314 -36
17315 -43
17316 -30
17317 245
17318 148
17319 -91
17320 -8
17321 -49
17322 -76
17323 121
17324 40
17325 39
17326 50
17327 -75
17328 -118
17329 67
17330 222
17331 197
17332 -80
17333 -145
17334 52
17335 -3
17336 188
17337 -147
17338 32
17339 45
17340 34
17341 33
17342 -64
17343 103
17344 -202
17345 283
17346 -90
17347 -65
17348 92
17349 41
17350 24
17351 117
17352 -42
17353 89
17354 -36
17355 -123
17356 -60
17357 -51
17358 72
17359 -267
17360 72
17361 -3
17362 90
17363 17
17364 74
17365 -77
17366 14
17367 77
17368 74
17369 31
17370 -76
17371 17
17372 -108
17373 -67
17374 6
17375 119
17376 98
17377 -115
17378 -38
17379 83
17380 -30
17381 21
17382 166
17383 -81
17384 -86
17385 41
17386 -6
17387 123
17388 -74
17389 21
17390 48
17391 -79
17392 -58
17393 -41
17394 270
17395 -53
17396 -22
17397 39
17398 -2
17399 59
17400 12
17401 -135
17402 24
17403 39
17404 -202
17405 211
17406 130
17407 -27
17408 160
17409 31
17410 -72
17411 11
17412 -50
17413 219
17414 -60
17415 -237
17416 276
17417 -113
17418 134
17419 -177
17420 118
17421 3
17422 -140
17423 -75
17424 -44
17425 -45
17426 -220
17427 -135
17428 226
17429 -129
17430 -154
17431 145
17432 -150
17433 -193
17434 136
17435 -75
17436 -198
17437 -285
17438 116
17439 -77
17440 170
17441 -161
17442 -86
17443 5
17444 -286
17445 85
17446 -34
17447 109
17448 -240
17449 -109
17450 70
17451 73
17452 -204
17453 35
17454 -16
17455 97
17456 206
17457 181
17458 124
17459 127
17460 -156
17461 -49
17462 -150
17463 -91
17464 -140
17465 -321
17466 288
17467 -195
17468 182
17469 -67
17470 70
17471 -183
17472 44
17473 -57
17474 132
17475 -89
17476 -288
17477 347
17478 102
17479 13
17480 -100
17481 27
17482 304
17483 -21
17484 -236
17485 55
17486 -222
17487 191
17488 58
17489 -27
17490 32
17491 97
17492 176
17493 191
17494 -78
17495 39
17496 -38
17497 3
17498 -78
17499 53
17500 -152
17501 -11
17502 68
17503 111
17504 78
17505 -15
17506 14
17507 -55
17508 -58
17509 57
17510 46
17511 153
17512 -80
17513 -87
17514 248
17515 49
17516 60
17517 25
17518 12
17519 21
17520 208
17521 -109
17522 28
17523 79
17524 -30
17525 -179
17526 50
17527 -187
17528 120
17529 -151
17530 0
17531 -25
17532 264
17533 -57
17534 -200
17535 35
17536 148
17537 -3
17538 24
17539 -149
17540 -272
17541 79
17542 4
17543 1
17544 44
17545 -131
17546 -108
17547 187
17548 -36
17549 3
17550 144
17551 85
17552 -214
17553 -107
17554 2
17555 81
17556 -22
17557 -245
17558 4
17559 95
17560 -108
17561 107
17562 190
17563 29
17564 -22
17565 -149
17566 34
17567 19
17568 168
17569 -97
17570 92
17571 137
17572 -84
17573 209
17574 56
17575 53
17576 124
17577 73
17578 46
17579 -109
17580 -106
17581 -111
17582 -90
17583 145
17584 -48
17585 91
17586 -64
17587 -123
17588 -62
17589 -179
17590 -138
17591 -21
17592 -120
17593 -115
17594 80
17595 -187
17596 128
17597 -105
17598 -122
17599 -43
17600 -44
17601 -3
17602 262
17603 -87
17604 32
17605 139
17606 176
17607 151
17608 138
17609 219
17610 98
17611 -63
17612 -16
17613 39
17614 -110
17615 -107
17616 100
17617 -1
17618 48
17619 -31
17620 200
17621 209
17622 -40
17623 319
17624 -36
17625 -171
17626 102
17627 31
17628 104
17629 5
17630 -194
17631 83
17632 -86
17633 113
17634 -80
17635 -203
17636 28
17637 -179
17638 -58
17639 67
17640 42
17641 75
17642 160
17643 25
17644 108
17645 27
17646 -90
17647 53
17648 -44
17649 173
17650 6
17651 -81
17652 -86
17653 -77
17654 158
17655 43
17656 -26
17657 97
17658 -100
17659 239
17660 98
17661 31
17662 24
17663 175
17664 -136
17665 -115
17666 -62
17667 249
17668 94
17669 -73
17670 80
17671 -109
17672 -34
17673 -11
17674 74
17675 -181
17676 -22
17677 29
17678 -138
17679 -105
17680 -32
17681 63
17682 6
17683 -295
17684 240
17685 -81
17686 164
17687 -63
17688 -210
17689 189
17690 182
17691 99
17692 192
17693 239
17694 14
17695 -133
17696 -16
17697 47
17698 38
17699 3
17700 0
17701 53
17702 16
17703 -15
17704 -98
17705 175
17706 234
17707 -209
17708 190
17709 19
17710 218
17711 59
17712 -156
17713 -51
17714 126
17715 -105
17716 8
17717 31
17718 -140
17719 -109
17720 -326
17721 -189
17722 -142
17723 53
17724 -54
17725 3
17726 164
17727 -117
17728 -68
17729 -57
17730 64
17731 201
17732 -44
17733 -65
17734 116
17735 -127
17736 -80
17737 9
17738 74
17739 13
17740 -98
17741 31
17742 -210
17743 65
17744 250
17745 25
17746 -46
17747 77
17748 -30
17749 -57
17750 0
17751 -17
17752 -318
17753 -49
17754 -176
17755 -43
17756 -26
17757 111
17758 -26
17759 77
17760 74
17761 -125
17762 170
17763 25
17764 24
17765 -327
17766 -94
17767 -21
17768 -36
17769 183
17770 132
17771 -61
17772 106
17773 -71
17774 -252
17775 -287
17776 -76
17777 135
17778 -130
17779 183
17780 324
17781 55
17782 76
17783 115
17784 -86
17785 7
17786 14
17787 -61
17788 14
17789 -109
17790 24
17791 -13
17792 74
17793 59
17794 40
17795 -55
17796 -66
17797 -39
17798 -18
17799 65
17800 66
17801 45
17802 -42
17803 -35
17804 -62
17805 203
17806 170
17807 -193
17808 -154
17809 159
17810 -142
17811 -141
17812 -6
17813 -33
17814 18
17815 43
17816 56
17817 97
17818 82
17819 -85
17820 70
17821 91
17822 2
17823 -229
17824 -442
17825 -277
17826 66
17827 121
17828 -96
17829 -1
17830 102
17831 127
17832 24
17833 -11
17834 -140
17835 73
17836 44
17837 -53
17838 68
17839 135
17840 -192
17841 175
17842 66
17843 21
17844 70
17845 -35
17846 262
17847 85
17848 26
17849 -205
17850 60
17851 -103
17852 -226
17853 -187
17854 12
17855 31
17856 2
17857 73
17858 -42
17859 -67
17860 108
17861 -85
17862 -146
17863 41
17864 156
17865 -259
17866 -108
17867 -147
17868 -222
17869 -203
17870 -18
17871 -295
17872 -238
17873 -113
17874 -24
17875 57
17876 -228
17877 65
17878 140
17879 -57
17880 -30
17881 -61
17882 -236
17883 -157
17884 212
17885 65
17886 88
17887 -61
17888 280
17889 -145
17890 200
17891 81
17892 -36
17893 59
17894 112
17895 -5
17896 196
17897 199
17898 124
17899 149
17900 -152
17901 -127
17902 -184
17903 -121
17904 -66
17905 27
17906 -28
17907 -171
17908 32
17909 -21
17910 -194
17911 69
17912 106
17913 -195
17914 -50
17915 -7
17916 -146
17917 -41
17918 -6
17919 -125
17920 -98
17921 -75
17922 92
17923 -97
17924 -18
17925 -309
17926 50
17927 89
17928 110
17929 -255
17930 -144
17931 129
17932 52
17933 -51
17934 -88
17935 197
17936 74
17937 -57
17938 -180
17939 55
17940 44
17941 73
17942 32
17943 -7
17944 116
17945 -39
17946 -140
17947 255
17948 8
17949 147
17950 212
17951 -293
17952 18
17953 -41
17954 -66
17955 13
17956 -92
17957 229
17958 -54
17959 111
17960 -170
17961 -257
17962 204
17963 167
17964 -70
17965 47
17966 10
17967 -141
17968 -50
17969 -89
17970 70
17971 21
17972 -58
17973 95
17974 -132
17975 -171
17976 0
17977 111
17978 52
17979 -93
17980 -44
17981 163
17982 62
17983 237
17984 76
17985 -149
17986 -296
17987 -113
17988 24
17989 183
17990 -34
17991 -61
17992 -80
17993 -117
17994 8
17995 -79
17996 42
17997 -245
17998 50
17999 15
18000 -60
18001 13
18002 4
18003 -11
18004 -44
18005 5
18006 -36
18007 -53
18008 64
18009 -135
18010 166
18011 -37
18012 238
18013 141
18014 164
18015 47
18016 -42
18017 99
18018 32
18019 -137
18020 -22
18021 -35
18022 -106
18023 -111
18024 40
18025 -33
18026 -60
18027 -69
18028 -52
18029 9
18030 10
18031 103
18032 150
18033 115
18034 0
18035 73
18036 180
18037 183
18038 -208
18039 67
18040 -12
18041 21
18042 -16
18043 -1
18044 -16
18045 -45
18046 -170
18047 29
18048 -88
18049 -97
18050 154
18051 13
18052 30
18053 177
18054 -214
18055 -57
18056 30
18057 35
18058 26
18059 175
18060 -28
18061 -135
18062 42
18063 21
18064 232
18065 85
18066 -164
18067 -251
18068 -182
18069 -135
18070 104
18071 83
18072 212
18073 -107
18074 -92
18075 -51
18076 118
18077 131
18078 68
18079 -17
18080 -8
18081 217
18082 -168
18083 -253
18084 6
18085 -273
18086 -152
18087 1
18088 -212
18089 -27
18090 -64
18091 -3
18092 -42
18093 -53
18094 -186
18095 27
18096 -16
18097 -37
18098 24
18099 37
18100 126
18101 -9
18102 48
18103 -51
18104 220
18105 93
18106 18
18107 -125
18108 106
18109 103
18110 98
18111 -171
18112 14
18113 -211
18114 52
18115 -319
18116 296
18117 -67
18118 -36
18119 315
18120 38
18121 31
18122 -12
18123 43
18124 -92
18125 45
18126 70
18127 -235
18128 74
18129 -37
18130 46
18131 163
18132 -92
18133 -129
18134 -6
18135 -93
18136 48
18137 -41
18138 212
18139 263
18140 72
18141 171
18142 -110
18143 207
18144 20
18145 47
18146 90
18147 -103
18148 -50
18149 87
18150 164
18151 -75
18152 -122
18153 65
18154 -84
18155 -7
18156 248
18157 73
18158 108
18159 -9
18160 88
18161 -169
18162 -118
18163 -55
18164 94
18165 97
18166 52
18167 -129
18168 38
18169 -51
18170 -58
18171 9
18172 34
18173 111
18174 -194
18175 163
18176 252
18177 35
18178 -208
18179 141
18180 42
18181 -159
18182 242
18183 29
18184 -10
18185 191
18186 -42
18187 -33
18188 -114
18189 103
18190 110
18191 245
18192 84
18193 -229
18194 -116
18195 303
18196 -160
18197 163
18198 56
18199 -379
18200 -82
18201 -79
18202 -246
18203 -211
18204 20
18205 -133
18206 -238
18207 -311
18208 8
18209 127
18210 160
18211 129
18212 58
18213 -279
18214 -28
18215 31
18216 -222
18217 -75
18218 28
18219 161
18220 -130
18221 187
18222 14
18223 -177
18224 284
18225 -73
18226 -110
18227 -153
18228 -28
18229 23
18230 -14
18231 79
18232 84
18233 -51
18234 92
18235 161
18236 -176
18237 -109
18238 356
18239 223
18240 272
18241 -157
18242 6
18243 -13
18244 76
18245 -17
18246 -100
18247 -155
18248 -96
18249 -71
18250 88
18251 17
18252 -78
18253 -41
18254 -24
18255 41
18256 196
18257 33
18258 44
18259 107
18260 -132
18261 -133
18262 -34
18263 319
18264 148
18265 55
18266 76
18267 129
18268 -68
18269 -217
18270 -26
18271 13
18272 108
18273 -101
18274 -36
18275 91
18276 -130
18277 -15
18278 44
18279 -261
18280 22
18281 -43
18282 96
18283 -15
18284 104
18285 -335
18286 -286
18287 -109
18288 -86
18289 -237
18290 62
18291 -159
18292 -20
18293 71
18294 232
18295 91
18296 364
18297 -135
18298 258
18299 77
18300 82
18301 101
18302 8
18303 -119
18304 72
18305 15
18306 -134
18307 -87
18308 -50
18309 -45
18310 -76
18311 -133
18312 -18
18313 -135
18314 -110
18315 -257
18316 -172
18317 315
18318 128
18319 -75
18320 -88
18321 -35
18322 134
18323 -141
18324 78
18325 -301
18326 48
18327 -25
18328 60
18329 219
18330 -132
18331 -59
18332 -114
18333 -81
18334 36
18335 243
18336 -18
18337 -31
18338 -14
18339 91
18340 -8
18341 91
18342 -104
18343 -101
18344 -56
18345 -287
18346 -4
18347 -207
18348 132
18349 107
18350 -68
18351 -13
18352 -24
18353 -107
18354 -18
18355 281
18356 38
18357 115
18358 260
18359 103
18360 108
18361 -43
18362 160
18363 33
18364 -66
18365 203
18366 -176
18367 49
18368 142
18369 251
18370 172
18371 47
18372 -24
18373 -169
18374 -104
18375 -197
18376 128
18377 37
18378 46
18379 93
18380 -146
18381 -173
18382 -26
18383 -129
18384 -72
18385 127
18386 -76
18387 -33
18388 192
18389 -173
18390 116
18391 -69
18392 -102
18393 -95
18394 24
18395 125
18396 40
18397 -43
18398 170
18399 -11
18400 -106
18401 -121
18402 -130
18403 141
18404 242
18405 -27
18406 66
18407 -133
18408 -28
18409 -141
18410 282
18411 -97
18412 70
18413 -151
18414 -100
18415 115
18416 66
18417 -103
18418 -74
18419 145
18420 114
18421 -115
18422 2
18423 -299
18424 246
18425 225
18426 32
18427 81
18428 -120
18429 -269
18430 -298
18431 -195
18432 -80
18433 55
18434 432
18435 -163
18436 -186
18437 -221
18438 150
18439 -3
18440 58
18441 21
18442 26
18443 -181
18444 -28
18445 19
18446 126
18447 -143
18448 -130
18449 -131
18450 -36
18451 -85
18452 4
18453 -61
18454 -26
18455 49
18456 -90
18457 61
18458 116
18459 -205
18460 -20
18461 -161
18462 -78
18463 27
18464 -90
18465 29
18466 118
18467 61
18468 -186
18469 189
18470 -104
18471 145
18472 44
18473 3
18474 330
18475 143
18476 24
18477 -15
18478 -84
18479 -131
18480 -40
18481 -11
18482 -88
18483 233
18484 166
18485 115
18486 -216
18487 27
18488 -66
18489 73
18490 -88
18491 -125
18492 -8
18493 -65
18494 -38
18495 237
18496 66
18497 -139
18498 -24
18499 -5
18500 214
18501 -19
18502 38
18503 195
18504 -38
18505 -115
18506 72
18507 -33
18508 234
18509 169
18510 -22
18511 61
18512 -100
18513 129
18514 170
18515 23
18516 -110
18517 -17
18518 -216
18519 -115
18520 24
18521 -17
18522 -32
18523 123
18524 -122
18525 -15
18526 -110
18527 53
18528 120
18529 -127
18530 130
18531 57
18532 -180
18533 -83
18534 -10
18535 -151
18536 -68
18537 -171
18538 158
18539 137
18540 86
18541 -117
18542 -180
18543 129
18544 -150
18545 -175
18546 -14
18547 -255
18548 -274
18549 25
18550 -92
18551 159
18552 -118
18553 209
18554 16
18555 301
18556 146
18557 245
18558 84
18559 -87
18560 -68
18561 -159
18562 144
18563 105
18564 16
18565 -115
18566 120
18567 293
18568 180
18569 63
18570 0
18571 69
18572 -272
18573 -1
18574 174
18575 87
18576 -16
18577 -125
18578 86
18579 205
18580 -274
18581 27
18582 34
18583 259
18584 78
18585 -173
18586 318
18587 3
18588 -58
18589 -89
18590 -60
18591 53
18592 -154
18593 -11
18594 -140
18595 43
18596 -8
18597 -123
18598 70
18599 -125
18600 250
18601 57
18602 -300
18603 -215
18604 -150
18605 161
18606 -20
18607 169
18608 -100
18609 193
18610 166
18611 19
18612 202
18613 35
18614 292
18615 85
18616 72
18617 -17
18618 50
18619 -85
18620 24
18621 13
18622 -42
18623 107
18624 76
18625 97
18626 -78
18627 125
18628 -96
18629 -23
18630 2
18631 -115
18632 -166
18633 87
18634 108
18635 41
18636 90
18637 13
18638 160
18639 -111
18640 158
18641 153
18642 254
18643 -77
18644 60
18645 -3
18646 -26
18647 -215
18648 -34
18649 17
18650 254
18651 -41
18652 -84
18653 -57
18654 -78
18655 -43
18656 220
18657 -39
18658 -10
18659 -7
18660 -164
18661 55
18662 -32
18663 115
18664 150
18665 15
18666 204
18667 1
18668 -138
18669 -49
18670 -90
18671 173
18672 -150
18673 89
18674 -200
18675 261
18676 -84
18677 153
18678 -200
18679 165
18680 174
18681 -103
18682 -6
18683 87
18684 50
18685 261
18686 62
18687 113
18688 -66
18689 67
18690 -226
18691 17
18692 -20
18693 -69
18694 -192
18695 9
18696 -68
18697 -73
18698 -98
18699 -59
18700 -54
18701 -127
18702 -160
18703 177
18704 -192
18705 -201
18706 -34
18707 115
18708 88
18709 83
18710 -22
18711 297
18712 -202
18713 135
18714 32
18715 -145
18716 180
18717 93
18718 96
18719 17
18720 138
18721 -85
18722 92
18723 301
18724 -124
18725 273
18726 28
18727 43
18728 166
18729 -61
18730 110
18731 -53
18732 -88
18733 -167
18734 -176
18735 -25
18736 116
18737 85
18738 228
18739 -27
18740 98
18741 91
18742 174
18743 27
18744 176
18745 -87
18746 -152
18747 125
18748 26
18749 -57
18750 4
18751 185
18752 -44
18753 283
18754 20
18755 127
18756 -166
18757 17
18758 -306
18759 13
18760 -74
18761 79
18762 -62
18763 -35
18764 14
18765 -77
18766 -162
18767 -35
18768 -312
18769 -183
18770 -146
18771 3
18772 30
18773 -163
18774 22
18775 89
18776 -32
18777 95
18778 -18
18779 -159
18780 -68
18781 -173
18782 -44
18783 5
18784 -42
18785 23
18786 54
18787 -63
18788 -160
18789 103
18790 -56
18791 123
18792 132
18793 85
18794 138
18795 19
18796 -72
18797 -11
18798 -90
18799 -7
18800 8
18801 57
18802 2
18803 -47
18804 16
18805 169
18806 -88
18807 -63
18808 222
18809 23
18810 -196
18811 21
18812 -214
18813 -149
18814 0
18815 15
18816 -106
18817 287
18818 212
18819 -145
18820 270
18821 5
18822 -134
18823 267
18824 -34
18825 39
18826 120
18827 -135
18828 -182
18829 -5
18830 -142
18831 -125
18832 -8
18833 293
18834 228
18835 -105
18836 98
18837 203
18838 134
18839 219
18840 -210
18841 -67
18842 -226
18843 -27
18844 -192
18845 -117
18846 -84
18847 -73
18848 90
18849 181
18850 -36
18851 69
18852 -174
18853 41
18854 -58
18855 91
18856 24
18857 31
18858 46
18859 105
18860 70
18861 69
18862 -122
18863 141
18864 -148
18865 7
18866 30
18867 -37
18868 -40
18869 17
18870 -60
18871 7
18872 36
18873 -213
18874 192
18875 -119
18876 156
18877 -185
18878 158
18879 -261
18880 -182
18881 -153
18882 148
18883 25
18884 150
18885 -163
18886 44
18887 -255
18888 146
18889 -121
18890 16
18891 -49
18892 -108
18893 -163
18894 84
18895 255
18896 120
18897 -191
18898 248
18899 245
18900 286
18901 -135
18902 108
18903 117
18904 120
18905 55
18906 -240
18907 21
18908 -62
18909 -129
18910 -204
18911 -83
18912 254
18913 41
18914 30
18915 105
18916 -250
18917 -59
18918 86
18919 153
18920 -138
18921 -109
18922 -178
18923 -307
18924 52
18925 87
18926 -124
18927 127
18928 34
18929 49
18930 100
18931 -41
18932 -154
18933 -23
18934 -70
18935 -43
18936 -20
18937 -103
18938 -150
18939 -73
18940 52
18941 -93
18942 -152
18943 21
18944 -398
18945 -225
18946 98
18947 -141
18948 76
18949 61
18950 -90
18951 93
18952 102
18953 -259
18954 -70
18955 45
18956 48
18957 -81
18958 -218
18959 -37
18960 -52
18961 -309
18962 -60
18963 -29
18964 128
18965 319
18966 -174
18967 -27
18968 -2
18969 173
18970 -70
18971 153
18972 -190
18973 -65
18974 -350
18975 -143
18976 -132
18977 153
18978 142
18979 47
18980 266
18981 161
18982 194
18983 -83
18984 84
18985 137
18986 -42
18987 95
18988 -16
18989 -79
18990 -202
18991 -199
18992 22
18993 -273
18994 -136
18995 5
18996 -8
18997 -41
18998 86
18999 -165
19000 40
19001 -129
19002 76
19003 -227
19004 244
19005 -85
19006 -58
19007 -139
19008 -66
19009 119
19010 -58
19011 -7
19012 -14
19013 3
19014 318
19015 -23
19016 388
19017 -43
19018 -34
19019 -209
19020 244
19021 -187
19022 -254
19023 -3
19024 140
19025 -159
19026 170
19027 133
19028 44
19029 3
19030 -114
19031 227
19032 -130
19033 105
19034 -110
19035 -43
19036 248
19037 87
19038 124
19039 205
19040 -32
19041 13
19042 -126
19043 -269
19044 -108
19045 21
19046 240
19047 243
19048 -204
19049 -43
19050 72
19051 -33
19052 272
19053 -211
19054 -6
19055 -55
19056 -138
19057 -11
19058 -4
19059 153
19060 2
19061 67
19062 -214
19063 17
19064 -106
19065 -51
19066 188
19067 -263
19068 186
19069 5
19070 4
19071 -207
19072 -122
19073 -35
19074 22
19075 -1
19076 56
19077 135
19078 186
19079 -105
19080 46
19081 19
19082 -2
19083 203
19084 -28
19085 223
19086 -200
19087 91
19088 -138
19089 -53
19090 266
19091 7
19092 -118
19093 23
19094 84
19095 -67
19096 24
19097 -109
19098 134
19099 9
19100 36
19101 81
19102 172
19103 -57
19104 138
19105 85
19106 -92
19107 -19
19108 -236
19109 -129
19110 -42
19111 47
19112 -128
19113 -19
19114 2
19115 -31
19116 144
19117 143
19118 190
19119 105
19120 268
19121 197
19122 4
19123 51
19124 -84
19125 99
19126 -60
19127 91
19128 312
19129 47
19130 -166
19131 -9
19132 -80
19133 17
19134 176
19135 -5
19136 192
19137 -3
19138 8
19139 171
19140 -68
19141 39
19142 212
19143 -283
19144 0
19145 -9
19146 -56
19147 -75
19148 -204
19149 205
19150 -270
19151 -5
19152 104
19153 105
19154 134
19155 159
19156 0
19157 291
19158 -264
19159 -33
19160 6
19161 -39
19162 -132
19163 23
19164 6
19165 281
19166 198
19167 153
19168 -70
19169 -167
19170 -132
19171 -79
19172 -4
19173 3
19174 -92
19175 -9
19176 -110
19177 101
19178 -52
19179 105
19180 156
19181 -165
19182 294
19183 5
19184 172
19185 -135
19186 -134
19187 -69
19188 90
19189 -135
19190 -140
19191 -313
19192 88
19193 111
19194 24
19195 73
19196 -8
19197 81
19198 -40
19199 -83
19200 114
19201 101
19202 -86
19203 -1
19204 -224
19205 -51
19206 120
19207 177
19208 -202
19209 27
19210 16
19211 -271
19212 -232
19213 -61
19214 -56
19215 39
19216 114
19217 37
19218 -92
19219 69
19220 76
19221 75
19222 -258
19223 105
19224 146
19225 87
19226 -12
19227 -203
19228 -138
19229 87
19230 208
19231 -85
19232 -86
19233 157
19234 66
19235 1
19236 -86
19237 -75
19238 154
19239 -125
19240 -84
19241 -65
19242 -28
19243 21
19244 -180
19245 -299
19246 28
19247 -219
19248 36
19249 111
19250 -86
19251 -135
19252 318
19253 -9
19254 -260
19255 271
19256 -304
19257 17
19258 -18
19259 93
19260 226
19261 51
19262 40
19263 -89
19264 -232
19265 207
19266 110
19267 123
19268 126
19269 -33
19270 -78
19271 -17
19272 -84
19273 99
19274 -128
19275 3
19276 -212
19277 -219
19278 -104
19279 41
19280 -54
19281 93
19282 124
19283 -113
19284 -10
19285 -163
19286 220
19287 -63
19288 42
19289 -153
19290 -226
19291 181
19292 2
19293 39
19294 -158
19295 -19
19296 174
19297 -137
19298 20
19299 -65
19300 38
19301 -79
19302 -26
19303 293
19304 -14
19305 -65
19306 322
19307 139
19308 -4
19309 49
19310 80
19311 -133
19312 116
19313 -167
19314 178
19315 -127
19316 -38
19317 67
19318 162
19319 57
19320 -292
19321 55
19322 -264
19323 199
19324 -120
19325 -45
19326 38
19327 -157
19328 36
19329 -13
19330 134
19331 -375
19332 -114
19333 37
19334 64
19335 -179
19336 -48
19337 285
19338 170
19339 -179
19340 198
19341 37
19342 -54
19343 11
19344 230
19345 -121
19346 270
19347 119
19348 100
19349 75
19350 -72
19351 -69
19352 -82
19353 -29
19354 -22
19355 -201
19356 76
19357 -149
19358 -238
19359 -15
19360 -72
19361 147
19362 -62
19363 -75
19364 -78
19365 -33
19366 84
19367 -47
19368 -182
19369 103
19370 -74
19371 -159
19372 282
19373 61
19374 -200
19375 -223
19376 -40
19377 -47
19378 42
19379 -9
19380 64
19381 19
19382 -294
19383 287
19384 -74
19385 23
19386 -46
19387 25
19388 78
19389 133
19390 -30
19391 -285
19392 -20
19393 -75
19394 86
19395 57
19396 -260
19397 29
19398 106
19399 11
19400 140
19401 125
19402 236
19403 133
19404 58
19405 -221
19406 16
19407 151
19408 154
19409 45
19410 -222
19411 -15
19412 78
19413 1
19414 46
19415 13
19416 -98
19417 -207
19418 -216
19419 -153
19420 -140
19421 -205
19422 -148
19423 81
19424 -76
19425 -159
19426 -220
19427 -77
19428 -108
19429 53
19430 140
19431 51
19432 -24
19433 -13
19434 92
19435 97
19436 146
19437 -207
19438 -170
19439 -59
19440 72
19441 -49
19442 -348
19443 157
19444 -88
19445 63
19446 28
19447 71
19448 -10
19449 -239
19450 134
19451 35
19452 104
19453 7
19454 138
19455 -277
19456 -164
19457 -147
19458 12
19459 71
19460 -196
19461 -305
19462 -82
19463 -81
19464 -74
19465 -97
19466 -76
19467 53
19468 152
19469 -11
19470 -44
19471 131
19472 -62
19473 -123
19474 -130
19475 55
19476 76
19477 73
19478 -66
19479 237
19480 108
19481 -101
19482 130
19483 157
19484 -8
19485 -149
19486 -40
19487 93
19488 74
19489 21
19490 -6
19491 -95
19492 -178
19493 109
19494 -46
19495 -93
19496 182
19497 -155
19498 -96
19499 -135
19500 -164
19501 -41
19502 92
19503 23
19504 440
19505 -83
19506 300
19507 -121
19508 260
19509 -123
19510 -264
19511 211
19512 38
19513 209
19514 64
19515 105
19516 -50
19517 -169
19518 124
19519 -177
19520 -116
19521 -93
19522 104
19523 -117
19524 -148
19525 85
19526 94
19527 -37
19528 92
19529 -57
19530 -106
19531 -121
19532 14
19533 79
19534 208
19535 -73
19536 182
19537 -183
19538 0
19539 -15
19540 -46
19541 133
19542 90
19543 141
19544 16
19545 -89
19546 68
19547 -111
19548 -222
19549 105
19550 112
19551 287
19552 -30
19553 -5
19554 -8
19555 49
19556 170
19557 -17
19558 84
19559 3
19560 22
19561 209
19562 4
19563 -7
19564 90
19565 15
19566 -64
19567 -45
19568 100
19569 265
19570 -52
19571 73
19572 -192
19573 -29
19574 56
19575 -147
19576 96
19577 -93
19578 300
19579 -327
19580 120
19581 -59
19582 -2
19583 -187
19584 96
19585 -23
19586 -146
19587 27
19588 -22
19589 55
19590 -104
19591 -135
19592 -106
19593 217
19594 154
19595 -89
19596 -68
19597 -141
19598 142
19599 -97
19600 4
19601 -5
19602 198
19603 147
19604 -230
19605 -145
19606 -214
19607 -131
19608 194
19609 -111
19610 208
19611 -43
19612 48
19613 305
19614 152
19615 51
19616 -70
19617 -109
19618 -18
19619 135
19620 14
19621 -71
19622 52
19623 219
19624 -68
19625 39
19626 122
19627 17
19628 202
19629 -51
19630 -38
19631 267
19632 210
19633 31
19634 36
19635 -153
19636 216
19637 -209
19638 -42
19639 -131
19640 -108
19641 223
19642 0
19643 -185
19644 60
19645 -213
19646 -208
19647 81
19648 -346
19649 143
19650 6
19651 95
19652 -84
19653 257
19654 70
19655 -11
19656 -128
19657 295
19658 148
19659 -29
19660 -6
19661 155
19662 82
19663 101
19664 -154
19665 -61
19666 -218
19667 -115
19668 70
19669 -9
19670 -192
19671 107
19672 164
19673 3
19674 26
19675 183
19676 18
19677 -23
19678 -254
19679 -57
19680 -208
19681 -85
19682 16
19683 -43
19684 96
19685 205
19686 374
19687 -65
19688 -78
19689 -71
19690 4
19691 -159
19692 48
19693 -1
19694 -20
19695 -231
19696 86
19697 175
19698 112
19699 -15
19700 110
19701 51
19702 68
19703 229
19704 82
19705 -157
19706 256
19707 73
19708 -54
19709 61
19710 -100
19711 -157
19712 -14
19713 39
19714 -80
19715 -61
19716 -36
19717 7
19718 52
19719 33
19720 36
19721 87
19722 50
19723 -43
19724 -146
19725 -55
19726 118
19727 -151
19728 24
19729 -289
19730 172
19731 -71
19732 144
19733 39
19734 -208
19735 -91
19736 156
19737 51
19738 -180
19739 267
19740 138
19741 43
19742 112
19743 -77
19744 -2
19745 -7
19746 -52
19747 101
19748 206
19749 -383
19750 -260
19751 363
19752 -20
19753 -107
19754 478
19755 149
19756 122
19757 -69
19758 -84
19759 -191
19760 44
19761 -75
19762 40
19763 119
19764 208
19765 -33
19766 206
19767 57
19768 112
19769 -287
19770 182
19771 47
19772 14
19773 39
19774 60
19775 -3
19776 102
19777 -35
19778 -62
19779 29
19780 -142
19781 75
19782 -68
19783 11
19784 104
19785 -109
19786 -20
19787 199
19788 -54
19789 15
19790 -180
19791 31
19792 76
19793 -55
19794 -64
19795 43
19796 -78
19797 -125
19798 -106
19799 -103
19800 -88
19801 -141
19802 -104
19803 31
19804 4
19805 -157
19806 26
19807 -27
19808 104
19809 47
19810 -82
19811 19
19812 -124
19813 97
19814 24
19815 55
19816 -54
19817 63
19818 216
19819 -151
19820 194
19821 27
19822 228
19823 41
19824 -80
19825 -63
19826 -108
19827 -77
19828 -136
19829 143
19830 -116
19831 -117
19832 -10
19833 75
19834 208
19835 -121
19836 202
19837 -105
19838 -184
19839 33
19840 222
19841 49
19842 -110
19843 -59
19844 106
19845 -75
19846 62
19847 -85
19848 -44
19849 -77
19850 -40
19851 -9
19852 -78
19853 97
19854 -6
19855 -17
19856 188
19857 -51
19858 90
19859 107
19860 128
19861 -441
19862 -38
19863 61
19864 94
19865 69
19866 -116
19867 145
19868 22
19869 -161
19870 82
19871 -97
19872 -56
19873 -121
19874 246
19875 -91
19876 84
19877 -105
19878 -10
19879 141
19880 -98
19881 281
19882 -204
19883 301
19884 -48
19885 71
19886 -146
19887 27
19888 192
19889 63
19890 20
19891 77
19892 122
19893 45
19894 96
19895 -17
19896 -240
19897 -63
19898 -180
19899 69
19900 164
19901 -111
19902 110
19903 -49
19904 -18
19905 -157
19906 -46
19907 227
19908 -178
19909 69
19910 -262
19911 -167
19912 278
19913 53
19914 -108
19915 71
19916 -90
19917 -171
19918 36
19919 161
19920 -76
19921 193
19922 -86
19923 375
19924 22
19925 125
19926 -240
19927 -95
19928 -338
19929 271
19930 2
19931 -207
19932 -130
19933 43
19934 160
19935 93
19936 36
19937 103
19938 -130
19939 -139
19940 -138
19941 -127
19942 270
19943 -23
19944 38
19945 235
19946 -60
19947 7
19948 130
19949 81
19950 238
19951 -213
19952 -90
19953 103
19954 -200
19955 -147
19956 50
19957 -97
19958 34
19959 -141
19960 -194
19961 -87
19962 100
19963 57
19964 34
19965 -61
19966 -2
19967 59
19968 204
19969 67
19970 210
19971 -103
19972 42
19973 -123
19974 -84
19975 -79
19976 36
19977 -155
19978 -112
19979 141
19980 -44
19981 -21
19982 -288
19983 69
19984 -248
19985 31
19986 -108
19987 53
19988 -82
19989 -51
19990 200
19991 -125
19992 -56
19993 29
19994 -116
19995 67
19996 2
19997 15
19998 4
19999 -49
20000 -18
20001 87
20002 -260
20003 181
20004 -238
20005 -285
20006 8
20007 203
20008 90
20009 101
20010 -14
20011 115
20012 10
20013 67
20014 46
20015 -189
20016 150
20017 -121
20018 -60
20019 125
20020 126
20021 -103
20022 -188
20023 -163
20024 -14
20025 -75
20026 158
20027 67
20028 -122
20029 89
20030 -28
20031 65
20032 72
20033 -57
20034 180
20035 -25
20036 134
20037 -155
20038 62
20039 25
20040 252
20041 89
20042 -444
20043 -67
20044 -254
20045 69
20046 -368
20047 -59
20048 -36
20049 79
20050 -60
20051 -251
20052 -14
20053 -53
20054 154
20055 -267
20056 -4
20057 -125
20058 96
20059 195
20060 32
20061 -77
20062 48
20063 -153
20064 -44
20065 29
20066 216
20067 13
20068 -30
20069 -191
20070 64
20071 23
20072 50
20073 207
20074 120
20075 -97
20076 -292
20077 75
20078 -2
20079 71
20080 -90
20081 -37
20082 146
20083 83
20084 -26
20085 275
20086 -10
20087 -25
20088 166
20089 -97
20090 -70
20091 87
20092 18
20093 73
20094 -64
20095 359
20096 78
20097 21
20098 -288
20099 303
20100 -12
20101 257
20102 -62
20103 -61
20104 -298
20105 181
20106 -168
20107 -101
20108 158
20109 -13
20110 -6
20111 161
20112 -246
20113 -229
20114 -90
20115 -43
20116 220
20117 -131
20118 -304
20119 59
20120 -40
20121 -5
20122 180
20123 -127
20124 170
20125 157
20126 100
20127 27
20128 -70
20129 -3
20130 170
20131 -207
20132 -84
20133 -107
20134 -196
20135 -41
20136 118
20137 -93
20138 106
20139 29
20140 172
20141 89
20142 130
20143 -185
20144 2
20145 -55
20146 22
20147 -3
20148 -44
20149 -149
20150 162
20151 57
20152 -6
20153 -171
20154 -106
20155 109
20156 -90
20157 -45
20158 28
20159 267
20160 -2
20161 -91
20162 -158
20163 3
20164 204
20165 -93
20166 -224
20167 27
20168 -92
20169 9
20170 -190
20171 67
20172 4
20173 51
20174 -200
20175 135
20176 -172
20177 -163
20178 -78
20179 -47
20180 58
20181 73
20182 226
20183 23
20184 134
20185 -25
20186 54
20187 -103
20188 -256
20189 -13
20190 70
20191 -23
20192 152
20193 -71
20194 -144
20195 -179
20196 30
20197 -51
20198 162
20199 39
20200 62
20201 157
20202 -136
20203 -147
20204 66
20205 -51
20206 92
20207 -115
20208 -16
20209 213
20210 136
20211 -17
20212 124
20213 95
20214 224
20215 231
20216 320
20217 3
20218 92
20219 -71
20220 -134
20221 -95
20222 -224
20223 -97
20224 -8
20225 21
20226 -228
20227 1
20228 62
20229 -105
20230 54
20231 -27
20232 -168
20233 111
20234 -234
20235 35
20236 112
20237 285
20238 148
20239 -79
20240 74
20241 -105
20242 -176
20243 -215
20244 -162
20245 143
20246 162
20247 33
20248 22
20249 -467
20250 -108
20251 -1
20252 -330
20253 121
20254 156
20255 33
20256 -4
20257 -17
20258 248
20259 -17
20260 166
20261 191
20262 60
20263 -29
20264 -278
20265 -69
20266 40
20267 21
20268 66
20269 -9
20270 -132
20271 285
20272 20
20273 229
20274 136
20275 -37
20276 -12
20277 9
20278 162
20279 -21
20280 -96
20281 -233
20282 282
20283 33
20284 146
20285 -149
20286 -198
20287 63
20288 62
20289 -83
20290 -30
20291 65
20292 128
20293 131
20294 210
20295 -73
20296 -170
20297 -103
20298 -54
20299 103
20300 48
20301 27
20302 20
20303 283
20304 88
20305 -129
20306 -78
20307 -87
20308 144
20309 -53
20310 130
20311 35
20312 168
20313 97
20314 212
20315 -207
20316 18
20317 -79
20318 120
20319 383
20320 228
20321 13
20322 -26
20323 -125
20324 -98
20325 -133
20326 150
20327 -9
20328 -74
20329 151
20330 -222
20331 71
20332 -56
20333 107
20334 0
20335 105
20336 74
20337 9
20338 16
20339 -99
20340 180
20341 185
20342 -78
20343 253
20344 62
20345 207
20346 200
20347 29
20348 234
20349 -45
20350 68
20351 -149
20352 64
20353 237
20354 58
20355 3
20356 -52
20357 -261
20358 -144
20359 -21
20360 224
20361 115
20362 -48
20363 -305
20364 -26
20365 31
20366 112
20367 -61
20368 -270
20369 -175
20370 4
20371 -3
20372 18
20373 101
20374 -242
20375 15
20376 -132
20377 -121
20378 100
20379 37
20380 -42
20381 131
20382 -46
20383 -61
20384 152
20385 95
20386 72
20387 157
20388 60
20389 -133
20390 -40
20391 -41
20392 -48
20393 53
20394 10
20395 129
20396 -170
20397 161
20398 -36
20399 219
20400 -170
20401 -117
20402 168
20403 177
20404 -152
20405 -161
20406 -18
20407 55
20408 0
20409 -77
20410 -20
20411 99
20412 112
20413 -45
20414 304
20415 11
20416 110
20417 59
20418 -170
20419 -55
20420 -98
20421 287
20422 232
20423 -121
20424 90
20425 33
20426 -276
20427 163
20428 92
20429 53
20430 104
20431 -9
20432 -108
20433 -195
20434 72
20435 79
20436 -106
20437 -21
20438 -156
20439 105
20440 -60
20441 -77
20442 -458
20443 305
20444 330
20445 99
20446 38
20447 133
20448 190
20449 -155
20450 -94
20451 -59
20452 -114
20453 -239
20454 184
20455 119
20456 46
20457 37
20458 -90
20459 13
20460 130
20461 107
20462 -294
20463 -71
20464 16
20465 77
20466 196
20467 -143
20468 126
20469 63
20470 138
20471 -45
20472 64
20473 -59
20474 -18
20475 -51
20476 -180
20477 33
20478 -118
20479 101
20480 0
20481 131
20482 -188
20483 95
20484 -36
20485 319
20486 74
20487 35
20488 178
20489 9
20490 -92
20491 133
20492 204
20493 -75
20494 -210
20495 -45
20496 2
20497 -53
20498 -284
20499 45
20500 -22
20501 -171
20502 -48
20503 165
20504 -98
20505 -43
20506 158
20507 113
20508 240
20509 -1
20510 14
20511 221
20512 48
20513 39
20514 -202
20515 -63
20516 120
20517 -127
20518 -260
20519 89
20520 108
20521 19
20522 152
20523 -139
20524 -186
20525 -49
20526 90
20527 -43
20528 -116
20529 -25
20530 82
20531 49
20532 -96
20533 53
20534 42
20535 279
20536 38
20537 -69
20538 -14
20539 125
20540 286
20541 -67
20542 148
20543 -19
20544 0
20545 -177
20546 24
20547 -111
20548 -108
20549 -167
20550 70
20551 -79
20552 -106
20553 -189
20554 -74
20555 -27
20556 -46
20557 135
20558 -144
20559 149
20560 90
20561 -155
20562 -202
20563 -167
20564 -16
20565 203
20566 -156
20567 153
20568 280
20569 -31
20570 -44
20571 221
20572 -244
20573 51
20574 -86
20575 143
20576 -238
20577 127
20578 324
20579 231
20580 -216
20581 -275
20582 192
20583 -135
20584 70
20585 -31
20586 46
20587 -17
20588 274
20589 81
20590 -114
20591 37
20592 140
20593 -155
20594 -44
20595 19
20596 -174
20597 -35
20598 -56
20599 -123
20600 176
20601 -83
20602 94
20603 -97
20604 116
20605 225
20606 -282
20607 95
20608 218
20609 -41
20610 -144
20611 149
20612 70
20613 61
20614 -176
20615 71
20616 76
20617 95
20618 -238
20619 -59
20620 248
20621 -305
20622 32
20623 21
20624 32
20625 -315
20626 72
20627 41
20628 -186
20629 45
20630 -44
20631 -101
20632 78
20633 -133
20634 220
20635 85
20636 24
20637 -37
20638 -4
20639 -1
20640 124
20641 157
20642 -162
20643 -155
20644 122
20645 -9
20646 -114
20647 167
20648 28
20649 -241
20650 -96
20651 155
20652 -54
20653 -105
20654 72
20655 17
20656 -76
20657 105
20658 6
20659 91
20660 -194
20661 35
20662 -120
20663 -161
20664 -222
20665 -141
20666 218
20667 33
20668 82
20669 103
20670 112
20671 -135
20672 166
20673 13
20674 -44
20675 -7
20676 148
20677 191
20678 -30
20679 -173
20680 -342
20681 -289
20682 -98
20683 139
20684 -72
20685 -103
20686 -10
20687 49
20688 -32
20689 157
20690 -128
20691 87
20692 50
20693 -217
20694 -16
20695 -47
20696 120
20697 135
20698 252
20699 71
20700 72
20701 -117
20702 108
20703 21
20704 188
20705 -67
20706 170
20707 -113
20708 -60
20709 191
20710 258
20711 89
20712 6
20713 85
20714 -110
20715 -5
20716 62
20717 -31
20718 282
20719 93
20720 112
20721 -29
20722 208
20723 -23
20724 -40
20725 -205
20726 204
20727 -45
20728 270
20729 -181
20730 76
20731 27
20732 162
20733 97
20734 0
20735 37
20736 -48
20737 215
20738 -92
20739 -13
20740 -22
20741 155
20742 -8
20743 -35
20744 -94
20745 -137
20746 -280
20747 -1
20748 -54
20749 -45
20750 356
20751 203
20752 66
20753 85
20754 -130
20755 -169
20756 -96
20757 365
20758 -270
20759 53
20760 -64
20761 155
20762 294
20763 -69
20764 -266
20765 -37
20766 -10
20767 -57
20768 70
20769 45
20770 -124
20771 -55
20772 134
20773 25
20774 -86
20775 245
20776 112
20777 25
20778 18
20779 79
20780 72
20781 67
20782 -164
20783 189
20784 -130
20785 237
20786 98
20787 63
20788 172
20789 -89
20790 164
20791 77
20792 -126
20793 103
20794 148
20795 -149
20796 -46
20797 59
20798 122
20799 -95
20800 -34
20801 149
20802 -174
20803 -305
20804 -138
20805 241
20806 -28
20807 -163
20808 232
20809 -153
20810 -310
20811 -103
20812 -156
20813 245
20814 -250
20815 35
20816 -92
20817 81
20818 -84
20819 59
20820 116
20821 73
20822 24
20823 215
20824 -104
20825 -177
20826 -268
20827 -253
20828 -104
20829 99
20830 -156
20831 -75
20832 74
20833 75
20834 128
20835 93
20836 90
20837 135
20838 -34
20839 -149
20840 194
20841 37
20842 98
20843 -105
20844 116
20845 507
20846 -106
20847 -49
20848 -18
20849 -77
20850 172
20851 -171
20852 -194
20853 -49
20854 -132
20855 31
20856 54
20857 -3
20858 -50
20859 73
20860 202
20861 17
20862 62
20863 67
20864 20
20865 33
20866 122
20867 129
20868 -22
20869 101
20870 184
20871 37
20872 -58
20873 89
20874 240
20875 345
20876 90
20877 -31
20878 -22
20879 25
20880 30
20881 39
20882 66
20883 -17
20884 92
20885 -73
20886 206
20887 75
20888 -176
20889 -21
20890 150
20891 197
20892 164
20893 -119
20894 30
20895 -143
20896 -94
20897 -167
20898 114
20899 343
20900 6
20901 375
20902 -2
20903 27
20904 218
20905 359
20906 -80
20907 69
20908 -6
20909 23
20910 176
20911 225
20912 -136
20913 7
20914 -280
20915 9
20916 104
20917 -9
20918 188
20919 263
20920 32
20921 -243
20922 336
20923 133
20924 -70
20925 -9
20926 182
20927 43
20928 -134
20929 -89
20930 -68
20931 -57
20932 -156
20933 -147
20934 134
20935 343
20936 -254
20937 -159
20938 -40
20939 73
20940 46
20941 -183
20942 300
20943 -49
20944 50
20945 -149
20946 4
20947 11
20948 52
20949 -161
20950 206
20951 -73
20952 -8
20953 43
20954 310
20955 -131
20956 174
20957 -235
20958 122
20959 53
20960 26
20961 149
20962 104
20963 -339
20964 204
20965 3
20966 -44
20967 89
20968 -208
20969 -81
20970 -114
20971 23
20972 32
20973 203
20974 264
20975 13
20976 94
20977 -373
20978 -62
20979 241
20980 186
20981 15
20982 -64
20983 61
20984 -30
20985 -147
20986 12
20987 145
20988 82
20989 85
20990 2
20991 117
20992 -108
20993 157
20994 42
20995 145
20996 -66
20997 199
20998 86
20999 97
21000 -96
21001 -121
21002 20
21003 -91
21004 -66
21005 173
21006 104
21007 -49
21008 -146
21009 57
21010 68
21011 43
21012 -84
21013 -115
21014 300
21015 -257
21016 150
21017 -243
21018 256
21019 -189
21020 -18
21021 317
21022 -36
21023 -13
21024 -208
21025 85
21026 -312
21027 -83
21028 -32
21029 87
21030 12
21031 -167
21032 -102
21033 -61
21034 240
21035 -45
21036 34
21037 35
21038 72
21039 63
21040 -88
21041 181
21042 112
21043 77
21044 190
21045 -125
21046 40
21047 89
21048 94
21049 -75
21050 152
21051 73
21052 -162
21053 -177
21054 32
21055 -377
21056 -350
21057 -245
21058 58
21059 -179
21060 -156
21061 149
21062 -2
21063 -55
21064 222
21065 -277
21066 244
21067 -91
21068 152
21069 -67
21070 8
21071 -21
21072 162
21073 -59
21074 -36
21075 -1
21076 34
21077 275
21078 -124
21079 81
21080 44
21081 -31
21082 152
21083 103
21084 28
21085 259
21086 140
21087 47
21088 -308
21089 37
21090 -110
21091 -45
21092 -70
21093 231
21094 -42
21095 -23
21096 26
21097 51
21098 -4
21099 35
21100 -198
21101 -57
21102 -60
21103 -459
21104 -242
21105 47
21106 46
21107 -147
21108 -360
21109 -157
21110 54
21111 43
21112 128
21113 21
21114 6
21115 13
21116 164
21117 -121
21118 68
21119 103
21120 30
21121 -1
21122 -186
21123 -203
21124 176
21125 -71
21126 62
21127 -105
21128 158
21129 -11
21130 -188
21131 145
21132 -136
21133 83
21134 -20
21135 -61
21136 -150
21137 -257
21138 128
21139 -113
21140 -14
21141 55
21142 12
21143 -163
21144 190
21145 7
21146 -66
21147 -225
21148 164
21149 103
21150 158
21151 119
21152 120
21153 -11
21154 -14
21155 -217
21156 28
21157 173
21158 -12
21159 -117
21160 -70
21161 -133
21162 -24
21163 29
21164 -60
21165 -281
21166 94
21167 167
21168 42
21169 -217
21170 -128
21171 -65
21172 124
21173 65
21174 -46
21175 -61
21176 -116
21177 271
21178 -130
21179 11
21180 -56
21181 75
21182 -2
21183 -117
21184 -174
21185 -5
21186 -92
21187 -181
21188 100
21189 -209
21190 36
21191 185
21192 -88
21193 -11
21194 4
21195 -23
21196 -146
21197 161
21198 -34
21199 3
21200 92
21201 21
21202 234
21203 69
21204 -20
21205 31
21206 48
21207 -233
21208 0
21209 -139
21210 -122
21211 55
21212 78
21213 51
21214 -86
21215 -107
21216 -110
21217 -1
21218 -156
21219 9
21220 -84
21221 -13
21222 -18
21223 147
21224 196
21225 -41
21226 -124
21227 -263
21228 240
21229 221
21230 -52
21231 -9
21232 170
21233 171
21234 -28
21235 -35
21236 66
21237 49
21238 -238
21239 -19
21240 176
21241 177
21242 -50
21243 123
21244 42
21245 9
21246 28
21247 -27
21248 100
21249 23
21250 42
21251 -53
21252 112
21253 341
21254 20
21255 -257
21256 -144
21257 87
21258 -314
21259 207
21260 16
21261 -93
21262 18
21263 13
21264 86
21265 -75
21266 268
21267 -9
21268 -176
21269 15
21270 -92
21271 -333
21272 14
21273 227
21274 -26
21275 91
21276 148
21277 257
21278 -72
21279 41
21280 158
21281 -63
21282 152
21283 13
21284 -134
21285 -43
21286 116
21287 -293
21288 6
21289 61
21290 -106
21291 147
21292 -52
21293 449
21294 -2
21295 -121
21296 46
21297 115
21298 -14
21299 247
21300 -102
21301 139
21302 32
21303 -21
21304 -42
21305 -45
21306 -28
21307 -31
21308 12
21309 -109
21310 176
21311 -19
21312 -76
21313 -201
21314 -164
21315 -89
21316 -34
21317 -41
21318 130
21319 21
21320 -58
21321 25
21322 162
21323 155
21324 -128
21325 -185
21326 -8
21327 -15
21328 -214
21329 35
21330 40
21331 5
21332 96
21333 -131
21334 92
21335 157
21336 -136
21337 5
21338 68
21339 -259
21340 70
21341 171
21342 -234
21343 1
21344 252
21345 -73
21346 -88
21347 -107
21348 -8
21349 -151
21350 110
21351 155
21352 -40
21353 11
21354 -32
21355 -207
21356 -62
21357 -129
21358 126
21359 -187
21360 116
21361 3
21362 -52
21363 19
21364 90
21365 265
21366 64
21367 31
21368 90
21369 -271
21370 20
21371 19
21372 -128
21373 -47
21374 -28
21375 203
21376 10
21377 -9
21378 -6
21379 -429
21380 208
21381 101
21382 52
21383 9
21384 100
21385 -97
21386 -44
21387 -21
21388 32
21389 11
21390 -130
21391 43
21392 -138
21393 45
21394 -20
21395 125
21396 -98
21397 -63
21398 -22
21399 169
21400 104
21401 -175
21402 242
21403 109
21404 -208
21405 171
21406 -138
21407 -173
21408 152
21409 139
21410 108
21411 -5
21412 66
21413 149
21414 -114
21415 127
21416 104
21417 -23
21418 -344
21419 247
21420 -310
21421 -11
21422 76
21423 -19
21424 124
21425 -3
21426 -10
21427 -269
21428 122
21429 159
21430 -382
21431 -29
21432 288
21433 -67
21434 72
21435 19
21436 -364
21437 -11
21438 126
21439 -141
21440 192
21441 171
21442 14
21443 -125
21444 14
21445 -65
21446 6
21447 -67
21448 -46
21449 151
21450 74
21451 173
21452 154
21453 145
21454 -236
21455 87
21456 -272
21457 199
21458 12
21459 361
21460 -268
21461 159
21462 -168
21463 -173
21464 16
21465 -37
21466 262
21467 13
21468 -42
21469 -105
21470 -20
21471 39
21472 -70
21473 -71
21474 24
21475 -191
21476 -36
21477 7
21478 -80
21479 59
21480 70
21481 -249
21482 28
21483 -33
21484 24
21485 -37
21486 -244
21487 -105
21488 176
21489 117
21490 156
21491 19
21492 38
21493 -155
21494 224
21495 169
21496 80
21497 57
21498 -94
21499 -81
21500 26
21501 89
21502 250
21503 -213
21504 -26
21505 117
21506 92
21507 -69
21508 -4
21509 -161
21510 296
21511 -131
21512 326
21513 -275
21514 52
21515 77
21516 -20
21517 65
21518 -52
21519 101
21520 -100
21521 169
21522 -84
21523 11
21524 -58
21525 171
21526 -64
21527 21
21528 -282
21529 115
21530 -22
21531 -119
21532 -18
21533 -77
21534 44
21535 -69
21536 28
21537 -5
21538 -156
21539 -105
21540 80
21541 -9
21542 78
21543 -3
21544 284
21545 49
21546 100
21547 -125
21548 176
21549 61
21550 -150
21551 -277
21552 -20
21553 -57
21554 90
21555 137
21556 -60
21557 107
21558 32
21559 -185
21560 24
21561 219
21562 -222
21563 71
21564 -56
21565 39
21566 96
21567 -33
21568 76
21569 257
21570 -70
21571 161
21572 156
21573 51
21574 124
21575 -63
21576 -40
21577 -219
21578 110
21579 213
21580 -230
21581 43
21582 -78
21583 -19
21584 228
21585 115
21586 -202
21587 -33
21588 -280
21589 -189
21590 -96
21591 -159
21592 36
21593 -99
21594 232
21595 157
21596 -22
21597 -7
21598 40
21599 211
21600 -92
21601 221
21602 -230
21603 117
21604 -212
21605 -83
21606 -52
21607 95
21608 34
21609 153
21610 -98
21611 315
21612 -42
21613 117
21614 -172
21615 -357
21616 222
21617 173
21618 -48
21619 97
21620 -232
21621 73
21622 82
21623 29
21624 16
21625 -187
21626 -66
21627 21
21628 94
21629 -105
21630 8
21631 -131
21632 -110
21633 71
21634 -94
21635 279
21636 -66
21637 37
21638 -226
21639 -95
21640 90
21641 -57
21642 -132
21643 -237
21644 38
21645 3
21646 -72
21647 -21
21648 28
21649 263
21650 -322
21651 -137
21652 -54
21653 57
21654 -126
21655 71
21656 48
21657 11
21658 252
21659 -57
21660 -64
21661 35
21662 78
21663 69
21664 -48
21665 39
21666 -172
21667 369
21668 -124
21669 -45
21670 166
21671 57
21672 -16
21673 -435
21674 212
21675 -115
21676 -106
21677 -65
21678 206
21679 193
21680 -158
21681 237
21682 -16
21683 151
21684 -12
21685 -25
21686 -218
21687 -25
21688 116
21689 35
21690 104
21691 31
21692 126
21693 -21
21694 140
21695 -89
21696 -54
21697 39
21698 76
21699 -323
21700 -42
21701 181
21702 214
21703 -129
21704 224
21705 205
21706 -80
21707 75
21708 -38
21709 41
21710 -154
21711 -113
21712 88
21713 41
21714 126
21715 65
21716 -20
21717 -43
21718 150
21719 -55
21720 214
21721 -225
21722 -56
21723 79
21724 -2
21725 43
21726 168
21727 39
21728 32
21729 39
21730 168
21731 11
21732 -58
21733 -81
21734 18
21735 -129
21736 -116
21737 133
21738 -522
21739 -11
21740 -50
21741 111
21742 -126
21743 -47
21744 -238
21745 129
21746 -166
21747 -29
21748 72
21749 -303
21750 -166
21751 275
21752 0
21753 33
21754 136
21755 125
21756 42
21757 -171
21758 -54
21759 -49
21760 -10
21761 -225
21762 -200
21763 25
21764 -4
21765 -257
21766 -26
21767 117
21768 116
21769 -77
21770 110
21771 75
21772 -62
21773 -117
21774 -20
21775 -181
21776 -102
21777 -175
21778 -122
21779 5
21780 230
21781 -13
21782 18
21783 273
21784 66
21785 -121
21786 -308
21787 79
21788 -222
21789 -15
21790 82
21791 -3
21792 40
21793 133
21794 -218
21795 251
21796 -120
21797 -121
21798 -54
21799 43
21800 142
21801 -7
21802 84
21803 73
21804 140
21805 141
21806 -2
21807 -13
21808 -86
21809 21
21810 -62
21811 -181
21812 250
21813 155
21814 -130
21815 -217
21816 10
21817 -297
21818 -88
21819 -9
21820 -92
21821 -237
21822 -6
21823 101
21824 84
21825 -27
21826 -116
21827 207
21828 -38
21829 -5
21830 224
21831 185
21832 152
21833 155
21834 44
21835 131
21836 -220
21837 -61
21838 70
21839 115
21840 178
21841 -209
21842 44
21843 131
21844 -2
21845 73
21846 -174
21847 -39
21848 -208
21849 103
21850 -130
21851 -187
21852 296
21853 99
21854 70
21855 -93
21856 192
21857 83
21858 214
21859 -121
21860 -190
21861 209
21862 -86
21863 -31
21864 -262
21865 -25
21866 -74
21867 83
21868 212
21869 31
21870 -96
21871 -65
21872 -170
21873 73
21874 -248
21875 -45
21876 138
21877 33
21878 152
21879 57
21880 132
21881 -73
21882 -110
21883 55
21884 38
21885 223
21886 84
21887 -3
21888 170
21889 131
21890 38
21891 -143
21892 -136
21893 -1
21894 100
21895 19
21896 196
21897 153
21898 -160
21899 23
21900 120
21901 -75
21902 46
21903 -141
21904 -130
21905 159
21906 82
21907 -85
21908 110
21909 -87
21910 184
21911 -121
21912 172
21913 -29
21914 -64
21915 -7
21916 -180
21917 -11
21918 30
21919 -145
21920 76
21921 139
21922 162
21923 -95
21924 32
21925 -11
21926 302
21927 41
21928 110
21929 -127
21930 -382
21931 95
21932 -56
21933 101
21934 156
21935 9
21936 -94
21937 277
21938 -262
21939 261
21940 330
21941 83
21942 -212
21943 -35
21944 88
21945 75
21946 -2
21947 195
21948 -104
21949 -155
21950 -172
21951 -61
21952 -38
21953 101
21954 60
21955 -39
21956 -312
21957 153
21958 232
21959 285
21960 28
21961 -157
21962 -20
21963 -303
21964 76
21965 31
21966 48
21967 97
21968 -98
21969 -41
21970 -32
21971 -5
21972 -46
21973 -71
21974 46
21975 -125
21976 -22
21977 15
21978 -16
21979 3
21980 -96
21981 313
21982 -6
21983 99
21984 50
21985 -9
21986 -86
21987 101
21988 116
21989 -11
21990 140
21991 111
21992 252
21993 179
21994 220
21995 -225
21996 -32
21997 -81
21998 74
21999 1
22000 162
22001 131
22002 -238
22003 25
22004 -64
22005 21
22006 54
22007 129
22008 100
22009 49
22010 202
22011 123
22012 116
22013 9
22014 -34
22015 -91
22016 130
22017 -273
22018 -42
22019 339
22020 -78
22021 -183
22022 30
22023 -35
22024 -398
22025 -103
22026 -12
22027 27
22028 -112
22029 59
22030 12
22031 299
22032 42
22033 93
22034 8
22035 129
22036 -128
22037 -273
22038 60
22039 53
22040 -52
22041 17
22042 8
22043 117
22044 46
22045 -65
22046 98
22047 279
22048 -192
22049 -195
22050 0
22051 43
22052 -80
22053 -299
22054 -70
22055 29
22056 -54
22057 -53
22058 -142
22059 99
22060 -6
22061 -201
22062 -58
22063 -145
22064 -10
22065 27
22066 4
22067 -101
22068 60
22069 145
22070 76
22071 23
22072 26
22073 307
22074 -104
22075 179
22076 44
22077 -219
22078 -98
22079 37
22080 22
22081 -165
22082 -16
22083 163
22084 -368
22085 75
22086 174
22087 33
22088 6
22089 203
22090 140
22091 21
22092 -200
22093 -151
22094 12
22095 25
22096 -176
22097 -47
22098 -106
22099 -113
22100 22
22101 -99
22102 -70
22103 67
22104 192
22105 29
22106 58
22107 -161
22108 42
22109 47
22110 242
22111 -303
22112 62
22113 -49
22114 -72
22115 -107
22116 -178
22117 -9
22118 -30
22119 229
22120 -70
22121 -75
22122 256
22123 -135
22124 -146
22125 -169
22126 -428
22127 273
22128 130
22129 -109
22130 -88
22131 -71
22132 -72
22133 71
22134 10
22135 129
22136 -58
22137 91
22138 -50
22139 341
22140 64
22141 27
22142 64
22143 -253
22144 -30
22145 87
22146 -302
22147 157
22148 194
22149 -29
22150 -30
22151 -129
22152 -90
22153 -83
22154 -48
22155 175
22156 132
22157 -11
22158 -18
22159 -99
22160 -84
22161 73
22162 208
22163 -311
22164 68
22165 -221
22166 300
22167 189
22168 16
22169 -99
22170 76
22171 -189
22172 44
22173 9
22174 -168
22175 69
22176 -16
22177 -115
22178 -132
22179 231
22180 100
22181 1
22182 -334
22183 -201
22184 -174
22185 -163
22186 150
22187 -237
22188 -38
22189 -35
22190 80
22191 55
22192 72
22193 23
22194 8
22195 101
22196 10
22197 157
22198 -152
22199 -199
22200 -106
22201 149
22202 -6
22203 -141
22204 -88
22205 181
22206 152
22207 9
22208 -6
22209 -55
22210 34
22211 -197
22212 -84
22213 89
22214 74
22215 41
22216 122
22217 97
22218 32
22219 159
22220 -60
22221 169
22222 -34
22223 7
22224 -52
22225 -213
22226 -18
22227 -107
22228 -258
22229 -59
22230 12
22231 345
22232 146
22233 -195
22234 344
22235 279
22236 122
22237 -121
22238 -126
22239 -33
22240 232
22241 151
22242 142
22243 77
22244 126
22245 65
22246 -226
22247 -141
22248 -20
22249 -125
22250 -42
22251 13
22252 104
22253 -137
22254 -48
22255 -127
22256 -172
22257 -343
22258 52
22259 -167
22260 166
22261 391
22262 -76
22263 -41
22264 130
22265 -163
22266 -128
22267 -59
22268 100
22269 -159
22270 24
22271 1
22272 108
22273 -39
22274 26
22275 75
22276 -60
22277 -43
22278 208
22279 91
22280 0
22281 283
22282 196
22283 89
22284 112
22285 217
22286 -8
22287 -17
22288 262
22289 9
22290 54
22291 35
22292 126
22293 -255
22294 -126
22295 -79
22296 -148
22297 413
22298 86
22299 201
22300 -74
22301 123
22302 76
22303 -123
22304 -72
22305 181
22306 -100
22307 -93
22308 192
22309 -225
22310 -24
22311 25
22312 -138
22313 -291
22314 100
22315 -91
22316 108
22317 225
22318 -130
22319 137
22320 -88
22321 175
22322 70
22323 27
22324 110
22325 -31
22326 -140
22327 -39
22328 -62
22329 129
22330 -154
22331 87
22332 -168
22333 -191
22334 10
22335 5
22336 -64
22337 137
22338 66
22339 79
22340 32
22341 -51
22342 -208
22343 213
22344 -174
22345 -145
22346 82
22347 -213
22348 -118
22349 -35
22350 68
22351 -37
22352 -26
22353 97
22354 -66
22355 -81
22356 4
22357 223
22358 60
22359 147
22360 -8
22361 173
22362 -134
22363 21
22364 136
22365 35
22366 42
22367 -95
22368 -42
22369 23
22370 62
22371 21
22372 -66
22373 93
22374 122
22375 11
22376 92
22377 -45
22378 186
22379 91
22380 -60
22381 -65
22382 118
22383 -53
22384 -20
22385 -39
22386 -32
22387 -63
22388 62
22389 -209
22390 72
22391 -55
22392 22
22393 143
22394 174
22395 -339
22396 -4
22397 -229
22398 -282
22399 11
22400 8
22401 101
22402 148
22403 -7
22404 140
22405 -47
22406 58
22407 153
22408 102
22409 -113
22410 72
22411 -27
22412 52
22413 155
22414 -90
22415 -95
22416 -118
22417 -35
22418 -378
22419 11
22420 122
22421 117
22422 -28
22423 -81
22424 -104
22425 177
22426 -362
22427 231
22428 78
22429 51
22430 88
22431 145
22432 -292
22433 67
22434 -100
22435 1
22436 154
22437 29
22438 -38
22439 -407
22440 -102
22441 239
22442 -170
22443 -25
22444 140
22445 187
22446 -56
22447 -47
22448 340
22449 -27
22450 222
22451 27
22452 -124
22453 91
22454 54
22455 65
22456 -78
22457 201
22458 -278
22459 -233
22460 32
22461 1
22462 60
22463 -11
22464 -26
22465 -73
22466 -46
22467 275
22468 -102
22469 -61
22470 200
22471 9
22472 6
22473 -271
22474 92
22475 73
22476 78
22477 1
22478 -108
22479 89
22480 -52
22481 29
22482 116
22483 -9
22484 -142
22485 31
22486 -274
22487 237
22488 268
22489 -133
22490 -54
22491 25
22492 96
22493 -21
22494 -126
22495 61
22496 32
22497 51
22498 -28
22499 195
22500 -158
22501 -71
22502 -86
22503 145
22504 50
22505 -155
22506 -88
22507 133
22508 -180
22509 261
22510 22
22511 55
22512 -124
22513 71
22514 154
22515 73
22516 -350
22517 -171
22518 64
22519 -21
22520 124
22521 113
22522 -136
22523 -361
22524 -286
22525 -183
22526 76
22527 163
22528 100
22529 -125
22530 48
22531 -149
22532 102
22533 157
22534 192
22535 -189
22536 148
22537 141
22538 104
22539 177
22540 18
22541 201
22542 -114
22543 -75
22544 250
22545 45
22546 -182
22547 51
22548 58
22549 -131
22550 -244
22551 -165
22552 -18
22553 -137
22554 182
22555 155
22556 -50
22557 323
22558 58
22559 -153
22560 -64
22561 -33
22562 -60
22563 -305
22564 142
22565 153
22566 6
22567 95
22568 66
22569 -139
22570 88
22571 135
22572 118
22573 15
22574 268
22575 -243
22576 -290
22577 -169
22578 -192
22579 59
22580 -100
22581 125
22582 46
22583 -143
22584 -12
22585 161
22586 -168
22587 -475
22588 60
22589 67
22590 86
22591 -161
22592 -136
22593 -267
22594 -418
22595 5
22596 60
22597 27
22598 -42
22599 -21
22600 212
22601 41
22602 202
22603 -281
22604 28
22605 93
22606 112
22607 3
22608 84
22609 233
22610 -2
22611 5
22612 278
22613 91
22614 -68
22615 93
22616 66
22617 -5
22618 -52
22619 67
22620 134
22621 65
22622 52
22623 37
22624 -210
22625 -27
22626 -98
22627 -183
22628 -72
22629 -157
22630 -120
22631 31
22632 126
22633 -57
22634 234
22635 -89
22636 -210
22637 179
22638 -158
22639 -63
22640 112
22641 -45
22642 -140
22643 153
22644 -180
22645 81
22646 38
22647 -159
22648 -314
22649 39
22650 -92
22651 11
22652 -168
22653 -323
22654 -54
22655 -111
22656 14
22657 -57
22658 108
22659 219
22660 -36
22661 165
22662 30
22663 -163
22664 0
22665 81
22666 -44
22667 119
22668 -188
22669 -51
22670 -108
22671 -235
22672 120
22673 191
22674 12
22675 -81
22676 194
22677 89
22678 52
22679 59
22680 162
22681 97
22682 -40
22683 221
22684 132
22685 -65
22686 -66
22687 -137
22688 70
22689 189
22690 14
22691 167
22692 -72
22693 55
22694 -146
22695 -159
22696 -164
22697 125
22698 -340
22699 -95
22700 -20
22701 -175
22702 -42
22703 75
22704 172
22705 -55
22706 -238
22707 -41
22708 68
22709 -169
22710 -8
22711 269
22712 -62
22713 -217
22714 -276
22715 -239
22716 -366
22717 -115
22718 10
22719 -77
22720 -218
22721 89
22722 116
22723 -145
22724 198
22725 217
22726 -44
22727 67
22728 -182
22729 -333
22730 -182
22731 1
22732 -42
22733 65
22734 28
22735 97
22736 -90
22737 -309
22738 -144
22739 -71
22740 52
22741 -253
22742 -280
22743 -15
22744 -50
22745 219
22746 -76
22747 57
22748 172
22749 205
22750 78
22751 35
22752 18
22753 53
22754 54
22755 -31
22756 -30
22757 203
22758 -66
22759 117
22760 210
22761 -169
22762 238
22763 39
22764 308
22765 -1
22766 -128
22767 -77
22768 -254
22769 279
22770 44
22771 293
22772 -92
22773 -241
22774 -10
22775 295
22776 228
22777 159
22778 90
22779 79
22780 248
22781 -5
22782 20
22783 -51
22784 -126
22785 -45
22786 -56
22787 -185
22788 -10
22789 -171
22790 -216
22791 -77
22792 8
22793 39
22794 0
22795 -35
22796 118
22797 141
22798 136
22799 -191
22800 -52
22801 69
22802 214
22803 -161
22804 178
22805 47
22806 210
22807 -311
22808 38
22809 103
22810 -418
22811 -129
22812 -12
22813 -129
22814 8
22815 -137
22816 158
22817 -43
22818 -4
22819 61
22820 8
22821 -317
22822 10
22823 183
22824 82
22825 227
22826 118
22827 25
22828 -36
22829 13
22830 56
22831 -215
22832 72
22833 -187
22834 40
22835 -77
22836 -46
22837 69
22838 -144
22839 -119
22840 152
22841 -75
22842 -108
22843 -171
22844 122
22845 163
22846 70
22847 -1
22848 -246
22849 109
22850 -68
22851 125
22852 254
22853 -177
22854 -72
22855 45
22856 354
22857 -287
22858 -104
22859 37
22860 82
22861 79
22862 48
22863 87
22864 36
22865 -165
22866 -46
22867 13
22868 240
22869 15
22870 72
22871 239
22872 136
22873 9
22874 46
22875 -93
22876 -42
22877 37
22878 10
22879 41
22880 192
22881 251
22882 28
22883 51
22884 132
22885 -23
22886 112
22887 45
22888 -32
22889 -103
22890 4
22891 -355
22892 -82
22893 -7
22894 -156
22895 -37
22896 18
22897 -13
22898 48
22899 125
22900 136
22901 -85
22902 96
22903 -19
22904 190
22905 -55
22906 -88
22907 45
22908 70
22909 -445
22910 36
22911 1
22912 86
22913 -177
22914 208
22915 -13
22916 -52
22917 37
22918 34
22919 -317
22920 214
22921 281
22922 148
22923 -45
22924 -118
22925 31
22926 -110
22927 121
22928 100
22929 -57
22930 68
22931 191
22932 -168
22933 -145
22934 -44
22935 47
22936 86
22937 89
22938 -188
22939 131
22940 -160
22941 -159
22942 -114
22943 161
22944 76
22945 87
22946 -20
22947 -29
22948 26
22949 27
22950 -100
22951 -59
22952 208
22953 -37
22954 156
22955 43
22956 -82
22957 109
22958 282
22959 69
22960 -106
22961 -19
22962 -8
22963 -173
22964 -44
22965 183
22966 34
22967 109
22968 140
22969 -159
22970 -134
22971 1
22972 -52
22973 -131
22974 -18
22975 169
22976 278
22977 47
22978 -92
22979 113
22980 -142
22981 -215
22982 6
22983 187
22984 194
22985 37
22986 -48
22987 -5
22988 198
22989 75
22990 166
22991 133
22992 -180
22993 49
22994 72
22995 -179
22996 -54
22997 -177
22998 186
22999 183
23000 40
23001 -279
23002 382
23003 -287
23004 -60
23005 41
23006 -234
23007 -1
23008 148
23009 -199
23010 172
23011 33
23012 104
23013 27
23014 -26
23015 191
23016 -30
23017 159
23018 -270
23019 -209
23020 284
23021 79
23022 72
23023 -83
23024 202
23025 111
23026 -316
23027 73
23028 -188
23029 165
23030 98
23031 95
23032 32
23033 -237
23034 -362
23035 105
23036 -46
23037 -29
23038 148
23039 -299
23040 -138
23041 99
23042 228
23043 17
23044 -128
23045 405
23046 -228
23047 -15
23048 -124
23049 -141
23050 -44
23051 217
23052 -264
23053 151
23054 92
23055 39
23056 -112
23057 -163
23058 42
23059 123
23060 -130
23061 205
23062 24
23063 -99
23064 182
23065 -47
23066 -98
23067 -167
23068 136
23069 301
23070 130
23071 -13
23072 -28
23073 149
23074 -76
23075 5
23076 168
23077 -131
23078 38
23079 105
23080 134
23081 169
23082 -174
23083 -17
23084 -214
23085 223
23086 154
23087 205
23088 -54
23089 13
23090 152
23091 -153
23092 -58
23093 -101
23094 -2
23095 187
23096 -70
23097 59
23098 34
23099 -153
23100 -248
23101 177
23102 278
23103 183
23104 146
23105 -145
23106 -116
23107 -19
23108 26
23109 -101
23110 20
23111 189
23112 20
23113 -35
23114 130
23115 21
23116 -18
23117 -75
23118 40
23119 -147
23120 -274
23121 -165
23122 268
23123 -251
23124 296
23125 105
23126 -32
23127 113
23128 106
23129 -95
23130 -82
23131 225
23132 -144
23133 59
23134 -126
23135 21
23136 -164
23137 -67
23138 -246
23139 151
23140 64
23141 -87
23142 -24
23143 57
23144 222
23145 -105
23146 -194
23147 313
23148 26
23149 -19
23150 202
23151 109
23152 174
23153 -323
23154 -278
23155 207
23156 -100
23157 -15
23158 -48
23159 -21
23160 -162
23161 -57
23162 -120
23163 27
23164 -46
23165 -15
23166 114
23167 -255
23168 -140
23169 -231
23170 -122
23171 159
23172 48
23173 327
23174 182
23175 229
23176 52
23177 21
23178 68
23179 -173
23180 -34
23181 -71
23182 -16
23183 -237
23184 -120
23185 125
23186 -140
23187 -83
23188 -142
23189 -45
23190 -120
23191 -113
23192 -28
23193 -65
23194 246
23195 217
23196 -106
23197 9
23198 -14
23199 -173
23200 -114
23201 101
23202 238
23203 451
23204 154
23205 145
23206 -34
23207 -57
23208 -312
23209 -175
23210 -256
23211 21
23212 156
23213 -267
23214 -150
23215 223
23216 -122
23217 -349
23218 190
23219 -161
23220 -10
23221 207
23222 -202
23223 17
23224 -170
23225 -191
23226 98
23227 -19
23228 -44
23229 151
23230 -96
23231 -47
23232 -126
23233 285
23234 182
23235 -15
23236 -216
23237 135
23238 -334
23239 77
23240 46
23241 75
23242 -202
23243 173
23244 0
23245 105
23246 92
23247 23
23248 34
23249 251
23250 152
23251 51
23252 -152
23253 47
23254 -50
23255 -171
23256 74
23257 -31
23258 -10
23259 -15
23260 -36
23261 -27
23262 206
23263 223
23264 -120
23265 85
23266 12
23267 -47
23268 4
23269 91
23270 72
23271 -139
23272 64
23273 -447
23274 -256
23275 83
23276 88
23277 -117
23278 42
23279 111
23280 -126
23281 -171
23282 126
23283 49
23284 16
23285 -81
23286 -42
23287 -179
23288 238
23289 85
23290 254
23291 37
23292 -24
23293 15
23294 154
23295 -65
23296 -30
23297 -89
23298 -384
23299 53
23300 -152
23301 -9
23302 -266
23303 -209
23304 60
23305 41
23306 316
23307 129
23308 38
23309 283
23310 -208
23311 205
23312 110
23313 27
23314 280
23315 -3
23316 136
23317 111
23318 54
23319 -71
23320 -148
23321 43
23322 -168
23323 -103
23324 202
23325 -67
23326 112
23327 73
23328 -118
23329 195
23330 128
23331 -95
23332 -4
23333 -261
23334 38
23335 -191
23336 -224
23337 257
23338 -24
23339 -183
23340 370
23341 21
23342 154
23343 -59
23344 -292
23345 255
23346 32
23347 21
23348 248
23349 213
23350 290
23351 51
23352 220
23353 115
23354 154
23355 -115
23356 130
23357 -107
23358 -312
23359 41
23360 -294
23361 1
23362 136
23363 -281
23364 -40
23365 195
23366 152
23367 307
23368 -44
23369 251
23370 142
23371 49
23372 -122
23373 75
23374 -32
23375 173
23376 -12
23377 -141
23378 -54
23379 323
23380 -140
23381 -45
23382 148
23383 -227
23384 452
23385 -49
23386 -42
23387 109
23388 -244
23389 83
23390 -12
23391 -357
23392 12
23393 -27
23394 96
23395 25
23396 -118
23397 51
23398 -126
23399 -5
23400 -22
23401 -163
23402 -38
23403 -157
23404 116
23405 375
23406 2
23407 31
23408 -136
23409 -131
23410 -72
23411 41
23412 18
23413 -9
23414 30
23415 63
23416 12
23417 -117
23418 60
23419 59
23420 -100
23421 139
23422 -142
23423 -15
23424 216
23425 131
23426 170
23427 107
23428 -134
23429 -45
23430 22
23431 165
23432 -86
23433 -81
23434 -90
23435 -303
23436 -296
23437 69
23438 -328
23439 -145
23440 -130
23441 -13
23442 44
23443 -109
23444 -6
23445 21
23446 -242
23447 23
23448 -438
23449 105
23450 -228
23451 -225
23452 -158
23453 -57
23454 -118
23455 -21
23456 -138
23457 -33
23458 -16
23459 -215
23460 -152
23461 -143
23462 178
23463 -25
23464 172
23465 65
23466 -176
23467 -115
23468 -116
23469 109
23470 412
23471 129
23472 -404
23473 -69
23474 236
23475 -43
23476 -72
23477 -37
23478 -6
23479 113
23480 -170
23481 -79
23482 -38
23483 -397
23484 -170
23485 1
23486 -136
23487 175
23488 -92
23489 -11
23490 106
23491 27
23492 48
23493 57
23494 -16
23495 69
23496 18
23497 -121
23498 36
23499 -63
23500 -126
23501 121
23502 54
23503 315
23504 250
23505 -113
23506 -58
23507 157
23508 58
23509 63
23510 -152
23511 311
23512 122
23513 -65
23514 -136
23515 -67
23516 66
23517 -205
23518 140
23519 143
23520 0
23521 291
23522 184
23523 -325
23524 -292
23525 189
23526 -236
23527 -179
23528 164
23529 65
23530 -120
23531 13
23532 -146
23533 109
23534 -120
23535 163
23536 -300
23537 177
23538 48
23539 145
23540 -80
23541 95
23542 -48
23543 37
23544 152
23545 53
23546 72
23547 -109
23548 -114
23549 -15
23550 72
23551 -21
23552 -200
23553 -93
23554 188
23555 -55
23556 324
23557 103
23558 -72
23559 -147
23560 0
23561 -203
23562 -116
23563 107
23564 276
23565 -223
23566 44
23567 -79
23568 50
23569 -239
23570 -116
23571 167
23572 40
23573 129
23574 308
23575 -47
23576 112
23577 159
23578 -180
23579 81
23580 102
23581 -123
23582 -20
23583 243
23584 144
23585 17
23586 40
23587 -23
23588 32
23589 -211
23590 -242
23591 129
23592 -180
23593 -117
23594 -142
23595 -39
23596 -98
23597 -79
23598 -94
23599 -29
23600 96
23601 -35
23602 -72
23603 -17
23604 74
23605 -73
23606 -178
23607 -111
23608 40
23609 -285
23610 -310
23611 -57
23612 50
23613 69
23614 -68
23615 47
23616 340
23617 3
23618 -212
23619 297
23620 128
23621 291
23622 -86
23623 -115
23624 -144
23625 -135
23626 230
23627 -83
23628 148
23629 105
23630 -114
23631 -105
23632 62
23633 269
23634 122
23635 -3
23636 -84
23637 -13
23638 -170
23639 39
23640 -16
23641 -321
23642 -76
23643 -73
23644 -130
23645 289
23646 476
23647 -141
23648 428
23649 -15
23650 -204
23651 21
23652 -18
23653 -37
23654 -12
23655 161
23656 198
23657 -317
23658 -48
23659 -37
23660 102
23661 261
23662 50
23663 -137
23664 -8
23665 247
23666 -196
23667 -13
23668 -190
23669 253
23670 0
23671 -179
23672 -238
23673 -13
23674 16
23675 -17
23676 46
23677 -121
23678 -78
23679 117
23680 -72
23681 -19
23682 160
23683 -77
23684 -210
23685 -335
23686 92
23687 -175
23688 10
23689 -35
23690 -310
23691 3
23692 102
23693 53
23694 74
23695 95
23696 102
23697 -183
23698 -164
23699 209
23700 -40
23701 265
23702 -168
23703 -207
23704 44
23705 -151
23706 -176
23707 29
23708 26
23709 -127
23710 106
23711 -215
23712 204
23713 59
23714 -284
23715 277
23716 46
23717 311
23718 -164
23719 -91
23720 240
23721 99
23722 218
23723 -129
23724 30
23725 -107
23726 104
23727 -89
23728 -154
23729 -187
23730 -256
23731 121
23732 106
23733 83
23734 -106
23735 -119
23736 176
23737 7
23738 2
23739 241
23740 146
23741 67
23742 34
23743 -105
23744 214
23745 -405
23746 334
23747 7
23748 -262
23749 -17
23750 -168
23751 -61
23752 246
23753 -59
23754 -4
23755 103
23756 152
23757 69
23758 -196
23759 69
23760 66
23761 -33
23762 250
23763 -55
23764 -158
23765 91
23766 148
23767 -19
23768 178
23769 195
23770 14
23771 127
23772 136
23773 199
23774 262
23775 81
23776 -128
23777 133
23778 -96
23779 -87
23780 96
23781 73
23782 6
23783 -33
23784 -136
23785 9
23786 -36
23787 161
23788 -20
23789 37
23790 116
23791 449
23792 40
23793 -239
23794 -206
23795 59
23796 30
23797 87
23798 30
23799 225
23800 70
23801 -433
23802 2
23803 -109
23804 -246
23805 45
23806 -102
23807 73
23808 -446
23809 5
23810 -198
23811 333
23812 48
23813 -69
23814 40
23815 211
23816 10
23817 95
23818 206
23819 133
23820 136
23821 121
23822 186
23823 195
23824 20
23825 411
23826 -58
23827 179
23828 122
23829 -9
23830 -40
23831 -79
23832 204
23833 -29
23834 -50
23835 71
23836 40
23837 -57
23838 112
23839 -265
23840 -128
23841 51
23842 164
23843 169
23844 -222
23845 -173
23846 -122
23847 -155
23848 112
23849 -135
23850 168
23851 269
23852 -114
23853 9
23854 -24
23855 -175
23856 122
23857 89
23858 -110
23859 -143
23860 48
23861 13
23862 322
23863 27
23864 14
23865 27
23866 -20
23867 -75
23868 148
23869 -367
23870 30
23871 -79
23872 -74
23873 -277
23874 148
23875 -157
23876 266
23877 -51
23878 54
23879 -133
23880 88
23881 -61
23882 38
23883 15
23884 240
23885 -29
23886 70
23887 -279
23888 40
23889 -97
23890 -248
23891 -103
23892 32
23893 -241
23894 100
23895 -179
23896 -292
23897 -283
23898 -56
23899 183
23900 -354
23901 243
23902 132
23903 199
23904 252
23905 319
23906 96
23907 -149
23908 38
23909 29
23910 30
23911 -111
23912 -12
23913 -227
23914 336
23915 -191
23916 6
23917 75
23918 -30
23919 61
23920 -76
23921 65
23922 130
23923 -35
23924 -80
23925 -163
23926 -170
23927 133
23928 216
23929 -17
23930 -66
23931 -291
23932 270
23933 311
23934 -30
23935 -147
23936 -52
23937 235
23938 108
23939 -29
23940 -84
23941 -85
23942 130
23943 31
23944 10
23945 -65
23946 6
23947 33
23948 -202
23949 221
23950 252
23951 23
23952 56
23953 167
23954 174
23955 85
23956 8
23957 195
23958 114
23959 -123
23960 252
23961 -3
23962 -138
23963 -289
23964 106
23965 271
23966 98
23967 209
23968 120
23969 -85
23970 124
23971 377
23972 -342
23973 -3
23974 -206
23975 225
23976 -102
23977 -163
23978 358
23979 139
23980 -76
23981 123
23982 126
23983 -235
23984 36
23985 -125
23986 -164
23987 -139
23988 -28
23989 121
23990 188
23991 -141
23992 254
23993 305
23994 -40
23995 -75
23996 -180
23997 33
23998 -220
23999 67
24000 46
24001 -53
24002 -22
24003 -63
24004 10
24005 39
24006 70
24007 139
24008 -210
24009 17
24010 -150
24011 -71
24012 -116
24013 -275
24014 -240
24015 325
24016 -254
24017 183
24018 -28
24019 -247
24020 -158
24021 39
24022 -98
24023 27
24024 176
24025 263
24026 -332
24027 61
24028 -88
24029 -357
24030 -246
24031 -31
24032 -264
24033 133
24034 20
24035 157
24036 -12
24037 -93
24038 -110
24039 -135
24040 32
24041 1
24042 8
24043 -151
24044 -122
24045 -47
24046 226
24047 -139
24048 28
24049 47
24050 -58
24051 -193
24052 32
24053 323
24054 82
24055 27
24056 -140
24057 -21
24058 194
24059 51
24060 -182
24061 167
24062 186
24063 -373
24064 54
24065 11
24066 -112
24067 163
24068 -212
24069 109
24070 256
24071 -31
24072 -290
24073 -55
24074 40
24075 -23
24076 -266
24077 27
24078 -78
24079 -93
24080 80
24081 105
24082 -282
24083 -231
24084 -78
24085 -7
24086 86
24087 119
24088 -80
24089 169
24090 160
24091 -27
24092 94
24093 27
24094 -96
24095 145
24096 -254
24097 -23
24098 -192
24099 -209
24100 -44
24101 -143
24102 54
24103 -229
24104 -154
24105 -77
24106 -158
24107 -161
24108 -64
24109 -57
24110 -176
24111 -99
24112 -124
24113 -147
24114 -68
24115 -29
24116 132
24117 49
24118 216
24119 9
24120 96
24121 -179
24122 -24
24123 193
24124 60
24125 -329
24126 -22
24127 -99
24128 36
24129 165
24130 56
24131 221
24132 -34
24133 49
24134 80
24135 -241
24136 -98
24137 -71
24138 158
24139 -3
24140 -98
24141 -35
24142 -196
24143 -211
24144 64
24145 -83
24146 4
24147 -357
24148 -20
24149 -225
24150 -8
24151 -153
24152 48
24153 51
24154 -254
24155 -1
24156 -178
24157 -169
24158 130
24159 -11
24160 100
24161 65
24162 -340
24163 5
24164 42
24165 -163
24166 -120
24167 143
24168 22
24169 17
24170 74
24171 -155
24172 -306
24173 -143
24174 -110
24175 -283
24176 -30
24177 255
24178 -162
24179 141
24180 -90
24181 19
24182 14
24183 145
24184 48
24185 115
24186 246
24187 119
24188 72
24189 29
24190 -52
24191 -127
24192 60
24193 -119
24194 70
24195 -69
24196 72
24197 237
24198 -160
24199 77
24200 -62
24201 -33
24202 226
24203 -31
24204 12
24205 111
24206 -86
24207 9
24208 8
24209 -31
24210 82
24211 -7
24212 124
24213 -237
24214 -160
24215 -205
24216 -32
24217 125
24218 -104
24219 31
24220 208
24221 -87
24222 298
24223 1
24224 -246
24225 105
24226 -72
24227 -253
24228 288
24229 -51
24230 -144
24231 -97
24232 114
24233 -67
24234 -212
24235 83
24236 316
24237 -105
24238 4
24239 33
24240 354
24241 301
24242 -108
24243 -157
24244 126
24245 123
24246 120
24247 407
24248 178
24249 97
24250 172
24251 5
24252 170
24253 -73
24254 -2
24255 -255
24256 -208
24257 -27
24258 -34
24259 -19
24260 -108
24261 -93
24262 -170
24263 59
24264 -218
24265 -343
24266 238
24267 1
24268 8
24269 -173
24270 -26
24271 -3
24272 -32
24273 45
24274 184
24275 177
24276 42
24277 -55
24278 -176
24279 -7
24280 230
24281 -193
24282 300
24283 165
24284 36
24285 -81
24286 -42
24287 55
24288 126
24289 -63
24290 34
24291 221
24292 -116
24293 17
24294 -66
24295 -81
24296 -178
24297 11
24298 124
24299 -157
24300 -78
24301 317
24302 -64
24303 333
24304 132
24305 83
24306 -144
24307 -95
24308 -22
24309 309
24310 86
24311 -89
24312 298
24313 21
24314 -8
24315 -143
24316 230
24317 -345
24318 -26
24319 415
24320 66
24321 -215
24322 214
24323 -5
24324 20
24325 219
24326 -314
24327 -35
24328 -18
24329 -125
24330 -68
24331 19
24332 -26
24333 49
24334 56
24335 -119
24336 42
24337 5
24338 -86
24339 -315
24340 42
24341 -323
24342 -66
24343 -81
24344 42
24345 227
24346 50
24347 -43
24348 -70
24349 -63
24350 60
24351 -9
24352 84
24353 133
24354 -64
24355 79
24356 -320
24357 -59
24358 212
24359 283
24360 126
24361 289
24362 36
24363 65
24364 -196
24365 133
24366 -92
24367 -47
24368 112
24369 -345
24370 198
24371 213
24372 150
24373 -87
24374 88
24375 283
24376 0
24377 83
24378 -184
24379 99
24380 48
24381 193
24382 42
24383 -39
24384 208
24385 219
24386 280
24387 153
24388 -58
24389 -233
24390 196
24391 293
24392 138
24393 -63
24394 126
24395 107
24396 -348
24397 -293
24398 -154
24399 275
24400 -260
24401 -115
24402 -282
24403 -225
24404 -168
24405 71
24406 38
24407 -125
24408 60
24409 59
24410 162
24411 -23
24412 80
24413 169
24414 360
24415 -343
24416 58
24417 105
24418 -58
24419 -135
24420 290
24421 203
24422 -92
24423 145
24424 66
24425 119
24426 -170
24427 -67
24428 -178
24429 -75
24430 80
24431 5
24432 230
24433 169
24434 -20
24435 113
24436 -264
24437 87
24438 72
24439 77
24440 48
24441 97
24442 20
24443 -367
24444 186
24445 63
24446 -42
24447 209
24448 128
24449 -121
24450 158
24451 -1
24452 -118
24453 -327
24454 -22
24455 149
24456 -60
24457 -283
24458 248
24459 155
24460 -72
24461 -19
24462 -198
24463 81
24464 20
24465 -75
24466 302
24467 -133
24468 284
24469 185
24470 -188
24471 101
24472 -56
24473 -299
24474 186
24475 49
24476 -226
24477 117
24478 14
24479 217
24480 -132
24481 135
24482 260
24483 -29
24484 -66
24485 111
24486 -140
24487 -119
24488 64
24489 175
24490 218
24491 201
24492 -162
24493 -137
24494 -56
24495 -17
24496 -228
24497 149
24498 -118
24499 -87
24500 84
24501 59
24502 2
24503 177
24504 -208
24505 137
24506 -48
24507 -315
24508 292
24509 51
24510 -2
24511 111
24512 48
24513 75
24514 0
24515 -31
24516 232
24517 137
24518 124
24519 -183
24520 -200
24521 203
24522 -232
24523 239
24524 150
24525 117
24526 24
24527 -63
24528 -276
24529 -127
24530 -324
24531 49
24532 22
24533 235
24534 32
24535 217
24536 -152
24537 41
24538 362
24539 -37
24540 66
24541 149
24542 -250
24543 213
24544 -32
24545 -49
24546 -86
24547 11
24548 62
24549 195
24550 80
24551 -323
24552 128
24553 -41
24554 -36
24555 -73
24556 -18
24557 -51
24558 142
24559 -3
24560 -70
24561 81
24562 -20
24563 -81
24564 78
24565 -37
24566 -56
24567 -33
24568 -226
24569 -73
24570 96
24571 -447
24572 -250
24573 -311
24574 -50
24575 -331
24576 -138
24577 137
24578 -192
24579 25
24580 -28
24581 -173
24582 -136
24583 187
24584 -16
24585 77
24586 36
24587 143
24588 176
24589 -191
24590 -68
24591 329
24592 48
24593 119
24594 -58
24595 -103
24596 -126
24597 -213
24598 6
24599 -17
24600 -68
24601 -47
24602 -196
24603 -173
24604 200
24605 -73
24606 282
24607 77
24608 20
24609 -235
24610 -26
24611 25
24612 244
24613 -151
24614 14
24615 -65
24616 152
24617 199
24618 360
24619 -81
24620 220
24621 13
24622 -88
24623 -105
24624 162
24625 73
24626 218
24627 115
24628 -92
24629 -179
24630 -56
24631 -27
24632 0
24633 -169
24634 280
24635 -203
24636 70
24637 -145
24638 22
24639 149
24640 16
24641 -145
24642 -98
24643 -127
24644 -98
24645 -135
24646 -84
24647 17
24648 246
24649 93
24650 60
24651 183
24652 136
24653 -117
24654 -126
24655 -35
24656 -136
24657 -63
24658 -208
24659 -203
24660 -104
24661 435
24662 42
24663 141
24664 66
24665 135
24666 -144
24667 -59
24668 350
24669 309
24670 -48
24671 53
24672 26
24673 -119
24674 -112
24675 -217
24676 -24
24677 177
24678 -102
24679 223
24680 176
24681 47
24682 50
24683 121
24684 -134
24685 1
24686 -292
24687 5
24688 58
24689 -61
24690 -36
24691 -39
24692 -150
24693 225
24694 128
24695 -241
24696 -18
24697 1
24698 -142
24699 25
24700 154
24701 49
24702 -168
24703 123
24704 -110
24705 107
24706 -24
24707 167
24708 -72
24709 29
24710 4
24711 23
24712 -44
24713 95
24714 -162
24715 -137
24716 274
24717 -79
24718 42
24719 45
24720 -164
24721 -47
24722 -116
24723 3
24724 -226
24725 -55
24726 254
24727 -137
24728 -36
24729 -215
24730 -104
24731 75
24732 60
24733 99
24734 -120
24735 -39
24736 -184
24737 -145
24738 46
24739 157
24740 -166
24741 85
24742 -58
24743 25
24744 82
24745 -173
24746 -258
24747 149
24748 -162
24749 133
24750 -340
24751 -51
24752 118
24753 151
24754 -72
24755 -41
24756 -28
24757 25
24758 -150
24759 279
24760 76
24761 -63
24762 166
24763 121
24764 -110
24765 15
24766 226
24767 -73
24768 -112
24769 -249
24770 -24
24771 5
24772 -180
24773 -27
24774 -50
24775 -93
24776 214
24777 39
24778 -140
24779 -113
24780 -20
24781 -79
24782 20
24783 279
24784 -50
24785 217
24786 32
24787 19
24788 -108
24789 205
24790 152
24791 -91
24792 388
24793 9
24794 -18
24795 -177
24796 230
24797 11
24798 42
24799 299
24800 148
24801 -45
24802 184
24803 93
24804 -2
24805 -193
24806 -152
24807 -303
24808 -158
24809 153
24810 -288
24811 193
24812 86
24813 203
24814 -132
24815 -1
24816 -38
24817 21
24818 -6
24819 -89
24820 100
24821 237
24822 0
24823 -111
24824 196
24825 -143
24826 -230
24827 -343
24828 84
24829 15
24830 90
24831 -27
24832 -78
24833 -41
24834 -198
24835 341
24836 268
24837 -167
24838 158
24839 91
24840 274
24841 -65
24842 -170
24843 229
24844 64
24845 -151
24846 -88
24847 -155
24848 -162
24849 -139
24850 -166
24851 229
24852 -252
24853 -41
24854 -314
24855 49
24856 168
24857 -87
24858 -56
24859 -103
24860 -248
24861 51
24862 78
24863 119
24864 8
24865 99
24866 -176
24867 -43
24868 182
24869 -63
24870 394
24871 -89
24872 54
24873 -61
24874 -380
24875 63
24876 -184
24877 81
24878 126
24879 -65
24880 -8
24881 51
24882 -178
24883 113
24884 -180
24885 87
24886 64
24887 281
24888 -48
24889 -51
24890 478
24891 199
24892 42
24893 81
24894 24
24895 13
24896 -140
24897 457
24898 60
24899 163
24900 48
24901 -13
24902 36
24903 127
24904 -180
24905 -317
24906 -26
24907 25
24908 -252
24909 75
24910 230
24911 17
24912 -134
24913 -139
24914 -6
24915 -37
24916 32
24917 -205
24918 24
24919 195
24920 -36
24921 235
24922 70
24923 207
24924 -84
24925 -43
24926 -234
24927 303
24928 -162
24929 93
24930 172
24931 113
24932 -50
24933 -99
24934 252
24935 -69
24936 -152
24937 -51
24938 46
24939 215
24940 346
24941 -87
24942 242
24943 -35
24944 -280
24945 109
24946 144
24947 117
24948 298
24949 -199
24950 148
24951 -147
24952 82
24953 85
24954 278
24955 33
24956 -22
24957 145
24958 -358
24959 -87
24960 34
24961 49
24962 -42
24963 -173
24964 -70
24965 41
24966 -168
24967 -421
24968 46
24969 133
24970 -26
24971 -233
24972 24
24973 -111
24974 -286
24975 -53
24976 -164
24977 109
24978 192
24979 -227
24980 -154
24981 89
24982 -26
24983 -47
24984 44
24985 -19
24986 88
24987 57
24988 -92
24989 117
24990 -70
24991 149
24992 206
24993 157
24994 -404
24995 -99
24996 -232
24997 349
24998 34
24999 195
25000 -100
25001 -157
25002 112
25003 -121
25004 108
25005 19
25006 22
25007 -3
25008 308
25009 139
25010 278
25011 -247
25012 -106
25013 -23
25014 354
25015 -279
25016 128
25017 19
25018 -126
25019 337
25020 340
25021 -97
25022 192
25023 111
25024 -30
25025 -17
25026 -60
25027 -61
25028 -172
25029 89
25030 60
25031 -5
25032 -428
25033 -35
25034 -6
25035 11
25036 -108
25037 85
25038 -40
25039 145
25040 206
25041 249
25042 28
25043 -355
25044 -88
25045 159
25046 -80
25047 -87
25048 70
25049 109
25050 -48
25051 -105
25052 -74
25053 -115
25054 -248
25055 129
25056 112
25057 145
25058 -164
25059 -133
25060 8
25061 -55
25062 92
25063 -235
25064 -34
25065 31
25066 256
25067 169
25068 -136
25069 -27
25070 -106
25071 -33
25072 192
25073 -233
25074 -416
25075 337
25076 -64
25077 -53
25078 -16
25079 151
25080 -140
25081 -161
25082 -4
25083 -9
25084 188
25085 -129
25086 -118
25087 -95
25088 214
25089 -131
25090 210
25091 113
25092 -56
25093 19
25094 -176
25095 65
25096 -366
25097 -247
25098 130
25099 3
25100 94
25101 -1
25102 -110
25103 -107
25104 222
25105 147
25106 276
25107 -161
25108 52
25109 -99
25110 158
25111 -149
25112 250
25113 -375
25114 252
25115 199
25116 -12
25117 5
25118 -112
25119 39
25120 334
25121 -191
25122 -172
25123 245
25124 -172
25125 241
25126 -102
25127 -85
25128 -178
25129 -151
25130 124
25131 207
25132 176
25133 -199
25134 -138
25135 -3
25136 12
25137 103
25138 26
25139 -79
25140 -8
25141 13
25142 -34
25143 -39
25144 56
25145 -63
25146 6
25147 -61
25148 112
25149 -169
25150 -4
25151 -173
25152 -128
25153 -39
25154 -20
25155 -53
25156 -148
25157 37
25158 94
25159 123
25160 -156
25161 141
25162 146
25163 115
25164 152
25165 -43
25166 -8
25167 95
25168 12
25169 7
25170 -24
25171 -327
25172 142
25173 161
25174 6
25175 -93
25176 -62
25177 -71
25178 82
25179 -179
25180 -130
25181 -37
25182 -90
25183 -85
25184 -72
25185 -225
25186 -82
25187 79
25188 -172
25189 237
25190 126
25191 -79
25192 364
25193 221
25194 44
25195 93
25196 38
25197 -161
25198 184
25199 195
25200 -200
25201 127
25202 74
25203 -59
25204 20
25205 151
25206 -82
25207 -33
25208 -46
25209 233
25210 -14
25211 -75
25212 134
25213 -205
25214 -266
25215 55
25216 -276
25217 247
25218 18
25219 25
25220 214
25221 -79
25222 -12
25223 -295
25224 -30
25225 -49
25226 -238
25227 145
25228 44
25229 199
25230 -32
25231 251
25232 -28
25233 157
25234 12
25235 283
25236 -302
25237 -195
25238 214
25239 165
25240 -176
25241 -125
25242 -294
25243 47
25244 110
25245 79
25246 -110
25247 159
25248 -174
25249 207
25250 300
25251 91
25252 46
25253 3
25254 150
25255 -9
25256 136
25257 11
25258 194
25259 -79
25260 254
25261 -1
25262 126
25263 61
25264 -14
25265 121
25266 18
25267 -93
25268 100
25269 -171
25270 108
25271 -147
25272 152
25273 15
25274 -80
25275 193
25276 -144
25277 59
25278 166
25279 -71
25280 138
25281 -413
25282 -54
25283 3
25284 -74
25285 103
25286 8
25287 151
25288 -36
25289 -149
25290 -280
25291 -177
25292 -16
25293 -91
25294 50
25295 -79
25296 224
25297 81
25298 -286
25299 79
25300 226
25301 25
25302 -52
25303 129
25304 -162
25305 7
25306 60
25307 -329
25308 148
25309 -19
25310 30
25311 167
25312 66
25313 -241
25314 -6
25315 153
25316 148
25317 37
25318 -130
25319 327
25320 -134
25321 89
25322 -10
25323 -15
25324 104
25325 -53
25326 62
25327 -103
25328 104
25329 -141
25330 -240
25331 31
25332 -32
25333 -279
25334 -20
25335 185
25336 -16
25337 -97
25338 -110
25339 -217
25340 118
25341 69
25342 -176
25343 -257
25344 130
25345 -133
25346 -56
25347 25
25348 86
25349 -331
25350 26
25351 237
25352 -144
25353 -79
25354 -40
25355 7
25356 178
25357 -155
25358 -276
25359 123
25360 160
25361 285
25362 0
25363 -65
25364 174
25365 -117
25366 278
25367 -129
25368 186
25369 -335
25370 -216
25371 -303
25372 48
25373 -45
25374 -14
25375 35
25376 -26
25377 -5
25378 -172
25379 115
25380 -92
25381 265
25382 72
25383 181
25384 140
25385 -145
25386 -48
25387 -371
25388 54
25389 -127
25390 -14
25391 -15
25392 262
25393 339
25394 106
25395 -337
25396 -100
25397 39
25398 98
25399 81
25400 146
25401 45
25402 116
25403 25
25404 -26
25405 -115
25406 -60
25407 -21
25408 16
25409 -81
25410 276
25411 -201
25412 -256
25413 29
25414 26
25415 -81
25416 -28
25417 -141
25418 296
25419 157
25420 36
25421 -57
25422 -168
25423 -75
25424 -74
25425 279
25426 -26
25427 311
25428 -26
25429 -5
25430 148
25431 -43
25432 22
25433 25
25434 394
25435 -147
25436 222
25437 15
25438 48
25439 113
25440 -132
25441 403
25442 -206
25443 -73
25444 104
25445 -217
25446 -66
25447 -119
25448 56
25449 -113
25450 148
25451 -245
25452 72
25453 -97
25454 -110
25455 165
25456 -52
25457 -131
25458 -86
25459 -129
25460 16
25461 89
25462 -118
25463 147
25464 148
25465 -293
25466 -120
25467 135
25468 120
25469 -57
25470 -224
25471 121
25472 -22
25473 187
25474 44
25475 -95
25476 -192
25477 -33
25478 34
25479 -211
25480 -104
25481 79
25482 -26
25483 -167
25484 -100
25485 127
25486 -26
25487 193
25488 -32
25489 185
25490 336
25491 95
25492 106
25493 -247
25494 30
25495 -43
25496 -8
25497 -97
25498 76
25499 -83
25500 84
25501 -251
25502 110
25503 319
25504 92
25505 173
25506 298
25507 29
25508 324
25509 159
25510 -136
25511 239
25512 218
25513 -231
25514 -26
25515 3
25516 242
25517 163
25518 -118
25519 -169
25520 -232
25521 -49
25522 -8
25523 -69
25524 -88
25525 -161
25526 186
25527 -101
25528 -358
25529 -135
25530 -64
25531 -23
25532 -94
25533 135
25534 -100
25535 -65
25536 102
25537 -17
25538 -284
25539 65
25540 168
25541 -55
25542 -200
25543 57
25544 170
25545 371
25546 -140
25547 -33
25548 76
25549 -107
25550 -86
25551 167
25552 66
25553 203
25554 -246
25555 53
25556 30
25557 -41
25558 -124
25559 -129
25560 -124
25561 -185
25562 122
25563 -145
25564 70
25565 173
25566 -46
25567 -125
25568 -274
25569 169
25570 132
25571 -9
25572 76
25573 83
25574 38
25575 -25
25576 42
25577 -157
25578 30
25579 -147
25580 -80
25581 -273
25582 -118
25583 -67
25584 66
25585 299
25586 -32
25587 147
25588 -160
25589 91
25590 -38
25591 -291
25592 166
25593 -299
25594 228
25595 -159
25596 72
25597 -111
25598 172
25599 -143
25600 -134
25601 123
25602 -144
25603 153
25604 302
25605 93
25606 118
25607 -125
25608 6
25609 125
25610 -10
25611 -53
25612 144
25613 -167
25614 -62
25615 221
25616 76
25617 115
25618 66
25619 103
25620 -16
25621 -243
25622 -96
25623 185
25624 112
25625 391
25626 -136
25627 23
25628 -18
25629 -67
25630 124
25631 123
25632 130
25633 69
25634 108
25635 203
25636 -80
25637 -113
25638 -108
25639 -143
25640 12
25641 35
25642 148
25643 185
25644 -156
25645 137
25646 -68
25647 -13
25648 -264
25649 57
25650 144
25651 9
25652 36
25653 31
25654 220
25655 51
25656 234
25657 -131
25658 234
25659 -401
25660 -72
25661 45
25662 -150
25663 247
25664 -8
25665 253
25666 -136
25667 -215
25668 -140
25669 -27
25670 -10
25671 -75
25672 176
25673 -163
25674 -144
25675 -205
25676 170
25677 -23
25678 206
25679 -3
25680 -230
25681 27
25682 206
25683 -39
25684 276
25685 -3
25686 34
25687 31
25688 -68
25689 -81
25690 184
25691 369
25692 36
25693 -27
25694 110
25695 153
25696 68
25697 -213
25698 -184
25699 373
25700 150
25701 -213
25702 160
25703 -301
25704 178
25705 219
25706 176
25707 45
25708 192
25709 269
25710 -206
25711 131
25712 -256
25713 -267
25714 -152
25715 47
25716 116
25717 121
25718 72
25719 -7
25720 250
25721 121
25722 -122
25723 15
25724 -300
25725 -213
25726 248
25727 117
25728 -108
25729 157
25730 -238
25731 -23
25732 136
25733 -3
25734 -28
25735 -83
25736 24
25737 339
25738 10
25739 15
25740 -28
25741 51
25742 28
25743 49
25744 -74
25745 -155
25746 -176
25747 81
25748 110
25749 -25
25750 -110
25751 155
25752 108
25753 -77
25754 204
25755 -125
25756 46
25757 439
25758 -72
25759 -149
25760 -310
25761 -221
25762 82
25763 185
25764 -178
25765 -13
25766 70
25767 -217
25768 50
25769 -129
25770 8
25771 387
25772 -290
25773 7
25774 -284
25775 -199
25776 -348
25777 141
25778 -434
25779 35
25780 -204
25781 -43
25782 16
25783 143
25784 114
25785 -239
25786 -18
25787 15
25788 154
25789 -3
25790 38
25791 -149
25792 52
25793 -185
25794 200
25795 -31
25796 -400
25797 63
25798 -124
25799 73
25800 96
25801 215
25802 254
25803 51
25804 124
25805 5
25806 32
25807 -117
25808 -104
25809 -85
25810 -146
25811 155
25812 -104
25813 -283
25814 134
25815 125
25816 -18
25817 99
25818 2
25819 45
25820 190
25821 -161
25822 -84
25823 -33
25824 -280
25825 331
25826 162
25827 101
25828 50
25829 1
25830 -42
25831 -165
25832 118
25833 -119
25834 126
25835 71
25836 324
25837 205
25838 -290
25839 75
25840 -272
25841 -1
25842 168
25843 -299
25844 140
25845 -207
25846 100
25847 -35
25848 270
25849 -339
25850 62
25851 -121
25852 -30
25853 279
25854 44
25855 -151
25856 228
25857 -191
25858 122
25859 211
25860 -240
25861 323
25862 -50
25863 75
25864 74
25865 -251
25866 348
25867 173
25868 18
25869 65
25870 -28
25871 59
25872 -42
25873 -233
25874 34
25875 91
25876 138
25877 -113
25878 314
25879 143
25880 256
25881 45
25882 -74
25883 171
25884 -42
25885 -59
25886 216
25887 -143
25888 24
25889 51
25890 202
25891 -13
25892 -66
25893 -201
25894 -362
25895 199
25896 126
25897 5
25898 86
25899 195
25900 -170
25901 -87
25902 364
25903 -85
25904 -118
25905 -495
25906 110
25907 151
25908 356
25909 81
25910 28
25911 183
25912 -214
25913 163
25914 -56
25915 -171
25916 -142
25917 -23
25918 190
25919 -25
25920 -198
25921 -209
25922 -140
25923 -271
25924 60
25925 -105
25926 64
25927 29
25928 -64
25929 11
25930 184
25931 -147
25932 172
25933 79
25934 6
25935 3
25936 -90
25937 167
25938 344
25939 -47
25940 -72
25941 -223
25942 204
25943 -35
25944 -8
25945 -35
25946 62
25947 179
25948 -130
25949 -163
25950 186
25951 55
25952 -162
25953 -73
25954 -220
25955 -87
25956 284
25957 11
25958 136
25959 107
25960 24
25961 -1
25962 -92
25963 -151
25964 -220
25965 77
25966 10
25967 -353
25968 108
25969 287
25970 -106
25971 71
25972 0
25973 201
25974 194
25975 -25
25976 -36
25977 109
25978 20
25979 -349
25980 54
25981 41
25982 214
25983 89
25984 88
25985 -71
25986 254
25987 -95
25988 -342
25989 -247
25990 56
25991 -229
25992 12
25993 -39
25994 122
25995 185
25996 -216
25997 -195
25998 8
25999 -115
26000 -32
26001 17
26002 -24
26003 315
26004 188
26005 -153
26006 -168
26007 -147
26008 28
26009 -7
26010 380
26011 23
26012 -248
26013 -27
26014 110
26015 -79
26016 24
26017 69
26018 -44
26019 -11
26020 94
26021 -97
26022 -92
26023 -99
26024 -188
26025 41
26026 296
26027 257
26028 -282
26029 -299
26030 -54
26031 -43
26032 164
26033 -107
26034 -326
26035 87
26036 166
26037 263
26038 122
26039 169
26040 146
26041 -99
26042 2
26043 95
26044 -62
26045 143
26046 -60
26047 -19
26048 -190
26049 191
26050 90
26051 -279
26052 -56
26053 55
26054 -114
26055 9
26056 94
26057 27
26058 58
26059 -367
26060 -202
26061 35
26062 -18
26063 -411
26064 -182
26065 115
26066 -36
26067 253
26068 -110
26069 -303
26070 -178
26071 77
26072 120
26073 -57
26074 178
26075 -149
26076 -6
26077 -201
26078 -30
26079 -13
26080 68
26081 -171
26082 -32
26083 -157
26084 86
26085 13
26086 -82
26087 -135
26088 16
26089 87
26090 234
26091 181
26092 -348
26093 97
26094 166
26095 35
26096 264
26097 35
26098 126
26099 -137
26100 12
26101 75
26102 -38
26103 305
26104 -396
26105 -163
26106 116
26107 1
26108 242
26109 263
26110 -86
26111 -119
26112 158
26113 -71
26114 -154
26115 3
26116 80
26117 -169
26118 78
26119 -167
26120 -22
26121 49
26122 36
26123 99
26124 -36
26125 -67
26126 96
26127 133
26128 2
26129 -51
26130 112
26131 301
26132 -192
26133 -49
26134 -108
26135 -53
26136 -228
26137 25
26138 0
26139 95
26140 0
26141 267
26142 -70
26143 -107
26144 -106
26145 215
26146 138
26147 -71
26148 212
26149 101
26150 100
26151 -81
26152 -22
26153 -287
26154 -132
26155 -139
26156 -144
26157 -21
26158 128
26159 -39
26160 -186
26161 393
26162 164
26163 -157
26164 -50
26165 -453
26166 -286
26167 -313
26168 -294
26169 -237
26170 10
26171 273
26172 194
26173 -103
26174 -166
26175 67
26176 -206
26177 105
26178 86
26179 -61
26180 48
26181 -173
26182 -22
26183 -203
26184 -192
26185 231
26186 130
26187 -187
26188 -114
26189 -3
26190 -172
26191 -159
26192 -28
26193 -109
26194 172
26195 -31
26196 -296
26197 15
26198 162
26199 53
26200 -164
26201 165
26202 -92
26203 -161
26204 14
26205 21
26206 -88
26207 -217
26208 88
26209 59
26210 44
26211 41
26212 -90
26213 73
26214 -252
26215 -11
26216 134
26217 53
26218 92
26219 -317
26220 208
26221 149
26222 -368
26223 -285
26224 -134
26225 -75
26226 -104
26227 147
26228 158
26229 185
26230 -220
26231 -273
26232 122
26233 77
26234 -90
26235 305
26236 108
26237 43
26238 26
26239 -369
26240 128
26241 -121
26242 126
26243 61
26244 28
26245 -85
26246 -150
26247 -191
26248 270
26249 -197
26250 98
26251 -283
26252 148
26253 -45
26254 -38
26255 -77
26256 -170
26257 59
26258 -46
26259 -139
26260 -126
26261 207
26262 178
26263 -33
26264 -122
26265 133
26266 64
26267 179
26268 -152
26269 151
26270 144
26271 7
26272 -32
26273 143
26274 104
26275 -19
26276 90
26277 57
26278 -108
26279 -113
26280 122
26281 -35
26282 -188
26283 -309
26284 12
26285 89
26286 -80
26287 65
26288 180
26289 33
26290 -64
26291 133
26292 -336
26293 -173
26294 -18
26295 183
26296 18
26297 19
26298 64
26299 -95
26300 154
26301 29
26302 156
26303 -125
26304 -28
26305 183
26306 108
26307 -59
26308 196
26309 103
26310 78
26311 101
26312 -266
26313 -5
26314 -244
26315 -155
26316 -346
26317 -155
26318 48
26319 -197
26320 412
26321 -163
26322 -92
26323 49
26324 -50
26325 225
26326 -66
26327 -51
26328 -64
26329 167
26330 -438
26331 -63
26332 -74
26333 19
26334 -24
26335 23
26336 34
26337 -173
26338 -78
26339 315
26340 -56
26341 -67
26342 4
26343 9
26344 102
26345 -79
26346 14
26347 -185
26348 214
26349 -41
26350 -226
26351 85
26352 52
26353 127
26354 106
26355 165
26356 90
26357 -305
26358 -410
26359 179
26360 -148
26361 125
26362 -266
26363 155
26364 348
26365 -137
26366 92
26367 29
26368 -46
26369 67
26370 -14
26371 -51
26372 -12
26373 -275
26374 -34
26375 327
26376 -96
26377 -87
26378 -116
26379 -87
26380 -62
26381 -361
26382 56
26383 -173
26384 -100
26385 137
26386 -186
26387 15
26388 14
26389 -191
26390 -180
26391 -115
26392 -10
26393 -9
26394 -104
26395 217
26396 218
26397 129
26398 202
26399 -115
26400 -166
26401 177
26402 -132
26403 7
26404 -26
26405 115
26406 68
26407 -169
26408 28
26409 93
26410 116
26411 57
26412 -180
26413 -29
26414 -120
26415 35
26416 -26
26417 -23
26418 84
26419 -75
26420 -26
26421 -21
26422 -338
26423 319
26424 -22
26425 19
26426 -168
26427 -181
26428 -122
26429 321
26430 18
26431 -193
26432 96
26433 -179
26434 -6
26435 259
26436 -160
26437 45
26438 46
26439 -135
26440 -344
26441 -97
26442 -56
26443 -45
26444 -216
26445 -39
26446 100
26447 -289
26448 10
26449 173
26450 236
26451 197
26452 20
26453 127
26454 -148
26455 -117
26456 136
26457 155
26458 30
26459 203
26460 300
26461 -279
26462 324
26463 -131
26464 60
26465 -115
26466 -84
26467 305
26468 -146
26469 -145
26470 -220
26471 -11
26472 60
26473 97
26474 162
26475 -301
26476 -452
26477 9
26478 -304
26479 -239
26480 -294
26481 7
26482 138
26483 -17
26484 -70
26485 -169
26486 94
26487 367
26488 132
26489 343
26490 -188
26491 -7
26492 -176
26493 191
26494 -284
26495 -143
26496 18
26497 315
26498 38
26499 9
26500 178
26501 57
26502 -458
26503 117
26504 98
26505 -37
26506 -4
26507 -327
26508 -338
26509 5
26510 -274
26511 137
26512 -6
26513 -127
26514 162
26515 -39
26516 174
26517 -23
26518 -276
26519 -193
26520 -8
26521 265
26522 18
26523 -149
26524 8
26525 7
26526 192
26527 35
26528 356
26529 73
26530 32
26531 187
26532 0
26533 -5
26534 -200
26535 129
26536 -288
26537 -207
26538 -96
26539 -3
26540 82
26541 -65
26542 114
26543 -17
26544 26
26545 -195
26546 108
26547 17
26548 -58
26549 -121
26550 -54
26551 -7
26552 148
26553 -373
26554 -138
26555 -37
26556 -104
26557 293
26558 -116
26559 63
26560 108
26561 9
26562 -42
26563 85
26564 72
26565 341
26566 200
26567 -57
26568 -96
26569 -29
26570 134
26571 -93
26572 -244
26573 297
26574 -186
26575 -261
26576 -194
26577 113
26578 -202
26579 -281
26580 -48
26581 -283
26582 -86
26583 15
26584 -300
26585 9
26586 92
26587 123
26588 -30
26589 165
26590 -38
26591 327
26592 48
26593 219
26594 -8
26595 -197
26596 -164
26597 151
26598 -98
26599 181
26600 -342
26601 -111
26602 -286
26603 -217
26604 250
26605 57
26606 84
26607 155
26608 16
26609 105
26610 -34
26611 -443
26612 -168
26613 375
26614 -74
26615 -163
26616 42
26617 99
26618 40
26619 143
26620 92
26621 -273
26622 26
26623 3
26624 272
26625 185
26626 356
26627 -145
26628 -132
26629 225
26630 -36
26631 73
26632 -152
26633 37
26634 42
26635 147
26636 -142
26637 -19
26638 -28
26639 19
26640 234
26641 265
26642 -134
26643 55
26644 120
26645 67
26646 336
26647 89
26648 310
26649 -165
26650 202
26651 19
26652 -92
26653 157
26654 -28
26655 223
26656 134
26657 79
26658 32
26659 103
26660 40
26661 -71
26662 276
26663 -5
26664 36
26665 -271
26666 -156
26667 -93
26668 140
26669 95
26670 -90
26671 -217
26672 -354
26673 -67
26674 -242
26675 115
26676 -190
26677 77
26678 -312
26679 -7
26680 42
26681 -275
26682 -84
26683 -9
26684 112
26685 89
26686 88
26687 -99
26688 -156
26689 -61
26690 -12
26691 243
26692 88
26693 -63
26694 -98
26695 117
26696 -22
26697 63
26698 50
26699 107
26700 -90
26701 -125
26702 46
26703 -149
26704 -86
26705 39
26706 -70
26707 21
26708 50
26709 25
26710 -322
26711 -29
26712 48
26713 97
26714 86
26715 -107
26716 154
26717 65
26718 -52
26719 123
26720 -62
26721 127
26722 -46
26723 -193
26724 22
26725 -295
26726 218
26727 63
26728 96
26729 33
26730 -84
26731 -199
26732 -14
26733 -123
26734 32
26735 -1
26736 6
26737 -27
26738 -210
26739 21
26740 -114
26741 -145
26742 434
26743 237
26744 -192
26745 -249
26746 136
26747 31
26748 22
26749 -209
26750 326
26751 -275
26752 -340
26753 99
26754 -146
26755 163
26756 66
26757 -255
26758 196
26759 47
26760 232
26761 71
26762 246
26763 239
26764 -38
26765 -213
26766 186
26767 15
26768 -394
26769 295
26770 188
26771 -129
26772 184
26773 127
26774 -90
26775 -19
26776 92
26777 53
26778 -44
26779 -113
26780 62
26781 41
26782 176
26783 245
26784 -62
26785 9
26786 -144
26787 49
26788 104
26789 137
26790 160
26791 -137
26792 -54
26793 165
26794 110
26795 107
26796 -162
26797 5
26798 54
26799 -109
26800 116
26801 227
26802 -60
26803 143
26804 -24
26805 387
26806 -40
26807 11
26808 360
26809 95
26810 -68
26811 99
26812 338
26813 -99
26814 -140
26815 87
26816 132
26817 59
26818 -182
26819 -205
26820 -230
26821 361
26822 92
26823 281
26824 278
26825 -47
26826 -184
26827 -41
26828 46
26829 -135
26830 36
26831 -55
26832 -96
26833 17
26834 230
26835 -267
26836 38
26837 63
26838 314
26839 563
26840 184
26841 5
26842 -80
26843 -163
26844 280
26845 149
26846 -136
26847 331
26848 -224
26849 -217
26850 266
26851 -93
26852 216
26853 223
26854 304
26855 -299
26856 -86
26857 -133
26858 246
26859 -291
26860 -8
26861 -295
26862 -216
26863 -109
26864 538
26865 -183
26866 274
26867 -367
26868 38
26869 217
26870 -106
26871 -153
26872 -104
26873 -63
26874 -256
26875 185
26876 116
26877 -149
26878 32
26879 27
26880 -360
26881 -31
26882 -98
26883 -3
26884 426
26885 105
26886 18
26887 207
26888 112
26889 -41
26890 -168
26891 -155
26892 -20
26893 47
26894 -82
26895 165
26896 -164
26897 -99
26898 324
26899 -275
26900 -42
26901 35
26902 2
26903 -9
26904 158
26905 -7
26906 164
26907 -147
26908 136
26909 -173
26910 268
26911 -229
26912 -128
26913 -33
26914 -18
26915 -55
26916 216
26917 -63
26918 148
26919 189
26920 -46
26921 -35
26922 36
26923 79
26924 450
26925 -21
26926 80
26927 15
26928 -30
26929 49
26930 -50
26931 35
26932 2
26933 -169
26934 194
26935 -425
26936 -412
26937 235
26938 176
26939 51
26940 -44
26941 -57
26942 -388
26943 -175
26944 118
26945 -47
26946 130
26947 -39
26948 68
26949 67
26950 -84
26951 -135
26952 0
26953 23
26954 -296
26955 -121
26956 114
26957 -233
26958 134
26959 123
26960 -112
26961 -89
26962 156
26963 -63
26964 -168
26965 155
26966 -250
26967 153
26968 -68
26969 -159
26970 -182
26971 -139
26972 72
26973 -69
26974 -34
26975 -109
26976 6
26977 39
26978 164
26979 -13
26980 258
26981 35
26982 296
26983 143
26984 188
26985 107
26986 -76
26987 -107
26988 -40
26989 157
26990 -52
26991 -7
26992 -112
26993 191
26994 200
26995 -161
26996 -76
26997 -81
26998 326
26999 -187
27000 -154
27001 215
27002 -168
27003 -53
27004 0
27005 243
27006 82
27007 9
27008 8
27009 223
27010 -82
27011 -155
27012 70
27013 -17
27014 40
27015 35
27016 164
27017 139
27018 50
27019 -47
27020 -52
27021 417
27022 310
27023 99
27024 -48
27025 -43
27026 18
27027 -217
27028 -198
27029 -203
27030 -174
27031 235
27032 -282
27033 135
27034 102
27035 -97
27036 -294
27037 -187
27038 -10
27039 -15
27040 -152
27041 61
27042 96
27043 -153
27044 -98
27045 53
27046 204
27047 35
27048 -208
27049 187
27050 156
27051 97
27052 110
27053 141
27054 122
27055 -11
27056 110
27057 -59
27058 158
27059 199
27060 16
27061 -107
27062 210
27063 109
27064 170
27065 61
27066 -230
27067 285
27068 -236
27069 223
27070 -186
27071 -115
27072 42
27073 227
27074 -112
27075 55
27076 -424
27077 -37
27078 -194
27079 -121
27080 62
27081 21
27082 148
27083 145
27084 4
27085 53
27086 -288
27087 -77
27088 -166
27089 41
27090 -178
27091 29
27092 82
27093 -255
27094 16
27095 161
27096 -402
27097 369
27098 -328
27099 -65
27100 28
27101 3
27102 -108
27103 -129
27104 -20
27105 91
27106 70
27107 -11
27108 324
27109 201
27110 136
27111 95
27112 -172
27113 -19
27114 142
27115 -61
27116 98
27117 141
27118 4
27119 85
27120 -28
27121 -29
27122 130
27123 143
27124 -90
27125 -49
27126 58
27127 -7
27128 -2
27129 1
27130 198
27131 123
27132 -186
27133 -61
27134 -54
27135 87
27136 -56
27137 -189
27138 -326
27139 23
27140 -54
27141 -205
27142 -62
27143 -301
27144 74
27145 -103
27146 24
27147 215
27148 -82
27149 25
27150 -208
27151 199
27152 -196
27153 -199
27154 20
27155 -95
27156 -68
27157 243
27158 100
27159 245
27160 -118
27161 -153
27162 184
27163 19
27164 -338
27165 7
27166 10
27167 225
27168 -58
27169 319
27170 -112
27171 -51
27172 -300
27173 141
27174 -2
27175 -205
27176 -22
27177 -275
27178 -296
27179 -33
27180 400
27181 7
27182 -126
27183 -227
27184 -50
27185 -5
27186 32
27187 169
27188 -138
27189 -1
27190 216
27191 -137
27192 -162
27193 15
27194 -72
27195 305
27196 200
27197 199
27198 258
27199 145
27200 -246
27201 -95
27202 -166
27203 111
27204 200
27205 129
27206 -154
27207 -285
27208 128
27209 289
27210 154
27211 -419
27212 232
27213 99
27214 158
27215 75
27216 114
27217 -113
27218 -22
27219 -123
27220 270
27221 95
27222 -100
27223 133
27224 74
27225 -41
27226 -198
27227 263
27228 164
27229 37
27230 208
27231 -155
27232 78
27233 87
27234 -54
27235 -303
27236 -68
27237 79
27238 -90
27239 147
27240 36
27241 -31
27242 -32
27243 -345
27244 124
27245 81
27246 280
27247 -19
27248 124
27249 191
27250 24
27251 223
27252 -166
27253 -287
27254 138
27255 313
27256 -24
27257 -397
27258 -24
27259 -49
27260 98
27261 127
27262 72
27263 -3
27264 96
27265 -27
27266 -224
27267 125
27268 384
27269 201
27270 -54
27271 159
27272 518
27273 95
27274 -196
27275 3
27276 -24
27277 51
27278 -358
27279 151
27280 58
27281 385
27282 -126
27283 -53
27284 96
27285 159
27286 156
27287 221
27288 48
27289 59
27290 -152
27291 -87
27292 -66
27293 75
27294 -118
27295 207
27296 210
27297 99
27298 -28
27299 -337
27300 -230
27301 477
27302 272
27303 11
27304 136
27305 27
27306 100
27307 257
27308 -272
27309 -167
27310 -278
27311 -33
27312 54
27313 -103
27314 -4
27315 -43
27316 -128
27317 219
27318 76
27319 -285
27320 -106
27321 289
27322 -60
27323 -135
27324 -48
27325 -19
27326 78
27327 -99
27328 194
27329 -71
27330 -96
27331 -121
27332 -202
27333 127
27334 -138
27335 -151
27336 -250
27337 -97
27338 -28
27339 -117
27340 10
27341 -63
27342 -92
27343 -215
27344 50
27345 -5
27346 32
27347 -23
27348 262
27349 103
27350 64
27351 -91
27352 -176
27353 23
27354 -74
27355 177
27356 -120
27357 -103
27358 -54
27359 -237
27360 -178
27361 -173
27362 286
27363 1
27364 132
27365 -207
27366 -138
27367 107
27368 -128
27369 29
27370 -170
27371 19
27372 -146
27373 -59
27374 -310
27375 -207
27376 22
27377 -67
27378 -394
27379 -165
27380 140
27381 113
27382 80
27383 -97
27384 -26
27385 -279
27386 48
27387 -133
27388 98
27389 85
27390 176
27391 -9
27392 -54
27393 113
27394 -178
27395 -45
27396 -62
27397 -29
27398 -100
27399 87
27400 -64
27401 115
27402 160
27403 95
27404 22
27405 77
27406 358
27407 -145
27408 -266
27409 -203
27410 -16
27411 -287
27412 -366
27413 331
27414 34
27415 -353
27416 10
27417 -245
27418 -22
27419 43
27420 -34
27421 -69
27422 50
27423 -285
27424 -576
27425 91
27426 -50
27427 1
27428 156
27429 -89
27430 34
27431 -65
27432 154
27433 163
27434 -234
27435 -93
27436 -70
27437 47
27438 -88
27439 47
27440 -124
27441 11
27442 72
27443 -277
27444 -60
27445 293
27446 -154
27447 237
27448 -294
27449 -13
27450 -84
27451 -33
27452 -8
27453 169
27454 -140
27455 -129
27456 -120
27457 47
27458 -42
27459 -307
27460 248
27461 135
27462 -98
27463 159
27464 -192
27465 363
27466 -114
27467 61
27468 -98
27469 -491
27470 426
27471 -5
27472 -160
27473 103
27474 -90
27475 187
27476 -36
27477 229
27478 -262
27479 -99
27480 -106
27481 -303
27482 -4
27483 93
27484 -20
27485 93
27486 14
27487 147
27488 164
27489 -135
27490 48
27491 -39
27492 -68
27493 -197
27494 18
27495 -21
27496 114
27497 23
27498 246
27499 101
27500 280
27501 -67
27502 -74
27503 -217
27504 74
27505 103
27506 -300
27507 -43
27508 -138
27509 -147
27510 -198
27511 123
27512 -38
27513 -51
27514 84
27515 245
27516 -266
27517 189
27518 178
27519 175
27520 30
27521 -171
27522 322
27523 159
27524 356
27525 179
27526 166
27527 -251
27528 314
27529 -163
27530 -4
27531 -129
27532 -110
27533 71
27534 156
27535 -233
27536 -194
27537 227
27538 -418
27539 -135
27540 182
27541 317
27542 -20
27543 155
27544 140
27545 87
27546 12
27547 267
27548 -82
27549 -21
27550 12
27551 257
27552 -10
27553 171
27554 -200
27555 -311
27556 24
27557 213
27558 68
27559 -29
27560 254
27561 -27
27562 -52
27563 -393
27564 -218
27565 65
27566 -26
27567 -207
27568 158
27569 159
27570 -26
27571 -171
27572 -8
27573 -111
27574 -222
27575 -127
27576 -322
27577 41
27578 16
27579 -353
27580 100
27581 39
27582 -112
27583 -37
27584 118
27585 195
27586 98
27587 181
27588 36
27589 -37
27590 -32
27591 331
27592 120
27593 -1
27594 48
27595 109
27596 306
27597 -37
27598 -214
27599 161
27600 16
27601 -127
27602 -230
27603 -47
27604 202
27605 -113
27606 -136
27607 177
27608 118
27609 53
27610 106
27611 59
27612 -182
27613 -117
27614 -102
27615 279
27616 -54
27617 211
27618 22
27619 -173
27620 196
27621 13
27622 -240
27623 301
27624 -634
27625 175
27626 -84
27627 155
27628 216
27629 169
27630 -66
27631 -35
27632 112
27633 25
27634 2
27635 11
27636 -68
27637 -65
27638 -284
27639 69
27640 172
27641 187
27642 -62
27643 321
27644 22
27645 -199
27646 238
27647 267
27648 -124
27649 143
27650 -6
27651 37
27652 -128
27653 -59
27654 -82
27655 -185
27656 -106
27657 -183
27658 -88
27659 291
27660 30
27661 -191
27662 -276
27663 -111
27664 -102
27665 207
27666 44
27667 103
27668 -214
27669 -39
27670 -432
27671 209
27672 76
27673 115
27674 304
27675 -49
27676 -76
27677 77
27678 -256
27679 -37
27680 -144
27681 115
27682 -36
27683 161
27684 -18
27685 369
27686 116
27687 189
27688 64
27689 71
27690 88
27691 -179
27692 164
27693 -19
27694 136
27695 -65
27696 -100
27697 79
27698 10
27699 -21
27700 -62
27701 -391
27702 88
27703 103
27704 24
27705 275
27706 82
27707 227
27708 -470
27709 -159
27710 80
27711 -197
27712 -64
27713 -19
27714 14
27715 231
27716 210
27717 -3
27718 -56
27719 -39
27720 -154
27721 245
27722 166
27723 221
27724 334
27725 107
27726 116
27727 187
27728 -210
27729 -95
27730 232
27731 279
27732 -84
27733 87
27734 4
27735 185
27736 94
27737 -209
27738 220
27739 61
27740 32
27741 209
27742 92
27743 235
27744 -292
27745 75
27746 -72
27747 -145
27748 -296
27749 -133
27750 -210
27751 505
27752 20
27753 -27
27754 78
27755 55
27756 110
27757 -81
27758 148
27759 5
27760 84
27761 331
27762 210
27763 147
27764 -98
27765 -21
27766 292
27767 -11
27768 154
27769 -165
27770 -138
27771 -47
27772 -224
27773 475
27774 186
27775 -85
27776 112
27777 -37
27778 108
27779 -131
27780 -16
27781 -147
27782 -116
27783 145
27784 -142
27785 -135
27786 -166
27787 111
27788 22
27789 -51
27790 -102
27791 -299
27792 -104
27793 41
27794 200
27795 109
27796 184
27797 115
27798 80
27799 -177
27800 58
27801 135
27802 46
27803 -39
27804 -62
27805 -185
27806 2
27807 -179
27808 -12
27809 -75
27810 -250
27811 -89
27812 -120
27813 83
27814 -6
27815 -223
27816 -142
27817 -173
27818 -166
27819 401
27820 -86
27821 143
27822 -92
27823 107
27824 240
27825 -131
27826 -126
27827 -111
27828 166
27829 151
27830 306
27831 -261
27832 106
27833 263
27834 -174
27835 -3
27836 -98
27837 -111
27838 40
27839 -141
27840 172
27841 -387
27842 -34
27843 -269
27844 -40
27845 79
27846 -110
27847 11
27848 68
27849 -61
27850 -88
27851 101
27852 -40
27853 71
27854 198
27855 -95
27856 -32
27857 279
27858 56
27859 71
27860 24
27861 187
27862 -162
27863 29
27864 230
27865 -71
27866 -30
27867 15
27868 124
27869 -301
27870 -362
27871 223
27872 100
27873 115
27874 34
27875 23
27876 62
27877 23
27878 -230
27879 -243
27880 -232
27881 429
27882 434
27883 67
27884 110
27885 -479
27886 -112
27887 -83
27888 128
27889 -135
27890 84
27891 71
27892 -66
27893 -59
27894 -106
27895 -203
27896 400
27897 57
27898 30
27899 -13
27900 88
27901 29
27902 -230
27903 429
27904 -144
27905 -129
27906 -176
27907 -155
27908 110
27909 221
27910 -18
27911 285
27912 -132
27913 41
27914 -238
27915 103
27916 100
27917 43
27918 -48
27919 281
27920 90
27921 315
27922 84
27923 -299
27924 144
27925 47
27926 -60
27927 -347
27928 -128
27929 -101
27930 -62
27931 65
27932 132
27933 99
27934 134
27935 -55
27936 78
27937 -99
27938 64
27939 -141
27940 142
27941 -87
27942 86
27943 -521
27944 -62
27945 253
27946 -146
27947 -45
27948 -308
27949 -93
27950 -198
27951 241
27952 -156
27953 237
27954 -212
27955 -19
27956 -32
27957 -51
27958 68
27959 43
27960 208
27961 47
27962 46
27963 -101
27964 8
27965 41
27966 302
27967 105
27968 -64
27969 15
27970 478
27971 195
27972 -52
27973 -119
27974 -136
27975 -31
27976 -18
27977 101
27978 232
27979 -1
27980 2
27981 -181
27982 -38
27983 255
27984 12
27985 -21
27986 -174
27987 -137
27988 356
27989 -55
27990 -154
27991 -135
27992 140
27993 -449
27994 -388
27995 -103
27996 -10
27997 35
27998 264
27999 9
28000 228
28001 273
28002 -20
28003 13
28004 -74
28005 -69
28006 -174
28007 -39
28008 -274
28009 329
28010 -160
28011 81
28012 96
28013 241
28014 -312
28015 -353
28016 156
28017 159
28018 186
28019 -249
28020 118
28021 -145
28022 -70
28023 81
28024 510
28025 -157
28026 12
28027 -123
28028 -172
28029 -199
28030 224
28031 67
28032 20
28033 -215
28034 -70
28035 -3
28036 -98
28037 197
28038 46
28039 225
28040 54
28041 -175
28042 -168
28043 -325
28044 -246
28045 63
28046 298
28047 -355
28048 180
28049 -421
28050 254
28051 -43
28052 134
28053 -3
28054 -40
28055 157
28056 86
28057 143
28058 46
28059 333
28060 96
28061 131
28062 -28
28063 163
28064 -160
28065 -47
28066 180
28067 39
28068 120
28069 27
28070 -456
28071 163
28072 370
28073 159
28074 32
28075 -261
28076 -2
28077 -291
28078 -194
28079 73
28080 198
28081 -1
28082 156
28083 -235
28084 88
28085 125
28086 256
28087 -91
28088 -26
28089 -235
28090 -194
28091 -151
28092 -182
28093 -377
28094 -2
28095 -171
28096 210
28097 155
28098 -2
28099 141
28100 -192
28101 169
28102 28
28103 175
28104 -32
28105 95
28106 80
28107 -9
28108 -4
28109 -97
28110 42
28111 -87
28112 -202
28113 -39
28114 -16
28115 27
28116 -430
28117 -287
28118 -134
28119 -137
28120 56
28121 -115
28122 102
28123 -137
28124 -22
28125 135
28126 -156
28127 3
28128 22
28129 215
28130 120
28131 423
28132 -82
28133 -111
28134 -216
28135 -49
28136 214
28137 -329
28138 -218
28139 -207
28140 376
28141 -47
28142 102
28143 13
28144 -220
28145 -139
28146 80
28147 79
28148 46
28149 -107
28150 -202
28151 115
28152 -198
28153 -289
28154 56
28155 61
28156 174
28157 -103
28158 370
28159 -3
28160 -84
28161 -219
28162 -122
28163 145
28164 -70
28165 -41
28166 -174
28167 -291
28168 142
28169 189
28170 -214
28171 5
28172 -46
28173 309
28174 -30
28175 -133
28176 -44
28177 21
28178 -110
28179 -15
28180 -204
28181 277
28182 248
28183 -5
28184 104
28185 -159
28186 -162
28187 -295
28188 6
28189 73
28190 158
28191 399
28192 40
28193 -61
28194 86
28195 59
28196 -26
28197 -43
28198 106
28199 -159
28200 -126
28201 -107
28202 -96
28203 115
28204 -32
28205 47
28206 -34
28207 257
28208 -218
28209 3
28210 184
28211 307
28212 -6
28213 195
28214 152
28215 -91
28216 180
28217 -147
28218 148
28219 -169
28220 290
28221 -289
28222 74
28223 115
28224 -250
28225 -9
28226 -186
28227 193
28228 106
28229 -1
28230 -72
28231 75
28232 -20
28233 209
28234 14
28235 129
28236 -296
28237 -141
28238 -308
28239 17
28240 -54
28241 -69
28242 -48
28243 -83
28244 124
28245 167
28246 -80
28247 195
28248 -246
28249 69
28250 -12
28251 -109
28252 126
28253 -123
28254 -42
28255 33
28256 116
28257 -141
28258 22
28259 97
28260 -208
28261 43
28262 -144
28263 -265
28264 224
28265 63
28266 94
28267 163
28268 228
28269 -45
28270 150
28271 75
28272 -30
28273 235
28274 -188
28275 179
28276 114
28277 -317
28278 146
28279 -123
28280 -102
28281 49
28282 68
28283 -161
28284 130
28285 -123
28286 -276
28287 -153
28288 176
28289 -341
28290 270
28291 -23
28292 84
28293 -57
28294 -144
28295 -31
28296 -316
28297 -5
28298 -124
28299 -71
28300 -462
28301 165
28302 -144
28303 27
28304 114
28305 -47
28306 202
28307 83
28308 56
28309 -129
28310 -40
28311 -275
28312 28
28313 -199
28314 -386
28315 41
28316 290
28317 -15
28318 -130
28319 -295
28320 -46
28321 -243
28322 -150
28323 -267
28324 -238
28325 -185
28326 162
28327 307
28328 -4
28329 -175
28330 32
28331 171
28332 -306
28333 323
28334 264
28335 -103
28336 6
28337 221
28338 -50
28339 -19
28340 -438
28341 -111
28342 -22
28343 77
28344 116
28345 3
28346 -172
28347 73
28348 28
28349 1
28350 60
28351 89
28352 194
28353 71
28354 118
28355 209
28356 -28
28357 33
28358 6
28359 -135
28360 114
28361 -35
28362 56
28363 85
28364 -230
28365 -49
28366 184
28367 15
28368 -100
28369 -19
28370 474
28371 73
28372 218
28373 -207
28374 -222
28375 -37
28376 32
28377 155
28378 198
28379 41
28380 0
28381 63
28382 -28
28383 249
28384 -8
28385 -459
28386 -308
28387 157
28388 -172
28389 -315
28390 184
28391 87
28392 50
28393 -91
28394 -140
28395 -179
28396 316
28397 -159
28398 -28
28399 319
28400 -54
28401 313
28402 -88
28403 1
28404 -40
28405 257
28406 -114
28407 -85
28408 -66
28409 153
28410 -154
28411 -19
28412 -194
28413 49
28414 296
28415 47
28416 260
28417 11
28418 24
28419 125
28420 -102
28421 419
28422 270
28423 23
28424 -38
28425 -107
28426 -236
28427 -89
28428 -118
28429 -87
28430 -6
28431 243
28432 -76
28433 249
28434 -316
28435 45
28436 -30
28437 -131
28438 222
28439 -73
28440 -68
28441 181
28442 68
28443 -13
28444 128
28445 -7
28446 -170
28447 -133
28448 -360
28449 239
28450 -160
28451 237
28452 164
28453 211
28454 -186
28455 -77
28456 226
28457 31
28458 242
28459 203
28460 56
28461 107
28462 -8
28463 295
28464 -16
28465 149
28466 108
28467 65
28468 144
28469 283
28470 32
28471 33
28472 46
28473 -3
28474 0
28475 103
28476 2
28477 -241
28478 222
28479 17
28480 252
28481 -43
28482 64
28483 149
28484 -6
28485 527
28486 -80
28487 -195
28488 26
28489 -73
28490 -60
28491 -173
28492 -112
28493 -415
28494 -148
28495 85
28496 216
28497 -197
28498 -34
28499 -185
28500 12
28501 5
28502 -368
28503 -23
28504 -150
28505 -189
28506 4
28507 199
28508 140
28509 -277
28510 -218
28511 -115
28512 166
28513 21
28514 -54
28515 -77
28516 104
28517 111
28518 408
28519 -165
28520 -124
28521 203
28522 362
28523 145
28524 76
28525 -103
28526 282
28527 -23
28528 38
28529 -113
28530 22
28531 163
28532 256
28533 171
28534 88
28535 -91
28536 -34
28537 303
28538 146
28539 -93
28540 128
28541 109
28542 116
28543 -169
28544 -24
28545 -121
28546 192
28547 163
28548 126
28549 61
28550 -268
28551 -55
28552 114
28553 77
28554 -358
28555 79
28556 -82
28557 -97
28558 -414
28559 219
28560 86
28561 -151
28562 36
28563 111
28564 -104
28565 -175
28566 -150
28567 75
28568 -114
28569 187
28570 246
28571 -127
28572 14
28573 201
28574 0
28575 239
28576 296
28577 109
28578 -190
28579 -333
28580 -102
28581 -449
28582 128
28583 261
28584 190
28585 -143
28586 -156
28587 -35
28588 -16
28589 161
28590 -118
28591 -31
28592 -50
28593 -53
28594 -20
28595 103
28596 -122
28597 -19
28598 -104
28599 169
28600 -38
28601 125
28602 2
28603 9
28604 178
28605 -129
28606 -160
28607 135
28608 -36
28609 133
28610 26
28611 -197
28612 212
28613 -27
28614 -456
28615 23
28616 -84
28617 119
28618 76
28619 -261
28620 414
28621 -133
28622 -104
28623 -83
28624 74
28625 27
28626 318
28627 135
28628 190
28629 411
28630 42
28631 167
28632 110
28633 -31
28634 -70
28635 149
28636 110
28637 73
28638 -76
28639 21
28640 -58
28641 -13
28642 158
28643 -53
28644 316
28645 -185
28646 -222
28647 243
28648 -48
28649 -13
28650 44
28651 -159
28652 -164
28653 137
28654 0
28655 -93
28656 -16
28657 111
28658 -206
28659 11
28660 -98
28661 73
28662 198
28663 -15
28664 80
28665 -239
28666 -70
28667 115
28668 304
28669 119
28670 40
28671 67
28672 194
28673 389
28674 -246
28675 -59
28676 134
28677 -23
28678 -116
28679 315
28680 288
28681 167
28682 -32
28683 -279
28684 -6
28685 -23
28686 -18
28687 -53
28688 160
28689 -195
28690 110
28691 173
28692 -100
28693 -97
28694 126
28695 -137
28696 -116
28697 -421
28698 162
28699 45
28700 232
28701 361
28702 -78
28703 -119
28704 -118
28705 77
28706 76
28707 127
28708 -92
28709 -357
28710 36
28711 7
28712 140
28713 483
28714 234
28715 -269
28716 198
28717 -65
28718 -38
28719 -175
28720 14
28721 115
28722 202
28723 -167
28724 256
28725 67
28726 -174
28727 357
28728 -36
28729 103
28730 42
28731 131
28732 -228
28733 -375
28734 -264
28735 -43
28736 -58
28737 113
28738 -168
28739 -143
28740 -182
28741 -103
28742 4
28743 -27
28744 30
28745 177
28746 -54
28747 -25
28748 -28
28749 129
28750 94
28751 91
28752 332
28753 53
28754 -52
28755 19
28756 250
28757 -147
28758 -92
28759 131
28760 -94
28761 33
28762 -24
28763 13
28764 -160
28765 -57
28766 -294
28767 -195
28768 6
28769 59
28770 14
28771 -25
28772 224
28773 253
28774 -192
28775 -25
28776 46
28777 93
28778 178
28779 -39
28780 30
28781 53
28782 -232
28783 141
28784 -12
28785 173
28786 -142
28787 117
28788 -164
28789 277
28790 192
28791 149
28792 202
28793 249
28794 156
28795 -61
28796 -158
28797 -337
28798 96
28799 -167
28800 114
28801 -193
28802 72
28803 -61
28804 32
28805 -97
28806 44
28807 77
28808 -102
28809 35
28810 -90
28811 273
28812 310
28813 -197
28814 178
28815 -75
28816 -8
28817 -41
28818 178
28819 207
28820 192
28821 -69
28822 120
28823 93
28824 374
28825 9
28826 184
28827 -97
28828 328
28829 17
28830 -42
28831 159
28832 196
28833 -85
28834 -30
28835 -217
28836 202
28837 -23
28838 -74
28839 -213
28840 148
28841 -9
28842 -82
28843 -133
28844 190
28845 27
28846 144
28847 -161
28848 -48
28849 -99
28850 14
28851 -79
28852 164
28853 223
28854 -10
28855 167
28856 0
28857 -5
28858 128
28859 199
28860 -224
28861 63
28862 -100
28863 93
28864 244
28865 -57
28866 50
28867 165
28868 -298
28869 -125
28870 30
28871 -21
28872 156
28873 -275
28874 -80
28875 289
28876 6
28877 -101
28878 -110
28879 -37
28880 14
28881 93
28882 -202
28883 -227
28884 20
28885 11
28886 -340
28887 137
28888 110
28889 31
28890 238
28891 53
28892 76
28893 135
28894 196
28895 -131
28896 -50
28897 139
28898 -194
28899 87
28900 232
28901 -127
28902 -60
28903 31
28904 -58
28905 217
28906 82
28907 -7
28908 -22
28909 123
28910 280
28911 -203
28912 70
28913 -103
28914 -198
28915 -21
28916 -218
28917 149
28918 -170
28919 55
28920 66
28921 123
28922 4
28923 -139
28924 -258
28925 45
28926 20
28927 -155
28928 30
28929 -71
28930 -16
28931 -19
28932 68
28933 93
28934 106
28935 113
28936 200
28937 187
28938 54
28939 -91
28940 308
28941 -41
28942 90
28943 -59
28944 62
28945 -267
28946 -8
28947 -211
28948 -180
28949 99
28950 266
28951 -227
28952 -156
28953 -371
28954 60
28955 177
28956 -334
28957 227
28958 -310
28959 127
28960 142
28961 145
28962 88
28963 327
28964 -92
28965 -357
28966 58
28967 123
28968 -152
28969 101
28970 -24
28971 251
28972 168
28973 221
28974 64
28975 27
28976 80
28977 -227
28978 212
28979 181
28980 -238
28981 79
28982 -38
28983 -145
28984 -96
28985 -95
28986 -10
28987 35
28988 -88
28989 -161
28990 -394
28991 35
28992 -38
28993 -143
28994 58
28995 139
28996 -152
28997 177
28998 94
28999 -221
29000 444
29001 73
29002 258
29003 183
29004 126
29005 153
29006 266
29007 227
29008 -104
29009 -81
29010 60
29011 71
29012 302
29013 237
29014 102
29015 317
29016 54
29017 203
29018 140
29019 -117
29020 -100
29021 -89
29022 58
29023 -199
29024 -14
29025 23
29026 -138
29027 83
29028 104
29029 -13
29030 80
29031 -207
29032 -124
29033 113
29034 44
29035 -227
29036 10
29037 -231
29038 -324
29039 53
29040 -64
29041 59
29042 -286
29043 -343
29044 -104
29045 41
29046 -122
29047 -29
29048 6
29049 -31
29050 64
29051 -31
29052 -88
29053 217
29054 -122
29055 155
29056 -56
29057 -213
29058 -100
29059 -275
29060 -100
29061 147
29062 -272
29063 -15
29064 -270
29065 -129
29066 -82
29067 -151
29068 -142
29069 15
29070 160
29071 -73
29072 84
29073 233
29074 -68
29075 389
29076 234
29077 -71
29078 -248
29079 181
29080 -288
29081 -145
29082 -252
29083 71
29084 46
29085 59
29086 354
29087 -107
29088 44
29089 -177
29090 50
29091 19
29092 -316
29093 195
29094 -2
29095 -247
29096 -114
29097 -141
29098 -112
29099 -95
29100 -38
29101 15
29102 18
29103 157
29104 -6
29105 169
29106 136
29107 107
29108 -2
29109 -137
29110 -88
29111 -179
29112 -84
29113 -53
29114 66
29115 -125
29116 -46
29117 -19
29118 -176
29119 125
29120 172
29121 99
29122 64
29123 -165
29124 56
29125 -171
29126 -86
29127 -259
29128 90
29129 -89
29130 66
29131 161
29132 -264
29133 75
29134 -226
29135 117
29136 4
29137 273
29138 -28
29139 31
29140 -100
29141 117
29142 -98
29143 -89
29144 -256
29145 65
29146 62
29147 -241
29148 -112
29149 151
29150 -330
29151 357
29152 -42
29153 151
29154 50
29155 -3
29156 -104
29157 77
29158 -52
29159 -141
29160 404
29161 87
29162 -114
29163 85
29164 154
29165 -57
29166 -354
29167 -67
29168 -134
29169 279
29170 88
29171 -119
29172 98
29173 201
29174 42
29175 27
29176 156
29177 -107
29178 -140
29179 -57
29180 -60
29181 -131
29182 58
29183 125
29184 -96
29185 -169
29186 -142
29187 115
29188 -304
29189 -521
29190 44
29191 197
29192 14
29193 207
29194 198
29195 77
29196 116
29197 -47
29198 -210
29199 111
29200 134
29201 31
29202 -144
29203 165
29204 12
29205 -249
29206 62
29207 -275
29208 -80
29209 -125
29210 -260
29211 -265
29212 -52
29213 -45
29214 42
29215 -27
29216 58
29217 -99
29218 178
29219 81
29220 -84
29221 1
29222 244
29223 -107
29224 62
29225 277
29226 134
29227 -267
29228 -154
29229 211
29230 -74
29231 -127
29232 -276
29233 -223
29234 -50
29235 215
29236 -34
29237 -129
29238 -14
29239 229
29240 -210
29241 -63
29242 34
29243 -115
29244 -246
29245 79
29246 -122
29247 -69
29248 158
29249 157
29250 -168
29251 207
29252 104
29253 321
29254 -88
29255 -189
29256 -56
29257 83
29258 -388
29259 -45
29260 68
29261 -85
29262 240
29263 167
29264 106
29265 23
29266 112
29267 -137
29268 70
29269 -187
29270 -20
29271 231
29272 -282
29273 -29
29274 -44
29275 81
29276 100
29277 17
29278 -20
29279 79
29280 -82
29281 19
29282 76
29283 -9
29284 -106
29285 239
29286 254
29287 -75
29288 2
29289 103
29290 38
29291 -103
29292 -266
29293 25
29294 -114
29295 85
29296 542
29297 245
29298 128
29299 -131
29300 -280
29301 249
29302 -60
29303 -227
29304 16
29305 49
29306 -58
29307 323
29308 106
29309 -143
29310 -222
29311 -119
29312 -68
29313 -99
29314 12
29315 129
29316 -246
29317 507
29318 -26
29319 65
29320 -50
29321 409
29322 264
29323 161
29324 -192
29325 -157
29326 276
29327 163
29328 108
29329 93
29330 -62
29331 85
29332 -224
29333 -221
29334 98
29335 231
29336 220
29337 -219
29338 354
29339 -103
29340 -134
29341 77
29342 -226
29343 -209
29344 44
29345 -45
29346 -196
29347 169
29348 -286
29349 95
29350 -130
29351 -271
29352 -38
29353 -17
29354 232
29355 -1
29356 18
29357 -197
29358 60
29359 151
29360 -18
29361 -461
29362 -92
29363 141
29364 154
29365 137
29366 -110
29367 -171
29368 158
29369 -155
29370 16
29371 -149
29372 -18
29373 151
29374 144
29375 1
29376 -26
29377 367
29378 408
29379 295
29380 -252
29381 183
29382 -116
29383 -121
29384 12
29385 37
29386 -62
29387 -53
29388 -32
29389 -125
29390 -56
29391 -207
29392 -164
29393 -129
29394 2
29395 293
29396 280
29397 -1
29398 -50
29399 -55
29400 224
29401 105
29402 80
29403 89
29404 8
29405 -39
29406 54
29407 -99
29408 106
29409 -29
29410 64
29411 -159
29412 -46
29413 -225
29414 196
29415 -141
29416 258
29417 -3
29418 -42
29419 113
29420 384
29421 -57
29422 -318
29423 -55
29424 -122
29425 -211
29426 64
29427 -259
29428 88
29429 217
29430 -42
29431 269
29432 -158
29433 -1
29434 -146
29435 -57
29436 -34
29437 103
29438 -232
29439 -123
29440 112
29441 -143
29442 16
29443 69
29444 -282
29445 223
29446 -412
29447 169
29448 -102
29449 -29
29450 -280
29451 199
29452 -152
29453 -229
29454 200
29455 -359
29456 -396
29457 147
29458 104
29459 85
29460 144
29461 -69
29462 -264
29463 119
29464 -58
29465 -199
29466 98
29467 91
29468 -38
29469 -23
29470 58
29471 217
29472 -140
29473 -15
29474 -98
29475 161
29476 -22
29477 109
29478 -334
29479 175
29480 6
29481 -329
29482 266
29483 -87
29484 -108
29485 37
29486 -186
29487 -141
29488 -118
29489 13
29490 -114
29491 -183
29492 -32
29493 123
29494 160
29495 -103
29496 -6
29497 -3
29498 188
29499 75
29500 170
29501 37
29502 54
29503 91
29504 118
29505 95
29506 -32
29507 21
29508 -88
29509 -163
29510 40
29511 -81
29512 -110
29513 53
29514 -52
29515 171
29516 312
29517 -247
29518 -26
29519 -65
29520 228
29521 -7
29522 -54
29523 -165
29524 -132
29525 -349
29526 216
29527 -49
29528 70
29529 269
29530 38
29531 89
29532 68
29533 -9
29534 194
29535 -201
29536 -32
29537 -33
29538 112
29539 -15
29540 112
29541 61
29542 76
29543 -33
29544 -72
29545 -187
29546 -26
29547 -49
29548 110
29549 19
29550 44
29551 383
29552 60
29553 223
29554 -268
29555 -39
29556 230
29557 -173
29558 -110
29559 341
29560 -96
29561 -209
29562 -118
29563 -139
29564 248
29565 -111
29566 142
29567 -205
29568 158
29569 -89
29570 24
29571 -93
29572 -166
29573 -73
29574 260
29575 -237
29576 -50
29577 237
29578 90
29579 -177
29580 -182
29581 -95
29582 -48
29583 -115
29584 208
29585 -29
29586 48
29587 -87
29588 22
29589 -311
29590 26
29591 -221
29592 232
29593 101
29594 -216
29595 -27
29596 14
29597 129
29598 -166
29599 -59
29600 -122
29601 -27
29602 -76
29603 287
29604 -112
29605 -3
29606 312
29607 35
29608 176
29609 -35
29610 -34
29611 181
29612 426
29613 61
29614 72
29615 45
29616 -260
29617 53
29618 -78
29619 101
29620 18
29621 45
29622 68
29623 -99
29624 12
29625 153
29626 62
29627 -299
29628 -78
29629 -135
29630 -110
29631 91
29632 90
29633 123
29634 102
29635 -183
29636 96
29637 -107
29638 -8
29639 1
29640 -238
29641 -197
29642 10
29643 51
29644 -188
29645 -85
29646 30
29647 217
29648 -110
29649 169
29650 -76
29651 -105
29652 -8
29653 125
29654 106
29655 -11
29656 214
29657 205
29658 -96
29659 -153
29660 38
29661 7
29662 -14
29663 -215
29664 194
29665 133
29666 -158
29667 -269
29668 324
29669 -53
29670 -54
29671 105
29672 -324
29673 -17
29674 -102
29675 -89
29676 96
29677 279
29678 508
29679 45
29680 -240
29681 -71
29682 254
29683 105
29684 90
29685 -167
29686 -370
29687 -429
29688 -6
29689 119
29690 42
29691 -187
29692 -46
29693 227
29694 -332
29695 95
29696 -272
29697 -165
29698 -144
29699 45
29700 -36
29701 49
29702 50
29703 -127
29704 64
29705 47
29706 -36
29707 -137
29708 -182
29709 433
29710 80
29711 -131
29712 -244
29713 -167
29714 58
29715 -35
29716 -120
29717 117
29718 -140
29719 -439
29720 -30
29721 -111
29722 76
29723 -53
29724 512
29725 101
29726 172
29727 -133
29728 -102
29729 107
29730 -4
29731 115
29732 168
29733 -171
29734 36
29735 -201
29736 76
29737 5
29738 -98
29739 61
29740 -70
29741 49
29742 -220
29743 45
29744 2
29745 233
29746 60
29747 -177
29748 -200
29749 19
29750 8
29751 -131
29752 -40
29753 111
29754 48
29755 111
29756 94
29757 133
29758 -206
29759 -237
29760 0
29761 93
29762 -14
29763 -241
29764 138
29765 -179
29766 116
29767 -111
29768 32
29769 -355
29770 -124
29771 -229
29772 -232
29773 235
29774 -128
29775 61
29776 158
29777 309
29778 312
29779 5
29780 60
29781 157
29782 76
29783 95
29784 -44
29785 233
29786 236
29787 -241
29788 76
29789 145
29790 78
29791 -187
29792 312
29793 125
29794 -30
29795 139
29796 34
29797 -167
29798 -42
29799 109
29800 130
29801 -27
29802 82
29803 -145
29804 -280
29805 199
29806 -170
29807 -51
29808 -150
29809 121
29810 -356
29811 -23
29812 212
29813 85
29814 228
29815 -21
29816 4
29817 -33
29818 -48
29819 -155
29820 -292
29821 185
29822 -158
29823 209
29824 -308
29825 87
29826 160
29827 65
29828 72
29829 103
29830 -142
29831 -7
29832 -166
29833 171
29834 -136
29835 -95
29836 72
29837 -113
29838 -138
29839 3
29840 -346
29841 175
29842 102
29843 -95
29844 -262
29845 83
29846 -20
29847 -273
29848 -230
29849 255
29850 -60
29851 227
29852 -212
29853 211
29854 -116
29855 -67
29856 -54
29857 -303
29858 168
29859 25
29860 -454
29861 -259
29862 -140
29863 -37
29864 -132
29865 153
29866 -262
29867 -67
29868 -104
29869 81
29870 60
29871 -127
29872 -84
29873 107
29874 86
29875 -45
29876 122
29877 127
29878 -174
29879 15
29880 368
29881 -41
29882 20
29883 79
29884 166
29885 257
29886 -90
29887 -255
29888 228
29889 -59
29890 -44
29891 -131
29892 -150
29893 -243
29894 -168
29895 279
29896 -34
29897 -103
29898 -26
29899 -307
29900 60
29901 125
29902 378
29903 -51
29904 146
29905 -49
29906 -132
29907 153
29908 -50
29909 -123
29910 -64
29911 -53
29912 -128
29913 295
29914 86
29915 -129
29916 -258
29917 -19
29918 -40
29919 -147
29920 -308
29921 -137
29922 38
29923 437
29924 90
29925 73
29926 178
29927 477
29928 -264
29929 323
29930 -290
29931 -137
29932 182
29933 33
29934 -100
29935 -111
29936 18
29937 191
29938 -20
29939 71
29940 140
29941 147
29942 128
29943 -33
29944 144
29945 157
29946 74
29947 115
29948 -272
29949 -155
29950 164
29951 -145
29952 62
29953 -93
29954 -338
29955 -37
29956 -258
29957 45
29958 44
29959 -443
29960 -282
29961 -67
29962 104
29963 -25
29964 72
29965 87
29966 154
29967 105
29968 72
29969 -45
29970 -218
29971 83
29972 -112
29973 -131
29974 -50
29975 -313
29976 -36
29977 -187
29978 350
29979 -83
29980 -150
29981 57
29982 -122
29983 33
29984 -202
29985 -51
29986 -142
29987 279
29988 -194
29989 23
29990 -22
29991 -163
29992 82
29993 105
29994 186
29995 -67
29996 36
29997 177
29998 214
29999 73
30000 162
