2 0 0
3 0 -1
4 2 2
5 1 -1
6 2 0
7 1 -3
8 2 -2
9 1 -5
10 6 4
11 3 -3
12 4 -2
13 2 -7
14 4 -4
15 2 -9
16 12 10
17 6 -3
18 6 -4
19 14 11
20 9 0
21 9 -1
22 7 -6
23 12 3
24 10 -2
25 14 5
26 11 -2
27 11 -3
28 12 -2
29 17 7
30 13 -2
31 12 -5
32 13 -4
33 18 5
34 16 0
35 17 1
36 16 -2
37 15 -5
38 18 0
39 15 -7
40 22 6
41 14 -11
42 20 0
43 14 -13
44 26 10
45 18 -7
46 18 -8
47 34 23
48 23 0
49 23 -1
50 29 10
51 24 -1
52 26 2
53 18 -15
54 29 6
55 26 -1
56 23 -8
57 30 5
58 25 -6
59 34 11
60 29 0
61 30 1
62 25 -10
63 30 -1
64 27 -8
65 39 15
66 28 -8
67 30 -5
68 29 -8
69 40 13
70 39 10
71 28 -13
72 37 4
73 34 -3
74 37 2
75 46 19
76 32 -10
77 35 -5
78 38 0
79 35 -7
80 36 -6
81 37 -5
82 40 0
83 39 -3
84 45 8
85 47 11
86 46 8
87 43 1
88 45 4
89 43 -1
90 45 2
91 46 3
92 48 6
93 43 -5
94 48 4
95 43 -7
96 44 -6
97 50 5
98 45 -6
99 47 -3
100 44 -10
101 45 -9
102 50 0
103 42 -17
104 48 -6
105 40 -23
106 47 -10
107 58 11
108 51 -4
109 55 3
110 48 -12
111 54 -1
112 62 14
113 54 -3
114 53 -6
115 53 -7
116 53 -8
117 70 25
118 61 6
119 63 9
120 53 -12
121 61 3
122 62 4
123 62 3
124 59 -4
125 60 -3
126 66 8
127 57 -11
128 66 6
129 59 -9
130 68 8
131 62 -5
132 71 12
133 64 -3
134 67 2
135 66 -1
136 69 4
137 59 -17
138 65 -6
139 67 -3
140 71 4
141 71 3
142 73 6
143 66 -9
144 69 -4
145 58 -27
146 74 4
147 83 21
148 71 -4
149 82 17
150 72 -4
151 68 -13
152 70 -10
153 62 -27
154 84 16
155 67 -19
156 75 -4
157 70 -15
158 70 -16
159 83 9
160 75 -8
161 74 -11
162 77 -6
163 86 11
164 79 -4
165 85 7
166 79 -6
167 86 7
168 78 -10
169 92 17
170 89 10
171 82 -5
172 73 -24
173 99 27
174 81 -10
175 81 -11
176 102 30
177 89 3
178 88 0
179 87 -3
180 83 -12
181 90 1
182 83 -14
183 93 5
184 84 -14
185 95 7
186 83 -18
187 94 3
188 116 46
189 97 7
190 96 4
191 91 -7
192 101 12
193 86 -19
194 104 16
195 98 3
196 103 12
197 98 1
198 97 -2
199 107 17
200 99 0
201 115 31
202 96 -8
203 101 1
204 94 -14
205 105 7
206 96 -12
207 102 -1
208 104 2
209 93 -21
210 88 -32
211 96 -17
212 97 -16
213 94 -23
214 127 42
215 113 13
216 109 4
217 101 -13
218 101 -14
219 117 17
220 106 -6
221 113 7
222 105 -10
223 121 21
224 112 2
225 107 -9
226 126 28
227 109 -7
228 117 8
229 110 -7
230 120 12
231 118 7
232 121 12
233 113 -5
234 120 8
235 126 19
236 113 -8
237 119 3
238 125 14
239 110 -17
240 121 4
241 115 -9
242 119 -2
243 133 25
244 118 -6
245 115 -13
246 119 -6
247 130 15
248 130 14
249 117 -13
250 120 -8
251 125 1
252 130 10
253 132 13
254 121 -10
255 127 1
256 136 18
257 128 1
258 136 16
259 132 7
260 121 -16
261 130 1
262 135 10
263 134 7
264 137 12
265 127 -9
266 135 6
267 124 -17
268 128 -10
269 143 19
270 140 12
271 138 7
272 124 -22
273 126 -19
274 114 -44
275 145 17
276 143 12
277 140 5
278 124 -28
279 131 -15
280 139 0
281 121 -37
282 147 14
283 153 25
284 144 6
285 141 -1
286 144 4
287 143 1
288 139 -8
289 142 -3
290 157 26
291 160 31
292 139 -12
293 142 -7
294 149 6
295 148 3
296 141 -12
297 129 -37
298 134 -28
299 151 5
300 154 10
301 156 13
302 147 -6
303 145 -11
304 137 -28
305 149 -5
306 152 0
307 138 -29
308 155 4
309 147 -13
310 163 18
311 163 17
312 162 14
313 156 1
314 162 12
315 159 5
316 146 -22
317 152 -11
318 145 -26
319 145 -27
320 148 -22
321 161 3
322 160 0
323 159 -3
324 146 -30
325 166 9
326 168 12
327 163 1
328 172 18
329 167 7
330 158 -12
331 170 11
332 177 24
333 164 -3
334 165 -2
335 164 -5
336 166 -2
337 177 19
338 159 -18
339 153 -31
340 147 -44
341 182 25
342 180 20
343 162 -17
344 172 2
345 161 -21
346 153 -38
347 172 -1
348 155 -36
349 171 -5
350 188 28
351 171 -7
352 160 -30
353 175 -1
354 173 -6
355 183 13
356 203 52
357 180 5
358 177 -2
359 172 -13
360 174 -10
361 206 53
362 168 -24
363 184 7
364 192 22
365 181 -1
366 191 18
367 163 -39
368 187 8
369 194 21
370 174 -20
371 180 -9
372 182 -6
373 179 -13
374 189 6
375 185 -3
376 187 0
377 181 -13
378 185 -6
379 201 25
380 179 -20
381 202 25
382 194 8
383 190 -1
384 170 -42
385 185 -13
386 218 52
387 195 5
388 200 14
389 188 -11
390 172 -44
391 198 7
392 198 6
393 185 -21
394 203 14
395 192 -9
396 200 6
397 198 1
398 200 4
399 216 35
400 207 16
401 202 5
402 191 -18
403 192 -17
404 179 -44
405 209 15
406 209 14
407 196 -13
408 209 12
409 225 43
410 206 4
411 200 -9
412 233 56
413 212 13
414 216 20
415 201 -11
416 204 -6
417 202 -11
418 202 -12
419 221 25
420 220 22
421 205 -9
422 195 -30
423 217 13
424 193 -36
425 188 -47
426 190 -44
427 212 -1
428 197 -32
429 220 13
430 215 2
431 233 37
432 221 12
433 214 -3
434 218 4
435 199 -35
436 242 50
437 206 -23
438 225 14
439 206 -25
440 228 18
441 218 -3
442 214 -12
443 222 3
444 225 8
445 229 15
446 198 -48
447 226 7
448 221 -4
449 229 11
450 216 -16
451 215 -19
452 224 -2
453 220 -11
454 214 -24
455 242 31
456 225 -4
457 205 -45
458 258 60
459 228 -1
460 219 -20
461 204 -51
462 234 8
463 220 -21
464 227 -8
465 230 -3
466 251 38
467 243 21
468 234 2
469 223 -21
470 252 36
471 236 3
472 233 -4
473 221 -29
474 239 6
475 214 -45
476 229 -16
477 245 15
478 252 28
479 234 -9
480 219 -40
481 235 -9
482 242 4
483 241 1
484 244 6
485 248 13
486 240 -4
487 236 -13
488 264 42
489 239 -9
490 235 -18
491 249 9
492 251 12
493 233 -25
494 246 0
495 269 45
496 274 54
497 250 5
498 250 4
499 240 -17
500 250 2
501 244 -11
502 240 -20
503 259 17
504 259 16
505 248 -7
506 258 12
507 255 5
508 256 6
509 254 1
510 262 16
511 269 29
512 243 -24
513 257 3
514 262 12
515 234 -45
516 273 32
517 254 -7
518 259 2
519 269 21
520 262 6
521 271 23
522 261 2
523 248 -25
524 250 -22
525 254 -15
526 261 -2
527 270 15
528 268 10
529 249 -29
530 254 -20
531 278 27
532 252 -26
533 279 27
534 264 -4
535 279 25
536 242 -50
537 259 -17
538 274 12
539 244 -49
540 284 30
541 267 -5
542 273 6
543 274 7
544 272 2
545 283 23
546 263 -18
547 282 19
548 273 0
549 280 13
550 284 20
551 275 1
552 283 16
553 285 19
554 270 -12
555 270 -13
556 276 -2
557 292 29
558 268 -20
559 268 -21
560 283 8
561 278 -3
562 269 -22
563 288 15
564 265 -32
565 283 3
566 258 -48
567 304 43
568 297 28
569 284 1
570 293 18
571 268 -33
572 274 -22
573 298 25
574 314 56
575 277 -19
576 290 6
577 288 1
578 294 12
579 272 -33
580 293 8
581 273 -33
582 304 28
583 282 -17
584 284 -14
585 284 -15
586 299 14
587 288 -9
588 280 -26
589 309 31
590 288 -12
591 276 -37
592 262 -66
593 284 -23
594 327 62
595 279 -35
596 283 -28
597 287 -21
598 292 -12
599 287 -23
600 303 8
601 284 -31
602 298 -4
603 282 -37
604 299 -4
605 307 11
606 293 -18
607 307 9
608 345 84
609 304 1
610 316 24
611 302 -5
612 314 18
613 290 -31
614 298 -16
615 325 37
616 316 18
617 311 7
618 285 -46
619 330 43
620 304 -10
621 317 15
622 325 30
623 321 21
624 307 -8
625 285 -53
626 311 -2
627 300 -25
628 312 -2
629 313 -1
630 324 20
631 324 19
632 311 -8
633 299 -33
634 311 -10
635 328 23
636 347 60
637 300 -35
638 306 -24
639 324 11
640 307 -24
641 317 -5
642 330 20
643 320 -1
644 313 -16
645 329 15
646 314 -16
647 308 -29
648 341 36
649 320 -7
650 330 12
651 332 15
652 307 -36
653 326 1
654 306 -40
655 325 -3
656 300 -54
657 340 25
658 311 -34
659 352 47
660 339 20
661 327 -5
662 314 -32
663 357 53
664 320 -22
665 326 -11
666 323 -18
667 348 31
668 323 -20
669 338 9
670 337 6
671 323 -23
672 322 -26
673 332 -7
674 351 30
675 333 -7
676 322 -30
677 326 -23
678 338 0
679 313 -51
680 337 -4
681 319 -41
682 354 28
683 333 -15
684 315 -52
685 351 19
686 320 -44
687 338 -9
688 345 4
689 352 17
690 358 28
691 349 9
692 347 4
693 366 41
694 351 10
695 343 -7
696 339 -16
697 377 59
698 354 12
699 340 -17
700 362 26
701 353 7
702 347 -6
703 342 -17
704 351 0
705 354 5
706 354 4
707 333 -39
708 370 34
709 360 13
710 346 -16
711 342 -25
712 359 8
713 353 -5
714 376 40
715 361 9
716 344 -26
717 355 -5
718 350 -16
719 368 19
720 370 22
721 340 -39
722 376 32
723 345 -31
724 345 -32
725 392 61
726 345 -34
727 350 -25
728 361 -4
729 363 -1
730 366 4
731 362 -5
732 376 22
733 382 33
734 355 -22
735 372 11
736 365 -4
737 379 23
738 377 18
739 377 17
740 372 6
741 355 -29
742 373 6
743 373 5
744 376 10
745 361 -21
746 385 26
747 372 -1
748 366 -14
749 351 -45
750 385 22
751 367 -15
752 373 -4
753 371 -9
754 370 -12
755 392 31
756 387 20
757 378 1
758 388 20
759 377 -3
760 377 -4
761 382 5
762 373 -14
763 340 -81
764 368 -26
765 385 7
766 372 -20
767 384 3
768 349 -68
769 393 19
770 436 104
771 374 -21
772 363 -44
773 371 -29
774 394 16
775 357 -59
776 386 -2
777 371 -33
778 405 34
779 401 25
780 409 40
781 390 1
782 379 -22
783 405 29
784 388 -6
785 399 15
786 387 -10
787 399 13
788 420 54
789 372 -43
790 397 6
791 416 43
792 387 -16
793 406 21
794 384 -24
795 415 37
796 401 8
797 393 -9
798 398 0
799 399 1
800 391 -16
801 415 31
802 403 6
803 408 15
804 410 18
805 410 17
806 384 -36
807 433 61
808 408 10
809 417 27
810 402 -4
811 404 -1
812 402 -6
813 415 19
814 408 4
815 402 -9
816 414 14
817 403 -9
818 421 26
819 412 7
820 404 -10
821 375 -69
822 428 36
823 398 -25
824 433 44
825 381 -61
826 420 16
827 401 -23
828 415 4
829 413 -1
830 392 -44
831 414 -1
832 428 26
833 419 7
834 401 -30
835 416 -1
836 414 -6
837 413 -9
838 405 -26
839 411 -15
840 447 56
841 424 9
842 425 10
843 428 15
844 418 -6
845 435 27
846 412 -20
847 417 -11
848 428 10
849 424 1
850 448 48
851 437 25
852 399 -52
853 416 -19
854 438 24
855 413 -27
856 426 -2
857 418 -19
858 424 -8
859 438 19
860 433 8
861 432 5
862 416 -28
863 426 -9
864 415 -32
865 445 27
866 434 4
867 425 -15
868 427 -12
869 437 7
870 412 -44
871 442 15
872 442 14
873 440 9
874 446 20
875 413 -47
876 444 14
877 459 43
878 410 -56
879 460 43
880 441 4
881 435 -9
882 452 24
883 456 31
884 434 -14
885 457 31
886 415 -54
887 442 -1
888 443 0
889 406 -75
890 434 -20
891 441 -7
892 445 0
893 464 37
894 458 24
895 452 11
896 446 -2
897 460 25
898 459 22
899 420 -57
900 456 14
901 444 -11
902 472 44
903 435 -31
904 442 -18
905 471 39
906 468 32
907 446 -13
908 463 20
909 463 19
910 448 -12
911 451 -7
912 448 -14
913 448 -15
914 458 4
915 476 39
916 437 -40
917 455 -5
918 439 -38
919 445 -27
920 462 6
921 435 -49
922 475 30
923 447 -27
924 461 0
925 465 7
926 462 0
927 476 27
928 457 -12
929 461 -5
930 478 28
931 452 -25
932 446 -38
933 462 -7
934 509 86
935 438 -57
936 450 -34
937 458 -19
938 467 -2
939 493 49
940 472 6
941 475 11
942 455 -30
943 464 -13
944 463 -16
945 483 23
946 476 8
947 462 -21
948 466 -14
949 486 25
950 462 -24
951 446 -57
952 450 -50
953 482 13
954 487 22
955 494 35
956 485 16
957 477 -1
958 459 -38
959 490 23
960 498 38
961 482 5
962 436 -88
963 462 -37
964 505 48
965 483 3
966 497 30
967 484 3
968 470 -26
969 493 19
970 467 -34
971 484 -1
972 513 56
973 466 -39
974 489 6
975 519 65
976 497 20
977 481 -13
978 475 -26
979 498 19
980 499 20
981 477 -25
982 510 40
983 484 -13
984 482 -18
985 516 49
986 496 8
987 466 -53
988 473 -40
989 517 47
990 476 -36
991 499 9
992 492 -6
993 502 13
994 493 -6
995 502 11
996 485 -24
997 511 27
998 505 14
999 492 -13
1000 500 2
1001 498 -3
1002 511 22
1003 524 47
1004 465 -72
1005 510 17
1006 496 -12
1007 512 19
1008 515 24
1009 516 25
1010 483 -42
1011 504 -1
1012 492 -26
1013 496 -19
1014 536 60
1015 524 35
1016 519 24
1017 480 -55
1018 521 26
1019 497 -23
1020 517 16
1021 475 -69
1022 514 8
1023 506 -9
1024 502 -18
1025 497 -29
1026 508 -8
1027 525 25
1028 520 14
1029 551 75
1030 520 12
1031 488 -53
1032 507 -16
1033 523 15
1034 518 4
1035 551 69
1036 519 4
1037 528 21
1038 500 -36
1039 518 -1
1040 518 -2
1041 509 -21
1042 507 -26
1043 522 3
1044 528 14
1045 499 -45
1046 492 -60
1047 522 -1
1048 516 -14
1049 556 65
1050 532 16
1051 500 -49
1052 523 -4
1053 508 -35
1054 521 -10
1055 549 45
1056 538 22
1057 531 7
1058 506 -44
1059 534 11
1060 517 -24
1061 548 37
1062 522 -16
1063 547 33
1064 548 34
1065 530 -3
1066 532 0
1067 544 23
1068 515 -36
1069 537 7
1070 537 6
1071 519 -31
1072 532 -6
1073 531 -9
1074 552 32
1075 543 13
1076 550 26
1077 525 -25
1078 554 32
1079 543 9
1080 531 -16
1081 537 -5
1082 554 28
1083 557 33
1084 549 16
1085 515 -53
1086 565 46
1087 535 -15
1088 549 12
1089 532 -23
1090 561 34
1091 520 -49
1092 545 0
1093 533 -25
1094 580 68
1095 566 39
1096 545 -4
1097 567 39
1098 543 -10
1099 554 11
1100 563 28
1101 565 31
1102 535 -30
1103 580 59
1104 531 -40
1105 520 -63
1106 552 0
1107 559 13
1108 531 -44
1109 561 15
1110 561 14
1111 543 -23
1112 545 -20
1113 552 -7
1114 542 -28
1115 542 -29
1116 541 -32
1117 539 -37
1118 530 -56
1119 528 -61
1120 575 32
1121 548 -23
1122 557 -6
1123 540 -41
1124 578 34
1125 542 -39
1126 554 -16
1127 551 -23
1128 565 4
1129 566 5
1130 573 18
1131 582 35
1132 564 -2
1133 586 41
1134 565 -2
1135 554 -25
1136 575 16
1137 579 23
1138 577 18
1139 584 31
1140 599 60
1141 587 35
1142 567 -6
1143 602 63
1144 586 30
1145 566 -11
1146 583 22
1147 555 -35
1148 561 -24
1149 578 9
1150 576 4
1151 588 27
1152 595 40
1153 584 17
1154 593 34
1155 608 63
1156 579 4
1157 573 -9
1158 584 12
1159 567 -23
1160 587 16
1161 576 -7
1162 562 -36
1163 574 -13
1164 584 6
1165 576 -11
1166 588 12
1167 557 -51
1168 597 28
1169 593 19
1170 556 -56
1171 578 -13
1172 595 20
1173 590 9
1174 580 -12
1175 583 -7
1176 587 0
1177 582 -11
1178 587 -2
1179 569 -39
1180 613 48
1181 618 57
1182 596 12
1183 568 -45
1184 605 28
1185 586 -11
1186 620 56
1187 582 -21
1188 585 -16
1189 567 -53
1190 570 -48
1191 593 -3
1192 592 -6
1193 598 5
1194 611 30
1195 594 -5
1196 604 14
1197 606 17
1198 559 -78
1199 628 59
1200 584 -30
1201 616 33
1202 621 42
1203 601 1
1204 607 12
1205 628 53
1206 624 44
1207 604 3
1208 616 26
1209 621 35
1210 583 -42
1211 557 -95
1212 623 36
1213 597 -17
1214 599 -14
1215 626 39
1216 594 -26
1217 582 -51
1218 601 -14
1219 574 -69
1220 619 20
1221 591 -37
1222 592 -36
1223 615 9
1224 615 8
1225 605 -13
1226 619 14
1227 600 -25
1228 612 -2
1229 629 31
1230 611 -6
1231 617 5
1232 630 30
1233 616 1
1234 654 76
1235 631 29
1236 600 -34
1237 635 35
1238 595 -46
1239 637 37
1240 614 -10
1241 606 -27
1242 597 -46
1243 620 -1
1244 628 14
1245 608 -27
1246 629 14
1247 659 73
1248 627 8
1249 641 35
1250 626 4
1251 644 39
1252 623 -4
1253 644 37
1254 626 0
1255 645 37
1256 621 -12
1257 625 -5
1258 606 -44
1259 623 -11
1260 603 -52
1261 633 7
1262 623 -14
1263 620 -21
1264 635 8
1265 621 -21
1266 623 -18
1267 605 -55
1268 629 -8
1269 633 -1
1270 651 34
1271 618 -33
1272 652 34
1273 620 -31
1274 667 62
1275 673 73
1276 641 8
1277 627 -21
1278 645 14
1279 632 -13
1280 623 -32
1281 601 -77
1282 647 14
1283 634 -13
1284 617 -48
1285 621 -41
1286 636 -12
1287 624 -37
1288 650 14
1289 663 39
1290 619 -50
1291 672 55
1292 657 24
1293 654 17
1294 646 0
1295 673 53
1296 668 42
1297 661 27
1298 630 -36
1299 653 9
1300 646 -6
1301 643 -13
1302 667 34
1303 636 -29
1304 658 14
1305 680 57
1306 653 2
1307 634 -37
1308 670 34
1309 654 1
1310 654 0
1311 680 51
1312 693 76
1313 656 1
1314 668 24
1315 666 19
1316 658 2
1317 652 -11
1318 649 -18
1319 633 -51
1320 645 -28
1321 662 5
1322 675 30
1323 670 19
1324 677 32
1325 652 -19
1326 674 24
1327 664 3
1328 674 22
1329 667 7
1330 659 -10
1331 654 -21
1332 684 38
1333 667 3
1334 676 20
1335 672 11
1336 675 16
1337 678 21
1338 680 24
1339 669 1
1340 692 46
1341 666 -7
1342 681 22
1343 658 -25
1344 694 46
1345 640 -63
1346 704 64
1347 691 37
1348 667 -12
1349 661 -25
1350 681 14
1351 697 45
1352 685 20
1353 675 -1
1354 657 -38
1355 673 -7
1356 694 34
1357 723 91
1358 693 30
1359 672 -13
1360 661 -36
1361 681 3
1362 672 -16
1363 684 7
1364 680 -2
1365 680 -3
1366 672 -20
1367 665 -35
1368 665 -36
1369 693 19
1370 699 30
1371 696 23
1372 712 54
1373 691 11
1374 700 28
1375 689 5
1376 697 20
1377 668 -39
1378 670 -36
1379 706 35
1380 693 8
1381 662 -55
1382 725 70
1383 674 -33
1384 710 38
1385 706 29
1386 732 80
1387 667 -51
1388 673 -40
1389 712 37
1390 697 6
1391 690 -9
1392 695 0
1393 706 21
1394 717 42
1395 697 1
1396 703 12
1397 693 -9
1398 709 22
1399 695 -7
1400 719 40
1401 685 -29
1402 704 8
1403 760 119
1404 698 -6
1405 698 -7
1406 711 18
1407 719 33
1408 700 -6
1409 668 -71
1410 702 -4
1411 703 -3
1412 705 0
1413 682 -47
1414 707 2
1415 721 29
1416 734 54
1417 690 -35
1418 700 -16
1419 679 -59
1420 703 -12
1421 701 -17
1422 714 8
1423 687 -47
1424 739 56
1425 673 -77
1426 738 52
1427 687 -51
1428 711 -4
1429 743 59
1430 676 -76
1431 684 -61
1432 685 -60
1433 732 33
1434 685 -62
1435 721 9
1436 718 2
1437 729 23
1438 682 -72
1439 727 17
1440 683 -72
1441 716 -7
1442 719 -2
1443 690 -61
1444 741 40
1445 702 -39
1446 721 -2
1447 713 -19
1448 669 -108
1449 743 39
1450 698 -52
1451 747 45
1452 714 -22
1453 728 5
1454 689 -74
1455 747 41
1456 710 -34
1457 751 47
1458 769 82
1459 741 25
1460 746 34
1461 699 -61
1462 746 32
1463 757 53
1464 689 -84
1465 753 43
1466 739 14
1467 739 13
1468 741 16
1469 750 33
1470 723 -22
1471 720 -29
1472 744 18
1473 715 -41
1474 726 -20
1475 717 -39
1476 748 22
1477 775 75
1478 730 -16
1479 754 31
1480 754 30
1481 767 55
1482 737 -6
1483 754 27
1484 769 56
1485 731 -21
1486 713 -58
1487 738 -9
1488 745 4
1489 727 -33
1490 752 16
1491 772 55
1492 745 0
1493 732 -27
1494 742 -8
1495 764 35
1496 721 -52
1497 793 91
1498 730 -36
1499 773 49
1500 774 50
1501 751 3
1502 762 24
1503 746 -9
1504 733 -36
1505 765 27
1506 745 -14
1507 764 23
1508 786 66
1509 746 -15
1510 734 -40
1511 775 41
1512 762 14
1513 754 -3
1514 698 -116
1515 764 15
1516 727 -60
1517 790 65
1518 744 -28
1519 790 63
1520 731 -56
1521 809 99
1522 749 -22
1523 752 -17
1524 768 14
1525 743 -37
1526 768 12
1527 739 -47
1528 783 40
1529 756 -15
1530 793 58
1531 768 7
1532 762 -6
1533 782 33
1534 730 -72
1535 743 -47
1536 759 -16
1537 784 33
1538 763 -10
1539 781 25
1540 796 54
1541 724 -91
1542 760 -20
1543 767 -7
1544 804 66
1545 782 21
1546 786 28
1547 786 27
1548 746 -54
1549 773 -1
1550 759 -30
1551 767 -15
1552 790 30
1553 759 -33
1554 810 68
1555 768 -17
1556 785 16
1557 768 -19
1558 794 32
1559 797 37
1560 788 18
1561 784 9
1562 791 22
1563 765 -31
1564 800 38
1565 779 -5
1566 781 -2
1567 787 9
1568 772 -22
1569 805 43
1570 767 -34
1571 792 15
1572 782 -6
1573 786 1
1574 791 10
1575 767 -39
1576 785 -4
1577 789 3
1578 807 38
1579 808 39
1580 778 -22
1581 794 9
1582 798 16
1583 768 -45
1584 769 -44
1585 790 -3
1586 782 -20
1587 779 -27
1588 793 0
1589 794 1
1590 793 -2
1591 771 -47
1592 783 -24
1593 810 29
1594 788 -16
1595 794 -5
1596 810 26
1597 800 5
1598 809 22
1599 744 -109
1600 785 -28
1601 795 -9
1602 788 -24
1603 781 -39
1604 809 16
1605 790 -23
1606 794 -16
1607 824 43
1608 798 -10
1609 793 -21
1610 799 -10
1611 809 9
1612 822 34
1613 800 -11
1614 793 -26
1615 820 27
1616 800 -14
1617 840 65
1618 824 32
1619 819 21
1620 811 4
1621 774 -71
1622 795 -30
1623 822 23
1624 806 -10
1625 778 -67
1626 788 -48
1627 823 21
1628 811 -4
1629 820 13
1630 821 14
1631 778 -73
1632 825 20
1633 809 -13
1634 837 42
1635 830 27
1636 829 24
1637 804 -27
1638 822 8
1639 808 -21
1640 822 6
1641 821 3
1642 830 20
1643 806 -29
1644 837 32
1645 802 -39
1646 801 -42
1647 772 -101
1648 797 -52
1649 851 55
1650 838 28
1651 823 -3
1652 787 -76
1653 828 5
1654 838 24
1655 820 -13
1656 808 -38
1657 812 -31
1658 823 -10
1659 792 -73
1660 837 16
1661 809 -41
1662 821 -18
1663 820 -21
1664 835 8
1665 841 19
1666 824 -16
1667 815 -35
1668 861 56
1669 843 19
1670 849 30
1671 828 -13
1672 842 14
1673 831 -9
1674 850 28
1675 845 17
1676 842 10
1677 811 -53
1678 870 64
1679 792 -93
1680 805 -68
1681 848 17
1682 824 -32
1683 859 37
1684 826 -30
1685 862 41
1686 877 70
1687 824 -37
1688 830 -26
1689 868 49
1690 885 82
1691 824 -41
1692 880 70
1693 887 83
1694 844 -4
1695 835 -23
1696 858 22
1697 845 -5
1698 849 2
1699 848 -1
1700 851 4
1701 847 -5
1702 867 34
1703 844 -13
1704 866 30
1705 826 -51
1706 850 -4
1707 854 3
1708 835 -36
1709 850 -7
1710 873 38
1711 888 67
1712 883 56
1713 866 21
1714 878 44
1715 894 75
1716 871 28
1717 882 49
1718 884 52
1719 848 -21
1720 828 -62
1721 884 49
1722 883 46
1723 878 35
1724 878 34
1725 842 -39
1726 876 28
1727 869 13
1728 842 -42
1729 846 -35
1730 847 -34
1731 871 13
1732 898 66
1733 882 33
1734 868 4
1735 874 15
1736 904 74
1737 874 13
1738 881 26
1739 893 49
1740 827 -84
1741 862 -15
1742 883 26
1743 878 15
1744 898 54
1745 864 -15
1746 862 -20
1747 882 19
1748 874 2
1749 863 -21
1750 903 58
1751 905 61
1752 905 60
1753 832 -87
1754 884 16
1755 899 45
1756 875 -4
1757 848 -59
1758 869 -18
1759 852 -53
1760 895 32
1761 873 -13
1762 907 54
1763 896 31
1764 839 -84
1765 870 -23
1766 857 -50
1767 861 -43
1768 866 -34
1769 873 -21
1770 881 -6
1771 890 11
1772 862 -46
1773 901 31
1774 917 62
1775 923 73
1776 922 70
1777 899 23
1778 904 32
1779 889 1
1780 892 6
1781 902 25
1782 892 4
1783 916 51
1784 885 -12
1785 886 -11
1786 885 -14
1787 880 -25
1788 869 -48
1789 921 55
1790 917 46
1791 892 -5
1792 902 14
1793 902 13
1794 922 52
1795 879 -35
1796 889 -16
1797 901 7
1798 895 -6
1799 911 25
1800 871 -56
1801 904 9
1802 920 40
1803 898 -5
1804 891 -20
1805 883 -37
1806 912 20
1807 919 33
1808 922 38
1809 890 -27
1810 910 12
1811 906 3
1812 889 -32
1813 887 -37
1814 922 32
1815 901 -11
1816 893 -28
1817 927 39
1818 919 22
1819 916 15
1820 901 -16
1821 918 17
1822 926 32
1823 887 -47
1824 901 -20
1825 933 43
1826 942 60
1827 905 -15
1828 887 -52
1829 912 -3
1830 898 -32
1831 904 -21
1832 936 42
1833 902 -27
1834 897 -38
1835 888 -57
1836 936 38
1837 930 25
1838 934 32
1839 971 105
1840 910 -18
1841 957 75
1842 894 -52
1843 947 53
1844 899 -44
1845 946 49
1846 889 -66
1847 915 -15
1848 983 120
1849 910 -27
1850 895 -58
1851 932 15
1852 897 -56
1853 929 7
1854 913 -26
1855 923 -7
1856 924 -6
1857 944 33
1858 926 -4
1859 901 -55
1860 970 82
1861 929 -1
1862 941 22
1863 941 21
1864 926 -10
1865 924 -15
1866 936 8
1867 876 -113
1868 964 62
1869 919 -29
1870 903 -62
1871 959 49
1872 963 56
1873 943 15
1874 954 36
1875 890 -93
1876 954 34
1877 938 1
1878 968 60
1879 899 -79
1880 933 -12
1881 917 -45
1882 972 64
1883 963 45
1884 938 -6
1885 937 -9
1886 964 44
1887 942 -1
1888 964 42
1889 939 -9
1890 942 -4
1891 973 57
1892 906 -78
1893 965 39
1894 954 16
1895 944 -5
1896 954 14
1897 920 -55
1898 933 -30
1899 955 13
1900 929 -40
1901 924 -51
1902 915 -70
1903 947 -7
1904 972 42
1905 937 -29
1906 950 -4
1907 917 -71
1908 977 48
1909 960 13
1910 973 38
1911 965 21
1912 973 36
1913 945 -21
1914 975 38
1915 961 9
1916 986 58
1917 955 -5
1918 969 22
1919 949 -19
1920 944 -30
1921 963 7
1922 974 28
1923 925 -71
1924 947 -28
1925 960 -3
1926 959 -6
1927 978 31
1928 963 0
1929 968 9
1930 959 -10
1931 980 31
1932 934 -62
1933 951 -29
1934 957 -18
1935 946 -41
1936 956 -22
1937 972 9
1938 957 -22
1939 937 -63
1940 951 -36
1941 944 -51
1942 945 -50
1943 953 -35
1944 964 -14
1945 975 7
1946 960 -24
1947 963 -19
1948 992 38
1949 980 13
1950 955 -38
1951 961 -27
1952 979 8
1953 1017 83
1954 957 -38
1955 1013 73
1956 999 44
1957 1007 59
1958 960 -36
1959 962 -33
1960 982 6
1961 975 -9
1962 992 24
1963 1005 49
1964 1014 66
1965 996 29
1966 1005 46
1967 967 -31
1968 998 30
1969 953 -61
1970 951 -66
1971 1028 87
1972 1004 38
1973 974 -23
1974 1002 32
1975 992 11
1976 986 -2
1977 976 -23
1978 945 -86
1979 989 1
1980 986 -6
1981 1006 33
1982 961 -58
1983 936 -109
1984 973 -36
1985 1000 17
1986 983 -18
1987 973 -39
1988 972 -42
1989 1008 29
1990 1020 52
1991 1013 37
1992 983 -24
1993 1007 23
1994 1039 86
1995 968 -57
1996 1019 44
1997 1032 69
1998 1011 26
1999 1005 13
2000 995 -8
2001 1051 103
2002 1012 24
2003 1005 9
2004 997 -8
2005 989 -25
2006 1003 2
2007 995 -15
2008 998 -10
2009 979 -49
2010 978 -52
2011 1003 -3
2012 996 -18
2013 960 -91
2014 1014 16
2015 1000 -13
2016 1012 10
2017 1036 57
2018 1016 16
2019 1038 59
2020 1037 56
2021 974 -71
2022 1037 54
2023 1019 17
2024 1010 -2
2025 1011 -1
2026 1007 -10
2027 1018 11
2028 1022 18
2029 1017 7
2030 1006 -16
2031 1000 -29
2032 989 -52
2033 1025 19
2034 1018 4
2035 965 -103
2036 989 -56
2037 1044 53
2038 993 -50
2039 1019 1
2040 1031 24
2041 979 -81
2042 1040 40
2043 1047 53
2044 988 -66
2045 1023 3
2046 985 -74
2047 1015 -15
2048 1003 -40
2049 994 -59
2050 982 -84
2051 1037 25
2052 1014 -22
2053 996 -59
2054 1054 56
2055 1024 -5
2056 1000 -54
2057 1037 19
2058 1018 -20
2059 1046 35
2060 1025 -8
2061 1074 89
2062 1013 -34
2063 1018 -25
2064 1010 -42
2065 1033 3
2066 1043 22
2067 1073 81
2068 1016 -34
2069 1038 9
2070 1021 -26
2071 1032 -5
2072 1035 0
2073 1043 15
2074 1058 44
2075 1048 23
2076 1007 -60
2077 1026 -23
2078 1029 -18
2079 1062 47
2080 1064 50
2081 1054 29
2082 1066 52
2083 1069 57
2084 1037 -8
2085 1059 35
2086 1019 -46
2087 1041 -3
2088 1047 8
2089 1054 21
2090 1040 -8
2091 1069 49
2092 1034 -22
2093 1034 -23
2094 1008 -76
2095 1015 -63
2096 1044 -6
2097 1052 9
2098 1042 -12
2099 1017 -63
2100 1065 32
2101 1006 -87
2102 1050 0
2103 1024 -53
2104 1045 -12
2105 1067 31
2106 1062 20
2107 1002 -101
2108 1091 76
2109 1113 119
2110 1068 28
2111 1064 19
2112 1029 -52
2113 1098 85
2114 1023 -66
2115 1067 21
2116 1055 -4
2117 1035 -45
2118 1035 -46
2119 1055 -7
2120 1050 -18
2121 1038 -43
2122 1041 -38
2123 1063 5
2124 1037 -48
2125 1046 -31
2126 1091 58
2127 1061 -3
2128 1023 -80
2129 1068 9
2130 1060 -8
2131 1106 83
2132 1076 22
2133 1051 -29
2134 1113 94
2135 1059 -15
2136 1029 -76
2137 1101 67
2138 1055 -26
2139 1098 59
2140 1043 -52
2141 1077 15
2142 1078 16
2143 1102 63
2144 1104 66
2145 1111 79
2146 1049 -46
2147 1075 5
2148 1089 32
2149 1048 -51
2150 1118 88
2151 1086 23
2152 1047 -56
2153 1070 -11
2154 1075 -2
2155 1103 53
2156 1055 -44
2157 1053 -49
2158 1135 114
2159 1063 -31
2160 1097 36
2161 1042 -75
2162 1074 -12
2163 1078 -5
2164 1096 30
2165 1084 5
2166 1105 46
2167 1090 15
2168 1090 14
2169 1070 -27
2170 1097 26
2171 1012 -145
2172 1120 70
2173 1071 -29
2174 1048 -76
2175 1053 -67
2176 1072 -30
2177 1065 -45
2178 1119 62
2179 1119 61
2180 1097 16
2181 1025 -129
2182 1059 -62
2183 1099 17
2184 1097 12
2185 1075 -33
2186 1118 52
2187 1086 -13
2188 1063 -60
2189 1105 23
2190 1066 -56
2191 1068 -53
2192 1101 12
2193 1077 -37
2194 1062 -68
2195 1117 41
2196 1078 -38
2197 1119 43
2198 1143 90
2199 1079 -39
2200 1071 -56
2201 1077 -45
2202 1085 -30
2203 1124 47
2204 1096 -10
2205 1096 -11
2206 1131 58
2207 1068 -69
2208 1066 -74
2209 1070 -67
2210 1048 -112
2211 1116 23
2212 1093 -24
2213 1107 3
2214 1118 24
2215 1084 -45
2216 1112 10
2217 1071 -73
2218 1145 74
2219 1098 -21
2220 1118 18
2221 1118 17
2222 1085 -50
2223 1148 75
2224 1109 -4
2225 1126 29
2226 1139 54
2227 1123 21
2228 1052 -122
2229 1116 5
2230 1142 56
2231 1096 -37
2232 1077 -76
2233 1122 13
2234 1155 78
2235 1160 87
2236 1125 16
2237 1156 77
2238 1121 6
2239 1113 -11
2240 1152 66
2241 1106 -27
2242 1101 -38
2243 1126 11
2244 1160 78
2245 1116 -11
2246 1119 -6
2247 1101 -43
2248 1156 66
2249 1105 -37
2250 1135 22
2251 1126 3
2252 1098 -54
2253 1111 -29
2254 1120 -12
2255 1123 -7
2256 1155 56
2257 1092 -71
2258 1147 38
2259 1121 -15
2260 1131 4
2261 1146 33
2262 1119 -22
2263 1169 77
2264 1128 -6
2265 1132 1
2266 1135 6
2267 1115 -35
2268 1148 30
2269 1126 -15
2270 1122 -24
2271 1134 -1
2272 1137 4
2273 1168 65
2274 1112 -48
2275 1126 -21
2276 1130 -14
2277 1117 -41
2278 1121 -34
2279 1194 111
2280 1172 66
2281 1138 -3
2282 1118 -44
2283 1121 -39
2284 1149 16
2285 1142 1
2286 1116 -52
2287 1151 17
2288 1138 -10
2289 1153 19
2290 1128 -32
2291 1110 -69
2292 1150 10
2293 1136 -19
2294 1118 -56
2295 1163 33
2296 1192 90
2297 1160 25
2298 1172 48
2299 1158 19
2300 1152 6
2301 1149 -1
2302 1110 -80
2303 1180 59
2304 1167 32
2305 1150 -3
2306 1123 -58
2307 1181 57
2308 1201 96
2309 1147 -13
2310 1173 38
2311 1141 -27
2312 1135 -40
2313 1123 -65
2314 1189 66
2315 1147 -19
2316 1143 -28
2317 1186 57
2318 1154 -8
2319 1172 27
2320 1156 -6
2321 1137 -45
2322 1142 -36
2323 1197 73
2324 1148 -26
2325 1220 117
2326 1124 -76
2327 1159 -7
2328 1160 -6
2329 1172 17
2330 1191 54
2331 1154 -21
2332 1153 -24
2333 1152 -27
2334 1158 -16
2335 1169 5
2336 1191 48
2337 1149 -37
2338 1190 44
2339 1142 -53
2340 1172 6
2341 1204 69
2342 1148 -44
2343 1180 19
2344 1121 -100
2345 1159 -25
2346 1188 32
2347 1169 -7
2348 1188 30
2349 1207 67
2350 1153 -42
2351 1170 -9
2352 1153 -44
2353 1197 43
2354 1192 32
2355 1175 -3
2356 1191 28
2357 1219 83
2358 1170 -16
2359 1195 33
2360 1211 64
2361 1222 85
2362 1169 -22
2363 1185 9
2364 1172 -18
2365 1212 61
2366 1175 -14
2367 1178 -9
2368 1180 -6
2369 1222 77
2370 1168 -32
2371 1212 55
2372 1203 36
2373 1231 91
2374 1168 -36
2375 1210 47
2376 1169 -36
2377 1176 -23
2378 1175 -26
2379 1210 43
2380 1183 -12
2381 1160 -59
2382 1203 26
2383 1202 23
2384 1152 -78
2385 1207 31
2386 1187 -10
2387 1176 -33
2388 1168 -50
2389 1210 33
2390 1241 94
2391 1205 21
2392 1199 8
2393 1222 53
2394 1166 -60
2395 1227 61
2396 1175 -44
2397 1233 71
2398 1210 24
2399 1242 87
2400 1157 -84
2401 1183 -33
2402 1217 34
2403 1178 -45
2404 1226 50
2405 1182 -39
2406 1227 50
2407 1168 -69
2408 1207 8
2409 1221 35
2410 1240 72
2411 1207 5
2412 1206 2
2413 1178 -55
2414 1193 -26
2415 1198 -17
2416 1222 30
2417 1232 49
2418 1195 -26
2419 1235 53
2420 1159 -100
2421 1154 -111
2422 1195 -30
2423 1190 -41
2424 1220 18
2425 1192 -39
2426 1176 -72
2427 1236 47
2428 1187 -52
2429 1233 39
2430 1212 -4
2431 1225 21
2432 1186 -58
2433 1227 23
2434 1258 84
2435 1211 -11
2436 1198 -38
2437 1189 -57
2438 1174 -88
2439 1207 -23
2440 1254 70
2441 1220 1
2442 1228 16
2443 1205 -31
2444 1200 -42
2445 1274 105
2446 1205 -34
2447 1240 35
2448 1248 50
2449 1214 -19
2450 1218 -12
2451 1211 -27
2452 1232 14
2453 1224 -3
2454 1206 -40
2455 1286 119
2456 1192 -70
2457 1211 -33
2458 1276 96
2459 1191 -75
2460 1253 48
2461 1207 -45
2462 1230 0
2463 1279 97
2464 1232 2
2465 1243 23
2466 1186 -92
2467 1259 53
2468 1234 2
2469 1244 21
2470 1192 -84
2471 1204 -61
2472 1247 24
2473 1229 -13
2474 1226 -20
2475 1293 113
2476 1231 -12
2477 1229 -17
2478 1170 -136
2479 1217 -43
2480 1212 -54
2481 1248 17
2482 1210 -60
2483 1254 27
2484 1228 -26
2485 1234 -15
2486 1231 -22
2487 1263 41
2488 1280 74
2489 1255 23
2490 1252 16
2491 1262 35
2492 1218 -54
2493 1285 79
2494 1223 -46
2495 1246 -1
2496 1279 64
2497 1215 -65
2498 1226 -44
2499 1264 31
2500 1192 -114
2501 1280 61
2502 1252 4
2503 1230 -41
2504 1289 76
2505 1257 11
2506 1264 24
2507 1275 45
2508 1267 28
2509 1242 -23
2510 1262 16
2511 1287 65
2512 1264 18
2513 1273 35
2514 1232 -48
2515 1237 -39
2516 1299 84
2517 1270 25
2518 1253 -10
2519 1272 27
2520 1315 112
2521 1255 -9
2522 1229 -62
2523 1246 -29
2524 1296 70
2525 1235 -53
2526 1223 -78
2527 1263 1
2528 1266 6
2529 1240 -47
2530 1241 -46
2531 1281 33
2532 1219 -92
2533 1272 13
2534 1177 -178
2535 1286 39
2536 1277 20
2537 1280 25
2538 1285 34
2539 1297 57
2540 1295 52
2541 1304 69
2542 1284 28
2543 1276 11
2544 1262 -18
2545 1269 -5
2546 1271 -2
2547 1234 -77
2548 1228 -90
2549 1288 29
2550 1254 -40
2551 1236 -77
2552 1311 72
2553 1274 -3
2554 1279 6
2555 1285 17
2556 1320 86
2557 1254 -47
2558 1297 38
2559 1277 -3
2560 1241 -76
2561 1260 -39
2562 1251 -58
2563 1279 -3
2564 1251 -60
2565 1249 -65
2566 1304 44
2567 1273 -19
2568 1256 -54
2569 1348 129
2570 1263 -42
2571 1293 17
2572 1254 -62
2573 1293 15
2574 1307 42
2575 1306 39
2576 1339 104
2577 1306 37
2578 1279 -18
2579 1291 5
2580 1286 -6
2581 1300 21
2582 1314 48
2583 1217 -147
2584 1284 -14
2585 1282 -19
2586 1273 -38
2587 1261 -63
2588 1275 -36
2589 1290 -7
2590 1277 -34
2591 1268 -53
2592 1314 38
2593 1266 -59
2594 1286 -20
2595 1270 -53
2596 1274 -46
2597 1280 -35
2598 1272 -52
2599 1295 -7
2600 1279 -40
2601 1284 -31
2602 1293 -14
2603 1288 -25
2604 1300 -2
2605 1327 51
2606 1329 54
2607 1311 17
2608 1285 -36
2609 1320 33
2610 1281 -46
2611 1325 41
2612 1309 8
2613 1291 -29
2614 1321 30
2615 1291 -31
2616 1317 20
2617 1318 21
2618 1389 162
2619 1279 -59
2620 1303 -12
2621 1314 9
2622 1309 -2
2623 1316 11
2624 1276 -70
2625 1355 87
2626 1275 -74
2627 1318 11
2628 1377 128
2629 1279 -69
2630 1317 6
2631 1303 -23
2632 1322 14
2633 1378 125
2634 1300 -32
2635 1313 -7
2636 1323 12
2637 1319 3
2638 1328 20
2639 1303 -31
2640 1294 -50
2641 1310 -19
2642 1253 -134
2643 1321 1
2644 1328 14
2645 1334 25
2646 1328 12
2647 1292 -61
2648 1313 -20
2649 1336 25
2650 1356 64
2651 1283 -83
2652 1344 38
2653 1332 13
2654 1360 68
2655 1321 -11
2656 1308 -38
2657 1375 95
2658 1353 50
2659 1368 79
2660 1355 52
2661 1310 -39
2662 1281 -98
2663 1351 41
2664 1353 44
2665 1356 49
2666 1373 82
2667 1302 -61
2668 1307 -52
2669 1363 59
2670 1333 -2
2671 1352 35
2672 1322 -26
2673 1388 105
2674 1359 46
2675 1333 -7
2676 1302 -70
2677 1357 39
2678 1310 -56
2679 1345 13
2680 1348 18
2681 1333 -13
2682 1330 -20
2683 1315 -51
2684 1342 2
2685 1343 3
2686 1329 -26
2687 1331 -23
2688 1316 -54
2689 1359 31
2690 1347 6
2691 1362 35
2692 1329 -32
2693 1301 -89
2694 1345 -2
2695 1332 -29
2696 1305 -84
2697 1367 39
2698 1352 8
2699 1353 9
2700 1367 36
2701 1376 53
2702 1378 56
2703 1346 -9
2704 1359 16
2705 1380 57
2706 1325 -54
2707 1355 5
2708 1351 -4
2709 1338 -31
2710 1368 28
2711 1359 9
2712 1343 -24
2713 1302 -107
2714 1357 2
2715 1386 59
2716 1371 28
2717 1279 -157
2718 1335 -46
2719 1332 -53
2720 1347 -24
2721 1367 15
2722 1332 -56
2723 1358 -5
2724 1357 -8
2725 1377 31
2726 1329 -66
2727 1358 -9
2728 1326 -74
2729 1338 -51
2730 1330 -68
2731 1334 -61
2732 1408 86
2733 1328 -75
2734 1345 -42
2735 1371 9
2736 1394 54
2737 1369 3
2738 1406 76
2739 1402 67
2740 1354 -30
2741 1405 71
2742 1379 18
2743 1392 43
2744 1361 -20
2745 1358 -27
2746 1412 80
2747 1369 -7
2748 1400 54
2749 1360 -27
2750 1396 44
2751 1383 17
2752 1407 64
2753 1377 3
2754 1361 -30
2755 1373 -7
2756 1346 -62
2757 1386 17
2758 1338 -80
2759 1367 -23
2760 1418 78
2761 1355 -49
2762 1392 24
2763 1313 -135
2764 1410 58
2765 1442 121
2766 1367 -30
2767 1378 -9
2768 1385 4
2769 1344 -79
2770 1308 -152
2771 1409 49
2772 1346 -78
2773 1399 27
2774 1360 -52
2775 1388 3
2776 1415 56
2777 1401 27
2778 1350 -76
2779 1374 -29
2780 1432 86
2781 1380 -19
2782 1388 -4
2783 1337 -107
2784 1396 10
2785 1460 137
2786 1435 86
2787 1363 -59
2788 1360 -66
2789 1393 -1
2790 1379 -30
2791 1340 -109
2792 1340 -110
2793 1350 -91
2794 1459 126
2795 1353 -87
2796 1419 44
2797 1414 33
2798 1366 -64
2799 1391 -15
2800 1422 46
2801 1391 -17
2802 1403 6
2803 1377 -47
2804 1461 120
2805 1453 103
2806 1390 -24
2807 1428 51
2808 1393 -20
2809 1359 -89
2810 1420 32
2811 1447 85
2812 1387 -36
2813 1388 -35
2814 1450 88
2815 1369 -75
2816 1424 34
2817 1370 -75
2818 1383 -50
2819 1388 -41
2820 1419 20
2821 1407 -5
2822 1398 -24
2823 1411 1
2824 1346 -130
2825 1374 -75
2826 1429 34
2827 1435 45
2828 1443 60
2829 1386 -55
2830 1393 -42
2831 1415 1
2832 1445 60
2833 1376 -79
2834 1354 -124
2835 1416 -1
2836 1431 28
2837 1406 -23
2838 1414 -8
2839 1421 5
2840 1451 64
2841 1386 -67
2842 1469 98
2843 1430 19
2844 1424 6
2845 1423 3
2846 1427 10
2847 1481 117
2848 1412 -22
2849 1421 -5
2850 1395 -58
2851 1419 -11
2852 1451 52
2853 1443 35
2854 1407 -38
2855 1436 19
2856 1421 -12
2857 1460 65
2858 1426 -4
2859 1454 51
2860 1431 4
2861 1398 -63
2862 1428 -4
2863 1441 21
2864 1444 26
2865 1419 -25
2866 1430 -4
2867 1412 -41
2868 1399 -68
2869 1385 -97
2870 1405 -58
2871 1434 -1
2872 1448 26
2873 1426 -19
2874 1504 136
2875 1473 73
2876 1413 -48
2877 1442 9
2878 1446 16
2879 1438 -1
2880 1428 -22
2881 1462 45
2882 1439 -2
2883 1416 -49
2884 1471 60
2885 1500 117
2886 1401 -82
2887 1422 -41
2888 1450 14
2889 1421 -45
2890 1418 -52
2891 1423 -43
2892 1473 56
2893 1433 -25
2894 1441 -10
2895 1455 17
2896 1450 6
2897 1456 17
2898 1453 10
2899 1446 -5
2900 1462 26
2901 1418 -63
2902 1433 -34
2903 1469 37
2904 1437 -28
2905 1381 -141
2906 1467 30
2907 1436 -33
2908 1407 -92
2909 1447 -13
2910 1483 58
2911 1466 23
2912 1411 -88
2913 1492 73
2914 1484 56
2915 1467 21
2916 1452 -10
2917 1431 -53
2918 1412 -92
2919 1473 29
2920 1425 -68
2921 1496 73
2922 1453 -14
2923 1507 93
2924 1424 -74
2925 1482 41
2926 1466 8
2927 1472 19
2928 1444 -38
2929 1514 101
2930 1479 30
2931 1468 7
2932 1424 -82
2933 1451 -29
2934 1448 -36
2935 1420 -93
2936 1501 68
2937 1444 -47
2938 1472 8
2939 1452 -33
2940 1482 26
2941 1459 -21
2942 1479 18
2943 1395 -151
2944 1447 -48
2945 1459 -25
2946 1440 -64
2947 1428 -89
2948 1489 32
2949 1468 -11
2950 1473 -2
2951 1490 31
2952 1453 -44
2953 1434 -83
2954 1500 48
2955 1489 25
2956 1497 40
2957 1464 -27
2958 1442 -72
2959 1494 31
2960 1452 -54
2961 1440 -79
2962 1477 -6
2963 1468 -25
2964 1490 18
2965 1511 59
2966 1471 -22
2967 1467 -31
2968 1446 -74
2969 1502 37
2970 1509 50
2971 1464 -41
2972 1498 26
2973 1490 9
2974 1500 28
2975 1450 -73
2976 1543 112
2977 1508 41
2978 1502 28
2979 1491 5
2980 1515 52
2981 1467 -45
2982 1463 -54
2983 1515 49
2984 1509 36
2985 1462 -59
2986 1438 -108
2987 1496 7
2988 1499 12
2989 1451 -85
2990 1483 -22
2991 1480 -29
2992 1480 -30
2993 1521 51
2994 1491 -10
2995 1470 -53
2996 1516 38
2997 1488 -19
2998 1496 -4
2999 1481 -35
3000 1478 -42
3001 1447 -105
3002 1527 54
3003 1547 93
3004 1563 124
3005 1491 -21
3006 1487 -30
3007 1468 -69
3008 1510 14
3009 1513 19
3010 1523 38
3011 1478 -53
3012 1534 58
3013 1492 -27
3014 1459 -94
3015 1545 77
3016 1507 0
3017 1454 -107
3018 1521 26
3019 1498 -21
3020 1529 40
3021 1502 -15
3022 1512 4
3023 1561 101
3024 1516 10
3025 1514 5
3026 1538 52
3027 1482 -61
3028 1440 -146
3029 1519 11
3030 1541 54
3031 1496 -37
3032 1522 14
3033 1516 1
3034 1465 -102
3035 1487 -59
3036 1466 -102
3037 1525 15
3038 1564 92
3039 1493 -51
3040 1510 -18
3041 1484 -71
3042 1550 60
3043 1539 37
3044 1485 -72
3045 1558 73
3046 1456 -132
3047 1486 -73
3048 1500 -46
3049 1540 33
3050 1523 -2
3051 1567 85
3052 1466 -118
3053 1524 -3
3054 1461 -130
3055 1564 75
3056 1520 -14
3057 1552 49
3058 1546 36
3059 1509 -39
3060 1513 -32
3061 1556 53
3062 1509 -42
3063 1542 23
3064 1527 -8
3065 1507 -49
3066 1537 10
3067 1573 81
3068 1504 -58
3069 1520 -27
3070 1519 -30
3071 1539 9
3072 1505 -60
3073 1515 -41
3074 1522 -28
3075 1530 -13
3076 1554 34
3077 1549 23
3078 1527 -22
3079 1510 -57
3080 1545 12
3081 1529 -21
3082 1548 16
3083 1575 69
3084 1546 10
3085 1540 -3
3086 1448 -188
3087 1547 9
3088 1542 -2
3089 1527 -33
3090 1553 18
3091 1559 29
3092 1525 -40
3093 1540 -11
3094 1577 62
3095 1545 -3
3096 1566 38
3097 1556 17
3098 1536 -24
3099 1616 135
3100 1508 -82
3101 1523 -53
3102 1570 40
3103 1573 45
3104 1521 -60
3105 1541 -21
3106 1568 32
3107 1509 -87
3108 1580 54
3109 1594 81
3110 1557 6
3111 1602 95
3112 1534 -42
3113 1583 55
3114 1551 -10
3115 1547 -19
3116 1544 -26
3117 1547 -21
3118 1565 14
3119 1545 -27
3120 1555 -8
3121 1566 13
3122 1565 10
3123 1588 55
3124 1583 44
3125 1577 31
3126 1571 18
3127 1550 -25
3128 1560 -6
3129 1555 -17
3130 1578 28
3131 1579 29
3132 1574 18
3133 1571 11
3134 1570 8
3135 1542 -49
3136 1539 -56
3137 1624 113
3138 1589 42
3139 1641 145
3140 1575 12
3141 1611 83
3142 1594 48
3143 1561 -19
3144 1508 -126
3145 1572 1
3146 1562 -20
3147 1594 43
3148 1596 46
3149 1617 87
3150 1562 -24
3151 1569 -11
3152 1599 48
3153 1535 -81
3154 1616 80
3155 1541 -71
3156 1564 -26
3157 1602 49
3158 1578 0
3159 1568 -21
3160 1629 100
3161 1583 7
3162 1576 -8
3163 1572 -17
3164 1609 56
3165 1597 31
3166 1548 -68
3167 1588 11
3168 1511 -144
3169 1567 -33
3170 1575 -18
3171 1608 47
3172 1658 146
3173 1553 -65
3174 1652 132
3175 1577 -19
3176 1619 64
3177 1567 -41
3178 1586 -4
3179 1638 99
3180 1543 -92
3181 1578 -23
3182 1582 -16
3183 1580 -21
3184 1630 78
3185 1554 -75
3186 1565 -54
3187 1566 -53
3188 1587 -12
3189 1603 19
3190 1617 46
3191 1628 67
3192 1565 -60
3193 1553 -85
3194 1606 20
3195 1619 45
3196 1595 -4
3197 1583 -29
3198 1579 -38
3199 1574 -49
3200 1605 12
3201 1652 105
3202 1593 -14
3203 1583 -35
3204 1567 -68
3205 1639 75
3206 1577 -50
3207 1603 1
3208 1574 -58
3209 1604 1
3210 1598 -12
3211 1609 9
3212 1637 64
3213 1581 -49
3214 1559 -94
3215 1660 107
3216 1623 32
3217 1605 -5
3218 1578 -60
3219 1608 -1
3220 1645 72
3221 1569 -81
3222 1605 -10
3223 1693 165
3224 1630 38
3225 1586 -51
3226 1636 48
3227 1606 -13
3228 1593 -40
3229 1579 -69
3230 1591 -46
3231 1618 7
3232 1659 88
3233 1602 -27
3234 1637 42
3235 1665 97
3236 1541 -152
3237 1611 -13
3238 1658 80
3239 1618 -1
3240 1558 -122
3241 1594 -51
3242 1623 6
3243 1618 -5
3244 1617 -8
3245 1605 -33
3246 1579 -86
3247 1613 -19
3248 1624 2
3249 1597 -53
3250 1619 -10
3251 1692 135
3252 1591 -68
3253 1623 -5
3254 1629 6
3255 1625 -3
3256 1624 -6
3257 1580 -95
3258 1550 -156
3259 1671 85
3260 1637 16
3261 1676 93
3262 1619 -22
3263 1665 69
3264 1608 -46
3265 1659 55
3266 1634 4
3267 1603 -59
3268 1643 20
3269 1610 -47
3270 1596 -76
3271 1607 -55
3272 1601 -68
3273 1674 77
3274 1612 -48
3275 1645 17
3276 1650 26
3277 1690 105
3278 1632 -12
3279 1623 -31
3280 1611 -56
3281 1657 35
3282 1644 8
3283 1638 -5
3284 1604 -74
3285 1649 15
3286 1628 -28
3287 1623 -39
3288 1660 34
3289 1644 1
3290 1605 -78
3291 1652 15
3292 1625 -40
3293 1647 3
3294 1602 -88
3295 1625 -43
3296 1666 38
3297 1628 -39
3298 1642 -12
3299 1603 -91
3300 1700 102
3301 1673 47
3302 1648 -4
3303 1657 13
3304 1692 82
3305 1698 93
3306 1680 56
3307 1664 23
3308 1627 -52
3309 1651 -5
3310 1647 -14
3311 1622 -65
3312 1670 30
3313 1627 -57
3314 1692 72
3315 1641 -31
3316 1719 124
3317 1691 67
3318 1661 6
3319 1683 49
3320 1624 -70
3321 1698 77
3322 1659 -2
3323 1698 75
3324 1662 2
3325 1647 -29
3326 1687 50
3327 1684 43
3328 1672 18
3329 1671 15
3330 1681 34
3331 1692 55
3332 1662 -6
3333 1625 -81
3334 1709 86
3335 1683 33
3336 1635 -64
3337 1660 -15
3338 1711 86
3339 1686 35
3340 1626 -86
3341 1669 -1
3342 1656 -28
3343 1695 49
3344 1641 -60
3345 1645 -53
3346 1670 -4
3347 1681 17
3348 1672 -2
3349 1679 11
3350 1689 30
3351 1704 59
3352 1672 -6
3353 1633 -85
3354 1691 30
3355 1682 11
3356 1774 194
3357 1687 19
3358 1728 100
3359 1688 19
3360 1677 -4
3361 1739 119
3362 1646 -68
3363 1688 15
3364 1716 70
3365 1641 -81
3366 1669 -26
3367 1682 -1
3368 1656 -54
3369 1688 9
3370 1684 0
3371 1649 -71
3372 1697 24
3373 1704 37
3374 1673 -26
3375 1761 149
3376 1695 16
3377 1704 33
3378 1699 22
3379 1646 -85
3380 1701 24
3381 1657 -65
3382 1652 -76
3383 1710 39
3384 1719 56
3385 1668 -47
3386 1663 -58
3387 1684 -17
3388 1658 -70
3389 1747 107
3390 1706 24
3391 1664 -61
3392 1701 12
3393 1704 17
3394 1693 -6
3395 1738 83
3396 1682 -30
3397 1713 31
3398 1692 -12
3399 1688 -21
3400 1730 62
3401 1709 19
3402 1659 -82
3403 1710 19
3404 1691 -20
3405 1670 -63
3406 1660 -84
3407 1687 -31
3408 1725 44
3409 1719 31
3410 1707 6
3411 1714 19
3412 1706 2
3413 1645 -121
3414 1692 -28
3415 1680 -53
3416 1727 40
3417 1736 57
3418 1658 -100
3419 1708 -1
3420 1699 -20
3421 1700 -19
3422 1705 -10
3423 1704 -13
3424 1719 16
3425 1721 19
3426 1689 -46
3427 1726 27
3428 1738 50
3429 1734 41
3430 1692 -44
3431 1692 -45
3432 1685 -60
3433 1730 29
3434 1723 14
3435 1690 -53
3436 1638 -158
3437 1675 -85
3438 1644 -148
3439 1668 -101
3440 1724 10
3441 1760 81
3442 1755 70
3443 1729 17
3444 1727 12
3445 1687 -69
3446 1787 130
3447 1689 -67
3448 1731 16
3449 1733 19
3450 1741 34
3451 1692 -65
3452 1694 -62
3453 1703 -45
3454 1696 -60
3455 1697 -59
3456 1724 -6
3457 1758 61
3458 1748 40
3459 1656 -145
3460 1772 86
3461 1738 17
3462 1756 52
3463 1792 123
3464 1770 78
3465 1752 41
3466 1696 -72
3467 1692 -81
3468 1688 -90
3469 1711 -45
3470 1779 90
3471 1737 5
3472 1733 -4
3473 1709 -53
3474 1648 -176
3475 1775 77
3476 1789 104
3477 1724 -27
3478 1703 -70
3479 1661 -155
3480 1716 -46
3481 1793 107
3482 1707 -66
3483 1696 -89
3484 1775 68
3485 1717 -49
3486 1700 -84
3487 1737 -11
3488 1773 60
3489 1802 117
3490 1724 -40
3491 1753 17
3492 1755 20
3493 1774 57
3494 1758 24
3495 1768 43
3496 1768 42
3497 1738 -19
3498 1774 52
3499 1740 -17
3500 1757 16
3501 1807 115
3502 1769 38
3503 1751 1
3504 1799 96
3505 1781 59
3506 1744 -16
3507 1756 7
3508 1794 82
3509 1724 -59
3510 1781 54
3511 1761 13
3512 1758 6
3513 1758 5
3514 1745 -22
3515 1703 -107
3516 1802 90
3517 1759 3
3518 1815 114
3519 1755 -7
3520 1768 18
3521 1763 7
3522 1759 -2
3523 1770 19
3524 1745 -32
3525 1793 63
3526 1755 -14
3527 1744 -37
3528 1744 -38
3529 1747 -33
3530 1774 20
3531 1764 -1
3532 1730 -70
3533 1730 -71
3534 1734 -64
3535 1796 59
3536 1710 -114
3537 1745 -45
3538 1788 40
3539 1780 23
3540 1760 -18
3541 1784 29
3542 1790 40
3543 1806 71
3544 1791 40
3545 1825 107
3546 1815 86
3547 1781 17
3548 1837 128
3549 1822 97
3550 1796 44
3551 1794 39
3552 1759 -32
3553 1793 35
3554 1783 14
3555 1787 21
3556 1781 8
3557 1771 -13
3558 1820 84
3559 1796 35
3560 1734 -90
3561 1822 85
3562 1799 38
3563 1739 -83
3564 1774 -14
3565 1776 -11
3566 1779 -6
3567 1775 -15
3568 1756 -54
3569 1768 -31
3570 1750 -68
3571 1817 65
3572 1819 68
3573 1796 21
3574 1743 -86
3575 1805 37
3576 1814 54
3577 1770 -35
3578 1814 52
3579 1804 31
3580 1772 -34
3581 1819 59
3582 1794 8
3583 1778 -25
3584 1764 -54
3585 1799 15
3586 1812 40
3587 1750 -85
3588 1790 -6
3589 1777 -33
3590 1792 -4
3591 1771 -47
3592 1739 -112
3593 1788 -15
3594 1808 24
3595 1827 61
3596 1806 18
3597 1784 -27
3598 1782 -32
3599 1746 -105
3600 1759 -80
3601 1743 -113
3602 1829 58
3603 1737 -127
3604 1808 14
3605 1791 -21
3606 1773 -58
3607 1750 -105
3608 1783 -40
3609 1800 -7
3610 1794 -20
3611 1768 -73
3612 1775 -60
3613 1756 -99
3614 1860 108
3615 1830 47
3616 1840 66
3617 1781 -53
3618 1793 -30
3619 1828 39
3620 1808 -2
3621 1832 45
3622 1868 116
3623 1823 25
3624 1776 -70
3625 1878 133
3626 1802 -20
3627 1827 29
3628 1863 100
3629 1768 -91
3630 1831 34
3631 1821 13
3632 1802 -26
3633 1835 39
3634 1833 34
3635 1852 71
3636 1818 2
3637 1844 53
3638 1802 -32
3639 1838 39
3640 1838 38
3641 1810 -19
3642 1827 14
3643 1803 -35
3644 1823 4
3645 1801 -41
3646 1775 -94
3647 1770 -105
3648 1827 8
3649 1821 -5
3650 1849 50
3651 1859 69
3652 1852 54
3653 1817 -17
3654 1852 52
3655 1821 -11
3656 1831 8
3657 1778 -99
3658 1854 52
3659 1819 -19
3660 1795 -68
3661 1846 33
3662 1832 4
3663 1822 -17
3664 1875 88
3665 1893 123
3666 1872 80
3667 1896 127
3668 1843 20
3669 1829 -9
3670 1881 94
3671 1820 -29
3672 1833 -4
3673 1806 -59
3674 1860 48
3675 1813 -47
3676 1845 16
3677 1841 7
3678 1822 -32
3679 1816 -45
3680 1851 24
3681 1803 -73
3682 1837 -6
3683 1880 79
3684 1852 22
3685 1855 27
3686 1873 62
3687 1888 91
3688 1846 6
3689 1844 1
3690 1846 4
3691 1890 91
3692 1864 38
3693 1820 -51
3694 1871 50
3695 1867 41
3696 1842 -10
3697 1895 95
3698 1864 32
3699 1848 -1
3700 1829 -40
3701 1889 79
3702 1883 66
3703 1834 -33
3704 1878 54
3705 1800 -103
3706 1880 56
3707 1789 -127
3708 1885 64
3709 1817 -73
3710 1845 -18
3711 1821 -67
3712 1829 -52
3713 1813 -85
3714 1849 -14
3715 1871 29
3716 1855 -4
3717 1817 -81
3718 1830 -56
3719 1849 -19
3720 1878 38
3721 1895 71
3722 1867 14
3723 1828 -65
3724 1809 -104
3725 1842 -39
3726 1812 -100
3727 1875 25
3728 1864 2
3729 1840 -47
3730 1834 -60
3731 1870 11
3732 1831 -68
3733 1823 -85
3734 1888 44
3735 1891 49
3736 1882 30
3737 1841 -53
3738 1908 80
3739 1870 3
3740 1833 -72
3741 1833 -73
3742 1868 -4
3743 1888 35
3744 1848 -46
3745 1889 35
3746 1919 94
3747 1816 -113
3748 1877 8
3749 1849 -49
3750 1891 34
3751 1894 39
3752 1899 48
3753 1874 -3
3754 1892 32
3755 1914 75
3756 1869 -16
3757 1899 43
3758 1859 -38
3759 1861 -35
3760 1868 -22
3761 1907 55
3762 1921 82
3763 1877 -7
3764 1895 28
3765 1879 -5
3766 1872 -20
3767 1904 43
3768 1873 -20
3769 1918 69
3770 1919 70
3771 1831 -107
3772 1928 86
3773 1935 99
3774 1881 -10
3775 1858 -57
3776 1857 -60
3777 1887 -1
3778 1874 -28
3779 1955 133
3780 1890 2
3781 1875 -29
3782 1911 42
3783 1944 107
3784 1890 -2
3785 1907 31
3786 1945 106
3787 1962 139
3788 1810 -166
3789 1953 119
3790 1897 6
3791 1936 83
3792 1899 8
3793 1861 -69
3794 1887 -18
3795 1893 -7
3796 1899 4
3797 1900 5
3798 1929 62
3799 1863 -71
3800 1953 108
3801 1906 13
3802 1903 6
3803 1840 -121
3804 1916 30
3805 1887 -29
3806 1872 -60
3807 1881 -43
3808 1891 -24
3809 1877 -53
3810 1878 -52
3811 1905 1
3812 1937 64
3813 1912 13
3814 1908 4
3815 1964 115
3816 1878 -58
3817 1903 -9
3818 1907 -2
3819 1903 -11
3820 1900 -18
3821 1938 57
3822 1923 26
3823 1932 43
3824 1883 -56
3825 1931 39
3826 1963 102
3827 1912 -1
3828 1906 -14
3829 1901 -25
3830 1909 -10
3831 1905 -19
3832 1931 32
3833 1925 19
3834 1830 -172
3835 1929 25
3836 1924 14
3837 1910 -15
3838 1887 -62
3839 1939 41
3840 1953 68
3841 1967 95
3842 1906 -28
3843 1909 -23
3844 1914 -14
3845 1926 9
3846 1919 -6
3847 1892 -61
3848 1873 -100
3849 1926 5
3850 1939 30
3851 1897 -55
3852 1986 122
3853 1937 23
3854 1869 -114
3855 1879 -95
3856 1910 -34
3857 1886 -83
3858 1838 -180
3859 1925 -7
3860 1915 -28
3861 1927 -5
3862 1911 -38
3863 1887 -87
3864 1967 72
3865 1867 -129
3866 1889 -86
3867 1875 -115
3868 1963 60
3869 1934 1
3870 1975 82
3871 1959 49
3872 1896 -78
3873 1912 -47
3874 1894 -84
3875 1898 -77
3876 1999 124
3877 1948 21
3878 1945 14
3879 1882 -113
3880 1931 -16
3881 1959 39
3882 1895 -90
3883 1954 27
3884 1893 -96
3885 1990 97
3886 1881 -122
3887 1909 -67
3888 1973 60
3889 1916 -55
3890 1966 44
3891 1915 -59
3892 1988 86
3893 1905 -81
3894 1961 30
3895 1934 -25
3896 1977 60
3897 1985 75
3898 1927 -42
3899 1942 -13
3900 1959 20
3901 1932 -35
3902 1906 -88
3903 1971 41
3904 1953 4
3905 1917 -69
3906 1986 68
3907 1945 -15
3908 1921 -64
3909 1982 57
3910 1941 -26
3911 1974 39
3912 1944 -22
3913 1992 73
3914 1902 -108
3915 1967 21
3916 1988 62
3917 1934 -47
3918 1963 10
3919 1973 29
3920 1924 -70
3921 1895 -129
3922 1971 22
3923 1948 -25
3924 1965 8
3925 1978 33
3926 1979 34
3927 1956 -13
3928 1965 4
3929 1961 -5
3930 1990 52
3931 1970 11
3932 1940 -50
3933 1999 67
3934 1993 54
3935 1938 -57
3936 1954 -26
3937 1937 -61
3938 1992 48
3939 2019 101
3940 1945 -48
3941 1952 -35
3942 1987 34
3943 2029 117
3944 1916 -110
3945 1925 -93
3946 1975 6
3947 1915 -115
3948 2083 220
3949 1954 -39
3950 2039 130
3951 1949 -51
3952 2006 62
3953 2003 55
3954 1995 38
3955 1955 -43
3956 1917 -120
3957 1970 -15
3958 1973 -10
3959 1957 -43
3960 1999 40
3961 2003 47
3962 2024 88
3963 1946 -69
3964 1990 18
3965 1967 -29
3966 1995 26
3967 1975 -15
3968 1951 -64
3969 1958 -51
3970 2001 34
3971 2002 35
3972 1980 -10
3973 1971 -29
3974 1938 -96
3975 1962 -49
3976 1980 -14
3977 2008 41
3978 2021 66
3979 1965 -47
3980 1976 -26
3981 1976 -27
3982 1973 -34
3983 2029 77
3984 2011 40
3985 1984 -15
3986 1989 -6
3987 1979 -27
3988 1980 -26
3989 1978 -31
3990 1984 -20
3991 1993 -3
3992 1958 -74
3993 1970 -51
3994 2045 98
3995 2004 15
3996 2007 20
3997 1998 1
3998 2054 112
3999 2053 109
4000 1975 -48
4001 2016 33
4002 1983 -34
4003 2012 23
4004 1985 -32
4005 1966 -71
4006 2036 68
4007 2027 49
4008 1981 -44
4009 1975 -57
4010 2025 42
4011 2039 69
4012 2051 92
4013 2077 143
4014 2052 92
4015 2011 9
4016 2005 -4
4017 2022 29
4018 2010 4
4019 1958 -101
4020 2019 20
4021 2007 -5
4022 1979 -62
4023 1995 -31
4024 2037 52
4025 2003 -17
4026 2068 112
4027 1984 -57
4028 2034 42
4029 2055 83
4030 1970 -88
4031 2049 69
4032 2048 66
4033 1991 -49
4034 2007 -18
4035 2005 -23
4036 2062 90
4037 1998 -39
4038 2022 8
4039 1981 -75
4040 2035 32
4041 1985 -69
4042 2036 32
4043 2031 21
4044 2038 34
4045 2047 51
4046 1975 -94
4047 2090 135
4048 2028 10
4049 2034 21
4050 2025 2
4051 2019 -11
4052 2046 42
4053 2037 23
4054 2013 -26
4055 2036 19
4056 2020 -14
4057 2000 -55
4058 2031 6
4059 2016 -25
4060 2034 10
4061 2045 31
4062 2008 -44
4063 2054 47
4064 1995 -72
4065 2010 -43
4066 2044 24
4067 1989 -87
4068 2087 108
4069 2091 115
4070 2031 -6
4071 2033 -3
4072 2041 12
4073 2017 -37
4074 2075 78
4075 2038 3
4076 1992 -90
4077 2054 33
4078 2033 -10
4079 2012 -53
4080 2047 16
4081 2070 61
4082 2029 -22
4083 2052 23
4084 1995 -92
4085 2015 -53
4086 2027 -30
4087 2003 -79
4088 1975 -136
4089 2071 55
4090 2018 -52
4091 2070 51
4092 2043 -4
4093 2013 -65
4094 2043 -6
4095 2047 1
4096 2010 -74
4097 2097 99
4098 2050 4
4099 2101 105
4100 2090 82
4101 2072 45
4102 2010 -80
4103 2035 -31
4104 2027 -48
4105 2042 -19
4106 2094 84
4107 2038 -29
4108 2039 -28
4109 2044 -19
4110 2050 -8
4111 2100 91
4112 2038 -34
4113 2084 57
4114 2007 -98
4115 2078 43
4116 2105 96
4117 2094 73
4118 2027 -62
4119 2060 3
4120 2114 110
4121 2072 25
4122 1999 -122
4123 2073 25
4124 2021 -80
4125 2072 21
4126 2052 -20
4127 2043 -39
4128 2121 116
4129 2072 17
4130 2154 180
4131 2056 -17
4132 2082 34
4133 2024 -83
4134 2091 50
4135 2051 -31
4136 2059 -16
4137 2090 45
4138 2041 -54
4139 2059 -19
4140 2108 78
4141 2057 -25
4142 2096 52
4143 2069 -3
4144 2040 -62
4145 2064 -15
4146 2002 -140
4147 2078 11
4148 2039 -68
4149 2124 101
4150 2016 -116
4151 2086 23
4152 2090 30
4153 2093 35
4154 2052 -48
4155 2106 59
4156 2091 28
4157 2102 49
4158 2122 88
4159 2090 23
4160 2049 -60
4161 2115 71
4162 2081 2
4163 2088 15
4164 2066 -30
4165 2107 51
4166 2021 -122
4167 2068 -29
4168 2048 -70
4169 2136 105
4170 2128 88
4171 2044 -81
4172 2087 4
4173 2107 43
4174 2063 -46
4175 2101 29
4176 2114 54
4177 2067 -41
4178 2112 48
4179 2029 -119
4180 2111 44
4181 2072 -35
4182 2106 32
4183 2102 23
4184 2146 110
4185 2106 29
4186 2118 52
4187 2124 63
4188 2076 -34
4189 2128 69
4190 2057 -74
4191 2035 -119
4192 2096 2
4193 2037 -117
4194 2087 -18
4195 2114 35
4196 2133 72
4197 2117 39
4198 2091 -14
4199 2041 -115
4200 2112 26
4201 2078 -43
4202 2101 2
4203 2073 -55
4204 2117 32
4205 2079 -45
4206 2076 -52
4207 2051 -103
4208 2061 -84
4209 2120 33
4210 2086 -36
4211 2064 -81
4212 2061 -88
4213 2069 -73
4214 2103 -6
4215 2108 3
4216 2075 -64
4217 2108 1
4218 2113 10
4219 2118 19
4220 2164 110
4221 2122 25
4222 2160 100
4223 2104 -13
4224 2044 -134
4225 2149 75
4226 2109 -6
4227 2122 19
4228 2104 -18
4229 2120 13
4230 2167 106
4231 2141 53
4232 2099 -32
4233 2116 1
4234 2097 -38
4235 2174 115
4236 2135 36
4237 2128 21
4238 2102 -32
4239 2098 -41
4240 2108 -22
4241 2110 -19
4242 2098 -44
4243 2076 -89
4244 2144 46
4245 2130 17
4246 2125 6
4247 2110 -25
4248 2151 56
4249 2097 -53
4250 2131 14
4251 2031 -187
4252 2128 6
4253 2091 -69
4254 2059 -134
4255 2112 -29
4256 2075 -104
4257 2129 3
4258 2126 -4
4259 2114 -29
4260 2147 36
4261 2152 45
4262 2101 -58
4263 2161 61
4264 2133 4
4265 2092 -79
4266 2125 -14
4267 2140 15
4268 2131 -4
4269 2137 7
4270 2119 -30
4271 2145 21
4272 2115 -40
4273 2111 -49
4274 2200 128
4275 2097 -79
4276 2125 -24
4277 2052 -171
4278 2096 -84
4279 2183 89
4280 2120 -38
4281 2146 13
4282 2132 -16
4283 2122 -37
4284 2067 -148
4285 2173 63
4286 2190 96
4287 2166 47
4288 2119 -48
4289 2128 -31
4290 2181 74
4291 2127 -35
4292 2156 22
4293 2182 73
4294 2160 28
4295 2147 1
4296 2186 78
4297 2211 127
4298 2139 -18
4299 2217 137
4300 2120 -58
4301 2066 -167
4302 2123 -54
4303 2166 31
4304 2132 -38
4305 2135 -33
4306 2091 -122
4307 2220 135
4308 2127 -52
4309 2098 -111
4310 2078 -152
4311 2101 -107
4312 2136 -38
4313 2165 19
4314 2150 -12
4315 2179 45
4316 2207 100
4317 2136 -43
4318 2186 56
4319 2146 -25
4320 2133 -52
4321 2135 -49
4322 2237 154
4323 2157 -7
4324 2168 14
4325 2168 13
4326 2149 -26
4327 2128 -69
4328 2154 -18
4329 2156 -15
4330 2134 -60
4331 2205 81
4332 2203 76
4333 2159 -13
4334 2136 -60
4335 2116 -101
4336 2132 -70
4337 2185 35
4338 2155 -26
4339 2117 -103
4340 2234 130
4341 2170 1
4342 2173 6
4343 2195 49
4344 2129 -84
4345 2170 -3
4346 2186 28
4347 2168 -9
4348 2177 8
4349 2163 -21
4350 2130 -88
4351 2167 -15
4352 2187 24
4353 2160 -31
4354 2157 -38
4355 2107 -139
4356 2119 -116
4357 2160 -35
4358 2138 -80
4359 2201 45
4360 2148 -62
4361 2174 -11
4362 2163 -34
4363 2171 -19
4364 2090 -182
4365 2148 -67
4366 2141 -82
4367 2163 -39
4368 2134 -98
4369 2248 129
4370 2129 -110
4371 2157 -55
4372 2222 74
4373 2144 -83
4374 2146 -80
4375 2159 -55
4376 2186 -2
4377 2205 35
4378 2247 118
4379 2245 113
4380 2201 24
4381 2149 -81
4382 2154 -72
4383 2276 171
4384 2218 54
4385 2209 35
4386 2191 -2
4387 2235 85
4388 2180 -26
4389 2201 15
4390 2193 -2
4391 2189 -11
4392 2236 82
4393 2219 47
4394 2254 116
4395 2202 11
4396 2175 -44
4397 2168 -59
4398 2141 -114
4399 2149 -99
4400 2185 -28
4401 2256 113
4402 2208 16
4403 2169 -63
4404 2208 14
4405 2210 17
4406 2176 -52
4407 2230 55
4408 2222 38
4409 2256 105
4410 2250 92
4411 2163 -83
4412 2253 96
4413 2218 25
4414 2239 66
4415 2193 -27
4416 2199 -16
4417 2204 -7
4418 2239 62
4419 2223 29
4420 2220 22
4421 2265 111
4422 2238 56
4423 2144 -133
4424 2216 10
4425 2192 -39
4426 2152 -120
4427 2169 -87
4428 2203 -20
4429 2216 5
4430 2206 -16
4431 2239 49
4432 2215 0
4433 2168 -95
4434 2185 -62
4435 2226 19
4436 2266 98
4437 2208 -19
4438 2232 28
4439 2216 -5
4440 2198 -42
4441 2215 -9
4442 2140 -160
4443 2190 -61
4444 2215 -12
4445 2180 -83
4446 2244 44
4447 2238 31
4448 2239 32
4449 2292 137
4450 2186 -76
4451 2266 83
4452 2211 -28
4453 2200 -51
4454 2188 -76
4455 2185 -83
4456 2247 40
4457 2201 -53
4458 2244 32
4459 2258 59
4460 2232 6
4461 2230 1
4462 2194 -72
4463 2285 109
4464 2244 26
4465 2261 59
4466 2237 10
4467 2190 -85
4468 2227 -12
4469 2234 1
4470 2262 56
4471 2287 105
4472 2251 32
4473 2227 -17
4474 2226 -20
4475 2276 79
4476 2268 62
4477 2204 -67
4478 2282 88
4479 2261 45
4480 2193 -92
4481 2276 73
4482 2271 62
4483 2257 33
4484 2215 -52
4485 2259 35
4486 2226 -32
4487 2285 85
4488 2239 -8
4489 2221 -45
4490 2287 86
4491 2179 -131
4492 2280 70
4493 2205 -81
4494 2188 -116
4495 2274 55
4496 2246 -2
4497 2182 -131
4498 2271 46
4499 2305 113
4500 2234 -30
4501 2198 -103
4502 2325 150
4503 2264 27
4504 2204 -94
4505 2311 119
4506 2274 44
4507 2243 -19
4508 2298 90
4509 2231 -45
4510 2307 106
4511 2259 9
4512 2268 26
4513 2278 45
4514 2269 26
4515 2235 -43
4516 2236 -42
4517 2248 -19
4518 2206 -104
4519 2309 101
4520 2204 -110
4521 2247 -25
4522 2272 24
4523 2255 -11
4524 2293 64
4525 2230 -63
4526 2301 78
4527 2271 17
4528 2236 -54
4529 2233 -61
4530 2206 -116
4531 2258 -13
4532 2201 -128
4533 2285 39
4534 2230 -72
4535 2262 -9
4536 2315 96
4537 2277 19
4538 2256 -24
4539 2209 -119
4540 2287 36
4541 2288 37
4542 2233 -74
4543 2237 -67
4544 2311 80
4545 2268 -7
4546 2284 24
4547 2278 11
4548 2266 -14
4549 2287 27
4550 2266 -16
4551 2299 49
4552 2245 -60
4553 2287 23
4554 2321 90
4555 2291 29
4556 2281 8
4557 2273 -9
4558 2235 -86
4559 2327 97
4560 2285 12
4561 2291 23
4562 2282 4
4563 2310 59
4564 2333 104
4565 2262 -39
4566 2254 -56
4567 2289 13
4568 2285 4
4569 2285 3
4570 2241 -86
4571 2300 31
4572 2312 54
4573 2288 5
4574 2266 -40
4575 2328 83
4576 2262 -50
4577 2290 5
4578 2209 -158
4579 2291 5
4580 2269 -40
4581 2233 -113
4582 2327 74
4583 2320 59
4584 2273 -36
4585 2274 -35
4586 2266 -52
4587 2290 -5
4588 2248 -90
4589 2338 89
4590 2331 74
4591 2283 -23
4592 2310 30
4593 2288 -15
4594 2327 62
4595 2290 -13
4596 2306 18
4597 2281 -33
4598 2274 -48
4599 2268 -61
4600 2345 92
4601 2348 97
4602 2280 -40
4603 2299 -3
4604 2278 -46
4605 2323 43
4606 2325 46
4607 2301 -3
4608 2292 -22
4609 2345 83
4610 2299 -10
4611 2252 -105
4612 2330 50
4613 2273 -65
4614 2310 8
4615 2296 -21
4616 2336 58
4617 2351 87
4618 2294 -28
4619 2330 43
4620 2310 2
4621 2363 107
4622 2375 130
4623 2326 31
4624 2330 38
4625 2288 -47
4626 2233 -158
4627 2272 -81
4628 2365 104
4629 2316 5
4630 2339 50
4631 2331 33
4632 2300 -30
4633 2279 -73
4634 2264 -104
4635 2328 23
4636 2273 -88
4637 2317 -1
4638 2308 -20
4639 2364 91
4640 2351 64
4641 2328 17
4642 2322 4
4643 2353 65
4644 2342 42
4645 2353 63
4646 2335 26
4647 2305 -35
4648 2280 -86
4649 2295 -57
4650 2243 -162
4651 2302 -45
4652 2355 60
4653 2277 -97
4654 2347 42
4655 2341 29
4656 2334 14
4657 2329 3
4658 2345 34
4659 2355 53
4660 2333 8
4661 2271 -117
4662 2313 -34
4663 2274 -113
4664 2315 -32
4665 2346 29
4666 2334 4
4667 2323 -19
4668 2395 124
4669 2349 31
4670 2330 -8
4671 2298 -73
4672 2309 -52
4673 2418 165
4674 2343 14
4675 2265 -143
4676 2370 66
4677 2329 -17
4678 2353 30
4679 2318 -41
4680 2329 -20
4681 2301 -77
4682 2317 -46
4683 2330 -21
4684 2332 -18
4685 2365 47
4686 2358 32
4687 2295 -95
4688 2396 106
4689 2381 75
4690 2349 10
4691 2373 57
4692 2349 8
4693 2300 -91
4694 2393 94
4695 2363 33
4696 2330 -34
4697 2334 -27
4698 2347 -2
4699 2329 -39
4700 2319 -60
4701 2391 83
4702 2397 94
4703 2310 -81
4704 2354 6
4705 2335 -33
4706 2351 -2
4707 2391 77
4708 2321 -64
4709 2343 -21
4710 2331 -46
4711 2363 17
4712 2339 -32
4713 2351 -9
4714 2389 66
4715 2314 -85
4716 2337 -40
4717 2320 -75
4718 2388 60
4719 2364 11
4720 2361 4
4721 2367 15
4722 2342 -36
4723 2408 95
4724 2334 -54
4725 2340 -43
4726 2406 88
4727 2311 -103
4728 2379 32
4729 2299 -129
4730 2399 70
4731 2383 37
4732 2379 28
4733 2350 -31
4734 2398 64
4735 2375 17
4736 2411 88
4737 2423 111
4738 2367 -2
4739 2334 -69
4740 2340 -58
4741 2394 49
4742 2355 -30
4743 2405 69
4744 2349 -44
4745 2387 31
4746 2379 14
4747 2419 93
4748 2327 -92
4749 2369 -9
4750 2314 -120
4751 2399 49
4752 2275 -200
4753 2438 125
4754 2322 -108
4755 2307 -139
4756 2411 68
4757 2407 59
4758 2403 50
4759 2357 -43
4760 2369 -20
4761 2365 -29
4762 2394 28
4763 2378 -5
4764 2412 62
4765 2416 69
4766 2378 -8
4767 2384 3
4768 2366 -34
4769 2344 -79
4770 2410 52
4771 2386 3
4772 2414 58
4773 2352 -67
4774 2373 -26
4775 2325 -123
4776 2404 34
4777 2378 -19
4778 2337 -102
4779 2448 119
4780 2405 32
4781 2393 7
4782 2357 -66
4783 2374 -33
4784 2395 8
4785 2393 3
4786 2378 -28
4787 2391 -3
4788 2411 36
4789 2428 69
4790 2344 -100
4791 2396 3
4792 2419 48
4793 2405 19
4794 2401 10
4795 2323 -147
4796 2395 -4
4797 2469 143
4798 2432 68
4799 2361 -75
4800 2405 12
4801 2438 77
4802 2436 72
4803 2288 -225
4804 2398 -6
4805 2400 -3
4806 2403 2
4807 2388 -29
4808 2466 126
4809 2363 -81
4810 2406 4
4811 2430 51
4812 2369 -72
4813 2382 -47
4814 2352 -108
4815 2397 -19
4816 2430 46
4817 2416 17
4818 2443 70
4819 2381 -55
4820 2428 38
4821 2447 75
4822 2426 32
4823 2396 -29
4824 2435 48
4825 2395 -33
4826 2445 66
4827 2427 29
4828 2400 -26
4829 2419 11
4830 2415 2
4831 2423 17
4832 2435 40
4833 2453 75
4834 2408 -16
4835 2429 25
4836 2460 86
4837 2390 -55
4838 2391 -54
4839 2412 -13
4840 2387 -64
4841 2403 -33
4842 2461 82
4843 2419 -3
4844 2430 18
4845 2496 149
4846 2443 42
4847 2442 39
4848 2413 -20
4849 2424 1
4850 2423 -2
4851 2412 -25
4852 2416 -18
4853 2454 57
4854 2475 98
4855 2406 -41
4856 2427 0
4857 2441 27
4858 2376 -104
4859 2397 -63
4860 2431 4
4861 2468 77
4862 2403 -54
4863 2435 9
4864 2399 -64
4865 2407 -49
4866 2410 -44
4867 2454 43
4868 2443 20
4869 2443 19
4870 2417 -34
4871 2386 -97
4872 2382 -106
4873 2452 33
4874 2435 -2
4875 2485 97
4876 2438 2
4877 2419 -37
4878 2485 94
4879 2464 51
4880 2447 16
4881 2509 139
4882 2431 -18
4883 2467 53
4884 2444 6
4885 2484 85
4886 2445 6
4887 2445 5
4888 2473 60
4889 2438 -11
4890 2481 74
4891 2443 -3
4892 2417 -56
4893 2383 -125
4894 2479 66
4895 2424 -45
4896 2488 82
4897 2533 171
4898 2463 30
4899 2422 -53
4900 2482 66
4901 2454 9
4902 2454 8
4903 2527 153
4904 2476 50
4905 2454 5
4906 2431 -42
4907 2490 75
4908 2468 30
4909 2460 13
4910 2449 -10
4911 2460 11
4912 2455 0
4913 2418 -75
4914 2481 50
4915 2410 -93
4916 2442 -30
4917 2454 -7
4918 2393 -130
4919 2479 41
4920 2441 -36
4921 2504 89
4922 2483 46
4923 2433 -55
4924 2434 -54
4925 2486 49
4926 2441 -42
4927 2529 133
4928 2445 -36
4929 2429 -69
4930 2451 -26
4931 2489 49
4932 2393 -144
4933 2448 -35
4934 2569 206
4935 2473 13
4936 2554 174
4937 2421 -93
4938 2475 14
4939 2500 63
4940 2496 54
4941 2482 25
4942 2474 8
4943 2438 -65
4944 2460 -22
4945 2507 71
4946 2486 28
4947 2523 101
4948 2450 -46
4949 2479 11
4950 2502 56
4951 2453 -43
4952 2466 -18
4953 2442 -67
4954 2549 146
4955 2441 -71
4956 2475 -4
4957 2472 -11
4958 2478 0
4959 2460 -37
4960 2516 74
4961 2509 59
4962 2399 -162
4963 2496 31
4964 2471 -20
4965 2522 81
4966 2438 -88
4967 2488 11
4968 2486 6
4969 2446 -75
4970 2442 -84
4971 2496 23
4972 2516 62
4973 2529 87
4974 2500 28
4975 2511 49
4976 2508 42
4977 2502 29
4978 2549 122
4979 2462 -53
4980 2560 142
4981 2456 -67
4982 2544 108
4983 2483 -15
4984 2508 34
4985 2450 -83
4986 2520 56
4987 2520 55
4988 2421 -144
4989 2442 -103
4990 2464 -60
4991 2516 43
4992 2488 -14
4993 2484 -23
4994 2566 140
4995 2491 -11
4996 2483 -28
4997 2507 19
4998 2494 -8
4999 2447 -103
5000 2448 -102
5001 2498 -3
5002 2458 -84
5003 2518 35
5004 2540 78
5005 2511 19
5006 2553 102
5007 2521 37
5008 2500 -6
5009 2518 29
5010 2506 4
5011 2508 7
5012 2515 20
5013 2552 93
5014 2502 -8
5015 2538 63
5016 2508 2
5017 2479 -57
5018 2501 -14
5019 2499 -19
5020 2519 20
5021 2542 65
5022 2469 -82
5023 2463 -95
5024 2524 26
5025 2503 -17
5026 2545 66
5027 2561 97
5028 2530 34
5029 2525 23
5030 2550 72
5031 2481 -67
5032 2531 32
5033 2528 25
5034 2548 64
5035 2502 -29
5036 2517 0
5037 2482 -71
5038 2469 -98
5039 2483 -71
5040 2432 -174
5041 2494 -51
5042 2510 -20
5043 2528 15
5044 2540 38
5045 2487 -69
5046 2540 36
5047 2476 -93
5048 2562 78
5049 2499 -49
5050 2512 -24
5051 2506 -37
5052 2529 8
5053 2541 31
5054 2492 -68
5055 2534 15
5056 2555 56
5057 2462 -131
5058 2516 -24
5059 2485 -87
5060 2571 84
5061 2561 63
5062 2483 -94
5063 2496 -69
5064 2484 -94
5065 2538 13
5066 2539 14
5067 2523 -19
5068 2573 80
5069 2541 15
5070 2548 28
5071 2505 -59
5072 2569 68
5073 2522 -27
5074 2482 -108
5075 2528 -17
5076 2559 44
5077 2436 -203
5078 2526 -24
5079 2530 -17
5080 2488 -102
5081 2566 53
5082 2485 -110
5083 2537 -7
5084 2612 142
5085 2532 -19
5086 2568 52
5087 2553 21
5088 2549 12
5089 2546 5
5090 2526 -36
5091 2556 23
5092 2488 -114
5093 2613 135
5094 2598 104
5095 2582 71
5096 2565 36
5097 2518 -59
5098 2499 -98
5099 2600 103
5100 2567 36
5101 2569 39
5102 2579 58
5103 2560 19
5104 2578 54
5105 2545 -13
5106 2569 34
5107 2597 89
5108 2543 -20
5109 2547 -13
5110 2605 102
5111 2542 -25
5112 2548 -14
5113 2596 81
5114 2565 18
5115 2610 107
5116 2554 -6
5117 2563 11
5118 2563 10
5119 2512 -93
5120 2544 -30
5121 2545 -29
5122 2580 40
5123 2507 -107
5124 2553 -16
5125 2565 7
5126 2559 -6
5127 2503 -119
5128 2631 136
5129 2608 89
5130 2565 2
5131 2570 11
5132 2552 -26
5133 2603 75
5134 2502 -128
5135 2644 155
5136 2621 108
5137 2578 21
5138 2575 14
5139 2600 63
5140 2560 -18
5141 2543 -53
5142 2538 -64
5143 2595 49
5144 2573 4
5145 2573 3
5146 2545 -54
5147 2579 13
5148 2612 78
5149 2521 -105
5150 2556 -36
5151 2630 111
5152 2596 42
5153 2571 -9
5154 2574 -4
5155 2575 -3
5156 2583 12
5157 2484 -187
5158 2581 6
5159 2568 -21
5160 2603 48
5161 2540 -79
5162 2524 -112
5163 2574 -13
5164 2601 40
5165 2534 -95
5166 2550 -64
5167 2529 -107
5168 2565 -36
5169 2593 19
5170 2628 88
5171 2549 -71
5172 2593 16
5173 2537 -97
5174 2565 -42
5175 2581 -11
5176 2548 -78
5177 2584 -7
5178 2640 104
5179 2595 13
5180 2622 66
5181 2579 -21
5182 2582 -16
5183 2595 9
5184 2584 -14
5185 2598 13
5186 2607 30
5187 2594 3
5188 2564 -58
5189 2577 -33
5190 2534 -120
5191 2622 55
5192 2577 -36
5193 2601 11
5194 2579 -34
5195 2562 -69
5196 2593 -8
5197 2629 63
5198 2640 84
5199 2562 -73
5200 2550 -98
5201 2587 -25
5202 2624 48
5203 2605 9
5204 2590 -22
5205 2606 9
5206 2593 -18
5207 2620 35
5208 2562 -82
5209 2586 -35
5210 2616 24
5211 2619 29
5212 2581 -48
5213 2659 107
5214 2591 -30
5215 2542 -129
5216 2727 240
5217 2580 -55
5218 2584 -48
5219 2599 -19
5220 2618 18
5221 2631 43
5222 2661 102
5223 2608 -5
5224 2639 56
5225 2641 59
5226 2571 -82
5227 2659 93
5228 2603 -20
5229 2610 -7
5230 2580 -68
5231 2546 -137
5232 2576 -78
5233 2665 99
5234 2576 -80
5235 2641 49
5236 2606 -22
5237 2636 37
5238 2609 -18
5239 2647 57
5240 2657 76
5241 2639 39
5242 2559 -122
5243 2621 1
5244 2611 -20
5245 2639 35
5246 2586 -72
5247 2549 -147
5248 2578 -90
5249 2644 41
5250 2647 46
5251 2660 71
5252 2579 -92
5253 2652 53
5254 2608 -36
5255 2571 -111
5256 2594 -66
5257 2580 -95
5258 2638 20
5259 2668 79
5260 2634 10
5261 2575 -109
5262 2599 -62
5263 2611 -39
5264 2570 -122
5265 2634 5
5266 2638 12
5267 2616 -33
5268 2665 64
5269 2573 -121
5270 2648 28
5271 2619 -31
5272 2626 -18
5273 2670 69
5274 2659 46
5275 2668 63
5276 2639 4
5277 2669 63
5278 2715 154
5279 2625 -27
5280 2617 -44
5281 2638 -3
5282 2693 106
5283 2663 45
5284 2639 -4
5285 2567 -149
5286 2615 -54
5287 2584 -117
5288 2610 -66
5289 2584 -119
5290 2592 -104
5291 2702 115
5292 2643 -4
5293 2603 -85
5294 2694 96
5295 2640 -13
5296 2644 -6
5297 2667 39
5298 2656 16
5299 2673 49
5300 2657 16
5301 2585 -129
5302 2685 70
5303 2658 15
5304 2579 -144
5305 2666 29
5306 2680 56
5307 2675 45
5308 2657 8
5309 2673 39
5310 2693 78
5311 2640 -29
5312 2660 10
5313 2591 -129
5314 2642 -28
5315 2671 29
5316 2645 -24
5317 2688 61
5318 2654 -8
5319 2631 -55
5320 2643 -32
5321 2684 49
5322 2618 -84
5323 2671 21
5324 2744 166
5325 2691 59
5326 2660 -4
5327 2666 7
5328 2625 -76
5329 2632 -63
5330 2637 -54
5331 2706 83
5332 2690 50
5333 2634 -63
5334 2575 -182
5335 2628 -77
5336 2633 -68
5337 2665 -5
5338 2718 100
5339 2609 -119
5340 2656 -26
5341 2714 89
5342 2740 140
5343 2672 3
5344 2681 20
5345 2678 13
5346 2660 -24
5347 2772 199
5348 2687 28
5349 2680 13
5350 2652 -44
5351 2713 77
5352 2695 40
5353 2680 9
5354 2673 -6
5355 2656 -41
5356 2764 174
5357 2681 7
5358 2713 70
5359 2673 -11
5360 2661 -36
5361 2656 -47
5362 2733 106
5363 2598 -165
5364 2632 -98
5365 2730 97
5366 2661 -42
5367 2628 -109
5368 2746 126
5369 2696 25
5370 2728 88
5371 2703 37
5372 2678 -14
5373 2671 -29
5374 2626 -120
5375 2659 -55
5376 2776 178
5377 2712 49
5378 2622 -132
5379 2669 -39
5380 2625 -128
5381 2805 231
5382 2617 -146
5383 2681 -19
5384 2709 36
5385 2730 77
5386 2680 -24
5387 2626 -133
5388 2639 -108
5389 2714 41
5390 2709 30
5391 2664 -61
5392 2706 22
5393 2703 15
5394 2682 -28
5395 2748 103
5396 2649 -96
5397 2720 45
5398 2652 -92
5399 2712 27
5400 2736 74
5401 2710 21
5402 2670 -60
5403 2731 61
5404 2672 -58
5405 2700 -3
5406 2640 -124
5407 2712 19
5408 2732 58
5409 2698 -11
5410 2692 -24
5411 2725 41
5412 2746 82
5413 2682 -47
5414 2749 86
5415 2676 -61
5416 2754 94
5417 2656 -103
5418 2706 -4
5419 2688 -41
5420 2669 -80
5421 2731 43
5422 2731 42
5423 2699 -23
5424 2712 2
5425 2684 -55
5426 2751 78
5427 2647 -131
5428 2723 20
5429 2761 95
5430 2674 -80
5431 2687 -55
5432 2614 -202
5433 2710 -11
5434 2742 52
5435 2691 -51
5436 2756 78
5437 2658 -119
5438 2747 58
5439 2687 -63
5440 2732 26
5441 2671 -97
5442 2712 -16
5443 2683 -75
5444 2741 40
5445 2721 -1
5446 2720 -4
5447 2764 83
5448 2715 -16
5449 2687 -73
5450 2796 144
5451 2710 -29
5452 2674 -102
5453 2729 7
5454 2714 -24
5455 2756 59
5456 2704 -46
5457 2746 37
5458 2809 162
5459 2719 -19
5460 2695 -68
5461 2702 -55
5462 2653 -154
5463 2810 159
5464 2686 -90
5465 2683 -97
5466 2760 56
5467 2678 -109
5468 2770 74
5469 2741 15
5470 2735 2
5471 2739 9
5472 2783 96
5473 2720 -31
5474 2698 -76
5475 2716 -41
5476 2728 -18
5477 2748 21
5478 2761 46
5479 2740 3
5480 2724 -30
5481 2678 -123
5482 2722 -36
5483 2808 135
5484 2718 -46
5485 2755 27
5486 2771 58
5487 2737 -11
5488 2728 -30
5489 2712 -63
5490 2676 -136
5491 2787 85
5492 2724 -42
5493 2755 19
5494 2779 66
5495 2643 -207
5496 2722 -50
5497 2754 13
5498 2665 -166
5499 2700 -97
5500 2785 72
5501 2799 99
5502 2706 -88
5503 2729 -43
5504 2770 38
5505 2701 -101
5506 2772 40
5507 2720 -65
5508 2759 12
5509 2721 -65
5510 2692 -124
5511 2811 113
5512 2780 50
5513 2811 111
5514 2808 104
5515 2745 -23
5516 2749 -16
5517 2796 77
5518 2789 62
5519 2748 -21
5520 2762 6
5521 2777 35
5522 2748 -24
5523 2790 59
5524 2771 20
5525 2781 39
5526 2842 160
5527 2741 -43
5528 2799 72
5529 2766 5
5530 2734 -60
5531 2730 -69
5532 2772 14
5533 2734 -63
5534 2836 140
5535 2815 97
5536 2807 80
5537 2783 31
5538 2779 22
5539 2753 -31
5540 2778 18
5541 2761 -17
5542 2785 30
5543 2751 -39
5544 2799 56
5545 2776 9
5546 2855 166
5547 2737 -71
5548 2743 -60
5549 2788 29
5550 2754 -40
5551 2731 -87
5552 2826 102
5553 2788 25
5554 2804 56
5555 2766 -21
5556 2783 12
5557 2827 99
5558 2735 -86
5559 2813 69
5560 2742 -74
5561 2756 -47
5562 2751 -58
5563 2763 -35
5564 2739 -84
5565 2831 99
5566 2817 70
5567 2807 49
5568 2732 -102
5569 2853 139
5570 2782 -4
5571 2789 9
5572 2792 14
5573 2821 71
5574 2737 -98
5575 2761 -51
5576 2777 -20
5577 2797 19
5578 2822 68
5579 2767 -43
5580 2882 186
5581 2802 25
5582 2810 40
5583 2787 -7
5584 2837 92
5585 2811 39
5586 2827 70
5587 2792 -1
5588 2835 84
5589 2772 -43
5590 2805 22
5591 2799 9
5592 2867 144
5593 2785 -21
5594 2773 -46
5595 2782 -29
5596 2839 84
5597 2861 127
5598 2801 6
5599 2747 -103
5600 2809 20
5601 2769 -61
5602 2774 -52
5603 2752 -97
5604 2783 -36
5605 2833 63
5606 2846 88
5607 2806 7
5608 2787 -32
5609 2806 5
5610 2837 66
5611 2786 -37
5612 2831 52
5613 2850 89
5614 2833 54
5615 2868 123
5616 2813 12
5617 2733 -149
5618 2767 -82
5619 2801 -15
5620 2866 114
5621 2816 13
5622 2801 -18
5623 2819 17
5624 2809 -4
5625 2761 -101
5626 2742 -140
5627 2794 -37
5628 2824 22
5629 2826 25
5630 2738 -152
5631 2799 -31
5632 2817 4
5633 2822 13
5634 2788 -56
5635 2814 -5
5636 2874 114
5637 2809 -17
5638 2819 2
5639 2792 -53
5640 2852 66
5641 2772 -95
5642 2838 36
5643 2839 37
5644 2825 8
5645 2833 23
5646 2813 -18
5647 2842 39
5648 2839 32
5649 2877 107
5650 2828 8
5651 2870 91
5652 2813 -24
5653 2875 99
5654 2839 26
5655 2703 -247
5656 2869 84
5657 2787 -81
5658 2943 230
5659 2805 -47
5660 2787 -84
5661 2851 43
5662 2770 -120
5663 2864 67
5664 2798 -66
5665 2840 17
5666 2811 -42
5667 2789 -87
5668 2777 -112
5669 2849 31
5670 2781 -106
5671 2842 15
5672 2818 -34
5673 2791 -89
5674 2804 -64
5675 2881 89
5676 2830 -14
5677 2740 -195
5678 2845 14
5679 2831 -15
5680 2893 108
5681 2917 155
5682 2890 100
5683 2805 -71
5684 2914 146
5685 2864 45
5686 2838 -8
5687 2924 163
5688 2813 -60
5689 2857 27
5690 2818 -52
5691 2829 -31
5692 2838 -14
5693 2806 -79
5694 2796 -100
5695 2796 -101
5696 2740 -214
5697 2819 -57
5698 2842 -12
5699 2875 53
5700 2825 -48
5701 2851 3
5702 2860 20
5703 2892 83
5704 2897 92
5705 2829 -45
5706 2897 90
5707 2894 83
5708 2858 10
5709 2811 -85
5710 2958 208
5711 2833 -43
5712 2854 -2
5713 2824 -63
5714 2804 -104
5715 2866 19
5716 2887 60
5717 2804 -107
5718 2882 48
5719 2826 -65
5720 2805 -108
5721 2864 9
5722 2848 -24
5723 2854 -13
5724 2859 -4
5725 2849 -25
5726 2865 6
5727 2898 71
5728 2824 -78
5729 2870 13
5730 2860 -8
5731 2868 7
5732 2866 2
5733 2841 -49
5734 2893 54
5735 2825 -83
5736 2834 -66
5737 2888 41
5738 2836 -64
5739 2826 -85
5740 2894 50
5741 2827 -85
5742 2904 68
5743 2812 -117
5744 2874 6
5745 2863 -17
5746 2827 -90
5747 2939 133
5748 2886 26
5749 2886 25
5750 2891 34
5751 2826 -97
5752 2896 42
5753 2904 57
5754 3011 270
5755 2878 3
5756 2828 -98
5757 2859 -37
5758 2896 36
5759 2856 -45
5760 2854 -50
5761 2918 77
5762 2881 2
5763 2890 19
5764 2879 -4
5765 2904 45
5766 2916 68
5767 2879 -7
5768 2826 -114
5769 2879 -9
5770 2827 -114
5771 2894 19
5772 2851 -68
5773 2903 35
5774 2984 196
5775 2878 -17
5776 2856 -62
5777 2873 -29
5778 2852 -72
5779 2831 -115
5780 2885 -8
5781 2875 -29
5782 2816 -148
5783 2859 -63
5784 2960 138
5785 2856 -71
5786 2905 26
5787 2860 -65
5788 2950 114
5789 2914 41
5790 2881 -26
5791 2847 -95
5792 2901 12
5793 2905 19
5794 2911 30
5795 2860 -73
5796 2914 34
5797 2856 -83
5798 2941 86
5799 2989 181
5800 2950 102
5801 2886 -27
5802 2952 104
5803 2898 -5
5804 2872 -58
5805 2908 13
5806 2957 110
5807 2916 27
5808 2845 -116
5809 2937 67
5810 2862 -84
5811 2856 -97
5812 2921 32
5813 2921 31
5814 2865 -82
5815 2883 -47
5816 2888 -38
5817 2887 -41
5818 2926 36
5819 2908 -1
5820 2875 -68
5821 2945 71
5822 2878 -64
5823 2900 -21
5824 2949 76
5825 2938 53
5826 2910 -4
5827 2927 29
5828 2916 6
5829 2897 -33
5830 2919 10
5831 2912 -5
5832 2871 -88
5833 2898 -35
5834 2873 -86
5835 2948 63
5836 2917 0
5837 2935 35
5838 2918 0
5839 2940 43
5840 2893 -52
5841 2890 -59
5842 2965 90
5843 2919 -3
5844 2899 -44
5845 2900 -43
5846 2946 48
5847 2924 3
5848 2907 -32
5849 2926 5
5850 2922 -4
5851 2926 3
5852 2917 -16
5853 2986 121
5854 2949 46
5855 2943 33
5856 2881 -92
5857 2976 97
5858 2956 56
5859 2926 -5
5860 2943 28
5861 2927 -5
5862 2926 -8
5863 2882 -97
5864 3006 150
5865 2929 -5
5866 2852 -160
5867 2964 63
5868 2879 -108
5869 2944 21
5870 2895 -78
5871 3039 209
5872 2963 56
5873 2850 -171
5874 2948 24
5875 3001 129
5876 2903 -68
5877 2911 -53
5878 2893 -90
5879 2950 23
5880 2943 8
5881 2930 -19
5882 3001 122
5883 2997 113
5884 3003 124
5885 2882 -119
5886 3038 192
5887 2905 -75
5888 2915 -56
5889 2964 41
5890 2931 -26
5891 3010 131
5892 2919 -52
5893 2925 -41
5894 2930 -32
5895 3005 117
5896 2903 -88
5897 2918 -59
5898 2951 6
5899 2937 -23
5900 2912 -74
5901 2871 -157
5902 3017 134
5903 2995 89
5904 2918 -66
5905 2882 -139
5906 2940 -24
5907 2960 15
5908 2966 26
5909 2952 -3
5910 2961 14
5911 2985 61
5912 2954 -2
5913 2967 23
5914 2959 6
5915 3019 125
5916 2918 -78
5917 2981 47
5918 2960 4
5919 3012 107
5920 2988 58
5921 2997 75
5922 2962 4
5923 2956 -9
5924 2937 -48
5925 2993 63
5926 3006 88
5927 2974 23
5928 2972 18
5929 2928 -71
5930 3072 216
5931 2940 -49
5932 3003 76
5933 2959 -13
5934 2963 -6
5935 2962 -9
5936 2962 -10
5937 2891 -153
5938 3001 66
5939 2972 7
5940 2974 10
5941 2957 -25
5942 2972 4
5943 2988 35
5944 2954 -34
5945 2974 5
5946 2958 -28
5947 3021 97
5948 2977 8
5949 3002 57
5950 3007 66
5951 3018 87
5952 2906 -138
5953 3040 129
5954 2964 -24
5955 2990 27
5956 2970 -14
5957 2904 -147
5958 2983 10
5959 2971 -15
5960 2952 -54
5961 3062 165
5962 2946 -68
5963 3022 83
5964 2985 8
5965 3030 97
5966 2909 -146
5967 3019 73
5968 2977 -12
5969 3037 107
5970 2960 -48
5971 2965 -39
5972 2918 -134
5973 2969 -33
5974 2997 22
5975 2971 -31
5976 2984 -6
5977 2989 3
5978 3009 42
5979 2961 -55
5980 3026 74
5981 2976 -27
5982 2991 2
5983 2987 -7
5984 2960 -62
5985 3006 29
5986 2977 -30
5987 3022 59
5988 3025 64
5989 2996 5
5990 2949 -90
5991 3037 85
5992 2968 -54
5993 3011 31
5994 3085 178
5995 3009 25
5996 3027 60
5997 2965 -65
5998 3009 22
5999 3015 33
6000 3009 20
6001 3015 31
6002 2947 -106
6003 3006 11
6004 3043 84
6005 2957 -89
6006 3089 174
6007 2969 -67
6008 3025 44
6009 3022 37
6010 3024 40
6011 2912 -185
6012 3000 -10
6013 3002 -7
6014 3032 52
6015 3009 5
6016 3024 34
6017 3034 53
6018 2989 -38
6019 2981 -55
6020 3015 12
6021 2893 -233
6022 3038 56
6023 3038 55
6024 2989 -44
6025 3040 57
6026 2983 -58
6027 2974 -77
6028 2995 -36
6029 3012 -3
6030 3024 20
6031 2963 -103
6032 3020 10
6033 3038 45
6034 3018 4
6035 3078 123
6036 2951 -132
6037 2933 -169
6038 3070 104
6039 3062 87
6040 3030 22
6041 3048 57
6042 3080 120
6043 3015 -11
6044 3030 18
6045 3013 -17
6046 3008 -28
6047 3027 9
6048 2973 -100
6049 3019 -9
6050 3002 -44
6051 3020 -9
6052 3029 8
6053 2969 -113
6054 2970 -112
6055 3002 -49
6056 3012 -30
6057 3029 3
6058 2994 -68
6059 3017 -23
6060 3087 116
6061 3005 -49
6062 3078 96
6063 3008 -45
6064 3023 -16
6065 3072 81
6066 3080 96
6067 3038 11
6068 3055 44
6069 3114 161
6070 3021 -26
6071 3046 23
6072 3070 70
6073 3037 3
6074 3083 94
6075 3018 -37
6076 2987 -100
6077 3055 35
6078 3080 84
6079 2973 -131
6080 3111 144
6081 3006 -67
6082 3091 102
6083 2920 -241
6084 3029 -24
6085 3025 -33
6086 3048 12
6087 3024 -37
6088 3012 -62
6089 3090 93
6090 3059 30
6091 3061 33
6092 3056 22
6093 3113 135
6094 3056 20
6095 3067 41
6096 3095 96
6097 3108 121
6098 3079 62
6099 3030 -37
6100 2961 -176
6101 2989 -121
6102 3056 12
6103 3028 -45
6104 2972 -158
6105 3019 -65
6106 3060 16
6107 3042 -21
6108 3035 -36
6109 3052 -3
6110 3013 -82
6111 3044 -21
6112 3073 36
6113 3041 -29
6114 3049 -14
6115 3029 -55
6116 3030 -54
6117 2989 -137
6118 2970 -176
6119 3093 69
6120 3081 44
6121 3032 -55
6122 3047 -26
6123 3022 -77
6124 3045 -32
6125 3039 -45
6126 3081 38
6127 3069 13
6128 3066 6
6129 3138 149
6130 3033 -62
6131 3021 -87
6132 3062 -6
6133 3030 -71
6134 2996 -140
6135 3068 3
6136 3101 68
6137 3013 -109
6138 3056 -24
6139 3106 75
6140 3033 -72
6141 3047 -45
6142 3008 -124
6143 3110 79
6144 3053 -36
6145 3132 121
6146 3050 -44
6147 3082 19
6148 3017 -112
6149 3103 59
6150 3108 68
6151 3030 -89
6152 3074 -2
6153 3059 -33
6154 3099 46
6155 3107 61
6156 3112 70
6157 3080 5
6158 3060 -36
6159 3122 87
6160 3128 98
6161 3060 -39
6162 3053 -54
6163 3131 101
6164 3055 -52
6165 3085 7
6166 3108 52
6167 3093 21
6168 3099 32
6169 3138 109
6170 3118 68
6171 3119 69
6172 3198 226
6173 3047 -77
6174 3083 -6
6175 3033 -107
6176 3117 60
6177 3093 11
6178 3082 -12
6179 3050 -77
6180 3090 2
6181 3046 -87
6182 3073 -34
6183 3117 53
6184 3103 24
6185 3098 13
6186 3084 -16
6187 3080 -25
6188 3051 -84
6189 3138 89
6190 3154 120
6191 3103 17
6192 3121 52
6193 3174 157
6194 3049 -94
6195 3138 83
6196 3105 16
6197 3164 133
6198 3132 68
6199 3074 -49
6200 3100 2
6201 3087 -25
6202 3188 176
6203 3152 103
6204 3116 30
6205 3037 -129
6206 3086 -32
6207 2998 -209
6208 3121 36
6209 3087 -33
6210 3121 34
6211 3085 -39
6212 3044 -122
6213 3110 9
6214 3113 14
6215 3116 19
6216 3136 58
6217 3179 143
6218 3131 46
6219 3097 -23
6220 3098 -22
6221 3064 -91
6222 3062 -96
6223 3152 83
6224 3137 52
6225 3115 7
6226 3136 48
6227 3056 -113
6228 3082 -62
6229 3200 173
6230 3108 -12
6231 3101 -27
6232 3124 18
6233 3111 -9
6234 3185 138
6235 3098 -37
6236 3123 12
6237 3147 59
6238 3171 106
6239 3132 27
6240 3093 -52
6241 3058 -123
6242 3174 108
6243 3112 -17
6244 3180 118
6245 3159 75
6246 3096 -52
6247 3143 41
6248 3064 -118
6249 3136 25
6250 3156 64
6251 3139 29
6252 3076 -98
6253 3079 -93
6254 3076 -100
6255 3076 -101
6256 3165 76
6257 3121 -13
6258 3126 -4
6259 3112 -33
6260 3088 -82
6261 3113 -33
6262 3068 -124
6263 3119 -23
6264 3170 78
6265 3095 -73
6266 3174 84
6267 3147 29
6268 3147 28
6269 3171 75
6270 3104 -60
6271 3164 59
6272 3101 -68
6273 3208 145
6274 3091 -90
6275 3163 53
6276 3139 4
6277 3117 -41
6278 3186 96
6279 3063 -151
6280 3064 -150
6281 3145 11
6282 3141 2
6283 3170 59
6284 3133 -16
6285 3162 41
6286 3118 -48
6287 3158 31
6288 3164 42
6289 3151 15
6290 3100 -88
6291 3078 -133
6292 3249 208
6293 3111 -69
6294 3131 -30
6295 3143 -7
6296 3183 72
6297 3159 23
6298 3204 112
6299 3046 -205
6300 3157 16
6301 3105 -89
6302 3155 10
6303 3131 -39
6304 3155 8
6305 3129 -45
6306 3118 -68
6307 3158 11
6308 3246 186
6309 3093 -121
6310 3204 100
6311 3187 65
6312 3117 -76
6313 3145 -21
6314 3135 -42
6315 3192 71
6316 3161 8
6317 3197 79
6318 3169 22
6319 3161 5
6320 3157 -4
6321 3131 -57
6322 3178 36
6323 3144 -33
6324 3193 64
6325 3115 -93
6326 3224 124
6327 3178 31
6328 3190 54
6329 3185 43
6330 3150 -28
6331 3219 109
6332 3179 28
6333 3200 69
6334 3183 34
6335 3192 51
6336 3185 36
6337 3117 -101
6338 3159 -18
6339 3184 31
6340 3141 -56
6341 3213 87
6342 3170 0
6343 3200 59
6344 3117 -108
6345 3101 -141
6346 3154 -36
6347 3171 -3
6348 3182 18
6349 3165 -17
6350 3136 -76
6351 3076 -197
6352 3177 4
6353 3200 49
6354 3186 20
6355 3127 -99
6356 3252 150
6357 3238 121
6358 3109 -138
6359 3210 63
6360 3210 62
6361 3139 -81
6362 3161 -38
6363 3244 127
6364 3227 92
6365 3158 -47
6366 3138 -88
6367 3186 7
6368 3202 38
6369 3287 207
6370 3175 -18
6371 3175 -19
6372 3226 82
6373 3130 -111
6374 3163 -46
6375 3241 109
6376 3172 -30
6377 3173 -29
6378 3247 118
6379 3149 -79
6380 3177 -24
6381 3149 -81
6382 3225 70
6383 3206 31
6384 3220 58
6385 3229 75
6386 3155 -74
6387 3178 -29
6388 3179 -28
6389 3111 -165
6390 3170 -48
6391 3208 27
6392 3240 90
6393 3168 -55
6394 3174 -44
6395 3103 -187
6396 3244 94
6397 3174 -47
6398 3264 132
6399 3208 19
6400 3176 -46
6401 3231 63
6402 3216 32
6403 3190 -21
6404 3129 -144
6405 3227 51
6406 3238 72
6407 3158 -89
6408 3181 -44
6409 3224 41
6410 3208 8
6411 3138 -133
6412 3235 60
6413 3162 -87
6414 3177 -58
6415 3225 37
6416 3224 34
6417 3140 -135
6418 3233 50
6419 3219 21
6420 3230 42
6421 3231 43
6422 3224 28
6423 3226 31
6424 3197 -28
6425 3230 37
6426 3289 154
6427 3192 -41
6428 3263 100
6429 3170 -87
6430 3231 34
6431 3149 -131
6432 3197 -36
6433 3236 41
6434 3241 50
6435 3162 -109
6436 3250 66
6437 3147 -141
6438 3248 60
6439 3223 9
6440 3263 88
6441 3226 13
6442 3255 70
6443 3213 -15
6444 3269 96
6445 3225 7
6446 3245 46
6447 3270 95
6448 3144 -158
6449 3307 167
6450 3230 12
6451 3199 -51
6452 3180 -90
6453 3207 -37
6454 3223 -6
6455 3270 87
6456 3237 20
6457 3172 -111
6458 3198 -60
6459 3196 -65
6460 3246 34
6461 3238 17
6462 3136 -188
6463 3207 -47
6464 3238 14
6465 3201 -61
6466 3244 24
6467 3218 -29
6468 3252 38
6469 3226 -15
6470 3172 -124
6471 3142 -185
6472 3191 -88
6473 3240 9
6474 3211 -50
6475 3328 183
6476 3248 22
6477 3227 -21
6478 3221 -34
6479 3236 -5
6480 3259 40
6481 3262 45
6482 3225 -30
6483 3222 -37
6484 3230 -22
6485 3213 -57
6486 3229 -26
6487 3281 77
6488 3205 -76
6489 3240 -7
6490 3254 20
6491 3231 -27
6492 3228 -34
6493 3234 -23
6494 3230 -32
6495 3304 115
6496 3172 -150
6497 3343 191
6498 3264 32
6499 3271 45
6500 3280 62
6501 3194 -111
6502 3248 -4
6503 3206 -89
6504 3277 52
6505 3231 -41
6506 3323 142
6507 3249 -7
6508 3247 -12
6509 3228 -51
6510 3272 36
6511 3263 17
6512 3278 46
6513 3207 -97
6514 3274 36
6515 3289 65
6516 3244 -26
6517 3304 93
6518 3261 6
6519 3219 -79
6520 3215 -88
6521 3246 -27
6522 3278 36
6523 3286 51
6524 3207 -108
6525 3193 -137
6526 3282 40
6527 3268 11
6528 3344 162
6529 3228 -71
6530 3285 42
6531 3280 31
6532 3269 8
6533 3225 -81
6534 3316 100
6535 3290 47
6536 3239 -56
6537 3222 -91
6538 3196 -144
6539 3321 105
6540 3268 -2
6541 3252 -35
6542 3352 164
6543 3272 3
6544 3307 72
6545 3274 5
6546 3315 86
6547 3282 19
6548 3250 -46
6549 3186 -175
6550 3244 -60
6551 3255 -39
6552 3271 -8
6553 3345 139
6554 3322 92
6555 3282 11
6556 3281 8
6557 3317 79
6558 3348 140
6559 3253 -51
6560 3273 -12
6561 3271 -17
6562 3327 94
6563 3241 -79
6564 3287 12
6565 3307 51
6566 3235 -94
6567 3326 87
6568 3280 -6
6569 3240 -87
6570 3255 -58
6571 3383 197
6572 3261 -48
6573 3339 107
6574 3340 108
6575 3350 127
6576 3381 188
6577 3236 -103
6578 3280 -16
6579 3275 -27
6580 3274 -30
6581 3228 -123
6582 3292 4
6583 3275 -31
6584 3310 38
6585 3285 -13
6586 3311 38
6587 3302 19
6588 3301 16
6589 3219 -149
6590 3289 -10
6591 3238 -113
6592 3382 174
6593 3245 -101
6594 3337 82
6595 3266 -61
6596 3350 106
6597 3314 33
6598 3286 -24
6599 3287 -23
6600 3395 192
6601 3299 -1
6602 3239 -122
6603 3269 -63
6604 3256 -90
6605 3229 -145
6606 3299 -6
6607 3267 -71
6608 3342 78
6609 3299 -9
6610 3282 -44
6611 3261 -87
6612 3328 46
6613 3193 -225
6614 3329 46
6615 3317 21
6616 3375 136
6617 3389 163
6618 3266 -84
6619 3334 51
6620 3215 -188
6621 3334 49
6622 3265 -90
6623 3336 51
6624 3288 -46
6625 3352 81
6626 3292 -40
6627 3317 9
6628 3328 30
6629 3287 -53
6630 3231 -166
6631 3296 -37
6632 3294 -42
6633 3300 -31
6634 3314 -4
6635 3322 11
6636 3253 -128
6637 3253 -129
6638 3287 -62
6639 3346 55
6640 3384 130
6641 3295 -49
6642 3307 -26
6643 3299 -43
6644 3346 50
6645 3361 79
6646 3353 62
6647 3307 -31
6648 3397 148
6649 3262 -123
6650 3339 30
6651 3266 -117
6652 3393 136
6653 3301 -49
6654 3391 130
6655 3344 35
6656 3304 -46
6657 3369 83
6658 3343 30
6659 3321 -15
6660 3332 6
6661 3336 13
6662 3352 44
6663 3402 143
6664 3419 176
6665 3357 51
6666 3385 106
6667 3286 -93
6668 3345 24
6669 3265 -137
6670 3341 14
6671 3366 63
6672 3330 -10
6673 3383 95
6674 3367 62
6675 3395 117
6676 3317 -40
6677 3310 -55
6678 3354 32
6679 3275 -127
6680 3335 -8
6681 3319 -41
6682 3363 46
6683 3418 155
6684 3433 184
6685 3392 101
6686 3314 -56
6687 3321 -43
6688 3254 -178
6689 3336 -15
6690 3375 62
6691 3364 39
6692 3362 34
6693 3329 -33
6694 3292 -108
6695 3275 -143
6696 3275 -144
6697 3410 125
6698 3306 -84
6699 3339 -19
6700 3423 148
6701 3332 -35
6702 3352 4
6703 3343 -15
6704 3364 26
6705 3336 -31
6706 3302 -100
6707 3361 17
6708 3313 -80
6709 3315 -77
6710 3363 18
6711 3370 31
6712 3437 164
6713 3400 89
6714 3331 -50
6715 3401 89
6716 3280 -154
6717 3322 -71
6718 3430 144
6719 3399 81
6720 3347 -24
6721 3310 -99
6722 3381 42
6723 3297 -127
6724 3315 -92
6725 3415 107
6726 3330 -64
6727 3382 39
6728 3348 -30
6729 3345 -37
6730 3326 -76
6731 3453 177
6732 3325 -80
6733 3417 103
6734 3356 -20
6735 3387 41
6736 3374 14
6737 3357 -21
6738 3335 -66
6739 3430 123
6740 3337 -64
6741 3307 -125
6742 3343 -54
6743 3410 79
6744 3310 -122
6745 3381 19
6746 3422 100
6747 3410 75
6748 3389 32
6749 3372 -3
6750 3417 86
6751 3367 -15
6752 3326 -98
6753 3276 -199
6754 3316 -120
6755 3375 -3
6756 3425 96
6757 3357 -41
6758 3344 -68
6759 3440 123
6760 3308 -142
6761 3320 -119
6762 3422 84
6763 3436 111
6764 3313 -136
6765 3288 -187
6766 3436 108
6767 3423 81
6768 3360 -46
6769 3388 9
6770 3426 84
6771 3428 87
6772 3406 42
6773 3498 225
6774 3426 80
6775 3388 3
6776 3373 -28
6777 3414 53
6778 3409 42
6779 3342 -93
6780 3392 6
6781 3449 119
6782 3437 94
6783 3388 -5
6784 3383 -16
6785 3392 1
6786 3450 116
6787 3337 -111
6788 3371 -44
6789 3392 -3
6790 3383 -22
6791 3397 5
6792 3349 -92
6793 3405 19
6794 3411 30
6795 3381 -31
6796 3352 -90
6797 3365 -65
6798 3451 106
6799 3382 -33
6800 3469 140
6801 3437 75
6802 3415 30
6803 3444 87
6804 3328 -146
6805 3437 71
6806 3446 88
6807 3346 -113
6808 3412 18
6809 3449 91
6810 3382 -44
6811 3359 -91
6812 3393 -24
6813 3423 35
6814 3408 4
6815 3397 -19
6816 3374 -66
6817 3342 -131
6818 3401 -14
6819 3309 -199
6820 3408 -2
6821 3352 -115
6822 3467 114
6823 3424 27
6824 3376 -70
6825 3427 31
6826 3403 -18
6827 3364 -97
6828 3458 90
6829 3404 -19
6830 3444 60
6831 3438 47
6832 3394 -42
6833 3359 -113
6834 3327 -178
6835 3489 145
6836 3414 -6
6837 3370 -95
6838 3369 -98
6839 3388 -61
6840 3475 112
6841 3489 139
6842 3416 -8
6843 3430 19
6844 3390 -62
6845 3363 -117
6846 3456 68
6847 3394 -57
6848 3409 -28
6849 3363 -121
6850 3362 -124
6851 3414 -21
6852 3463 76
6853 3411 -29
6854 3405 -42
6855 3368 -117
6856 3349 -156
6857 3380 -95
6858 3384 -88
6859 3508 159
6860 3401 -56
6861 3453 47
6862 3453 46
6863 3441 21
6864 3397 -68
6865 3424 -15
6866 3432 0
6867 3474 83
6868 3514 162
6869 3400 -67
6870 3423 -22
6871 3420 -29
6872 3430 -10
6873 3407 -57
6874 3435 -2
6875 3410 -53
6876 3446 18
6877 3431 -13
6878 3360 -156
6879 3454 31
6880 3473 68
6881 3426 -27
6882 3473 66
6883 3419 -43
6884 3406 -70
6885 3468 53
6886 3384 -116
6887 3477 69
6888 3449 12
6889 3373 -141
6890 3382 -124
6891 3409 -71
6892 3393 -104
6893 3365 -161
6894 3540 188
6895 3423 -47
6896 3405 -84
6897 3527 159
6898 3457 18
6899 3416 -65
6900 3476 54
6901 3433 -33
6902 3383 -134
6903 3452 3
6904 3450 -2
6905 3441 -21
6906 3468 32
6907 3469 33
6908 3457 8
6909 3467 27
6910 3501 94
6911 3439 -31
6912 3454 -2
6913 3452 -7
6914 3526 140
6915 3422 -69
6916 3431 -52
6917 3511 107
6918 3510 104
6919 3503 89
6920 3426 -66
6921 3391 -137
6922 3510 100
6923 3433 -55
6924 3402 -118
6925 3475 27
6926 3446 -32
6927 3607 289
6928 3477 28
6929 3414 -99
6930 3512 96
6931 3499 69
6932 3433 -64
6933 3486 41
6934 3462 -8
6935 3472 11
6936 3468 2
6937 3404 -127
6938 3548 160
6939 3437 -63
6940 3462 -14
6941 3543 147
6942 3433 -74
6943 3521 101
6944 3477 12
6945 3526 109
6946 3483 22
6947 3404 -137
6948 3538 130
6949 3515 83
6950 3492 36
6951 3530 111
6952 3456 -38
6953 3461 -29
6954 3430 -92
6955 3517 81
6956 3399 -156
6957 3428 -99
6958 3508 60
6959 3549 141
6960 3461 -36
6961 3497 35
6962 3513 66
6963 3505 49
6964 3457 -48
6965 3532 101
6966 3583 202
6967 3475 -15
6968 3530 94
6969 3479 -9
6970 3504 40
6971 3530 91
6972 3489 8
6973 3424 -123
6974 3490 8
6975 3456 -61
6976 3528 82
6977 3472 -31
6978 3461 -54
6979 3495 13
6980 3475 -28
6981 3436 -107
6982 3426 -128
6983 3455 -71
6984 3412 -158
6985 3516 49
6986 3563 142
6987 3460 -65
6988 3447 -92
6989 3486 -15
6990 3538 88
6991 3539 89
6992 3465 -60
6993 3446 -99
6994 3513 34
6995 3500 7
6996 3472 -50
6997 3554 113
6998 3470 -56
6999 3533 69
7000 3453 -92
7001 3445 -109
7002 3490 -20
7003 3523 45
7004 3431 -140
7005 3459 -85
7006 3457 -90
7007 3540 75
7008 3558 110
7009 3480 -47
7010 3469 -70
7011 3486 -37
7012 3517 24
7013 3456 -99
7014 3473 -66
7015 3584 155
7016 3539 64
7017 3472 -71
7018 3442 -132
7019 3519 21
7020 3509 0
7021 3529 39
7022 3540 60
7023 3513 5
7024 3520 18
7025 3509 -5
7026 3518 12
7027 3498 -29
7028 3588 150
7029 3545 63
7030 3522 16
7031 3493 -43
7032 3562 94
7033 3509 -13
7034 3451 -130
7035 3471 -91
7036 3596 158
7037 3549 63
7038 3527 18
7039 3519 1
7040 3532 26
7041 3451 -137
7042 3437 -166
7043 3556 71
7044 3483 -76
7045 3535 27
7046 3559 74
7047 3537 29
7048 3514 -18
7049 3571 95
7050 3526 4
7051 3469 -111
7052 3489 -72
7053 3529 7
7054 3541 30
7055 3568 83
7056 3535 16
7057 3448 -159
7058 3570 84
7059 3553 49
7060 3554 50
7061 3525 -9
7062 3554 48
7063 3523 -15
7064 3562 62
7065 3553 43
7066 3503 -58
7067 3564 63
7068 3485 -96
7069 3475 -117
7070 3494 -80
7071 3568 67
7072 3530 -10
7073 3523 -25
7074 3506 -60
7075 3505 -63
7076 3500 -74
7077 3606 137
7078 3530 -16
7079 3588 99
7080 3498 -82
7081 3591 103
7082 3469 -142
7083 3511 -59
7084 3584 86
7085 3565 47
7086 3546 8
7087 3498 -89
7088 3585 84
7089 3497 -93
7090 3493 -102
7091 3529 -31
7092 3551 12
7093 3509 -73
7094 3555 18
7095 3576 59
7096 3596 98
7097 3576 57
7098 3431 -234
7099 3510 -77
7100 3645 192
7101 3502 -95
7102 3524 -52
7103 3565 29
7104 3613 124
7105 3577 51
7106 3542 -20
7107 3622 139
7108 3585 64
7109 3498 -111
7110 3514 -80
7111 3518 -73
7112 3531 -48
7113 3612 113
7114 3489 -134
7115 3580 47
7116 3561 8
7117 3567 19
7118 3559 2
7119 3546 -25
7120 3545 -28
7121 3632 145
7122 3550 -20
7123 3551 -19
7124 3563 4
7125 3539 -45
7126 3512 -100
7127 3532 -61
7128 3538 -50
7129 3529 -69
7130 3486 -156
7131 3628 127
7132 3496 -138
7133 3582 33
7134 3528 -76
7135 3513 -107
7136 3612 90
7137 3535 -65
7138 3604 72
7139 3490 -157
7140 3529 -80
7141 3512 -115
7142 3546 -48
7143 3550 -41
7144 3520 -102
7145 3540 -63
7146 3469 -206
7147 3545 -55
7148 3611 76
7149 3575 3
7150 3587 26
7151 3610 71
7152 3582 14
7153 3654 157
7154 3554 -44
7155 3548 -57
7156 3524 -106
7157 3607 59
7158 3666 176
7159 3627 97
7160 3601 44
7161 3640 121
7162 3576 -8
7163 3612 63
7164 3580 -2
7165 3629 95
7166 3549 -66
7167 3572 -21
7168 3561 -44
7169 3572 -23
7170 3590 12
7171 3542 -85
7172 3607 44
7173 3552 -67
7174 3641 110
7175 3611 49
7176 3566 -42
7177 3560 -55
7178 3644 112
7179 3634 91
7180 3510 -158
7181 3571 -37
7182 3633 86
7183 3558 -65
7184 3624 66
7185 3582 -19
7186 3661 138
7187 3630 75
7188 3528 -130
7189 3531 -125
7190 3570 -48
7191 3582 -25
7192 3553 -84
7193 3563 -65
7194 3581 -30
7195 3608 23
7196 3607 20
7197 3555 -85
7198 3639 82
7199 3652 107
7200 3631 64
7201 3581 -37
7202 3614 28
7203 3619 37
7204 3576 -50
7205 3584 -35
7206 3550 -104
7207 3690 175
7208 3605 4
7209 3616 25
7210 3620 32
7211 3627 45
7212 3563 -84
7213 3660 109
7214 3577 -58
7215 3572 -69
7216 3611 8
7217 3584 -47
7218 3593 -30
7219 3618 19
7220 3588 -42
7221 3663 107
7222 3721 222
7223 3636 51
7224 3625 28
7225 3601 -21
7226 3626 28
7227 3611 -3
7228 3626 26
7229 3676 125
7230 3584 -60
7231 3625 21
7232 3615 0
7233 3614 -3
7234 3547 -138
7235 3673 113
7236 3638 42
7237 3564 -107
7238 3700 164
7239 3628 19
7240 3588 -62
7241 3588 -63
7242 3646 52
7243 3622 3
7244 3661 80
7245 3579 -85
7246 3651 58
7247 3678 111
7248 3621 -4
7249 3567 -113
7250 3682 116
7251 3625 1
7252 3637 24
7253 3641 31
7254 3596 -60
7255 3697 141
7256 3589 -76
7257 3682 109
7258 3616 -24
7259 3633 9
7260 3599 -60
7261 3618 -23
7262 3574 -112
7263 3602 -57
7264 3516 -230
7265 3591 -81
7266 3632 0
7267 3607 -51
7268 3666 66
7269 3570 -127
7270 3602 -64
7271 3628 -13
7272 3660 50
7273 3555 -161
7274 3641 10
7275 3576 -121
7276 3677 80
7277 3625 -25
7278 3617 -42
7279 3701 125
7280 3618 -42
7281 3616 -47
7282 3713 146
7283 3585 -111
7284 3606 -70
7285 3662 41
7286 3650 16
7287 3667 49
7288 3606 -74
7289 3672 57
7290 3648 8
7291 3600 -89
7292 3670 50
7293 3649 7
7294 3623 -46
7295 3649 5
7296 3674 54
7297 3692 89
7298 3683 70
7299 3630 -37
7300 3634 -30
7301 3668 37
7302 3685 70
7303 3646 -9
7304 3652 2
7305 3598 -107
7306 3649 -6
7307 3650 -5
7308 3578 -150
7309 3653 -1
7310 3660 12
7311 3647 -15
7312 3562 -186
7313 3596 -119
7314 3688 64
7315 3697 81
7316 3595 -124
7317 3660 5
7318 3643 -30
7319 3684 51
7320 3639 -40
7321 3555 -209
7322 3720 120
7323 3683 45
7324 3607 -108
7325 3669 15
7326 3640 -44
7327 3649 -27
7328 3635 -56
7329 3648 -31
7330 3690 52
7331 3659 -11
7332 3732 134
7333 3644 -43
7334 3741 150
7335 3726 119
7336 3737 140
7337 3665 -5
7338 3695 54
7339 3648 -41
7340 3661 -16
7341 3582 -175
7342 3697 54
7343 3617 -107
7344 3557 -228
7345 3654 -35
7346 3691 38
7347 3642 -61
7348 3664 -18
7349 3705 63
7350 3734 120
7351 3676 3
7352 3654 -42
7353 3693 35
7354 3707 62
7355 3744 135
7356 3681 8
7357 3637 -81
7358 3651 -54
7359 3716 75
7360 3765 172
7361 3706 53
7362 3604 -152
7363 3633 -95
7364 3611 -140
7365 3746 129
7366 3705 46
7367 3790 215
7368 3699 32
7369 3719 71
7370 3638 -92
7371 3665 -39
7372 3731 92
7373 3629 -113
7374 3610 -152
7375 3650 -73
7376 3694 14
7377 3675 -25
7378 3706 36
7379 3733 89
7380 3658 -62
7381 3784 189
7382 3729 78
7383 3715 49
7384 3609 -164
7385 3628 -127
7386 3681 -22
7387 3614 -157
7388 3641 -104
7389 3703 19
7390 3662 -64
7391 3725 61
7392 3660 -70
7393 3627 -137
7394 3709 26
7395 3698 3
7396 3698 2
7397 3715 35
7398 3729 62
7399 3636 -125
7400 3680 -38
7401 3651 -97
7402 3705 10
7403 3715 29
7404 3628 -146
7405 3746 89
7406 3649 -106
7407 3687 -31
7408 3732 58
7409 3684 -39
7410 3682 -44
7411 3721 33
7412 3676 -58
7413 3777 143
7414 3758 104
7415 3689 -35
7416 3659 -96
7417 3647 -121
7418 3744 72
7419 3693 -31
7420 3788 158
7421 3745 71
7422 3648 -124
7423 3768 115
7424 3765 108
7425 3655 -113
7426 3723 22
7427 3799 173
7428 3702 -22
7429 3718 9
7430 3742 56
7431 3674 -81
7432 3716 2
7433 3727 23
7434 3682 -68
7435 3735 37
7436 3777 120
7437 3755 75
7438 3770 104
7439 3724 11
7440 3777 116
7441 3795 151
7442 3707 -26
7443 3685 -71
7444 3706 -30
7445 3639 -165
7446 3672 -100
7447 3699 -47
7448 3749 52
7449 3737 27
7450 3762 76
7451 3697 -55
7452 3757 64
7453 3810 169
7454 3742 32
7455 3760 67
7456 3652 -150
7457 3725 -5
7458 3757 58
7459 3685 -87
7460 3741 24
7461 3771 83
7462 3694 -72
7463 3776 91
7464 3769 76
7465 3711 -41
7466 3733 2
7467 3769 73
7468 3641 -184
7469 3662 -143
7470 3721 -26
7471 3677 -115
7472 3768 66
7473 3697 -77
7474 3683 -106
7475 3755 37
7476 3759 44
7477 3667 -141
7478 3766 56
7479 3732 -13
7480 3723 -32
7481 3761 43
7482 3727 -26
7483 3798 115
7484 3780 78
7485 3825 167
7486 3773 62
7487 3815 145
7488 3797 108
7489 3802 117
7490 3758 28
7491 3721 -47
7492 3749 8
7493 3774 57
7494 3719 -54
7495 3750 7
7496 3803 112
7497 3777 59
7498 3768 40
7499 3734 -29
7500 3724 -50
7501 3782 65
7502 3791 82
7503 3701 -99
7504 3717 -68
7505 3741 -21
7506 3731 -42
7507 3852 199
7508 3778 50
7509 3762 17
7510 3800 92
7511 3798 87
7512 3725 -60
7513 3620 -271
7514 3722 -68
7515 3835 157
7516 3728 -58
7517 3773 31
7518 3716 -84
7519 3768 19
7520 3762 6
7521 3843 167
7522 3775 30
7523 3856 191
7524 3742 -38
7525 3764 5
7526 3734 -56
7527 3751 -23
7528 3746 -34
7529 3726 -75
7530 3822 116
7531 3791 53
7532 3692 -146
7533 3711 -109
7534 3763 -6
7535 3805 77
7536 3846 158
7537 3768 1
7538 3787 38
7539 3747 -43
7540 3821 104
7541 3706 -127
7542 3678 -184
7543 3673 -195
7544 3838 134
7545 3827 111
7546 3773 2
7547 3829 113
7548 3755 -36
7549 3789 31
7550 3825 102
7551 3779 9
7552 3745 -60
7553 3769 -13
7554 3757 -38
7555 3779 5
7556 3784 14
7557 3754 -47
7558 3786 16
7559 3748 -61
7560 3673 -212
7561 3765 -29
7562 3790 20
7563 3774 -13
7564 3807 52
7565 3783 3
7566 3782 0
7567 3787 9
7568 3800 34
7569 3823 79
7570 3877 186
7571 3858 147
7572 3765 -40
7573 3782 -7
7574 3848 124
7575 3764 -45
7576 3738 -98
7577 3773 -29
7578 3742 -92
7579 3808 39
7580 3772 -34
7581 3793 7
7582 3764 -52
7583 3849 117
7584 3733 -116
7585 3858 133
7586 3825 66
7587 3769 -47
7588 3779 -28
7589 3778 -31
7590 3811 34
7591 3760 -69
7592 3873 156
7593 3774 -43
7594 3758 -76
7595 3810 27
7596 3779 -36
7597 3813 31
7598 3818 40
7599 3795 -7
7600 3764 -70
7601 3865 131
7602 3881 162
7603 3799 -3
7604 3683 -236
7605 3848 93
7606 3803 2
7607 3827 49
7608 3754 -98
7609 3765 -77
7610 3832 56
7611 3768 -73
7612 3732 -146
7613 3928 245
7614 3823 34
7615 3772 -69
7616 3761 -92
7617 3767 -81
7618 3782 -52
7619 3762 -93
7620 3854 90
7621 3785 -49
7622 3743 -134
7623 3726 -169
7624 3869 116
7625 3843 63
7626 3860 96
7627 3733 -159
7628 3830 34
7629 3828 29
7630 3825 22
7631 3832 35
7632 3873 116
7633 3824 17
7634 3852 72
7635 3783 -67
7636 3834 34
7637 3831 27
7638 3810 -16
7639 3874 111
7640 3764 -110
7641 3828 17
7642 3880 120
7643 3822 3
7644 3861 80
7645 3791 -61
7646 3806 -32
7647 3836 27
7648 3845 44
7649 3825 3
7650 3879 110
7651 3842 35
7652 3867 84
7653 3780 -91
7654 3826 0
7655 3785 -83
7656 3843 32
7657 3759 -137
7658 3860 64
7659 3779 -99
7660 3857 56
7661 3806 -47
7662 3783 -94
7663 3831 1
7664 3800 -62
7665 3831 -1
7666 3892 120
7667 3877 89
7668 3766 -134
7669 3826 -15
7670 3831 -6
7671 3764 -141
7672 3839 8
7673 3776 -119
7674 3832 -8
7675 3822 -29
7676 3883 92
7677 3821 -33
7678 3773 -130
7679 3808 -61
7680 3798 -82
7681 3810 -59
7682 3765 -150
7683 3894 107
7684 3808 -66
7685 3827 -29
7686 3801 -82
7687 3981 277
7688 3816 -54
7689 3911 135
7690 3856 24
7691 3824 -41
7692 3799 -92
7693 3858 25
7694 3847 2
7695 3773 -147
7696 3890 86
7697 3825 -45
7698 3837 -22
7699 3864 31
7700 3833 -32
7701 3768 -163
7702 3797 -106
7703 3846 -9
7704 3875 48
7705 3902 101
7706 3829 -46
7707 3904 103
7708 3841 -24
7709 3816 -75
7710 3920 132
7711 3895 81
7712 3844 -22
7713 3881 51
7714 3870 28
7715 3821 -71
7716 3912 110
7717 3799 -117
7718 3811 -94
7719 3826 -65
7720 3873 28
7721 3850 -19
7722 3883 46
7723 3883 45
7724 3876 30
7725 3952 181
7726 3804 -116
7727 3812 -101
7728 3889 52
7729 3855 -17
7730 3903 78
7731 3854 -21
7732 3823 -84
7733 3965 199
7734 3928 124
7735 3914 95
7736 3847 -40
7737 3811 -113
7738 3796 -144
7739 3855 -27
7740 3866 -6
7741 3899 59
7742 3902 64
7743 3882 23
7744 3887 32
7745 3878 13
7746 3918 92
7747 3791 -163
7748 3930 114
7749 3868 -11
7750 3830 -88
7751 3881 13
7752 3848 -54
7753 3874 -3
7754 3950 148
7755 3945 137
7756 3890 26
7757 3876 -3
7758 3892 28
7759 3915 73
7760 3898 38
7761 3986 213
7762 3909 58
7763 3939 117
7764 3902 42
7765 3881 -1
7766 3898 32
7767 3838 -89
7768 3913 60
7769 3915 63
7770 3873 -22
7771 3864 -41
7772 3867 -36
7773 3859 -53
7774 3869 -34
7775 3914 55
7776 3952 130
7777 3900 25
7778 3813 -150
7779 3945 113
7780 3848 -82
7781 3903 27
7782 3851 -78
7783 3822 -137
7784 3845 -92
7785 3977 171
7786 3918 52
7787 3889 -7
7788 3929 72
7789 3899 11
7790 3891 -6
7791 3884 -21
7792 3881 -28
7793 3899 7
7794 3823 -146
7795 3814 -165
7796 3922 50
7797 3852 -91
7798 3824 -148
7799 3917 37
7800 3868 -62
7801 3886 -27
7802 3918 36
7803 3955 109
7804 3918 34
7805 3975 147
7806 3862 -80
7807 3910 15
7808 3882 -42
7809 3903 -1
7810 3867 -74
7811 3914 19
7812 3947 84
7813 3901 -9
7814 4002 192
7815 3874 -65
7816 3923 32
7817 3843 -129
7818 3968 120
7819 3810 -197
7820 3961 104
7821 3849 -121
7822 3934 48
7823 3940 59
7824 3944 66
7825 3907 -9
7826 4006 188
7827 3964 103
7828 3912 -2
7829 3957 87
7830 4000 172
7831 3884 -61
7832 3992 154
7833 3887 -57
7834 3947 62
7835 3899 -35
7836 3896 -42
7837 3936 37
7838 3852 -132
7839 3911 -15
7840 3920 2
7841 3961 83
7842 3970 100
7843 3940 39
7844 3952 62
7845 3919 -5
7846 3898 -48
7847 3992 139
7848 3892 -62
7849 3880 -87
7850 3930 12
7851 3926 3
7852 3931 12
7853 3873 -105
7854 3901 -50
7855 3861 -131
7856 3812 -230
7857 3970 85
7858 3908 -40
7859 3930 3
7860 3935 12
7861 3970 81
7862 3884 -92
7863 3962 63
7864 3991 120
7865 4022 181
7866 3930 -4
7867 3943 21
7868 3945 24
7869 3856 -155
7870 3902 -64
7871 3972 75
7872 3952 34
7873 3970 69
7874 3968 64
7875 3977 81
7876 3968 62
7877 3980 85
7878 3922 -32
7879 3923 -31
7880 3914 -50
7881 3944 9
7882 3892 -96
7883 3893 -95
7884 3902 -78
7885 3876 -131
7886 3990 96
7887 3952 19
7888 3931 -24
7889 3953 19
7890 3922 -44
7891 3938 -13
7892 3968 46
7893 3919 -53
7894 3860 -172
7895 3931 -31
7896 3953 12
7897 3956 17
7898 3931 -34
7899 3892 -113
7900 4043 188
7901 4042 185
7902 3908 -84
7903 3914 -73
7904 3977 52
7905 3941 -21
7906 4004 104
7907 3973 41
7908 3988 70
7909 3878 -151
7910 4013 118
7911 4011 113
7912 3878 -154
7913 3988 65
7914 3930 -52
7915 4037 161
7916 3938 -38
7917 3932 -51
7918 3930 -56
7919 3942 -33
7920 3956 -6
7921 3971 23
7922 3991 62
7923 3924 -73
7924 3946 -30
7925 3990 57
7926 3891 -142
7927 3905 -115
7928 3988 50
7929 3959 -9
7930 3896 -136
7931 3935 -59
7932 4087 244
7933 3982 33
7934 3979 26
7935 3910 -113
7936 3919 -96
7937 3938 -59
7938 4019 102
7939 3942 -53
7940 3936 -66
7941 3968 -3
7942 3961 -18
7943 3933 -75
7944 4032 122
7945 4029 115
7946 3955 -34
7947 3928 -89
7948 3889 -168
7949 4019 91
7950 4041 134
7951 3933 -83
7952 3999 48
7953 4052 153
7954 3870 -212
7955 3984 15
7956 3975 -4
7957 3964 -27
7958 3885 -186
7959 4022 87
7960 3958 -42
7961 3992 25
7962 4020 80
7963 3939 -83
7964 3937 -88
7965 3957 -49
7966 4031 98
7967 3924 -117
7968 3994 22
7969 4036 105
7970 3920 -128
7971 3907 -155
7972 4023 76
7973 4047 123
7974 4018 64
7975 4005 37
7976 4028 82
7977 4016 57
7978 3885 -206
7979 4011 45
7980 4017 56
7981 3997 15
7982 3928 -124
7983 4011 41
7984 4040 98
7985 3949 -85
7986 3944 -96
7987 4014 43
7988 4005 24
7989 3974 -39
7990 3912 -164
7991 4034 79
7992 4083 176
7993 3971 -49
7994 3911 -170
7995 3950 -93
7996 4081 168
7997 3953 -89
7998 3970 -56
7999 3974 -49
8000 4015 32
