1 1
2 2
3 3
4 3
5 4
6 4
7 5
8 5
9 6
10 7
11 8
12 8
13 9
14 9
15 10
16 11
17 12
18 13
19 13
20 14
21 15
22 15
23 16
24 16
25 16
26 17
27 17
28 18
29 18
30 19
31 19
32 20
33 21
34 22
35 23
36 24
37 25
38 25
39 26
40 27
41 28
42 29
43 30
44 30
45 31
46 31
47 31
48 31
49 32
50 32
51 33
52 34
53 35
54 36
55 37
56 38
57 39
58 40
59 40
60 41
61 42
62 43
63 43
64 44
65 44
66 45
67 46
68 47
69 48
70 48
71 49
72 49
73 50
74 51
75 51
76 52
77 52
78 52
79 52
80 53
81 54
82 55
83 56
84 57
85 57
86 58
87 58
88 58
89 59
90 59
91 59
92 59
93 59
94 59
95 59
96 60
97 60
98 61
99 62
100 63
101 64
102 65
103 66
104 67
105 68
106 69
107 70
108 71
109 72
110 73
111 74
112 74
113 75
114 75
115 76
116 77
117 77
118 78
119 79
120 80
121 80
122 80
123 81
124 81
125 82
126 82
127 83
128 83
129 84
130 85
131 85
132 85
133 86
134 86
135 86
136 86
137 87
138 88
139 88
140 89
141 90
142 91
143 91
144 92
145 93
146 94
147 94
148 95
149 95
150 96
151 96
152 97
153 97
154 97
155 97
156 97
157 98
158 98
159 98
160 99
161 100
162 101
163 101
164 102
165 103
166 103
167 104
168 104
169 104
170 105
171 106
172 107
173 108
174 109
175 110
176 111
177 112
178 113
179 114
180 115
181 115
182 116
183 116
184 117
185 118
186 118
187 119
188 120
189 121
190 122
191 123
192 123
193 124
194 125
195 126
196 126
197 126
198 126
199 127
200 128
201 129
202 130
203 130
204 131
205 132
206 133
207 133
208 134
209 135
210 136
211 136
212 137
213 137
214 137
215 138
216 139
217 140
218 141
219 142
220 142
221 143
222 144
223 145
224 145
225 146
226 146
227 147
228 147
229 147
230 148
231 149
232 149
233 150
234 151
235 151
236 152
237 152
238 153
239 153
240 153
241 153
242 153
243 154
244 154
245 155
246 155
247 155
248 155
249 155
250 156
251 156
252 157
253 158
254 158
255 159
256 160
257 161
258 162
259 162
260 163
261 163
262 164
263 164
264 164
265 165
266 166
267 166
268 167
269 168
270 168
271 169
272 170
273 171
274 172
275 173
276 173
277 174
278 174
279 175
280 175
281 175
282 175
283 176
284 177
285 177
286 178
287 178
288 179
289 180
290 180
291 181
292 182
293 183
294 184
295 184
296 185
297 186
298 187
299 187
300 188
301 188
302 189
303 189
304 189
305 190
306 191
307 192
308 193
309 194
310 195
311 196
312 196
313 197
314 197
315 198
316 199
317 199
318 200
319 200
320 201
321 202
322 202
323 203
324 204
325 204
326 205
327 205
328 205
329 206
330 206
331 206
332 207
333 207
334 207
335 207
336 208
337 208
338 208
339 209
340 210
341 210
342 210
343 211
344 212
345 213
346 214
347 215
348 215
349 216
350 217
351 218
352 218
353 219
354 220
355 220
356 221
357 221
358 222
359 223
360 224
361 224
362 225
363 225
364 225
365 226
366 226
367 227
368 228
369 229
370 229
371 229
372 230
373 231
374 232
375 233
376 233
377 234
378 234
379 234
380 234
381 234
382 235
383 236
384 237
385 237
386 237
387 238
388 239
389 239
390 240
391 240
392 241
393 241
394 241
395 242
396 243
397 244
398 245
399 246
400 246
401 246
402 247
403 248
404 248
405 249
406 250
407 250
408 251
409 251
410 252
411 252
412 253
413 253
414 254
415 254
416 255
417 255
418 256
419 257
420 258
421 258
422 259
423 259
424 260
425 260
426 261
427 262
428 263
429 263
430 264
431 265
432 265
433 265
434 266
435 266
436 266
437 266
438 267
439 267
440 267
441 268
442 268
443 269
444 270
445 270
446 271
447 271
448 272
449 272
450 273
451 273
452 273
453 274
454 274
455 274
456 274
457 275
458 276
459 276
460 277
461 277
462 277
463 278
464 279
465 280
466 281
467 281
468 282
469 283
470 283
471 283
472 283
473 284
474 285
475 286
476 286
477 287
478 287
479 288
480 288
481 288
482 288
483 288
484 289
485 289
486 290
487 291
488 291
489 291
490 292
491 293
492 294
493 294
494 295
495 296
496 297
497 298
498 299
499 299
500 300
501 301
502 302
503 303
504 304
505 304
506 305
507 305
508 306
509 307
510 307
511 307
512 308
513 308
514 309
515 310
516 310
517 310
518 311
519 311
520 312
521 313
522 314
523 315
524 316
525 317
526 318
527 318
528 319
529 320
530 321
531 322
532 323
533 323
534 324
535 325
536 326
537 326
538 326
539 327
540 327
541 328
542 329
543 329
544 330
545 331
546 331
547 331
548 331
549 332
550 332
551 333
552 333
553 334
554 335
555 336
556 337
557 338
558 339
559 340
560 340
561 341
562 341
563 342
564 343
565 343
566 343
567 344
568 344
569 345
570 346
571 346
572 347
573 348
574 348
575 349
576 350
577 351
578 352
579 353
580 354
581 355
582 356
583 357
584 358
585 359
586 360
587 361
588 362
589 362
590 363
591 364
592 365
593 366
594 366
595 367
596 368
597 369
598 370
599 370
600 370
601 371
602 372
603 373
604 373
605 374
606 375
607 376
608 377
609 378
610 379
611 380
612 380
613 381
614 381
615 381
616 382
617 382
618 383
619 383
620 383
621 384
622 385
623 386
624 386
625 387
626 387
627 388
628 389
629 390
630 391
631 392
632 393
633 393
634 393
635 394
636 395
637 396
638 396
639 397
640 397
641 397
642 397
643 398
644 398
645 399
646 400
647 400
648 400
649 401
650 402
651 403
652 404
653 404
654 405
655 406
656 407
657 407
658 408
659 408
660 409
661 409
662 410
663 411
664 412
665 412
666 413
667 414
668 415
669 415
670 416
671 417
672 418
673 419
674 419
675 419
676 419
677 420
678 420
679 421
680 421
681 422
682 423
683 424
684 425
685 425
686 426
687 427
688 427
689 427
690 428
691 428
692 428
693 429
694 429
695 430
696 430
697 430
698 430
699 431
700 432
701 432
702 433
703 434
704 435
705 436
706 437
707 437
708 438
709 439
710 440
711 441
712 441
713 442
714 442
715 443
716 443
717 444
718 444
719 445
720 446
721 447
722 448
723 449
724 449
725 450
726 451
727 451
728 451
729 452
730 453
731 453
732 454
733 455
734 456
735 456
736 456
737 457
738 457
739 457
740 458
741 459
742 459
743 460
744 460
745 461
746 462
747 463
748 464
749 464
750 464
751 465
752 466
753 466
754 466
755 467
756 468
757 469
758 469
759 469
760 470
761 471
762 472
763 472
764 473
765 473
766 473
767 474
768 475
769 476
770 476
771 477
772 478
773 479
774 480
775 480
776 481
777 481
778 481
779 481
780 482
781 482
782 483
783 483
784 483
785 484
786 484
787 485
788 485
789 486
790 487
791 488
792 489
793 490
794 491
795 492
796 492
797 492
798 493
799 494
800 495
801 495
802 495
803 496
804 496
805 497
806 497
807 497
808 498
809 498
810 498
811 499
812 500
813 501
814 502
815 503
816 504
817 505
818 505
819 506
820 507
821 508
822 509
823 510
824 510
825 511
826 512
827 513
828 514
829 515
830 516
831 517
832 518
833 518
834 518
835 519
836 520
837 521
838 522
839 522
840 522
841 523
842 524
843 524
844 525
845 525
846 526
847 527
848 528
849 529
850 530
851 530
852 531
853 531
854 531
855 532
856 532
857 533
858 534
859 534
860 535
861 536
862 537
863 538
864 539
865 540
866 541
867 542
868 542
869 542
870 543
871 543
872 544
873 545
874 546
875 547
876 547
877 547
878 548
879 548
880 548
881 548
882 549
883 550
884 551
885 551
886 551
887 551
888 551
889 552
890 553
891 554
892 555
893 556
894 557
895 557
896 558
897 559
898 559
899 560
900 560
901 560
902 561
903 561
904 561
905 561
906 562
907 562
908 563
909 563
910 564
911 564
912 565
913 566
914 567
915 567
916 568
917 569
918 570
919 571
920 571
921 572
922 573
923 574
924 574
925 575
926 575
927 576
928 577
929 578
930 579
931 580
932 580
933 581
934 582
935 582
936 583
937 584
938 584
939 585
940 586
941 586
942 587
943 588
944 589
945 590
946 590
947 591
948 592
949 593
950 593
951 594
952 595
953 596
954 596
955 596
956 597
957 598
958 599
959 600
960 600
961 600
962 601
963 602
964 603
965 603
966 603
967 604
968 605
969 605
970 606
971 606
972 606
973 606
974 607
975 607
976 607
977 607
978 608
979 609
980 609
981 610
982 610
983 610
984 611
985 612
986 612
987 612
988 613
989 614
990 614
991 614
992 615
993 616
994 616
995 617
996 617
997 618
998 619
999 619
1000 619
1001 620
1002 620
1003 620
1004 621
1005 621
1006 622
1007 622
1008 623
1009 624
1010 625
1011 626
1012 627
1013 628
1014 628
1015 629
1016 630
1017 630
1018 630
1019 631
1020 632
1021 633
1022 633
1023 634
1024 635
1025 635
1026 635
1027 635
1028 636
1029 637
1030 638
1031 639
1032 640
1033 640
1034 641
1035 641
1036 642
1037 642
1038 643
1039 643
1040 644
1041 644
1042 645
1043 646
1044 646
1045 646
1046 647
1047 648
1048 648
1049 649
1050 650
1051 651
1052 651
1053 652
1054 653
1055 653
1056 653
1057 654
1058 655
1059 656
1060 656
1061 656
1062 657
1063 658
1064 659
1065 659
1066 659
1067 660
1068 660
1069 660
1070 661
1071 662
1072 663
1073 663
1074 664
1075 664
1076 665
1077 665
1078 666
1079 666
1080 666
1081 666
1082 666
1083 667
1084 667
1085 668
1086 669
1087 669
1088 670
1089 670
1090 671
1091 672
1092 672
1093 673
1094 673
1095 673
1096 673
1097 673
1098 674
1099 675
1100 676
1101 677
1102 678
1103 678
1104 679
1105 679
1106 679
1107 680
1108 681
1109 682
1110 682
1111 682
1112 683
1113 683
1114 684
1115 685
1116 685
1117 686
1118 687
1119 687
1120 688
1121 688
1122 688
1123 689
1124 690
1125 691
1126 691
1127 691
1128 691
1129 692
1130 693
1131 694
1132 694
1133 695
1134 696
1135 696
1136 696
1137 696
1138 697
1139 697
1140 697
1141 698
1142 698
1143 699
1144 699
1145 700
1146 700
1147 700
1148 700
1149 701
1150 702
1151 703
1152 703
1153 703
1154 704
1155 704
1156 705
1157 706
1158 707
1159 708
1160 709
1161 710
1162 711
1163 712
1164 713
1165 714
1166 715
1167 716
1168 716
1169 717
1170 718
1171 719
1172 719
1173 720
1174 721
1175 721
1176 722
1177 723
1178 724
1179 724
1180 725
1181 725
1182 725
1183 725
1184 726
1185 726
1186 727
1187 727
1188 728
1189 729
1190 729
1191 730
1192 730
1193 730
1194 731
1195 732
1196 732
1197 733
1198 734
1199 734
1200 735
1201 735
1202 736
1203 737
1204 738
1205 738
1206 739
1207 739
1208 739
1209 739
1210 740
1211 740
1212 740
1213 741
1214 741
1215 742
1216 743
1217 743
1218 743
1219 743
1220 744
1221 745
1222 745
1223 746
1224 747
1225 748
1226 748
1227 749
1228 750
1229 751
1230 752
1231 752
1232 753
1233 754
1234 755
1235 756
1236 757
1237 757
1238 758
1239 759
1240 759
1241 759
1242 760
1243 761
1244 762
1245 763
1246 763
1247 763
1248 764
1249 764
1250 764
1251 764
1252 765
1253 765
1254 765
1255 765
1256 766
1257 767
1258 767
1259 767
1260 768
1261 768
1262 768
1263 769
1264 770
1265 770
1266 771
1267 772
1268 772
1269 773
1270 774
1271 774
1272 775
1273 775
1274 775
1275 776
1276 776
1277 776
1278 776
1279 777
1280 777
1281 778
1282 779
1283 779
1284 780
1285 780
1286 780
1287 781
1288 781
1289 781
1290 782
1291 782
1292 782
1293 783
1294 784
1295 785
1296 785
1297 785
1298 785
1299 786
1300 787
1301 787
1302 787
1303 787
1304 788
1305 789
1306 789
1307 790
1308 790
1309 791
1310 792
1311 793
1312 794
1313 794
1314 795
1315 795
1316 796
1317 797
1318 798
1319 799
1320 800
1321 801
1322 801
1323 802
1324 803
1325 803
1326 804
1327 804
1328 805
1329 806
1330 806
1331 806
1332 807
1333 807
1334 808
1335 809
1336 809
1337 809
1338 810
1339 811
1340 812
1341 813
1342 813
1343 813
1344 814
1345 814
1346 814
1347 815
1348 815
1349 816
1350 817
1351 818
1352 819
1353 820
1354 820
1355 820
1356 820
1357 821
1358 821
1359 821
1360 822
1361 822
1362 822
1363 823
1364 823
1365 823
1366 823
1367 824
1368 824
1369 824
1370 825
1371 826
1372 826
1373 827
1374 828
1375 829
1376 829
1377 829
1378 830
1379 831
1380 831
1381 831
1382 831
1383 831
1384 832
1385 833
1386 834
1387 835
1388 835
1389 835
1390 836
1391 837
1392 837
1393 837
1394 838
1395 838
1396 838
1397 838
1398 838
1399 838
1400 838
1401 838
1402 838
1403 839
1404 840
1405 840
1406 841
1407 841
1408 841
1409 842
1410 843
1411 843
1412 844
1413 844
1414 845
1415 846
1416 846
1417 847
1418 847
1419 848
1420 849
1421 849
1422 849
1423 849
1424 850
1425 851
1426 852
1427 853
1428 853
1429 854
1430 855
1431 856
1432 856
1433 857
1434 858
1435 859
1436 860
1437 861
1438 861
1439 861
1440 862
1441 862
1442 863
1443 864
1444 865
1445 866
1446 866
1447 866
1448 867
1449 868
1450 868
1451 869
1452 869
1453 870
1454 870
1455 870
1456 871
1457 872
1458 873
1459 873
1460 873
1461 873
1462 874
1463 875
1464 876
1465 877
1466 878
1467 878
1468 878
1469 878
1470 878
1471 879
1472 880
1473 881
1474 881
1475 882
1476 882
1477 883
1478 883
1479 884
1480 884
1481 884
1482 884
1483 884
1484 884
1485 885
1486 886
1487 886
1488 887
1489 887
1490 887
1491 888
1492 889
1493 889
1494 890
1495 891
1496 891
1497 892
1498 893
1499 894
1500 894
1501 894
1502 895
1503 896
1504 896
1505 897
1506 898
1507 899
1508 900
1509 900
1510 901
1511 902
1512 903
1513 903
1514 904
1515 904
1516 905
1517 906
1518 906
1519 907
1520 907
1521 908
1522 909
1523 910
1524 911
1525 911
1526 912
1527 912
1528 913
1529 914
1530 914
1531 914
1532 914
1533 914
1534 915
1535 915
1536 915
1537 916
1538 917
1539 917
1540 918
1541 918
1542 919
1543 919
1544 920
1545 921
1546 921
1547 922
1548 923
1549 923
1550 924
1551 924
1552 924
1553 925
1554 926
1555 927
1556 928
1557 929
1558 929
1559 930
1560 930
1561 931
1562 931
1563 931
1564 931
1565 931
1566 931
1567 932
1568 933
1569 933
1570 934
1571 935
1572 936
1573 936
1574 936
1575 937
1576 937
1577 937
1578 938
1579 938
1580 938
1581 939
1582 939
1583 940
1584 941
1585 941
1586 942
1587 942
1588 943
1589 943
1590 944
1591 944
1592 944
1593 945
1594 946
1595 947
1596 948
1597 948
1598 949
1599 949
1600 950
1601 951
1602 952
1603 952
1604 953
1605 954
1606 955
1607 956
1608 956
1609 957
1610 957
1611 958
1612 958
1613 958
1614 959
1615 960
1616 961
1617 961
1618 962
1619 962
1620 962
1621 963
1622 964
1623 965
1624 966
1625 967
1626 968
1627 969
1628 969
1629 970
1630 970
1631 971
1632 971
1633 972
1634 973
1635 974
1636 975
1637 976
1638 976
1639 977
1640 977
1641 978
1642 979
1643 979
1644 980
1645 980
1646 981
1647 982
1648 983
1649 983
1650 984
1651 985
1652 986
1653 987
1654 988
1655 988
1656 989
1657 990
1658 991
1659 992
1660 993
1661 993
1662 993
1663 993
1664 994
1665 994
1666 995
1667 996
1668 996
1669 996
1670 997
1671 998
1672 999
1673 1000
1674 1001
1675 1002
1676 1002
1677 1003
1678 1004
1679 1005
1680 1005
1681 1006
1682 1007
1683 1008
1684 1009
1685 1010
1686 1010
1687 1011
1688 1011
1689 1011
1690 1011
1691 1011
1692 1012
1693 1013
1694 1014
1695 1014
1696 1015
1697 1016
1698 1017
1699 1017
1700 1018
1701 1018
1702 1019
1703 1020
1704 1021
1705 1022
1706 1022
1707 1023
1708 1023
1709 1024
1710 1024
1711 1025
1712 1026
1713 1026
1714 1027
1715 1028
1716 1028
1717 1028
1718 1029
1719 1029
1720 1030
1721 1030
1722 1031
1723 1031
1724 1032
1725 1032
1726 1033
1727 1034
1728 1035
1729 1035
1730 1035
1731 1035
1732 1035
1733 1036
1734 1036
1735 1036
1736 1037
1737 1037
1738 1037
1739 1037
1740 1037
1741 1038
1742 1039
1743 1039
1744 1039
1745 1040
1746 1041
1747 1042
1748 1043
1749 1043
1750 1043
1751 1044
1752 1044
1753 1045
1754 1046
1755 1046
1756 1047
1757 1048
1758 1048
1759 1048
1760 1048
1761 1049
1762 1049
1763 1050
1764 1051
1765 1052
1766 1053
1767 1054
1768 1055
1769 1056
1770 1056
1771 1056
1772 1057
1773 1058
1774 1059
1775 1060
1776 1061
1777 1062
1778 1062
1779 1063
1780 1063
1781 1064
1782 1065
1783 1066
1784 1067
1785 1068
1786 1069
1787 1069
1788 1070
1789 1071
1790 1072
1791 1073
1792 1074
1793 1075
1794 1076
1795 1076
1796 1076
1797 1077
1798 1077
1799 1078
1800 1078
1801 1079
1802 1079
1803 1079
1804 1079
1805 1080
1806 1081
1807 1082
1808 1082
1809 1082
1810 1083
1811 1083
1812 1084
1813 1085
1814 1085
1815 1086
1816 1086
1817 1087
1818 1088
1819 1089
1820 1089
1821 1090
1822 1090
1823 1091
1824 1091
1825 1092
1826 1092
1827 1093
1828 1093
1829 1093
1830 1093
1831 1093
1832 1093
1833 1094
1834 1094
1835 1095
1836 1096
1837 1096
1838 1097
1839 1098
1840 1099
1841 1099
1842 1100
1843 1101
1844 1102
1845 1102
1846 1103
1847 1103
1848 1104
1849 1104
1850 1105
1851 1106
1852 1106
1853 1107
1854 1108
1855 1109
1856 1109
1857 1110
1858 1111
1859 1111
1860 1112
1861 1113
1862 1114
1863 1115
1864 1116
1865 1116
1866 1116
1867 1117
1868 1117
1869 1118
1870 1118
1871 1119
1872 1119
1873 1120
1874 1121
1875 1121
1876 1121
1877 1121
1878 1122
1879 1123
1880 1123
1881 1124
1882 1124
1883 1124
1884 1125
1885 1126
1886 1127
1887 1128
1888 1128
1889 1129
1890 1130
1891 1130
1892 1131
1893 1132
1894 1133
1895 1134
1896 1134
1897 1135
1898 1136
1899 1136
1900 1137
1901 1138
1902 1138
1903 1139
1904 1140
1905 1141
1906 1141
1907 1142
1908 1142
1909 1142
1910 1143
1911 1144
1912 1145
1913 1146
1914 1147
1915 1148
1916 1148
1917 1149
1918 1150
1919 1151
1920 1151
1921 1151
1922 1151
1923 1152
1924 1152
1925 1153
1926 1154
1927 1154
1928 1154
1929 1155
1930 1156
1931 1157
1932 1157
1933 1158
1934 1158
1935 1159
1936 1159
1937 1159
1938 1159
1939 1159
1940 1159
1941 1160
1942 1161
1943 1161
1944 1161
1945 1161
1946 1161
1947 1162
1948 1162
1949 1163
1950 1164
1951 1165
1952 1165
1953 1166
1954 1167
1955 1167
1956 1167
1957 1168
1958 1169
1959 1170
1960 1171
1961 1172
1962 1173
1963 1174
1964 1174
1965 1174
1966 1175
1967 1176
1968 1176
1969 1176
1970 1177
1971 1177
1972 1178
1973 1179
1974 1180
1975 1181
1976 1181
1977 1181
1978 1182
1979 1183
1980 1183
1981 1183
1982 1184
1983 1185
1984 1185
1985 1186
1986 1187
1987 1188
1988 1189
1989 1190
1990 1190
1991 1191
1992 1192
1993 1192
1994 1193
1995 1193
1996 1194
1997 1195
1998 1195
1999 1196
2000 1196
2001 1196
2002 1196
2003 1197
2004 1197
2005 1197
2006 1198
2007 1199
2008 1199
2009 1200
2010 1201
2011 1202
2012 1203
2013 1204
2014 1204
2015 1205
2016 1205
2017 1205
2018 1206
2019 1206
2020 1207
2021 1208
2022 1208
2023 1209
2024 1210
2025 1211
2026 1211
2027 1212
2028 1213
2029 1214
2030 1214
2031 1215
2032 1215
2033 1216
2034 1216
2035 1216
2036 1217
2037 1218
2038 1218
2039 1219
2040 1220
2041 1221
2042 1221
2043 1221
2044 1222
2045 1223
2046 1223
2047 1223
2048 1224
2049 1225
2050 1225
2051 1226
2052 1227
2053 1228
2054 1229
2055 1230
2056 1231
2057 1232
2058 1233
2059 1233
2060 1234
2061 1234
2062 1235
2063 1236
2064 1236
2065 1236
2066 1237
2067 1237
2068 1238
2069 1239
2070 1240
2071 1240
2072 1240
2073 1240
2074 1241
2075 1242
2076 1243
2077 1243
2078 1244
2079 1245
2080 1246
2081 1246
2082 1246
2083 1247
2084 1247
2085 1247
2086 1248
2087 1249
2088 1250
2089 1250
2090 1251
2091 1252
2092 1252
2093 1252
2094 1253
2095 1254
2096 1254
2097 1255
2098 1255
2099 1256
2100 1256
2101 1256
2102 1256
2103 1257
2104 1257
2105 1257
2106 1258
2107 1258
2108 1258
2109 1259
2110 1260
2111 1261
2112 1261
2113 1261
2114 1262
2115 1262
2116 1262
2117 1262
2118 1263
2119 1264
2120 1264
2121 1265
2122 1265
2123 1266
2124 1266
2125 1267
2126 1267
2127 1268
2128 1268
2129 1268
2130 1268
2131 1269
2132 1269
2133 1269
2134 1270
2135 1270
2136 1271
2137 1271
2138 1271
2139 1272
2140 1272
2141 1272
2142 1273
2143 1274
2144 1274
2145 1275
2146 1275
2147 1275
2148 1276
2149 1277
2150 1277
2151 1278
2152 1278
2153 1279
2154 1279
2155 1279
2156 1280
2157 1281
2158 1282
2159 1282
2160 1282
2161 1283
2162 1284
2163 1285
2164 1286
2165 1286
2166 1287
2167 1288
2168 1289
2169 1290
2170 1291
2171 1292
2172 1292
2173 1293
2174 1294
2175 1295
2176 1295
2177 1295
2178 1296
2179 1297
2180 1297
2181 1298
2182 1298
2183 1299
2184 1299
2185 1300
2186 1300
2187 1300
2188 1300
2189 1301
2190 1302
2191 1302
2192 1303
2193 1304
2194 1305
2195 1305
2196 1305
2197 1306
2198 1306
2199 1307
2200 1307
2201 1308
2202 1308
2203 1308
2204 1309
2205 1310
2206 1311
2207 1312
2208 1313
2209 1314
2210 1315
2211 1316
2212 1316
2213 1317
2214 1317
2215 1318
2216 1319
2217 1320
2218 1321
2219 1321
2220 1322
2221 1323
2222 1324
2223 1325
2224 1326
2225 1326
2226 1326
2227 1327
2228 1328
2229 1329
2230 1330
2231 1330
2232 1331
2233 1331
2234 1331
2235 1332
2236 1333
2237 1333
2238 1334
2239 1334
2240 1334
2241 1334
2242 1335
2243 1336
2244 1337
2245 1338
2246 1338
2247 1339
2248 1340
2249 1341
2250 1342
2251 1343
2252 1343
2253 1344
2254 1344
2255 1344
2256 1345
2257 1346
2258 1347
2259 1347
2260 1348
2261 1348
2262 1349
2263 1350
2264 1351
2265 1352
2266 1353
2267 1353
2268 1353
2269 1353
2270 1354
2271 1354
2272 1355
2273 1356
2274 1356
2275 1357
2276 1358
2277 1359
2278 1359
2279 1360
2280 1360
2281 1360
2282 1360
2283 1361
2284 1362
2285 1363
2286 1363
2287 1364
2288 1364
2289 1364
2290 1364
2291 1365
2292 1366
2293 1367
2294 1367
2295 1368
2296 1368
2297 1369
2298 1370
2299 1370
2300 1371
2301 1372
2302 1372
2303 1372
2304 1373
2305 1373
2306 1373
2307 1373
2308 1374
2309 1375
2310 1376
2311 1377
2312 1377
2313 1377
2314 1378
2315 1378
2316 1378
2317 1379
2318 1380
2319 1381
2320 1381
2321 1382
2322 1383
2323 1383
2324 1383
2325 1383
2326 1384
2327 1385
2328 1386
2329 1386
2330 1387
2331 1388
2332 1389
2333 1389
2334 1389
2335 1389
2336 1390
2337 1390
2338 1391
2339 1391
2340 1392
2341 1392
2342 1393
2343 1394
2344 1394
2345 1394
2346 1394
2347 1395
2348 1395
2349 1396
2350 1397
2351 1397
2352 1398
2353 1398
2354 1399
2355 1399
2356 1399
2357 1399
2358 1400
2359 1401
2360 1402
2361 1403
2362 1404
2363 1404
2364 1405
2365 1405
2366 1405
2367 1405
2368 1406
2369 1407
2370 1408
2371 1408
2372 1409
2373 1410
2374 1411
2375 1411
2376 1412
2377 1412
2378 1413
2379 1414
2380 1415
2381 1415
2382 1415
2383 1416
2384 1417
2385 1418
2386 1419
2387 1419
2388 1420
2389 1420
2390 1421
2391 1422
2392 1422
2393 1423
2394 1423
2395 1424
2396 1425
2397 1426
2398 1427
2399 1427
2400 1427
2401 1428
2402 1428
2403 1429
2404 1429
2405 1430
2406 1431
2407 1432
2408 1433
2409 1433
2410 1434
2411 1435
2412 1435
2413 1436
2414 1436
2415 1437
2416 1438
2417 1438
2418 1439
2419 1439
2420 1440
2421 1440
2422 1441
2423 1442
2424 1443
2425 1444
2426 1445
2427 1446
2428 1446
2429 1447
2430 1448
2431 1448
2432 1448
2433 1449
2434 1450
2435 1450
2436 1451
2437 1452
2438 1453
2439 1453
2440 1454
2441 1455
2442 1456
2443 1457
2444 1457
2445 1457
2446 1458
2447 1458
2448 1459
2449 1460
2450 1461
2451 1461
2452 1461
2453 1461
2454 1462
2455 1462
2456 1463
2457 1464
2458 1464
2459 1465
2460 1466
2461 1466
2462 1467
2463 1468
2464 1469
2465 1470
2466 1471
2467 1471
2468 1472
2469 1473
2470 1473
2471 1473
2472 1473
2473 1474
2474 1475
2475 1475
2476 1476
2477 1476
2478 1477
2479 1477
2480 1478
2481 1478
2482 1479
2483 1480
2484 1480
2485 1481
2486 1481
2487 1482
2488 1482
2489 1482
2490 1483
2491 1483
2492 1483
2493 1484
2494 1484
2495 1485
2496 1485
2497 1485
2498 1485
2499 1485
2500 1485
2501 1486
2502 1487
2503 1488
2504 1488
2505 1489
2506 1490
2507 1490
2508 1490
2509 1490
2510 1491
2511 1492
2512 1492
2513 1492
2514 1493
2515 1494
2516 1495
2517 1495
2518 1496
2519 1497
2520 1498
2521 1499
2522 1499
2523 1500
2524 1500
2525 1501
2526 1502
2527 1502
2528 1503
2529 1503
2530 1503
2531 1504
2532 1505
2533 1505
2534 1506
2535 1507
2536 1508
2537 1508
2538 1508
2539 1509
2540 1509
2541 1510
2542 1511
2543 1512
2544 1512
2545 1513
2546 1513
2547 1513
2548 1513
2549 1514
2550 1514
2551 1515
2552 1516
2553 1517
2554 1518
2555 1518
2556 1519
2557 1520
2558 1520
2559 1521
2560 1522
2561 1523
2562 1524
2563 1524
2564 1525
2565 1525
2566 1526
2567 1526
2568 1527
2569 1528
2570 1529
2571 1530
2572 1530
2573 1530
2574 1531
2575 1531
2576 1531
2577 1532
2578 1533
2579 1533
2580 1534
2581 1535
2582 1535
2583 1535
2584 1535
2585 1536
2586 1536
2587 1536
2588 1536
2589 1537
2590 1538
2591 1539
2592 1539
2593 1540
2594 1541
2595 1541
2596 1542
2597 1542
2598 1543
2599 1544
2600 1545
2601 1546
2602 1547
2603 1548
2604 1548
2605 1549
2606 1549
2607 1550
2608 1551
2609 1551
2610 1551
2611 1552
2612 1552
2613 1552
2614 1553
2615 1554
2616 1555
2617 1556
2618 1556
2619 1556
2620 1557
2621 1557
2622 1558
2623 1558
2624 1559
2625 1559
2626 1560
2627 1561
2628 1561
2629 1562
2630 1562
2631 1563
2632 1564
2633 1565
2634 1566
2635 1567
2636 1568
2637 1569
2638 1570
2639 1571
2640 1571
2641 1572
2642 1572
2643 1573
2644 1574
2645 1574
2646 1574
2647 1574
2648 1575
2649 1575
2650 1575
2651 1576
2652 1576
2653 1576
2654 1576
2655 1577
2656 1577
2657 1578
2658 1579
2659 1580
2660 1581
2661 1582
2662 1582
2663 1582
2664 1583
2665 1584
2666 1584
2667 1584
2668 1584
2669 1585
2670 1585
2671 1585
2672 1586
2673 1587
2674 1588
2675 1588
2676 1589
2677 1590
2678 1591
2679 1591
2680 1592
2681 1593
2682 1593
2683 1594
2684 1594
2685 1594
2686 1594
2687 1594
2688 1595
2689 1596
2690 1597
2691 1598
2692 1598
2693 1599
2694 1599
2695 1600
2696 1601
2697 1601
2698 1601
2699 1602
2700 1602
2701 1602
2702 1602
2703 1603
2704 1603
2705 1604
2706 1605
2707 1605
2708 1605
2709 1606
2710 1607
2711 1608
2712 1609
2713 1609
2714 1610
2715 1610
2716 1610
2717 1611
2718 1612
2719 1612
2720 1613
2721 1614
2722 1615
2723 1615
2724 1615
2725 1616
2726 1617
2727 1617
2728 1617
2729 1617
2730 1617
2731 1618
2732 1619
2733 1619
2734 1620
2735 1620
2736 1620
2737 1620
2738 1621
2739 1621
2740 1622
2741 1622
2742 1623
2743 1624
2744 1624
2745 1624
2746 1625
2747 1625
2748 1625
2749 1626
2750 1626
2751 1627
2752 1628
2753 1629
2754 1629
2755 1629
2756 1630
2757 1631
2758 1631
2759 1632
2760 1633
2761 1634
2762 1634
2763 1635
2764 1636
2765 1636
2766 1636
2767 1636
2768 1637
2769 1638
2770 1639
2771 1640
2772 1640
2773 1641
2774 1641
2775 1642
2776 1643
2777 1644
2778 1645
2779 1645
2780 1646
2781 1647
2782 1648
2783 1648
2784 1649
2785 1649
2786 1650
2787 1650
2788 1650
2789 1651
2790 1651
2791 1652
2792 1652
2793 1653
2794 1653
2795 1654
2796 1654
2797 1655
2798 1656
2799 1657
2800 1658
2801 1659
2802 1659
2803 1659
2804 1659
2805 1660
2806 1660
2807 1661
2808 1662
2809 1663
2810 1663
2811 1664
2812 1664
2813 1664
2814 1664
2815 1665
2816 1665
2817 1666
2818 1666
2819 1667
2820 1668
2821 1668
2822 1668
2823 1669
2824 1669
2825 1670
2826 1671
2827 1672
2828 1673
2829 1674
2830 1675
2831 1676
2832 1676
2833 1676
2834 1677
2835 1677
2836 1677
2837 1677
2838 1678
2839 1679
2840 1680
2841 1681
2842 1682
2843 1683
2844 1684
2845 1685
2846 1686
2847 1686
2848 1687
2849 1688
2850 1689
2851 1689
2852 1690
2853 1691
2854 1691
2855 1691
2856 1692
2857 1692
2858 1692
2859 1693
2860 1693
2861 1694
2862 1694
2863 1694
2864 1694
2865 1694
2866 1695
2867 1695
2868 1695
2869 1695
2870 1696
2871 1697
2872 1698
2873 1698
2874 1698
2875 1699
2876 1700
2877 1701
2878 1702
2879 1703
2880 1704
2881 1705
2882 1706
2883 1706
2884 1707
2885 1708
2886 1709
2887 1709
2888 1710
2889 1710
2890 1710
2891 1710
2892 1710
2893 1711
2894 1711
2895 1712
2896 1713
2897 1713
2898 1714
2899 1715
2900 1715
2901 1716
2902 1717
2903 1717
2904 1718
2905 1718
2906 1719
2907 1719
2908 1720
2909 1720
2910 1720
2911 1720
2912 1721
2913 1722
2914 1722
2915 1722
2916 1723
2917 1724
2918 1725
2919 1726
2920 1726
2921 1727
2922 1728
2923 1728
2924 1729
2925 1729
2926 1730
2927 1731
2928 1732
2929 1733
2930 1734
2931 1734
2932 1735
2933 1736
2934 1737
2935 1738
2936 1739
2937 1740
2938 1741
2939 1742
2940 1742
2941 1742
2942 1742
2943 1743
2944 1744
2945 1744
2946 1745
2947 1745
2948 1746
2949 1747
2950 1748
2951 1749
2952 1750
2953 1751
2954 1751
2955 1751
2956 1752
2957 1753
2958 1754
2959 1755
2960 1756
2961 1757
2962 1758
2963 1759
2964 1759
2965 1759
2966 1760
2967 1761
2968 1762
2969 1762
2970 1763
2971 1763
2972 1763
2973 1764
2974 1765
2975 1765
2976 1765
2977 1765
2978 1766
2979 1767
2980 1767
2981 1768
2982 1768
2983 1769
2984 1769
2985 1770
2986 1770
2987 1771
2988 1771
2989 1772
2990 1772
2991 1772
2992 1773
2993 1774
2994 1775
2995 1776
2996 1777
2997 1777
2998 1778
2999 1778
3000 1778
3001 1779
3002 1780
3003 1781
3004 1782
3005 1783
3006 1784
3007 1785
3008 1786
3009 1787
3010 1788
3011 1789
3012 1789
3013 1790
3014 1791
3015 1791
3016 1792
3017 1792
3018 1792
3019 1793
3020 1794
3021 1794
3022 1794
3023 1794
3024 1795
3025 1795
3026 1796
3027 1797
3028 1797
3029 1797
3030 1798
3031 1799
3032 1799
3033 1800
3034 1801
3035 1801
3036 1802
3037 1802
3038 1803
3039 1803
3040 1803
3041 1803
3042 1803
3043 1804
3044 1804
3045 1804
3046 1805
3047 1806
3048 1807
3049 1807
3050 1808
3051 1808
3052 1809
3053 1809
3054 1810
3055 1810
3056 1811
3057 1811
3058 1811
3059 1811
3060 1812
3061 1812
3062 1812
3063 1813
3064 1814
3065 1815
3066 1816
3067 1817
3068 1817
3069 1817
3070 1817
3071 1818
3072 1819
3073 1820
3074 1821
3075 1821
3076 1822
3077 1822
3078 1823
3079 1823
3080 1824
3081 1824
3082 1825
3083 1826
3084 1827
3085 1828
3086 1829
3087 1829
3088 1830
3089 1831
3090 1832
3091 1833
3092 1834
3093 1834
3094 1835
3095 1835
3096 1835
3097 1836
3098 1836
3099 1837
3100 1838
3101 1838
3102 1838
3103 1838
3104 1839
3105 1840
3106 1841
3107 1841
3108 1842
3109 1843
3110 1843
3111 1844
3112 1845
3113 1845
3114 1845
3115 1846
3116 1847
3117 1847
3118 1847
3119 1848
3120 1848
3121 1848
3122 1849
3123 1850
3124 1851
3125 1852
3126 1853
3127 1853
3128 1853
3129 1854
3130 1855
3131 1856
3132 1857
3133 1857
3134 1858
3135 1858
3136 1859
3137 1860
3138 1860
3139 1860
3140 1861
3141 1861
3142 1861
3143 1861
3144 1861
3145 1862
3146 1862
3147 1862
3148 1863
3149 1864
3150 1864
3151 1864
3152 1865
3153 1866
3154 1866
3155 1866
3156 1867
3157 1867
3158 1868
3159 1869
3160 1869
3161 1870
3162 1870
3163 1871
3164 1872
3165 1873
3166 1874
3167 1875
3168 1876
3169 1877
3170 1878
3171 1879
3172 1879
3173 1880
3174 1881
3175 1882
3176 1882
3177 1883
3178 1883
3179 1883
3180 1884
3181 1885
3182 1886
3183 1887
3184 1887
3185 1887
3186 1888
3187 1889
3188 1889
3189 1889
3190 1889
3191 1889
3192 1890
3193 1891
3194 1892
3195 1893
3196 1893
3197 1894
3198 1894
3199 1895
3200 1896
3201 1896
3202 1897
3203 1898
3204 1899
3205 1899
3206 1900
3207 1901
3208 1902
3209 1902
3210 1902
3211 1903
3212 1903
3213 1903
3214 1904
3215 1904
3216 1904
3217 1905
3218 1906
3219 1907
3220 1907
3221 1908
3222 1909
3223 1910
3224 1910
3225 1911
3226 1912
3227 1912
3228 1913
3229 1913
3230 1914
3231 1914
3232 1915
3233 1915
3234 1915
3235 1916
3236 1917
3237 1918
3238 1918
3239 1918
3240 1919
3241 1919
3242 1919
3243 1919
3244 1920
3245 1921
3246 1922
3247 1922
3248 1923
3249 1923
3250 1923
3251 1924
3252 1925
3253 1926
3254 1927
3255 1928
3256 1928
3257 1929
3258 1930
3259 1930
3260 1931
3261 1932
3262 1932
3263 1932
3264 1933
3265 1934
3266 1935
3267 1935
3268 1935
3269 1936
3270 1936
3271 1937
3272 1938
3273 1939
3274 1940
3275 1941
3276 1942
3277 1943
3278 1943
3279 1944
3280 1945
3281 1945
3282 1946
3283 1947
3284 1947
3285 1947
3286 1947
3287 1948
3288 1949
3289 1950
3290 1951
3291 1952
3292 1952
3293 1952
3294 1952
3295 1952
3296 1953
3297 1954
3298 1954
3299 1955
3300 1956
3301 1956
3302 1957
3303 1958
3304 1959
3305 1960
3306 1960
3307 1961
3308 1962
3309 1962
3310 1962
3311 1963
3312 1963
3313 1964
3314 1965
3315 1966
3316 1967
3317 1968
3318 1968
3319 1969
3320 1970
3321 1970
3322 1970
3323 1971
3324 1972
3325 1973
3326 1974
3327 1975
3328 1976
3329 1977
3330 1978
3331 1978
3332 1979
3333 1979
3334 1980
3335 1980
3336 1980
3337 1981
3338 1982
3339 1983
3340 1984
3341 1985
3342 1986
3343 1987
3344 1987
3345 1987
3346 1988
3347 1989
3348 1990
3349 1991
3350 1992
3351 1993
3352 1993
3353 1993
3354 1993
3355 1994
3356 1995
3357 1996
3358 1996
3359 1997
3360 1998
3361 1998
3362 1999
3363 1999
3364 1999
3365 2000
3366 2001
3367 2002
3368 2002
3369 2003
3370 2003
3371 2003
3372 2004
3373 2005
3374 2005
3375 2006
3376 2007
3377 2008
3378 2008
3379 2008
3380 2009
3381 2009
3382 2009
3383 2010
3384 2010
3385 2010
3386 2010
3387 2010
3388 2010
3389 2011
3390 2012
3391 2012
3392 2013
3393 2014
3394 2015
3395 2015
3396 2015
3397 2016
3398 2017
3399 2018
3400 2019
3401 2019
3402 2019
3403 2020
3404 2020
3405 2021
3406 2021
3407 2021
3408 2021
3409 2022
3410 2023
3411 2023
3412 2024
3413 2024
3414 2025
3415 2026
3416 2027
3417 2028
3418 2029
3419 2030
3420 2031
3421 2032
3422 2033
3423 2034
3424 2035
3425 2035
3426 2035
3427 2036
3428 2037
3429 2038
3430 2038
3431 2039
3432 2039
3433 2040
3434 2041
3435 2042
3436 2043
3437 2044
3438 2045
3439 2045
3440 2046
3441 2046
3442 2047
3443 2048
3444 2049
3445 2050
3446 2051
3447 2052
3448 2053
3449 2053
3450 2054
3451 2055
3452 2056
3453 2057
3454 2057
3455 2058
3456 2058
3457 2058
3458 2059
3459 2060
3460 2060
3461 2060
3462 2061
3463 2061
3464 2062
3465 2062
3466 2063
3467 2063
3468 2064
3469 2064
3470 2065
3471 2065
3472 2066
3473 2067
3474 2068
3475 2068
3476 2068
3477 2069
3478 2070
3479 2071
3480 2072
3481 2072
3482 2073
3483 2073
3484 2073
3485 2073
3486 2074
3487 2075
3488 2075
3489 2075
3490 2076
3491 2076
3492 2076
3493 2077
3494 2078
3495 2078
3496 2079
3497 2079
3498 2079
3499 2080
3500 2081
3501 2082
3502 2082
3503 2083
3504 2084
3505 2085
3506 2086
3507 2087
3508 2088
3509 2088
3510 2089
3511 2090
3512 2091
3513 2091
3514 2091
3515 2092
3516 2092
3517 2092
3518 2093
3519 2093
3520 2094
3521 2095
3522 2095
3523 2096
3524 2097
3525 2098
3526 2099
3527 2100
3528 2100
3529 2101
3530 2102
3531 2102
3532 2102
3533 2103
3534 2103
3535 2103
3536 2104
3537 2105
3538 2106
3539 2107
3540 2108
3541 2108
3542 2108
3543 2108
3544 2109
3545 2110
3546 2111
3547 2111
3548 2111
3549 2112
3550 2113
3551 2114
3552 2115
3553 2116
3554 2117
3555 2118
3556 2119
3557 2119
3558 2119
3559 2119
3560 2119
3561 2119
3562 2119
3563 2120
3564 2120
3565 2121
3566 2122
3567 2122
3568 2123
3569 2123
3570 2123
3571 2124
3572 2124
3573 2125
3574 2126
3575 2127
3576 2127
3577 2128
3578 2128
3579 2129
3580 2130
3581 2130
3582 2130
3583 2131
3584 2131
3585 2132
3586 2133
3587 2134
3588 2134
3589 2134
3590 2135
3591 2135
3592 2136
3593 2136
3594 2136
3595 2137
3596 2138
3597 2139
3598 2140
3599 2140
3600 2140
3601 2141
3602 2141
3603 2142
3604 2142
3605 2142
3606 2143
3607 2143
3608 2143
3609 2144
3610 2144
3611 2145
3612 2146
3613 2147
3614 2148
3615 2149
3616 2150
3617 2150
3618 2151
3619 2152
3620 2152
3621 2153
3622 2153
3623 2154
3624 2155
3625 2156
3626 2157
3627 2157
3628 2158
3629 2158
3630 2159
3631 2159
3632 2159
3633 2160
3634 2160
3635 2160
3636 2161
3637 2162
3638 2163
3639 2163
3640 2164
3641 2165
3642 2166
3643 2166
3644 2167
3645 2167
3646 2168
3647 2168
3648 2169
3649 2170
3650 2171
3651 2171
3652 2171
3653 2171
3654 2172
3655 2172
3656 2173
3657 2174
3658 2175
3659 2176
3660 2177
3661 2178
3662 2179
3663 2180
3664 2180
3665 2181
3666 2182
3667 2183
3668 2183
3669 2184
3670 2185
3671 2186
3672 2187
3673 2188
3674 2188
3675 2189
3676 2190
3677 2190
3678 2191
3679 2192
3680 2192
3681 2193
3682 2193
3683 2193
3684 2193
3685 2194
3686 2195
3687 2196
3688 2197
3689 2198
3690 2199
3691 2200
3692 2201
3693 2202
3694 2203
3695 2203
3696 2203
3697 2204
3698 2205
3699 2206
3700 2207
3701 2207
3702 2208
3703 2209
3704 2209
3705 2210
3706 2211
3707 2212
3708 2212
3709 2213
3710 2213
3711 2214
3712 2215
3713 2215
3714 2216
3715 2217
3716 2217
3717 2218
3718 2219
3719 2219
3720 2220
3721 2221
3722 2222
3723 2223
3724 2224
3725 2224
3726 2225
3727 2225
3728 2226
3729 2226
3730 2227
3731 2228
3732 2229
3733 2229
3734 2229
3735 2230
3736 2231
3737 2232
3738 2232
3739 2233
3740 2234
3741 2235
3742 2235
3743 2235
3744 2236
3745 2236
3746 2236
3747 2236
3748 2236
3749 2237
3750 2237
3751 2238
3752 2238
3753 2239
3754 2239
3755 2240
3756 2241
3757 2241
3758 2242
3759 2243
3760 2243
3761 2244
3762 2245
3763 2245
3764 2245
3765 2246
3766 2247
3767 2248
3768 2248
3769 2248
3770 2249
3771 2249
3772 2249
3773 2250
3774 2251
3775 2252
3776 2252
3777 2253
3778 2253
3779 2254
3780 2254
3781 2255
3782 2255
3783 2256
3784 2256
3785 2257
3786 2258
3787 2258
3788 2259
3789 2260
3790 2260
3791 2261
3792 2262
3793 2263
3794 2264
3795 2264
3796 2265
3797 2265
3798 2266
3799 2267
3800 2267
3801 2268
3802 2268
3803 2269
3804 2270
3805 2271
3806 2272
3807 2273
3808 2273
3809 2273
3810 2274
3811 2275
3812 2276
3813 2277
3814 2277
3815 2277
3816 2278
3817 2279
3818 2279
3819 2280
3820 2280
3821 2281
3822 2282
3823 2283
3824 2283
3825 2283
3826 2284
3827 2284
3828 2284
3829 2284
3830 2285
3831 2286
3832 2287
3833 2288
3834 2289
3835 2290
3836 2291
3837 2292
3838 2293
3839 2294
3840 2295
3841 2295
3842 2296
3843 2296
3844 2296
3845 2296
3846 2297
3847 2297
3848 2298
3849 2298
3850 2298
3851 2299
3852 2299
3853 2300
3854 2301
3855 2302
3856 2303
3857 2304
3858 2304
3859 2305
3860 2306
3861 2306
3862 2307
3863 2308
3864 2309
3865 2310
3866 2310
3867 2311
3868 2312
3869 2312
3870 2313
3871 2313
3872 2314
3873 2314
3874 2315
3875 2315
3876 2315
3877 2315
3878 2315
3879 2315
3880 2315
3881 2315
3882 2316
3883 2316
3884 2317
3885 2318
3886 2319
3887 2320
3888 2321
3889 2321
3890 2322
3891 2322
3892 2322
3893 2322
3894 2323
3895 2324
3896 2324
3897 2325
3898 2325
3899 2326
3900 2327
3901 2327
3902 2328
3903 2328
3904 2328
3905 2328
3906 2329
3907 2330
3908 2331
3909 2332
3910 2333
3911 2333
3912 2334
3913 2334
3914 2335
3915 2335
3916 2336
3917 2337
3918 2337
3919 2337
3920 2338
3921 2339
3922 2340
3923 2341
3924 2342
3925 2343
3926 2344
3927 2345
3928 2346
3929 2346
3930 2346
3931 2347
3932 2348
3933 2348
3934 2349
3935 2349
3936 2349
3937 2349
3938 2350
3939 2350
3940 2351
3941 2352
3942 2352
3943 2353
3944 2353
3945 2354
3946 2354
3947 2354
3948 2355
3949 2356
3950 2356
3951 2356
3952 2356
3953 2357
3954 2358
3955 2358
3956 2359
3957 2360
3958 2361
3959 2362
3960 2362
3961 2363
3962 2364
3963 2365
3964 2365
3965 2365
3966 2366
3967 2366
3968 2366
3969 2367
3970 2367
3971 2368
3972 2368
3973 2368
3974 2369
3975 2370
3976 2370
3977 2371
3978 2371
3979 2372
3980 2373
3981 2374
3982 2375
3983 2375
3984 2375
3985 2376
3986 2377
3987 2378
3988 2378
3989 2379
3990 2379
3991 2380
3992 2381
3993 2382
3994 2383
3995 2384
3996 2385
3997 2385
3998 2385
3999 2386
4000 2387
4001 2387
4002 2388
4003 2388
4004 2389
4005 2389
4006 2390
4007 2390
4008 2391
4009 2391
4010 2392
4011 2393
4012 2393
4013 2393
4014 2393
4015 2394
4016 2394
4017 2395
4018 2395
4019 2395
4020 2396
4021 2396
4022 2397
4023 2398
4024 2399
4025 2400
4026 2400
4027 2401
4028 2402
4029 2403
4030 2404
4031 2404
4032 2404
4033 2405
4034 2405
4035 2406
4036 2407
4037 2408
4038 2408
4039 2408
4040 2409
4041 2409
4042 2409
4043 2410
4044 2410
4045 2411
4046 2412
4047 2412
4048 2413
4049 2413
4050 2414
4051 2414
4052 2415
4053 2415
4054 2416
4055 2416
4056 2417
4057 2418
4058 2418
4059 2419
4060 2420
4061 2420
4062 2421
4063 2422
4064 2422
4065 2423
4066 2424
4067 2425
4068 2426
4069 2427
4070 2427
4071 2428
4072 2428
4073 2429
4074 2430
4075 2430
4076 2431
4077 2431
4078 2431
4079 2432
4080 2433
4081 2434
4082 2434
4083 2435
4084 2436
4085 2437
4086 2437
4087 2437
4088 2437
4089 2438
4090 2438
4091 2439
4092 2439
4093 2440
4094 2441
4095 2442
4096 2443
4097 2443
4098 2444
4099 2444
4100 2445
4101 2446
4102 2446
4103 2447
4104 2447
4105 2448
4106 2448
4107 2449
4108 2449
4109 2450
4110 2451
4111 2451
4112 2451
4113 2452
4114 2452
4115 2453
4116 2453
4117 2454
4118 2455
4119 2456
4120 2457
4121 2458
4122 2458
4123 2459
4124 2460
4125 2461
4126 2461
4127 2462
4128 2462
4129 2463
4130 2464
4131 2464
4132 2465
4133 2466
4134 2467
4135 2468
4136 2468
4137 2468
4138 2468
4139 2469
4140 2470
4141 2471
4142 2471
4143 2471
4144 2471
4145 2472
4146 2473
4147 2474
4148 2474
4149 2475
4150 2475
4151 2475
4152 2475
4153 2476
4154 2477
4155 2477
4156 2478
4157 2479
4158 2480
4159 2480
4160 2481
4161 2481
4162 2482
4163 2482
4164 2483
4165 2483
4166 2483
4167 2483
4168 2483
4169 2483
4170 2483
4171 2483
4172 2483
4173 2484
4174 2485
4175 2485
4176 2486
4177 2486
4178 2486
4179 2486
4180 2487
4181 2487
4182 2487
4183 2488
4184 2489
4185 2490
4186 2491
4187 2492
4188 2493
4189 2494
4190 2495
4191 2496
4192 2496
4193 2497
4194 2497
4195 2498
4196 2498
4197 2498
4198 2498
4199 2499
4200 2499
4201 2499
4202 2500
4203 2500
4204 2500
4205 2501
4206 2502
4207 2503
4208 2503
4209 2503
4210 2504
4211 2505
4212 2505
4213 2505
4214 2505
4215 2506
4216 2507
4217 2508
4218 2509
4219 2510
4220 2510
4221 2510
4222 2510
4223 2510
4224 2511
4225 2512
4226 2512
4227 2512
4228 2512
4229 2513
4230 2514
4231 2515
4232 2515
4233 2516
4234 2516
4235 2517
4236 2517
4237 2517
4238 2518
4239 2518
4240 2519
4241 2519
4242 2519
4243 2519
4244 2520
4245 2521
4246 2521
4247 2521
4248 2522
4249 2523
4250 2523
4251 2523
4252 2524
4253 2525
4254 2525
4255 2526
4256 2526
4257 2527
4258 2528
4259 2529
4260 2530
4261 2530
4262 2531
4263 2532
4264 2533
4265 2533
4266 2533
4267 2533
4268 2533
4269 2533
4270 2534
4271 2534
4272 2535
4273 2535
4274 2536
4275 2536
4276 2537
4277 2538
4278 2538
4279 2539
4280 2539
4281 2539
4282 2540
4283 2541
4284 2541
4285 2542
4286 2543
4287 2544
4288 2544
4289 2544
4290 2544
4291 2545
4292 2546
4293 2547
4294 2547
4295 2547
4296 2547
4297 2548
4298 2548
4299 2548
4300 2548
4301 2548
4302 2549
4303 2550
4304 2551
4305 2552
4306 2552
4307 2552
4308 2553
4309 2553
4310 2554
4311 2554
4312 2555
4313 2556
4314 2556
4315 2557
4316 2557
4317 2558
4318 2559
4319 2560
4320 2561
4321 2562
4322 2562
4323 2563
4324 2564
4325 2564
4326 2565
4327 2566
4328 2566
4329 2567
4330 2568
4331 2569
4332 2569
4333 2570
4334 2571
4335 2572
4336 2573
4337 2573
4338 2573
4339 2573
4340 2574
4341 2575
4342 2576
4343 2577
4344 2577
4345 2578
4346 2579
4347 2580
4348 2580
4349 2581
4350 2582
4351 2583
4352 2584
4353 2584
4354 2585
4355 2586
4356 2587
4357 2587
4358 2587
4359 2588
4360 2588
4361 2589
4362 2589
4363 2590
4364 2590
4365 2591
4366 2592
4367 2593
4368 2594
4369 2594
4370 2594
4371 2594
4372 2595
4373 2596
4374 2597
4375 2597
4376 2597
4377 2597
4378 2598
4379 2598
4380 2599
4381 2599
4382 2599
4383 2600
4384 2601
4385 2602
4386 2602
4387 2603
4388 2604
4389 2604
4390 2605
4391 2605
4392 2606
4393 2606
4394 2607
4395 2607
4396 2607
4397 2608
4398 2609
4399 2610
4400 2611
4401 2612
4402 2612
4403 2613
4404 2613
4405 2614
4406 2614
4407 2615
4408 2616
4409 2617
4410 2618
4411 2618
4412 2618
4413 2618
4414 2619
4415 2619
4416 2619
4417 2620
4418 2620
4419 2621
4420 2622
4421 2623
4422 2623
4423 2623
4424 2623
4425 2624
4426 2624
4427 2625
4428 2626
4429 2627
4430 2627
4431 2628
4432 2629
4433 2629
4434 2630
4435 2630
4436 2630
4437 2631
4438 2631
4439 2632
4440 2632
4441 2633
4442 2633
4443 2634
4444 2635
4445 2635
4446 2635
4447 2636
4448 2636
4449 2636
4450 2636
4451 2637
4452 2638
4453 2638
4454 2639
4455 2640
4456 2641
4457 2642
4458 2643
4459 2644
4460 2645
4461 2646
4462 2646
4463 2646
4464 2647
4465 2648
4466 2649
4467 2649
4468 2650
4469 2651
4470 2651
4471 2651
4472 2652
4473 2653
4474 2654
4475 2654
4476 2654
4477 2654
4478 2655
4479 2656
4480 2656
4481 2657
4482 2657
4483 2657
4484 2658
4485 2659
4486 2660
4487 2660
4488 2661
4489 2662
4490 2662
4491 2663
4492 2663
4493 2664
4494 2665
4495 2666
4496 2667
4497 2668
4498 2668
4499 2669
4500 2669
4501 2669
4502 2670
4503 2671
4504 2672
4505 2672
4506 2673
4507 2673
4508 2674
4509 2674
4510 2674
4511 2675
4512 2675
4513 2676
4514 2676
4515 2677
4516 2677
4517 2677
4518 2678
4519 2679
4520 2680
4521 2681
4522 2681
4523 2682
4524 2683
4525 2683
4526 2683
4527 2683
4528 2684
4529 2685
4530 2686
4531 2686
4532 2687
4533 2687
4534 2688
4535 2688
4536 2689
4537 2690
4538 2690
4539 2691
4540 2691
4541 2692
4542 2693
4543 2694
4544 2694
4545 2695
4546 2696
4547 2696
4548 2697
4549 2698
4550 2698
4551 2699
4552 2699
4553 2700
4554 2700
4555 2700
4556 2701
4557 2702
4558 2702
4559 2703
4560 2703
4561 2704
4562 2704
4563 2704
4564 2704
4565 2705
4566 2706
4567 2707
4568 2708
4569 2708
4570 2709
4571 2709
4572 2710
4573 2711
4574 2712
4575 2712
4576 2713
4577 2713
4578 2714
4579 2714
4580 2714
4581 2715
4582 2716
4583 2716
4584 2716
4585 2717
4586 2717
4587 2717
4588 2718
4589 2718
4590 2719
4591 2719
4592 2719
4593 2720
4594 2721
4595 2721
4596 2721
4597 2721
4598 2722
4599 2722
4600 2723
4601 2723
4602 2724
4603 2724
4604 2724
4605 2725
4606 2725
4607 2726
4608 2726
4609 2727
4610 2728
4611 2728
4612 2729
4613 2730
4614 2731
4615 2732
4616 2733
4617 2734
4618 2734
4619 2734
4620 2734
4621 2735
4622 2735
4623 2736
4624 2736
4625 2737
4626 2737
4627 2737
4628 2738
4629 2738
4630 2739
4631 2740
4632 2741
4633 2741
4634 2741
4635 2742
4636 2742
4637 2743
4638 2744
4639 2744
4640 2745
4641 2745
4642 2746
4643 2747
4644 2747
4645 2747
4646 2748
4647 2749
4648 2750
4649 2750
4650 2750
4651 2751
4652 2752
4653 2752
4654 2752
4655 2752
4656 2752
4657 2753
4658 2753
4659 2753
4660 2753
4661 2753
4662 2753
4663 2753
4664 2754
4665 2754
4666 2754
4667 2755
4668 2755
4669 2756
4670 2757
4671 2757
4672 2757
4673 2757
4674 2757
4675 2757
4676 2758
4677 2758
4678 2758
4679 2758
4680 2759
4681 2759
4682 2760
4683 2761
4684 2761
4685 2762
4686 2763
4687 2764
4688 2765
4689 2766
4690 2767
4691 2768
4692 2768
4693 2769
4694 2769
4695 2769
4696 2770
4697 2770
4698 2770
4699 2771
4700 2772
4701 2773
4702 2774
4703 2774
4704 2774
4705 2775
4706 2776
4707 2776
4708 2776
4709 2777
4710 2778
4711 2779
4712 2780
4713 2781
4714 2782
4715 2783
4716 2784
4717 2785
4718 2785
4719 2786
4720 2786
4721 2786
4722 2786
4723 2786
4724 2787
4725 2788
4726 2789
4727 2790
4728 2791
4729 2792
4730 2793
4731 2793
4732 2794
4733 2794
4734 2795
4735 2796
4736 2797
4737 2798
4738 2799
4739 2800
4740 2801
4741 2801
4742 2801
4743 2802
4744 2802
4745 2803
4746 2803
4747 2804
4748 2804
4749 2804
4750 2805
4751 2806
4752 2807
4753 2808
4754 2809
4755 2810
4756 2810
4757 2811
4758 2811
4759 2811
4760 2812
4761 2812
4762 2813
4763 2814
4764 2815
4765 2816
4766 2816
4767 2817
4768 2818
4769 2819
4770 2819
4771 2820
4772 2820
4773 2821
4774 2822
4775 2823
4776 2824
4777 2825
4778 2825
4779 2825
4780 2825
4781 2826
4782 2826
4783 2826
4784 2827
4785 2828
4786 2829
4787 2830
4788 2831
4789 2832
4790 2833
4791 2834
4792 2834
4793 2835
4794 2836
4795 2837
4796 2837
4797 2837
4798 2838
4799 2839
4800 2839
4801 2840
4802 2841
4803 2842
4804 2842
4805 2843
4806 2843
4807 2843
4808 2843
4809 2844
4810 2845
4811 2845
4812 2846
4813 2846
4814 2847
4815 2848
4816 2849
4817 2850
4818 2851
4819 2851
4820 2852
4821 2853
4822 2853
4823 2854
4824 2855
4825 2855
4826 2855
4827 2855
4828 2855
4829 2855
4830 2855
4831 2856
4832 2856
4833 2857
4834 2857
4835 2857
4836 2858
4837 2859
4838 2860
4839 2861
4840 2862
4841 2862
4842 2863
4843 2864
4844 2864
4845 2864
4846 2865
4847 2866
4848 2866
4849 2866
4850 2866
4851 2866
4852 2866
4853 2867
4854 2868
4855 2869
4856 2869
4857 2870
4858 2871
4859 2871
4860 2871
4861 2872
4862 2872
4863 2873
4864 2873
4865 2874
4866 2874
4867 2874
4868 2875
4869 2876
4870 2876
4871 2877
4872 2878
4873 2879
4874 2879
4875 2880
4876 2880
4877 2881
4878 2882
4879 2882
4880 2883
4881 2883
4882 2884
4883 2885
4884 2886
4885 2887
4886 2888
4887 2889
4888 2890
4889 2891
4890 2891
4891 2892
4892 2893
4893 2893
4894 2894
4895 2894
4896 2895
4897 2896
4898 2896
4899 2897
4900 2898
4901 2899
4902 2899
4903 2900
4904 2900
4905 2901
4906 2901
4907 2902
4908 2903
4909 2904
4910 2905
4911 2906
4912 2906
4913 2907
4914 2908
4915 2909
4916 2910
4917 2911
4918 2912
4919 2912
4920 2912
4921 2912
4922 2913
4923 2914
4924 2915
4925 2915
4926 2916
4927 2917
4928 2918
4929 2919
4930 2920
4931 2921
4932 2922
4933 2922
4934 2922
4935 2923
4936 2923
4937 2924
4938 2924
4939 2925
4940 2925
4941 2925
4942 2925
4943 2926
4944 2926
4945 2926
4946 2926
4947 2927
4948 2928
4949 2928
4950 2928
4951 2929
4952 2929
4953 2930
4954 2931
4955 2932
4956 2933
4957 2934
4958 2935
4959 2935
4960 2935
4961 2936
4962 2936
4963 2936
4964 2937
4965 2937
4966 2937
4967 2937
4968 2938
4969 2939
4970 2939
4971 2940
4972 2940
4973 2940
4974 2940
4975 2941
4976 2941
4977 2942
4978 2943
4979 2944
4980 2944
4981 2944
4982 2944
4983 2945
4984 2946
4985 2947
4986 2948
4987 2949
4988 2949
4989 2950
4990 2951
4991 2951
4992 2952
4993 2953
4994 2954
4995 2955
4996 2955
4997 2956
4998 2956
4999 2957
5000 2957
5001 2957
5002 2957
5003 2958
5004 2958
5005 2958
5006 2958
5007 2959
5008 2959
5009 2960
5010 2961
5011 2962
5012 2962
5013 2963
5014 2963
5015 2964
5016 2965
5017 2965
5018 2966
5019 2966
5020 2966
5021 2967
5022 2967
5023 2968
5024 2969
5025 2970
5026 2971
5027 2971
5028 2972
5029 2973
5030 2973
5031 2974
5032 2974
5033 2974
5034 2975
5035 2975
5036 2976
5037 2977
5038 2977
5039 2978
5040 2978
5041 2979
5042 2980
5043 2980
5044 2980
5045 2981
5046 2982
5047 2982
5048 2982
5049 2983
5050 2983
5051 2984
5052 2984
5053 2985
5054 2986
5055 2986
5056 2987
5057 2988
5058 2989
5059 2989
5060 2989
5061 2990
5062 2990
5063 2990
5064 2991
5065 2992
5066 2993
5067 2993
5068 2994
5069 2995
5070 2995
5071 2995
5072 2996
5073 2997
5074 2998
5075 2998
5076 2999
5077 3000
5078 3000
5079 3000
5080 3001
5081 3001
5082 3001
5083 3002
5084 3002
5085 3003
5086 3003
5087 3004
5088 3005
5089 3006
5090 3007
5091 3008
5092 3009
5093 3010
5094 3011
5095 3012
5096 3013
5097 3014
5098 3015
5099 3015
5100 3015
5101 3016
5102 3016
5103 3016
5104 3017
5105 3017
5106 3017
5107 3018
5108 3019
5109 3020
5110 3021
5111 3021
5112 3022
5113 3022
5114 3023
5115 3023
5116 3023
5117 3023
5118 3023
5119 3024
5120 3025
5121 3026
5122 3027
5123 3027
5124 3028
5125 3029
5126 3030
5127 3031
5128 3031
5129 3032
5130 3033
5131 3034
5132 3035
5133 3036
5134 3037
5135 3038
5136 3039
5137 3039
5138 3040
5139 3040
5140 3040
5141 3041
5142 3042
5143 3042
5144 3043
5145 3043
5146 3043
5147 3044
5148 3045
5149 3045
5150 3046
5151 3047
5152 3048
5153 3049
5154 3050
5155 3051
5156 3051
5157 3052
5158 3053
5159 3054
5160 3055
5161 3055
5162 3055
5163 3056
5164 3056
5165 3056
5166 3056
5167 3057
5168 3057
5169 3058
5170 3059
5171 3059
5172 3059
5173 3060
5174 3061
5175 3062
5176 3063
5177 3064
5178 3064
5179 3065
5180 3066
5181 3067
5182 3067
5183 3067
5184 3068
5185 3069
5186 3070
5187 3071
5188 3071
5189 3072
5190 3073
5191 3073
5192 3073
5193 3073
5194 3073
5195 3073
5196 3073
5197 3073
5198 3074
5199 3074
5200 3075
5201 3076
5202 3076
5203 3076
5204 3076
5205 3076
5206 3077
5207 3078
5208 3078
5209 3079
5210 3080
5211 3081
5212 3082
5213 3082
5214 3083
5215 3084
5216 3085
5217 3086
5218 3086
5219 3087
5220 3088
5221 3088
5222 3088
5223 3089
5224 3089
5225 3089
5226 3089
5227 3090
5228 3091
5229 3092
5230 3093
5231 3094
5232 3094
5233 3095
5234 3096
5235 3096
5236 3096
5237 3096
5238 3097
5239 3097
5240 3098
5241 3098
5242 3099
5243 3100
5244 3100
5245 3101
5246 3101
5247 3101
5248 3101
5249 3102
5250 3102
5251 3103
5252 3103
5253 3104
5254 3104
5255 3105
5256 3105
5257 3106
5258 3107
5259 3108
5260 3109
5261 3109
5262 3110
5263 3111
5264 3112
5265 3112
5266 3112
5267 3113
5268 3114
5269 3115
5270 3115
5271 3115
5272 3116
5273 3116
5274 3117
5275 3117
5276 3117
5277 3118
5278 3118
5279 3118
5280 3119
5281 3119
5282 3120
5283 3121
5284 3122
5285 3123
5286 3123
5287 3124
5288 3125
5289 3125
5290 3125
5291 3126
5292 3127
5293 3128
5294 3128
5295 3129
5296 3130
5297 3131
5298 3132
5299 3133
5300 3134
5301 3135
5302 3136
5303 3137
5304 3138
5305 3139
5306 3140
5307 3141
5308 3142
5309 3143
5310 3143
5311 3144
5312 3144
5313 3144
5314 3144
5315 3145
5316 3146
5317 3146
5318 3147
5319 3148
5320 3148
5321 3149
5322 3149
5323 3150
5324 3151
5325 3152
5326 3152
5327 3153
5328 3154
5329 3155
5330 3155
5331 3156
5332 3157
5333 3158
5334 3158
5335 3159
5336 3160
5337 3160
5338 3161
5339 3162
5340 3162
5341 3162
5342 3163
5343 3163
5344 3164
5345 3165
5346 3166
5347 3166
5348 3166
5349 3166
5350 3167
5351 3168
5352 3169
5353 3169
5354 3169
5355 3170
5356 3170
5357 3170
5358 3170
5359 3170
5360 3171
5361 3172
5362 3172
5363 3172
5364 3173
5365 3174
5366 3174
5367 3175
5368 3175
5369 3175
5370 3175
5371 3176
5372 3177
5373 3177
5374 3177
5375 3177
5376 3178
5377 3179
5378 3180
5379 3180
5380 3181
5381 3182
5382 3183
5383 3184
5384 3185
5385 3186
5386 3186
5387 3187
5388 3187
5389 3188
5390 3188
5391 3188
5392 3189
5393 3190
5394 3191
5395 3191
5396 3192
5397 3192
5398 3193
5399 3193
5400 3194
5401 3195
5402 3196
5403 3197
5404 3197
5405 3198
5406 3198
5407 3199
5408 3199
5409 3200
5410 3201
5411 3201
5412 3202
5413 3202
5414 3203
5415 3204
5416 3204
5417 3204
5418 3204
5419 3204
5420 3204
5421 3205
5422 3206
5423 3206
5424 3207
5425 3208
5426 3208
5427 3208
5428 3208
5429 3209
5430 3210
5431 3211
5432 3211
5433 3212
5434 3213
5435 3214
5436 3215
5437 3216
5438 3217
5439 3217
5440 3218
5441 3219
5442 3220
5443 3220
5444 3220
5445 3221
5446 3221
5447 3221
5448 3222
5449 3222
5450 3222
5451 3223
5452 3223
5453 3223
5454 3223
5455 3224
5456 3225
5457 3226
5458 3227
5459 3228
5460 3228
5461 3228
5462 3229
5463 3230
5464 3231
5465 3232
5466 3232
5467 3233
5468 3234
5469 3234
5470 3234
5471 3234
5472 3235
5473 3236
5474 3237
5475 3237
5476 3237
5477 3238
5478 3238
5479 3239
5480 3239
5481 3240
5482 3241
5483 3241
5484 3242
5485 3242
5486 3242
5487 3242
5488 3243
5489 3243
5490 3244
5491 3245
5492 3246
5493 3247
5494 3247
5495 3247
5496 3247
5497 3247
5498 3247
5499 3248
5500 3248
5501 3249
5502 3250
5503 3250
5504 3250
5505 3251
5506 3251
5507 3251
5508 3252
5509 3252
5510 3252
5511 3253
5512 3253
5513 3253
5514 3253
5515 3254
5516 3254
5517 3254
5518 3255
5519 3256
5520 3256
5521 3257
5522 3258
5523 3259
5524 3259
5525 3259
5526 3259
5527 3259
5528 3260
5529 3261
5530 3261
5531 3262
5532 3262
5533 3263
5534 3264
5535 3264
5536 3265
5537 3266
5538 3266
5539 3267
5540 3268
5541 3268
5542 3268
5543 3268
5544 3269
5545 3269
5546 3270
5547 3270
5548 3271
5549 3272
5550 3273
5551 3273
5552 3273
5553 3274
5554 3274
5555 3275
5556 3276
5557 3276
5558 3277
5559 3278
5560 3279
5561 3279
5562 3279
5563 3280
5564 3281
5565 3282
5566 3282
5567 3282
5568 3283
5569 3283
5570 3283
5571 3284
5572 3285
5573 3285
5574 3285
5575 3286
5576 3286
5577 3287
5578 3288
5579 3288
5580 3288
5581 3289
5582 3290
5583 3291
5584 3292
5585 3292
5586 3293
5587 3294
5588 3295
5589 3295
5590 3296
5591 3296
5592 3296
5593 3296
5594 3297
5595 3298
5596 3298
5597 3298
5598 3299
5599 3299
5600 3300
5601 3300
5602 3301
5603 3301
5604 3301
5605 3301
5606 3302
5607 3303
5608 3304
5609 3304
5610 3305
5611 3306
5612 3307
5613 3308
5614 3309
5615 3309
5616 3310
5617 3311
5618 3312
5619 3312
5620 3313
5621 3313
5622 3313
5623 3314
5624 3314
5625 3315
5626 3315
5627 3315
5628 3316
5629 3316
5630 3316
5631 3317
5632 3318
5633 3319
5634 3320
5635 3320
5636 3321
5637 3321
5638 3322
5639 3323
5640 3324
5641 3325
5642 3326
5643 3327
5644 3328
5645 3329
5646 3330
5647 3331
5648 3331
5649 3332
5650 3332
5651 3333
5652 3334
5653 3335
5654 3336
5655 3336
5656 3336
5657 3337
5658 3337
5659 3338
5660 3339
5661 3339
5662 3340
5663 3340
5664 3341
5665 3341
5666 3342
5667 3342
5668 3343
5669 3344
5670 3345
5671 3346
5672 3346
5673 3346
5674 3347
5675 3348
5676 3349
5677 3349
5678 3350
5679 3350
5680 3351
5681 3351
5682 3352
5683 3353
5684 3354
5685 3355
5686 3356
5687 3356
5688 3356
5689 3357
5690 3358
5691 3359
5692 3360
5693 3360
5694 3361
5695 3361
5696 3362
5697 3363
5698 3363
5699 3363
5700 3364
5701 3365
5702 3366
5703 3366
5704 3367
5705 3368
5706 3369
5707 3369
5708 3370
5709 3371
5710 3371
5711 3372
5712 3373
5713 3374
5714 3374
5715 3375
5716 3376
5717 3376
5718 3376
5719 3377
5720 3378
5721 3379
5722 3380
5723 3381
5724 3382
5725 3382
5726 3383
5727 3384
5728 3384
5729 3385
5730 3386
5731 3387
5732 3387
5733 3387
5734 3388
5735 3389
5736 3390
5737 3391
5738 3392
5739 3393
5740 3393
5741 3394
5742 3394
5743 3395
5744 3395
5745 3395
5746 3396
5747 3397
5748 3398
5749 3399
5750 3400
5751 3401
5752 3402
5753 3403
5754 3403
5755 3404
5756 3405
5757 3405
5758 3405
5759 3406
5760 3406
5761 3406
5762 3407
5763 3407
5764 3408
5765 3408
5766 3409
5767 3410
5768 3410
5769 3410
5770 3411
5771 3412
5772 3413
5773 3414
5774 3414
5775 3415
5776 3416
5777 3417
5778 3417
5779 3418
5780 3418
5781 3419
5782 3420
5783 3420
5784 3421
5785 3421
5786 3422
5787 3422
5788 3422
5789 3422
5790 3423
5791 3423
5792 3423
5793 3423
5794 3423
5795 3424
5796 3425
5797 3426
5798 3427
5799 3427
5800 3428
5801 3429
5802 3430
5803 3431
5804 3432
5805 3433
5806 3433
5807 3434
5808 3435
5809 3435
5810 3435
5811 3436
5812 3436
5813 3437
5814 3437
5815 3438
5816 3439
5817 3440
5818 3441
5819 3442
5820 3442
5821 3442
5822 3443
5823 3444
5824 3445
5825 3445
5826 3446
5827 3447
5828 3447
5829 3448
5830 3448
5831 3449
5832 3449
5833 3449
5834 3450
5835 3450
5836 3450
5837 3450
5838 3450
5839 3450
5840 3451
5841 3451
5842 3452
5843 3452
5844 3452
5845 3452
5846 3453
5847 3453
5848 3453
5849 3454
5850 3455
5851 3456
5852 3456
5853 3457
5854 3457
5855 3458
5856 3459
5857 3460
5858 3460
5859 3461
5860 3461
5861 3462
5862 3463
5863 3464
5864 3465
5865 3466
5866 3466
5867 3467
5868 3467
5869 3467
5870 3468
5871 3468
5872 3469
5873 3470
5874 3471
5875 3471
5876 3471
5877 3472
5878 3472
5879 3472
5880 3473
5881 3474
5882 3475
5883 3476
5884 3477
5885 3478
5886 3479
5887 3479
5888 3480
5889 3480
5890 3481
5891 3482
5892 3482
5893 3483
5894 3483
5895 3483
5896 3484
5897 3484
5898 3485
5899 3486
5900 3487
5901 3487
5902 3488
5903 3488
5904 3488
5905 3488
5906 3489
5907 3489
5908 3490
5909 3491
5910 3491
5911 3492
5912 3493
5913 3493
5914 3494
5915 3495
5916 3495
5917 3496
5918 3497
5919 3498
5920 3498
5921 3498
5922 3499
5923 3500
5924 3501
5925 3502
5926 3503
5927 3504
5928 3505
5929 3506
5930 3507
5931 3508
5932 3509
5933 3510
5934 3510
5935 3511
5936 3511
5937 3512
5938 3513
5939 3513
5940 3513
5941 3514
5942 3514
5943 3514
5944 3515
5945 3515
5946 3515
5947 3516
5948 3517
5949 3518
5950 3518
5951 3518
5952 3519
5953 3520
5954 3520
5955 3520
5956 3520
5957 3521
5958 3521
5959 3521
5960 3521
5961 3521
5962 3522
5963 3522
5964 3523
5965 3524
5966 3525
5967 3526
5968 3527
5969 3528
5970 3529
5971 3530
5972 3530
5973 3531
5974 3532
5975 3533
5976 3534
5977 3535
5978 3535
5979 3536
5980 3536
5981 3537
5982 3537
5983 3537
5984 3538
5985 3539
5986 3540
5987 3541
5988 3542
5989 3542
5990 3543
5991 3543
5992 3543
5993 3544
5994 3544
5995 3544
5996 3544
5997 3545
5998 3546
5999 3547
6000 3548
6001 3548
6002 3549
6003 3550
6004 3551
6005 3551
6006 3552
6007 3553
6008 3554
6009 3555
6010 3555
6011 3556
6012 3557
6013 3557
6014 3558
6015 3558
6016 3558
6017 3558
6018 3559
6019 3560
6020 3560
6021 3561
6022 3562
6023 3563
6024 3564
6025 3564
6026 3565
6027 3566
6028 3567
6029 3567
6030 3567
6031 3568
6032 3569
6033 3570
6034 3571
6035 3571
6036 3571
6037 3572
6038 3573
6039 3573
6040 3574
6041 3575
6042 3575
6043 3575
6044 3576
6045 3576
6046 3576
6047 3577
6048 3577
6049 3577
6050 3578
6051 3578
6052 3579
6053 3580
6054 3581
6055 3582
6056 3583
6057 3584
6058 3584
6059 3584
6060 3584
6061 3584
6062 3584
6063 3585
6064 3586
6065 3587
6066 3588
6067 3589
6068 3589
6069 3589
6070 3590
6071 3591
6072 3592
6073 3592
6074 3593
6075 3594
6076 3594
6077 3594
6078 3595
6079 3595
6080 3596
6081 3597
6082 3597
6083 3598
6084 3598
6085 3598
6086 3599
6087 3600
6088 3601
6089 3602
6090 3602
6091 3603
6092 3604
6093 3604
6094 3605
6095 3605
6096 3606
6097 3606
6098 3606
6099 3606
6100 3606
6101 3606
6102 3607
6103 3607
6104 3608
6105 3608
6106 3609
6107 3609
6108 3610
6109 3611
6110 3611
6111 3612
6112 3613
6113 3614
6114 3615
6115 3616
6116 3617
6117 3618
6118 3619
6119 3619
6120 3619
6121 3620
6122 3620
6123 3620
6124 3620
6125 3621
6126 3622
6127 3623
6128 3624
6129 3625
6130 3626
6131 3627
6132 3628
6133 3629
6134 3630
6135 3631
6136 3632
6137 3632
6138 3632
6139 3633
6140 3633
6141 3634
6142 3635
6143 3636
6144 3636
6145 3636
6146 3637
6147 3637
6148 3637
6149 3637
6150 3637
6151 3638
6152 3639
6153 3639
6154 3640
6155 3640
6156 3640
6157 3641
6158 3642
6159 3642
6160 3643
6161 3643
6162 3643
6163 3644
6164 3644
6165 3645
6166 3645
6167 3646
6168 3647
6169 3648
6170 3649
6171 3649
6172 3650
6173 3651
6174 3651
6175 3652
6176 3653
6177 3654
6178 3654
6179 3654
6180 3655
6181 3656
6182 3657
6183 3657
6184 3657
6185 3658
6186 3659
6187 3659
6188 3659
6189 3659
6190 3659
6191 3660
6192 3661
6193 3662
6194 3663
6195 3663
6196 3664
6197 3664
6198 3665
6199 3665
6200 3666
6201 3667
6202 3667
6203 3668
6204 3669
6205 3670
6206 3670
6207 3671
6208 3671
6209 3672
6210 3673
6211 3674
6212 3675
6213 3676
6214 3676
6215 3676
6216 3677
6217 3678
6218 3679
6219 3680
6220 3681
6221 3681
6222 3682
6223 3683
6224 3684
6225 3684
6226 3684
6227 3685
6228 3685
6229 3686
6230 3687
6231 3687
6232 3687
6233 3687
6234 3688
6235 3689
6236 3689
6237 3690
6238 3690
6239 3691
6240 3692
6241 3693
6242 3693
6243 3694
6244 3695
6245 3696
6246 3696
6247 3697
6248 3697
6249 3698
6250 3699
6251 3700
6252 3701
6253 3702
6254 3703
6255 3704
6256 3704
6257 3704
6258 3705
6259 3705
6260 3705
6261 3705
6262 3705
6263 3705
6264 3705
6265 3705
6266 3706
6267 3706
6268 3707
6269 3707
6270 3707
6271 3708
6272 3708
6273 3709
6274 3710
6275 3710
6276 3711
6277 3712
6278 3713
6279 3714
6280 3715
6281 3716
6282 3717
6283 3718
6284 3719
6285 3720
6286 3721
6287 3722
6288 3723
6289 3724
6290 3725
6291 3725
6292 3725
6293 3726
6294 3727
6295 3727
6296 3727
6297 3728
6298 3728
6299 3728
6300 3729
6301 3730
6302 3731
6303 3731
6304 3731
6305 3732
6306 3732
6307 3732
6308 3732
6309 3733
6310 3734
6311 3735
6312 3736
6313 3737
6314 3738
6315 3739
6316 3740
6317 3741
6318 3741
6319 3742
6320 3742
6321 3743
6322 3743
6323 3743
6324 3744
6325 3745
6326 3746
6327 3747
6328 3748
6329 3749
6330 3749
6331 3750
6332 3751
6333 3752
6334 3753
6335 3753
6336 3754
6337 3755
6338 3756
6339 3756
6340 3757
6341 3757
6342 3758
6343 3758
6344 3759
6345 3760
6346 3761
6347 3762
6348 3762
6349 3763
6350 3764
6351 3764
6352 3765
6353 3766
6354 3766
6355 3767
6356 3768
6357 3769
6358 3769
6359 3769
6360 3769
6361 3770
6362 3771
6363 3772
6364 3773
6365 3774
6366 3775
6367 3776
6368 3776
6369 3777
6370 3778
6371 3779
6372 3780
6373 3781
6374 3782
6375 3783
6376 3783
6377 3784
6378 3784
6379 3785
6380 3786
6381 3787
6382 3787
6383 3787
6384 3788
6385 3789
6386 3790
6387 3791
6388 3792
6389 3793
6390 3793
6391 3794
6392 3795
6393 3796
6394 3796
6395 3796
6396 3796
6397 3797
6398 3797
6399 3798
6400 3799
6401 3799
6402 3800
6403 3800
6404 3800
6405 3801
6406 3802
6407 3803
6408 3804
6409 3804
6410 3804
6411 3804
6412 3804
6413 3805
6414 3806
6415 3807
6416 3808
6417 3808
6418 3809
6419 3809
6420 3810
6421 3811
6422 3812
6423 3813
6424 3813
6425 3814
6426 3814
6427 3815
6428 3815
6429 3816
6430 3816
6431 3817
6432 3817
6433 3818
6434 3819
6435 3819
6436 3819
6437 3820
6438 3821
6439 3821
6440 3821
6441 3822
6442 3822
6443 3822
6444 3823
6445 3823
6446 3824
6447 3825
6448 3825
6449 3826
6450 3827
6451 3828
6452 3829
6453 3830
6454 3830
6455 3831
6456 3832
6457 3833
6458 3833
6459 3834
6460 3834
6461 3834
6462 3834
6463 3835
6464 3836
6465 3836
6466 3837
6467 3837
6468 3837
6469 3838
6470 3838
6471 3838
6472 3839
6473 3839
6474 3840
6475 3841
6476 3842
6477 3843
6478 3844
6479 3844
6480 3844
6481 3845
6482 3846
6483 3847
6484 3847
6485 3848
6486 3849
6487 3850
6488 3851
6489 3852
6490 3853
6491 3854
6492 3854
6493 3855
6494 3855
6495 3855
6496 3856
6497 3856
6498 3856
6499 3857
6500 3857
6501 3858
6502 3859
6503 3860
6504 3861
6505 3861
6506 3861
6507 3862
6508 3862
6509 3863
6510 3863
6511 3863
6512 3864
6513 3865
6514 3865
6515 3865
6516 3866
6517 3867
6518 3868
6519 3869
6520 3870
6521 3871
6522 3872
6523 3872
6524 3873
6525 3873
6526 3874
6527 3874
6528 3875
6529 3876
6530 3876
6531 3877
6532 3878
6533 3879
6534 3879
6535 3880
6536 3881
6537 3882
6538 3883
6539 3884
6540 3885
6541 3886
6542 3886
6543 3887
6544 3887
6545 3887
6546 3888
6547 3889
6548 3889
6549 3890
6550 3891
6551 3891
6552 3892
6553 3892
6554 3892
6555 3892
6556 3893
6557 3893
6558 3894
6559 3894
6560 3895
6561 3895
6562 3896
6563 3897
6564 3898
6565 3898
6566 3899
6567 3900
6568 3901
6569 3902
6570 3902
6571 3902
6572 3902
6573 3903
6574 3903
6575 3904
6576 3905
6577 3905
6578 3905
6579 3905
6580 3906
6581 3907
6582 3908
6583 3909
6584 3910
6585 3911
6586 3912
6587 3913
6588 3914
6589 3915
6590 3916
6591 3916
6592 3916
6593 3916
6594 3917
6595 3917
6596 3917
6597 3917
6598 3918
6599 3919
6600 3919
6601 3920
6602 3920
6603 3920
6604 3920
6605 3920
6606 3921
6607 3921
6608 3922
6609 3923
6610 3923
6611 3924
6612 3924
6613 3924
6614 3925
6615 3925
6616 3925
6617 3926
6618 3926
6619 3926
6620 3927
6621 3927
6622 3928
6623 3929
6624 3930
6625 3930
6626 3931
6627 3931
6628 3931
6629 3931
6630 3932
6631 3933
6632 3934
6633 3934
6634 3934
6635 3934
6636 3934
6637 3935
6638 3935
6639 3936
6640 3936
6641 3936
6642 3936
6643 3937
6644 3938
6645 3939
6646 3940
6647 3940
6648 3940
6649 3940
6650 3940
6651 3941
6652 3942
6653 3943
6654 3943
6655 3943
6656 3944
6657 3944
6658 3944
6659 3944
6660 3945
6661 3946
6662 3947
6663 3948
6664 3949
6665 3950
6666 3951
6667 3951
6668 3951
6669 3951
6670 3951
6671 3952
6672 3953
6673 3954
6674 3954
6675 3955
6676 3956
6677 3956
6678 3957
6679 3958
6680 3958
6681 3958
6682 3958
6683 3959
6684 3959
6685 3960
6686 3960
6687 3961
6688 3962
6689 3962
6690 3962
6691 3962
6692 3962
6693 3963
6694 3964
6695 3965
6696 3966
6697 3966
6698 3967
6699 3967
6700 3967
6701 3968
6702 3969
6703 3970
6704 3970
6705 3971
6706 3971
6707 3971
6708 3972
6709 3972
6710 3973
6711 3973
6712 3974
6713 3975
6714 3976
6715 3977
6716 3978
6717 3978
6718 3979
6719 3980
6720 3980
6721 3980
6722 3980
6723 3980
6724 3981
6725 3981
6726 3981
6727 3981
6728 3982
6729 3983
6730 3983
6731 3983
6732 3984
6733 3985
6734 3986
6735 3986
6736 3987
6737 3987
6738 3987
6739 3987
6740 3987
6741 3987
6742 3988
6743 3989
6744 3990
6745 3990
6746 3991
6747 3992
6748 3993
6749 3993
6750 3994
6751 3995
6752 3996
6753 3996
6754 3997
6755 3997
6756 3998
6757 3999
6758 4000
6759 4001
6760 4001
6761 4001
6762 4002
6763 4003
6764 4003
6765 4004
6766 4005
6767 4005
6768 4006
6769 4006
6770 4007
6771 4007
6772 4007
6773 4008
6774 4009
6775 4010
6776 4010
6777 4011
6778 4011
6779 4011
6780 4011
6781 4011
6782 4012
6783 4012
6784 4013
6785 4014
6786 4015
6787 4015
6788 4016
6789 4016
6790 4017
6791 4017
6792 4017
6793 4018
6794 4019
6795 4020
6796 4021
6797 4022
6798 4023
6799 4023
6800 4024
6801 4025
6802 4026
6803 4027
6804 4027
6805 4028
6806 4028
6807 4028
6808 4029
6809 4030
6810 4031
6811 4032
6812 4033
6813 4034
6814 4035
6815 4035
6816 4035
6817 4035
6818 4036
6819 4036
6820 4037
6821 4038
6822 4039
6823 4039
6824 4040
6825 4041
6826 4041
6827 4041
6828 4041
6829 4042
6830 4042
6831 4042
6832 4043
6833 4044
6834 4045
6835 4045
6836 4046
6837 4047
6838 4048
6839 4049
6840 4050
6841 4051
6842 4051
6843 4052
6844 4053
6845 4054
6846 4055
6847 4055
6848 4056
6849 4056
6850 4057
6851 4057
6852 4057
6853 4058
6854 4058
6855 4059
6856 4059
6857 4060
6858 4061
6859 4062
6860 4063
6861 4064
6862 4064
6863 4065
6864 4065
6865 4065
6866 4066
6867 4067
6868 4067
6869 4067
6870 4068
6871 4068
6872 4069
6873 4070
6874 4070
6875 4071
6876 4071
6877 4072
6878 4073
6879 4073
6880 4074
6881 4074
6882 4074
6883 4074
6884 4075
6885 4075
6886 4075
6887 4076
6888 4076
6889 4077
6890 4077
6891 4077
6892 4077
6893 4078
6894 4079
6895 4079
6896 4080
6897 4080
6898 4081
6899 4082
6900 4082
6901 4083
6902 4083
6903 4084
6904 4084
6905 4085
6906 4086
6907 4086
6908 4086
6909 4087
6910 4088
6911 4088
6912 4088
6913 4089
6914 4090
6915 4091
6916 4091
6917 4091
6918 4092
6919 4092
6920 4093
6921 4094
6922 4094
6923 4095
6924 4096
6925 4097
6926 4098
6927 4099
6928 4099
6929 4100
6930 4101
6931 4102
6932 4103
6933 4103
6934 4104
6935 4104
6936 4105
6937 4106
6938 4107
6939 4107
6940 4107
6941 4108
6942 4109
6943 4109
6944 4109
6945 4109
6946 4110
6947 4110
6948 4111
6949 4111
6950 4112
6951 4112
6952 4113
6953 4114
6954 4114
6955 4115
6956 4115
6957 4116
6958 4117
6959 4117
6960 4118
6961 4118
6962 4118
6963 4118
6964 4119
6965 4120
6966 4120
6967 4120
6968 4120
6969 4120
6970 4121
6971 4121
6972 4122
6973 4123
6974 4124
6975 4124
6976 4125
6977 4126
6978 4127
6979 4127
6980 4128
6981 4129
6982 4130
6983 4131
6984 4132
6985 4132
6986 4133
6987 4134
6988 4134
6989 4134
6990 4135
6991 4136
6992 4137
6993 4138
6994 4139
6995 4139
6996 4140
6997 4141
6998 4141
6999 4142
7000 4143
7001 4143
7002 4143
7003 4144
7004 4144
7005 4144
7006 4144
7007 4144
7008 4145
7009 4146
7010 4147
7011 4148
7012 4149
7013 4150
7014 4150
7015 4151
7016 4152
7017 4153
7018 4153
7019 4154
7020 4154
7021 4155
7022 4156
7023 4156
7024 4156
7025 4157
7026 4158
7027 4158
7028 4159
7029 4160
7030 4161
7031 4162
7032 4163
7033 4163
7034 4163
7035 4163
7036 4163
7037 4164
7038 4164
7039 4164
7040 4165
7041 4166
7042 4167
7043 4167
7044 4168
7045 4168
7046 4169
7047 4169
7048 4169
7049 4170
7050 4170
7051 4170
7052 4170
7053 4170
7054 4170
7055 4171
7056 4171
7057 4172
7058 4172
7059 4173
7060 4174
7061 4174
7062 4175
7063 4176
7064 4177
7065 4178
7066 4179
7067 4179
7068 4179
7069 4180
7070 4181
7071 4181
7072 4182
7073 4183
7074 4184
7075 4184
7076 4185
7077 4186
7078 4187
7079 4188
7080 4189
7081 4189
7082 4189
7083 4189
7084 4190
7085 4190
7086 4191
7087 4191
7088 4192
7089 4192
7090 4192
7091 4192
7092 4193
7093 4193
7094 4193
7095 4194
7096 4195
7097 4195
7098 4195
7099 4196
7100 4197
7101 4198
7102 4198
7103 4198
7104 4198
7105 4199
7106 4200
7107 4200
7108 4200
7109 4201
7110 4202
7111 4202
7112 4203
7113 4203
7114 4204
7115 4205
7116 4205
7117 4206
7118 4206
7119 4206
7120 4206
7121 4207
7122 4207
7123 4207
7124 4207
7125 4207
7126 4208
7127 4209
7128 4209
7129 4209
7130 4209
7131 4209
7132 4210
7133 4210
7134 4210
7135 4210
7136 4211
7137 4212
7138 4213
7139 4214
7140 4215
7141 4216
7142 4217
7143 4218
7144 4218
7145 4219
7146 4220
7147 4221
7148 4221
7149 4222
7150 4223
7151 4224
7152 4224
7153 4225
7154 4226
7155 4227
7156 4227
7157 4228
7158 4228
7159 4228
7160 4228
7161 4229
7162 4229
7163 4229
7164 4230
7165 4231
7166 4232
7167 4233
7168 4234
7169 4234
7170 4234
7171 4234
7172 4235
7173 4236
7174 4237
7175 4237
7176 4237
7177 4238
7178 4238
7179 4238
7180 4239
7181 4239
7182 4239
7183 4240
7184 4240
7185 4241
7186 4242
7187 4243
7188 4244
7189 4244
7190 4245
7191 4245
7192 4245
7193 4246
7194 4247
7195 4247
7196 4247
7197 4248
7198 4248
7199 4249
7200 4249
7201 4250
7202 4251
7203 4251
7204 4252
7205 4252
7206 4252
7207 4253
7208 4253
7209 4253
7210 4253
7211 4254
7212 4254
7213 4254
7214 4255
7215 4256
7216 4256
7217 4256
7218 4256
7219 4256
7220 4257
7221 4258
7222 4259
7223 4259
7224 4260
7225 4261
7226 4261
7227 4261
7228 4262
7229 4263
7230 4264
7231 4264
7232 4264
7233 4264
7234 4264
7235 4265
7236 4265
7237 4266
7238 4267
7239 4267
7240 4268
7241 4269
7242 4269
7243 4269
7244 4270
7245 4271
7246 4272
7247 4273
7248 4273
7249 4274
7250 4274
7251 4274
7252 4274
7253 4275
7254 4275
7255 4276
7256 4277
7257 4278
7258 4279
7259 4280
7260 4281
7261 4282
7262 4282
7263 4283
7264 4283
7265 4284
7266 4284
7267 4285
7268 4286
7269 4286
7270 4286
7271 4287
7272 4287
7273 4288
7274 4289
7275 4290
7276 4290
7277 4291
7278 4292
7279 4292
7280 4293
7281 4293
7282 4294
7283 4295
7284 4295
7285 4295
7286 4295
7287 4295
7288 4296
7289 4297
7290 4297
7291 4298
7292 4299
7293 4300
7294 4301
7295 4301
7296 4301
7297 4301
7298 4302
7299 4302
7300 4303
7301 4304
7302 4304
7303 4305
7304 4305
7305 4305
7306 4305
7307 4306
7308 4306
7309 4307
7310 4308
7311 4309
7312 4309
7313 4310
7314 4311
7315 4312
7316 4313
7317 4314
7318 4314
7319 4314
7320 4314
7321 4315
7322 4316
7323 4317
7324 4317
7325 4318
7326 4319
7327 4319
7328 4320
7329 4320
7330 4321
7331 4322
7332 4323
7333 4324
7334 4324
7335 4325
7336 4326
7337 4326
7338 4327
7339 4327
7340 4328
7341 4329
7342 4330
7343 4330
7344 4330
7345 4331
7346 4332
7347 4333
7348 4334
7349 4334
7350 4335
7351 4335
7352 4335
7353 4336
7354 4337
7355 4338
7356 4339
7357 4340
7358 4340
7359 4341
7360 4341
7361 4342
7362 4343
7363 4343
7364 4343
7365 4344
7366 4344
7367 4345
7368 4346
7369 4347
7370 4347
7371 4347
7372 4348
7373 4349
7374 4349
7375 4350
7376 4350
7377 4351
7378 4351
7379 4351
7380 4352
7381 4352
7382 4352
7383 4352
7384 4353
7385 4353
7386 4354
7387 4355
7388 4355
7389 4356
7390 4356
7391 4356
7392 4357
7393 4357
7394 4358
7395 4358
7396 4358
7397 4358
7398 4358
7399 4359
7400 4359
7401 4360
7402 4360
7403 4360
7404 4360
7405 4361
7406 4362
7407 4362
7408 4362
7409 4362
7410 4363
7411 4364
7412 4365
7413 4365
7414 4365
7415 4366
7416 4366
7417 4366
7418 4366
7419 4367
7420 4367
7421 4368
7422 4368
7423 4369
7424 4370
7425 4371
7426 4372
7427 4372
7428 4373
7429 4374
7430 4375
7431 4375
7432 4375
7433 4376
7434 4377
7435 4377
7436 4377
7437 4378
7438 4379
7439 4380
7440 4381
7441 4382
7442 4382
7443 4382
7444 4383
7445 4384
7446 4385
7447 4385
7448 4386
7449 4387
7450 4388
7451 4388
7452 4388
7453 4389
7454 4389
7455 4389
7456 4390
7457 4391
7458 4391
7459 4392
7460 4392
7461 4393
7462 4393
7463 4393
7464 4394
7465 4394
7466 4395
7467 4396
7468 4396
7469 4396
7470 4396
7471 4396
7472 4396
7473 4397
7474 4398
7475 4399
7476 4400
7477 4400
7478 4401
7479 4401
7480 4401
7481 4402
7482 4403
7483 4404
7484 4404
7485 4405
7486 4405
7487 4405
7488 4405
7489 4406
7490 4407
7491 4407
7492 4407
7493 4407
7494 4408
7495 4409
7496 4410
7497 4411
7498 4411
7499 4411
7500 4412
7501 4413
7502 4413
7503 4414
7504 4414
7505 4415
7506 4416
7507 4417
7508 4418
7509 4419
7510 4420
7511 4421
7512 4421
7513 4422
7514 4423
7515 4423
7516 4423
7517 4424
7518 4425
7519 4426
7520 4427
7521 4427
7522 4428
7523 4429
7524 4430
7525 4431
7526 4431
7527 4431
7528 4432
7529 4432
7530 4433
7531 4434
7532 4435
7533 4436
7534 4437
7535 4437
7536 4437
7537 4438
7538 4439
7539 4439
7540 4440
7541 4441
7542 4442
7543 4442
7544 4442
7545 4442
7546 4442
7547 4443
7548 4444
7549 4444
7550 4444
7551 4445
7552 4446
7553 4447
7554 4448
7555 4449
7556 4449
7557 4450
7558 4451
7559 4451
7560 4452
7561 4453
7562 4453
7563 4454
7564 4454
7565 4455
7566 4455
7567 4455
7568 4456
7569 4457
7570 4458
7571 4458
7572 4459
7573 4460
7574 4460
7575 4460
7576 4460
7577 4460
7578 4460
7579 4460
7580 4461
7581 4461
7582 4461
7583 4462
7584 4462
7585 4462
7586 4463
7587 4463
7588 4464
7589 4464
7590 4465
7591 4465
7592 4466
7593 4467
7594 4467
7595 4468
7596 4469
7597 4469
7598 4469
7599 4469
7600 4469
7601 4470
7602 4470
7603 4471
7604 4472
7605 4473
7606 4473
7607 4473
7608 4473
7609 4474
7610 4475
7611 4476
7612 4477
7613 4478
7614 4478
7615 4478
7616 4479
7617 4479
7618 4480
7619 4481
7620 4482
7621 4483
7622 4484
7623 4484
7624 4485
7625 4485
7626 4485
7627 4486
7628 4486
7629 4486
7630 4487
7631 4487
7632 4488
7633 4489
7634 4490
7635 4491
7636 4491
7637 4492
7638 4493
7639 4493
7640 4493
7641 4493
7642 4493
7643 4494
7644 4494
7645 4495
7646 4496
7647 4496
7648 4496
7649 4497
7650 4498
7651 4499
7652 4499
7653 4500
7654 4501
7655 4502
7656 4502
7657 4503
7658 4504
7659 4504
7660 4505
7661 4505
7662 4505
7663 4506
7664 4507
7665 4508
7666 4508
7667 4509
7668 4509
7669 4510
7670 4510
7671 4510
7672 4511
7673 4512
7674 4513
7675 4513
7676 4514
7677 4515
7678 4515
7679 4516
7680 4517
7681 4518
7682 4518
7683 4518
7684 4519
7685 4520
7686 4521
7687 4522
7688 4523
7689 4523
7690 4524
7691 4524
7692 4525
7693 4525
7694 4526
7695 4527
7696 4528
7697 4529
7698 4529
7699 4529
7700 4529
7701 4530
7702 4530
7703 4531
7704 4532
7705 4533
7706 4534
7707 4534
7708 4534
7709 4535
7710 4536
7711 4537
7712 4538
7713 4539
7714 4539
7715 4539
7716 4540
7717 4540
7718 4541
7719 4542
7720 4543
7721 4544
7722 4544
7723 4544
7724 4545
7725 4546
7726 4547
7727 4547
7728 4548
7729 4549
7730 4550
7731 4551
7732 4551
7733 4552
7734 4552
7735 4552
7736 4553
7737 4554
7738 4554
7739 4554
7740 4555
7741 4556
7742 4556
7743 4556
7744 4557
7745 4558
7746 4559
7747 4559
7748 4559
7749 4559
7750 4559
7751 4559
7752 4559
7753 4560
7754 4561
7755 4561
7756 4561
7757 4562
7758 4563
7759 4564
7760 4565
7761 4566
7762 4566
7763 4566
7764 4567
7765 4568
7766 4569
7767 4570
7768 4571
7769 4571
7770 4572
7771 4572
7772 4573
7773 4574
7774 4574
7775 4574
7776 4574
7777 4575
7778 4575
7779 4576
7780 4576
7781 4577
7782 4577
7783 4577
7784 4577
7785 4578
7786 4579
7787 4580
7788 4580
7789 4581
7790 4582
7791 4582
7792 4583
7793 4584
7794 4585
7795 4586
7796 4586
7797 4586
7798 4586
7799 4586
7800 4587
7801 4587
7802 4588
7803 4588
7804 4588
7805 4589
7806 4589
7807 4590
7808 4590
7809 4591
7810 4592
7811 4592
7812 4592
7813 4592
7814 4593
7815 4594
7816 4594
7817 4595
7818 4596
7819 4596
7820 4597
7821 4597
7822 4598
7823 4599
7824 4600
7825 4600
7826 4600
7827 4601
7828 4601
7829 4601
7830 4601
7831 4601
7832 4602
7833 4603
7834 4603
7835 4604
7836 4605
7837 4606
7838 4607
7839 4607
7840 4607
7841 4608
7842 4609
7843 4609
7844 4610
7845 4611
7846 4612
7847 4612
7848 4613
7849 4614
7850 4614
7851 4615
7852 4615
7853 4616
7854 4616
7855 4617
7856 4618
7857 4619
7858 4619
7859 4619
7860 4620
7861 4621
7862 4621
7863 4622
7864 4622
7865 4622
7866 4622
7867 4623
7868 4623
7869 4624
7870 4625
7871 4625
7872 4626
7873 4627
7874 4628
7875 4629
7876 4630
7877 4630
7878 4631
7879 4632
7880 4633
7881 4634
7882 4634
7883 4635
7884 4635
7885 4635
7886 4635
7887 4636
7888 4637
7889 4638
7890 4639
7891 4640
7892 4640
7893 4641
7894 4642
7895 4642
7896 4643
7897 4643
7898 4644
7899 4644
7900 4644
7901 4645
7902 4646
7903 4646
7904 4646
7905 4647
7906 4647
7907 4648
7908 4649
7909 4650
7910 4651
7911 4651
7912 4652
7913 4652
7914 4653
7915 4654
7916 4654
7917 4655
7918 4656
7919 4657
7920 4658
7921 4658
7922 4658
7923 4659
7924 4660
7925 4660
7926 4660
7927 4660
7928 4661
7929 4661
7930 4661
7931 4662
7932 4663
7933 4663
7934 4664
7935 4665
7936 4666
7937 4667
7938 4668
7939 4668
7940 4669
7941 4669
7942 4670
7943 4671
7944 4672
7945 4672
7946 4672
7947 4673
7948 4673
7949 4673
7950 4674
7951 4675
7952 4676
7953 4677
7954 4678
7955 4679
7956 4679
7957 4679
7958 4679
7959 4680
7960 4680
7961 4681
7962 4681
7963 4682
7964 4682
7965 4682
7966 4682
7967 4683
7968 4684
7969 4685
7970 4686
7971 4686
7972 4687
7973 4688
7974 4689
7975 4689
7976 4690
7977 4691
7978 4691
7979 4692
7980 4693
7981 4693
7982 4694
7983 4694
7984 4695
7985 4696
7986 4697
7987 4697
7988 4698
7989 4698
7990 4698
7991 4699
7992 4699
7993 4699
7994 4700
7995 4700
7996 4700
7997 4700
7998 4700
7999 4701
8000 4702
8001 4703
8002 4703
8003 4704
8004 4704
8005 4705
8006 4705
8007 4706
8008 4707
8009 4708
8010 4709
8011 4710
8012 4711
8013 4712
8014 4713
8015 4713
8016 4714
8017 4715
8018 4715
8019 4716
8020 4716
8021 4716
8022 4717
8023 4718
8024 4719
8025 4719
8026 4719
8027 4720
8028 4720
8029 4721
8030 4722
8031 4722
8032 4723
8033 4723
8034 4723
8035 4724
8036 4724
8037 4725
8038 4726
8039 4727
8040 4727
8041 4727
8042 4728
8043 4728
8044 4728
8045 4729
8046 4729
8047 4730
8048 4731
8049 4731
8050 4732
8051 4733
8052 4734
8053 4734
8054 4735
8055 4736
8056 4736
8057 4736
8058 4737
8059 4738
8060 4739
8061 4739
8062 4739
8063 4740
8064 4741
8065 4741
8066 4742
8067 4743
8068 4744
8069 4745
8070 4746
8071 4747
8072 4747
8073 4747
8074 4748
8075 4748
8076 4748
8077 4749
8078 4750
8079 4751
8080 4752
8081 4753
8082 4754
8083 4755
8084 4755
8085 4756
8086 4756
8087 4757
8088 4757
8089 4758
8090 4759
8091 4760
8092 4761
8093 4761
8094 4762
8095 4762
8096 4763
8097 4763
8098 4764
8099 4765
8100 4765
8101 4766
8102 4767
8103 4767
8104 4768
8105 4768
8106 4769
8107 4770
8108 4771
8109 4771
8110 4771
8111 4771
8112 4771
8113 4772
8114 4772
8115 4772
8116 4772
8117 4772
8118 4772
8119 4772
8120 4773
8121 4773
8122 4773
8123 4774
8124 4775
8125 4775
8126 4776
8127 4777
8128 4778
8129 4779
8130 4780
8131 4780
8132 4781
8133 4781
8134 4781
8135 4782
8136 4782
8137 4783
8138 4784
8139 4785
8140 4786
8141 4787
8142 4788
8143 4789
8144 4789
8145 4790
8146 4791
8147 4792
8148 4793
8149 4793
8150 4794
8151 4794
8152 4794
8153 4794
8154 4794
8155 4795
8156 4795
8157 4795
8158 4796
8159 4796
8160 4796
8161 4796
8162 4797
8163 4798
8164 4798
8165 4799
8166 4800
8167 4800
8168 4800
8169 4801
8170 4802
8171 4802
8172 4802
8173 4802
8174 4803
8175 4804
8176 4804
8177 4805
8178 4806
8179 4806
8180 4806
8181 4807
8182 4807
8183 4807
8184 4808
8185 4808
8186 4809
8187 4810
8188 4811
8189 4811
8190 4811
8191 4812
8192 4813
8193 4814
8194 4815
8195 4816
8196 4817
8197 4818
8198 4818
8199 4819
8200 4819
8201 4820
8202 4821
8203 4821
8204 4821
8205 4822
8206 4823
8207 4823
8208 4823
8209 4824
8210 4825
8211 4826
8212 4827
8213 4827
8214 4827
8215 4827
8216 4827
8217 4828
8218 4828
8219 4829
8220 4829
8221 4830
8222 4830
8223 4830
8224 4831
8225 4832
8226 4833
8227 4834
8228 4835
8229 4836
8230 4837
8231 4838
8232 4838
8233 4839
8234 4839
8235 4840
8236 4841
8237 4841
8238 4842
8239 4842
8240 4843
8241 4844
8242 4845
8243 4845
8244 4846
8245 4846
8246 4847
8247 4848
8248 4848
8249 4849
8250 4850
8251 4851
8252 4852
8253 4852
8254 4852
8255 4853
8256 4853
8257 4854
8258 4855
8259 4856
8260 4857
8261 4858
8262 4858
8263 4859
8264 4859
8265 4860
8266 4861
8267 4862
8268 4863
8269 4864
8270 4865
8271 4865
8272 4866
8273 4867
8274 4868
8275 4869
8276 4869
8277 4870
8278 4870
8279 4871
8280 4872
8281 4872
8282 4872
8283 4872
8284 4873
8285 4873
8286 4874
8287 4875
8288 4876
8289 4876
8290 4876
8291 4877
8292 4877
8293 4878
8294 4879
8295 4880
8296 4880
8297 4881
8298 4882
8299 4882
8300 4883
8301 4883
8302 4883
8303 4884
8304 4885
8305 4886
8306 4887
8307 4888
8308 4888
8309 4889
8310 4890
8311 4890
8312 4891
8313 4891
8314 4892
8315 4893
8316 4893
8317 4893
8318 4894
8319 4894
8320 4895
8321 4896
8322 4896
8323 4897
8324 4897
8325 4898
8326 4899
8327 4900
8328 4900
8329 4900
8330 4901
8331 4901
8332 4902
8333 4903
8334 4903
8335 4903
8336 4904
8337 4905
8338 4906
8339 4907
8340 4907
8341 4907
8342 4908
8343 4908
8344 4909
8345 4910
8346 4910
8347 4910
8348 4911
8349 4912
8350 4913
8351 4914
8352 4915
8353 4915
8354 4916
8355 4916
8356 4917
8357 4918
8358 4919
8359 4920
8360 4921
8361 4921
8362 4921
8363 4922
8364 4923
8365 4924
8366 4924
8367 4924
8368 4925
8369 4925
8370 4926
8371 4926
8372 4927
8373 4928
8374 4929
8375 4930
8376 4931
8377 4931
8378 4931
8379 4932
8380 4932
8381 4932
8382 4933
8383 4933
8384 4934
8385 4934
8386 4935
8387 4936
8388 4937
8389 4937
8390 4938
8391 4938
8392 4939
8393 4939
8394 4940
8395 4941
8396 4942
8397 4942
8398 4942
8399 4943
8400 4944
8401 4944
8402 4945
8403 4946
8404 4947
8405 4948
8406 4948
8407 4948
8408 4949
8409 4950
8410 4951
8411 4952
8412 4952
8413 4953
8414 4954
8415 4955
8416 4956
8417 4956
8418 4957
8419 4957
8420 4957
8421 4957
8422 4958
8423 4958
8424 4958
8425 4958
8426 4959
8427 4959
8428 4960
8429 4961
8430 4962
8431 4963
8432 4963
8433 4963
8434 4964
8435 4964
8436 4965
8437 4965
8438 4966
8439 4966
8440 4966
8441 4967
8442 4967
8443 4968
8444 4969
8445 4969
8446 4969
8447 4970
8448 4970
8449 4970
8450 4971
8451 4972
8452 4972
8453 4972
8454 4972
8455 4973
8456 4973
8457 4973
8458 4973
8459 4973
8460 4974
8461 4974
8462 4974
8463 4975
8464 4975
8465 4976
8466 4977
8467 4977
8468 4978
8469 4979
8470 4979
8471 4980
8472 4980
8473 4980
8474 4980
8475 4980
8476 4981
8477 4982
8478 4982
8479 4983
8480 4984
8481 4985
8482 4985
8483 4985
8484 4985
8485 4986
8486 4987
8487 4988
8488 4989
8489 4990
8490 4990
8491 4991
8492 4992
8493 4993
8494 4994
8495 4995
8496 4995
8497 4996
8498 4997
8499 4998
8500 4998
8501 4999
8502 4999
8503 4999
8504 5000
8505 5000
8506 5001
8507 5002
8508 5003
8509 5004
8510 5005
8511 5006
8512 5007
8513 5007
8514 5007
8515 5007
8516 5008
8517 5008
8518 5009
8519 5010
8520 5011
8521 5011
8522 5011
8523 5011
8524 5012
8525 5012
8526 5013
8527 5013
8528 5014
8529 5014
8530 5014
8531 5014
8532 5014
8533 5015
8534 5015
8535 5016
8536 5017
8537 5017
8538 5017
8539 5018
8540 5018
8541 5018
8542 5019
8543 5020
8544 5021
8545 5021
8546 5021
8547 5022
8548 5022
8549 5023
8550 5024
8551 5024
8552 5024
8553 5024
8554 5024
8555 5025
8556 5025
8557 5026
8558 5026
8559 5027
8560 5028
8561 5028
8562 5028
8563 5028
8564 5029
8565 5030
8566 5031
8567 5031
8568 5032
8569 5033
8570 5033
8571 5033
8572 5033
8573 5034
8574 5035
8575 5036
8576 5037
8577 5038
8578 5039
8579 5039
8580 5040
8581 5041
8582 5041
8583 5042
8584 5043
8585 5043
8586 5044
8587 5044
8588 5045
8589 5045
8590 5046
8591 5046
8592 5046
8593 5046
8594 5047
8595 5047
8596 5048
8597 5048
8598 5049
8599 5050
8600 5051
8601 5051
8602 5052
8603 5052
8604 5053
8605 5053
8606 5054
8607 5054
8608 5055
8609 5056
8610 5057
8611 5058
8612 5059
8613 5059
8614 5060
8615 5061
8616 5062
8617 5062
8618 5062
8619 5063
8620 5064
8621 5064
8622 5064
8623 5064
8624 5065
8625 5066
8626 5066
8627 5067
8628 5067
8629 5067
8630 5068
8631 5069
8632 5070
8633 5071
8634 5071
8635 5072
8636 5072
8637 5072
8638 5073
8639 5074
8640 5074
8641 5075
8642 5075
8643 5076
8644 5076
8645 5076
8646 5076
8647 5076
8648 5077
8649 5078
8650 5078
8651 5079
8652 5079
8653 5080
8654 5081
8655 5082
8656 5083
8657 5084
8658 5084
8659 5085
8660 5085
8661 5086
8662 5087
8663 5088
8664 5089
8665 5090
8666 5090
8667 5091
8668 5092
8669 5093
8670 5094
8671 5094
8672 5095
8673 5095
8674 5095
8675 5096
8676 5097
8677 5097
8678 5097
8679 5097
8680 5098
8681 5098
8682 5098
8683 5099
8684 5100
8685 5101
8686 5102
8687 5102
8688 5102
8689 5103
8690 5103
8691 5103
8692 5103
8693 5104
8694 5104
8695 5105
8696 5106
8697 5106
8698 5107
8699 5108
8700 5109
8701 5109
8702 5110
8703 5111
8704 5112
8705 5112
8706 5113
8707 5113
8708 5113
8709 5113
8710 5114
8711 5115
8712 5116
8713 5116
8714 5117
8715 5117
8716 5118
8717 5119
8718 5119
8719 5119
8720 5120
8721 5121
8722 5121
8723 5121
8724 5122
8725 5122
8726 5123
8727 5124
8728 5125
8729 5126
8730 5127
8731 5128
8732 5129
8733 5129
8734 5130
8735 5131
8736 5131
8737 5132
8738 5133
8739 5133
8740 5133
8741 5133
8742 5133
8743 5134
8744 5134
8745 5134
8746 5134
8747 5135
8748 5135
8749 5136
8750 5137
8751 5138
8752 5138
8753 5139
8754 5139
8755 5140
8756 5141
8757 5142
8758 5142
8759 5142
8760 5143
8761 5143
8762 5143
8763 5143
8764 5144
8765 5144
8766 5145
8767 5145
8768 5145
8769 5146
8770 5147
8771 5147
8772 5148
8773 5149
8774 5149
8775 5150
8776 5151
8777 5152
8778 5153
8779 5154
8780 5155
8781 5156
8782 5157
8783 5158
8784 5159
8785 5160
8786 5161
8787 5162
8788 5162
8789 5163
8790 5163
8791 5163
8792 5164
8793 5165
8794 5165
8795 5166
8796 5167
8797 5167
8798 5167
8799 5168
8800 5168
8801 5168
8802 5168
8803 5169
8804 5170
8805 5171
8806 5172
8807 5172
8808 5173
8809 5174
8810 5175
8811 5176
8812 5177
8813 5178
8814 5179
8815 5180
8816 5181
8817 5181
8818 5181
8819 5182
8820 5183
8821 5184
8822 5184
8823 5185
8824 5186
8825 5186
8826 5187
8827 5187
8828 5188
8829 5189
8830 5190
8831 5191
8832 5191
8833 5192
8834 5192
8835 5192
8836 5193
8837 5194
8838 5194
8839 5195
8840 5195
8841 5196
8842 5196
8843 5196
8844 5197
8845 5197
8846 5198
8847 5199
8848 5200
8849 5200
8850 5200
8851 5201
8852 5202
8853 5202
8854 5203
8855 5203
8856 5204
8857 5205
8858 5205
8859 5206
8860 5207
8861 5207
8862 5207
8863 5208
8864 5208
8865 5208
8866 5209
8867 5210
8868 5210
8869 5211
8870 5211
8871 5212
8872 5213
8873 5214
8874 5214
8875 5215
8876 5216
8877 5216
8878 5216
8879 5217
8880 5217
8881 5217
8882 5218
8883 5218
8884 5219
8885 5220
8886 5220
8887 5221
8888 5222
8889 5222
8890 5222
8891 5223
8892 5224
8893 5225
8894 5225
8895 5225
8896 5225
8897 5225
8898 5226
8899 5226
8900 5226
8901 5227
8902 5228
8903 5229
8904 5229
8905 5230
8906 5231
8907 5232
8908 5232
8909 5233
8910 5233
8911 5234
8912 5234
8913 5235
8914 5236
8915 5236
8916 5237
8917 5238
8918 5238
8919 5239
8920 5240
8921 5240
8922 5240
8923 5241
8924 5241
8925 5241
8926 5242
8927 5242
8928 5243
8929 5243
8930 5243
8931 5244
8932 5245
8933 5245
8934 5246
8935 5247
8936 5247
8937 5247
8938 5248
8939 5249
8940 5250
8941 5250
8942 5250
8943 5251
8944 5251
8945 5251
8946 5252
8947 5253
8948 5254
8949 5254
8950 5255
8951 5256
8952 5257
8953 5258
8954 5259
8955 5259
8956 5260
8957 5261
8958 5262
8959 5262
8960 5262
8961 5263
8962 5263
8963 5264
8964 5265
8965 5266
8966 5266
8967 5266
8968 5267
8969 5268
8970 5268
8971 5268
8972 5269
8973 5269
8974 5270
8975 5271
8976 5272
8977 5273
8978 5274
8979 5275
8980 5276
8981 5277
8982 5277
8983 5278
8984 5278
8985 5279
8986 5280
8987 5281
8988 5282
8989 5283
8990 5284
8991 5284
8992 5285
8993 5286
8994 5287
8995 5288
8996 5289
8997 5289
8998 5290
8999 5291
9000 5291
9001 5291
9002 5292
9003 5293
9004 5294
9005 5295
9006 5296
9007 5296
9008 5297
9009 5298
9010 5299
9011 5299
9012 5299
9013 5299
9014 5299
9015 5300
9016 5300
9017 5301
9018 5302
9019 5303
9020 5303
9021 5303
9022 5303
9023 5303
9024 5303
9025 5304
9026 5305
9027 5305
9028 5306
9029 5306
9030 5307
9031 5307
9032 5308
9033 5308
9034 5308
9035 5309
9036 5309
9037 5310
9038 5310
9039 5311
9040 5312
9041 5312
9042 5313
9043 5314
9044 5315
9045 5315
9046 5315
9047 5316
9048 5317
9049 5317
9050 5318
9051 5319
9052 5319
9053 5319
9054 5319
9055 5319
9056 5320
9057 5320
9058 5320
9059 5321
9060 5322
9061 5323
9062 5324
9063 5324
9064 5324
9065 5325
9066 5325
9067 5325
9068 5325
9069 5326
9070 5327
9071 5328
9072 5328
9073 5328
9074 5328
9075 5329
9076 5329
9077 5329
9078 5330
9079 5331
9080 5332
9081 5332
9082 5333
9083 5334
9084 5334
9085 5334
9086 5335
9087 5335
9088 5336
9089 5336
9090 5336
9091 5336
9092 5337
9093 5337
9094 5338
9095 5338
9096 5339
9097 5339
9098 5339
9099 5340
9100 5341
9101 5341
9102 5342
9103 5343
9104 5344
9105 5345
9106 5346
9107 5347
9108 5348
9109 5349
9110 5349
9111 5350
9112 5351
9113 5352
9114 5352
9115 5353
9116 5354
9117 5355
9118 5355
9119 5355
9120 5356
9121 5356
9122 5357
9123 5358
9124 5359
9125 5360
9126 5360
9127 5360
9128 5361
9129 5361
9130 5362
9131 5362
9132 5363
9133 5363
9134 5363
9135 5363
9136 5364
9137 5364
9138 5364
9139 5364
9140 5365
9141 5365
9142 5365
9143 5366
9144 5366
9145 5367
9146 5368
9147 5368
9148 5368
9149 5369
9150 5369
9151 5370
9152 5370
9153 5371
9154 5372
9155 5372
9156 5373
9157 5373
9158 5374
9159 5374
9160 5375
9161 5375
9162 5375
9163 5375
9164 5375
9165 5376
9166 5376
9167 5376
9168 5377
9169 5377
9170 5377
9171 5377
9172 5378
9173 5378
9174 5378
9175 5379
9176 5379
9177 5380
9178 5381
9179 5381
9180 5382
9181 5383
9182 5384
9183 5384
9184 5385
9185 5386
9186 5387
9187 5387
9188 5387
9189 5388
9190 5389
9191 5389
9192 5390
9193 5391
9194 5392
9195 5392
9196 5392
9197 5393
9198 5394
9199 5394
9200 5395
9201 5396
9202 5397
9203 5397
9204 5397
9205 5397
9206 5397
9207 5397
9208 5397
9209 5397
9210 5398
9211 5398
9212 5398
9213 5398
9214 5398
9215 5399
9216 5400
9217 5400
9218 5400
9219 5400
9220 5401
9221 5402
9222 5403
9223 5404
9224 5404
9225 5405
9226 5405
9227 5406
9228 5407
9229 5408
9230 5409
9231 5410
9232 5411
9233 5412
9234 5413
9235 5414
9236 5415
9237 5416
9238 5416
9239 5416
9240 5416
9241 5417
9242 5417
9243 5418
9244 5419
9245 5420
9246 5421
9247 5422
9248 5423
9249 5423
9250 5423
9251 5424
9252 5424
9253 5424
9254 5424
9255 5425
9256 5426
9257 5427
9258 5427
9259 5428
9260 5428
9261 5428
9262 5428
9263 5429
9264 5429
9265 5430
9266 5431
9267 5431
9268 5432
9269 5433
9270 5434
9271 5435
9272 5435
9273 5436
9274 5436
9275 5436
9276 5436
9277 5437
9278 5438
9279 5439
9280 5440
9281 5440
9282 5440
9283 5440
9284 5441
9285 5441
9286 5441
9287 5441
9288 5442
9289 5442
9290 5442
9291 5443
9292 5443
9293 5444
9294 5444
9295 5444
9296 5445
9297 5446
9298 5446
9299 5446
9300 5447
9301 5448
9302 5448
9303 5449
9304 5450
9305 5451
9306 5451
9307 5452
9308 5453
9309 5453
9310 5454
9311 5455
9312 5456
9313 5456
9314 5457
9315 5458
9316 5459
9317 5459
9318 5460
9319 5461
9320 5462
9321 5463
9322 5463
9323 5463
9324 5463
9325 5464
9326 5464
9327 5465
9328 5465
9329 5465
9330 5466
9331 5467
9332 5468
9333 5469
9334 5470
9335 5470
9336 5470
9337 5471
9338 5471
9339 5472
9340 5473
9341 5474
9342 5474
9343 5475
9344 5476
9345 5477
9346 5477
9347 5478
9348 5479
9349 5480
9350 5481
9351 5482
9352 5483
9353 5484
9354 5485
9355 5486
9356 5487
9357 5487
9358 5488
9359 5489
9360 5489
9361 5489
9362 5490
9363 5490
9364 5491
9365 5492
9366 5493
9367 5494
9368 5495
9369 5496
9370 5496
9371 5496
9372 5497
9373 5497
9374 5497
9375 5498
9376 5499
9377 5499
9378 5499
9379 5500
9380 5500
9381 5500
9382 5501
9383 5502
9384 5503
9385 5503
9386 5503
9387 5504
9388 5504
9389 5504
9390 5505
9391 5506
9392 5507
9393 5507
9394 5508
9395 5509
9396 5510
9397 5511
9398 5512
9399 5512
9400 5512
9401 5512
9402 5513
9403 5513
9404 5514
9405 5515
9406 5516
9407 5517
9408 5517
9409 5517
9410 5517
9411 5517
9412 5517
9413 5517
9414 5518
9415 5519
9416 5520
9417 5521
9418 5522
9419 5523
9420 5524
9421 5524
9422 5525
9423 5526
9424 5526
9425 5526
9426 5527
9427 5528
9428 5529
9429 5529
9430 5529
9431 5530
9432 5530
9433 5531
9434 5531
9435 5532
9436 5532
9437 5532
9438 5533
9439 5534
9440 5534
9441 5535
9442 5535
9443 5535
9444 5536
9445 5536
9446 5537
9447 5538
9448 5539
9449 5539
9450 5539
9451 5540
9452 5541
9453 5542
9454 5543
9455 5543
9456 5544
9457 5545
9458 5545
9459 5545
9460 5545
9461 5546
9462 5547
9463 5548
9464 5549
9465 5550
9466 5550
9467 5550
9468 5551
9469 5551
9470 5552
9471 5553
9472 5554
9473 5554
9474 5555
9475 5556
9476 5556
9477 5556
9478 5557
9479 5558
9480 5558
9481 5559
9482 5560
9483 5561
9484 5562
9485 5562
9486 5562
9487 5563
9488 5564
9489 5564
9490 5565
9491 5566
9492 5566
9493 5567
9494 5568
9495 5569
9496 5569
9497 5570
9498 5571
9499 5571
9500 5572
9501 5573
9502 5574
9503 5574
9504 5575
9505 5576
9506 5576
9507 5577
9508 5578
9509 5578
9510 5579
9511 5579
9512 5580
9513 5581
9514 5582
9515 5583
9516 5583
9517 5584
9518 5584
9519 5585
9520 5586
9521 5586
9522 5586
9523 5587
9524 5587
9525 5588
9526 5588
9527 5589
9528 5590
9529 5591
9530 5592
9531 5592
9532 5592
9533 5593
9534 5594
9535 5595
9536 5595
9537 5596
9538 5597
9539 5598
9540 5598
9541 5598
9542 5599
9543 5599
9544 5600
9545 5601
9546 5602
9547 5603
9548 5603
9549 5604
9550 5605
9551 5605
9552 5605
9553 5605
9554 5606
9555 5606
9556 5607
9557 5607
9558 5607
9559 5607
9560 5608
9561 5609
9562 5609
9563 5610
9564 5611
9565 5612
9566 5612
9567 5613
9568 5614
9569 5614
9570 5614
9571 5615
9572 5615
9573 5616
9574 5616
9575 5616
9576 5617
9577 5618
9578 5618
9579 5619
9580 5619
9581 5619
9582 5620
9583 5620
9584 5620
9585 5621
9586 5621
9587 5622
9588 5622
9589 5623
9590 5624
9591 5625
9592 5625
9593 5625
9594 5625
9595 5626
9596 5626
9597 5626
9598 5627
9599 5628
9600 5628
9601 5629
9602 5630
9603 5630
9604 5631
9605 5632
9606 5632
9607 5633
9608 5634
9609 5634
9610 5635
9611 5635
9612 5635
9613 5635
9614 5636
9615 5636
9616 5636
9617 5637
9618 5638
9619 5638
9620 5639
9621 5639
9622 5639
9623 5640
9624 5641
9625 5641
9626 5642
9627 5643
9628 5643
9629 5644
9630 5645
9631 5646
9632 5646
9633 5647
9634 5648
9635 5649
9636 5649
9637 5650
9638 5651
9639 5652
9640 5653
9641 5653
9642 5654
9643 5654
9644 5654
9645 5654
9646 5654
9647 5654
9648 5654
9649 5655
9650 5655
9651 5656
9652 5656
9653 5657
9654 5658
9655 5659
9656 5659
9657 5660
9658 5661
9659 5661
9660 5662
9661 5663
9662 5664
9663 5665
9664 5666
9665 5667
9666 5667
9667 5668
9668 5669
9669 5670
9670 5670
9671 5671
9672 5671
9673 5672
9674 5672
9675 5673
9676 5673
9677 5673
9678 5674
9679 5674
9680 5675
9681 5675
9682 5676
9683 5676
9684 5677
9685 5678
9686 5678
9687 5679
9688 5680
9689 5680
9690 5681
9691 5682
9692 5683
9693 5683
9694 5684
9695 5684
9696 5685
9697 5686
9698 5687
9699 5688
9700 5689
9701 5690
9702 5691
9703 5692
9704 5692
9705 5693
9706 5693
9707 5693
9708 5694
9709 5695
9710 5695
9711 5695
9712 5695
9713 5696
9714 5696
9715 5697
9716 5698
9717 5699
9718 5700
9719 5700
9720 5701
9721 5702
9722 5703
9723 5703
9724 5704
9725 5704
9726 5704
9727 5704
9728 5704
9729 5705
9730 5705
9731 5705
9732 5705
9733 5706
9734 5706
9735 5707
9736 5708
9737 5708
9738 5708
9739 5709
9740 5709
9741 5710
9742 5710
9743 5711
9744 5712
9745 5713
9746 5714
9747 5714
9748 5715
9749 5716
9750 5716
9751 5717
9752 5717
9753 5718
9754 5718
9755 5719
9756 5719
9757 5720
9758 5720
9759 5720
9760 5721
9761 5722
9762 5723
9763 5724
9764 5725
9765 5725
9766 5726
9767 5726
9768 5727
9769 5727
9770 5727
9771 5727
9772 5727
9773 5728
9774 5729
9775 5730
9776 5731
9777 5732
9778 5733
9779 5733
9780 5734
9781 5735
9782 5736
9783 5736
9784 5736
9785 5737
9786 5738
9787 5739
9788 5739
9789 5740
9790 5740
9791 5740
9792 5740
9793 5741
9794 5742
9795 5743
9796 5744
9797 5745
9798 5746
9799 5746
9800 5746
9801 5746
9802 5747
9803 5747
9804 5748
9805 5749
9806 5750
9807 5750
9808 5750
9809 5751
9810 5752
9811 5752
9812 5752
9813 5753
9814 5753
9815 5753
9816 5754
9817 5755
9818 5755
9819 5755
9820 5755
9821 5755
9822 5755
9823 5756
9824 5757
9825 5757
9826 5757
9827 5757
9828 5758
9829 5759
9830 5760
9831 5760
9832 5761
9833 5762
9834 5762
9835 5763
9836 5764
9837 5764
9838 5764
9839 5765
9840 5766
9841 5766
9842 5767
9843 5767
9844 5768
9845 5768
9846 5769
9847 5770
9848 5770
9849 5771
9850 5772
9851 5773
9852 5773
9853 5774
9854 5775
9855 5775
9856 5776
9857 5777
9858 5778
9859 5779
9860 5779
9861 5779
9862 5780
9863 5781
9864 5781
9865 5782
9866 5783
9867 5784
9868 5785
9869 5786
9870 5787
9871 5788
9872 5788
9873 5789
9874 5789
9875 5789
9876 5790
9877 5790
9878 5790
9879 5791
9880 5791
9881 5792
9882 5793
9883 5794
9884 5794
9885 5795
9886 5795
9887 5796
9888 5797
9889 5797
9890 5797
9891 5798
9892 5798
9893 5798
9894 5798
9895 5799
9896 5800
9897 5800
9898 5801
9899 5801
9900 5802
9901 5803
9902 5803
9903 5803
9904 5804
9905 5804
9906 5804
9907 5805
9908 5805
9909 5805
9910 5805
9911 5806
9912 5807
9913 5808
9914 5809
9915 5810
9916 5810
9917 5810
9918 5811
9919 5811
9920 5812
9921 5813
9922 5814
9923 5815
9924 5815
9925 5815
9926 5815
9927 5816
9928 5817
9929 5818
9930 5819
9931 5820
9932 5820
9933 5821
9934 5822
9935 5822
9936 5822
9937 5823
9938 5824
9939 5825
9940 5825
9941 5826
9942 5827
9943 5828
9944 5829
9945 5829
9946 5829
9947 5830
9948 5830
9949 5830
9950 5831
9951 5831
9952 5831
9953 5831
9954 5832
9955 5833
9956 5833
9957 5834
9958 5835
9959 5836
9960 5836
9961 5837
9962 5837
9963 5837
9964 5837
9965 5838
9966 5838
9967 5839
9968 5840
9969 5841
9970 5842
9971 5843
9972 5843
9973 5844
9974 5845
9975 5845
9976 5846
9977 5847
9978 5848
9979 5849
9980 5850
9981 5851
9982 5852
9983 5853
9984 5854
9985 5854
9986 5855
9987 5855
9988 5855
9989 5855
9990 5856
9991 5856
9992 5857
9993 5858
9994 5858
9995 5859
9996 5859
9997 5860
9998 5861
9999 5862
10000 5863
10001 5863
10002 5864
10003 5864
10004 5865
10005 5866
10006 5866
10007 5867
10008 5867
10009 5867
10010 5868
10011 5869
10012 5870
10013 5871
10014 5871
10015 5871
10016 5872
10017 5872
10018 5873
10019 5874
10020 5875
10021 5875
10022 5875
10023 5875
10024 5875
10025 5875
10026 5875
10027 5876
10028 5877
10029 5878
10030 5879
10031 5880
10032 5881
10033 5881
10034 5882
10035 5883
10036 5883
10037 5883
10038 5884
10039 5885
10040 5885
10041 5886
10042 5887
10043 5888
10044 5888
10045 5889
10046 5889
10047 5889
10048 5890
10049 5890
10050 5891
10051 5892
10052 5893
10053 5894
10054 5895
10055 5896
10056 5896
10057 5896
10058 5897
10059 5898
10060 5898
10061 5899
10062 5899
10063 5899
10064 5899
10065 5900
10066 5900
10067 5901
10068 5902
10069 5902
10070 5902
10071 5902
10072 5903
10073 5904
10074 5905
10075 5906
10076 5907
10077 5908
10078 5908
10079 5909
10080 5910
10081 5911
10082 5911
10083 5912
10084 5913
10085 5914
10086 5915
10087 5916
10088 5917
10089 5918
10090 5918
10091 5918
10092 5919
10093 5919
10094 5919
10095 5919
10096 5919
10097 5920
10098 5920
10099 5921
10100 5922
10101 5923
10102 5923
10103 5924
10104 5925
10105 5926
10106 5926
10107 5927
10108 5927
10109 5928
10110 5929
10111 5929
10112 5930
10113 5930
10114 5931
10115 5932
10116 5933
10117 5934
10118 5935
10119 5936
10120 5937
10121 5938
10122 5938
10123 5939
10124 5939
10125 5940
10126 5940
10127 5940
10128 5941
10129 5941
10130 5942
10131 5943
10132 5943
10133 5943
10134 5944
10135 5945
10136 5946
10137 5946
10138 5947
10139 5947
10140 5948
10141 5949
10142 5950
10143 5951
10144 5952
10145 5953
10146 5954
10147 5954
10148 5955
10149 5956
10150 5957
10151 5958
10152 5959
10153 5960
10154 5960
10155 5961
10156 5961
10157 5961
10158 5962
10159 5963
10160 5964
10161 5964
10162 5964
10163 5964
10164 5965
10165 5966
10166 5966
10167 5966
10168 5967
10169 5967
10170 5968
10171 5969
10172 5969
10173 5969
10174 5969
10175 5970
10176 5971
10177 5972
10178 5973
10179 5973
10180 5974
10181 5975
10182 5976
10183 5977
10184 5978
10185 5979
10186 5979
10187 5980
10188 5981
10189 5981
10190 5982
10191 5982
10192 5982
10193 5982
10194 5982
10195 5983
10196 5983
10197 5984
10198 5984
10199 5984
10200 5984
10201 5984
10202 5984
10203 5985
10204 5986
10205 5986
10206 5987
10207 5988
10208 5989
10209 5989
10210 5990
10211 5991
10212 5991
10213 5992
10214 5992
10215 5992
10216 5993
10217 5993
10218 5993
10219 5994
10220 5994
10221 5995
10222 5996
10223 5997
10224 5997
10225 5997
10226 5997
10227 5998
10228 5998
10229 5998
10230 5998
10231 5998
10232 5999
10233 6000
10234 6001
10235 6002
10236 6003
10237 6004
10238 6005
10239 6005
10240 6006
10241 6006
10242 6006
10243 6007
10244 6007
10245 6007
10246 6008
10247 6009
10248 6010
10249 6010
10250 6011
10251 6012
10252 6013
10253 6014
10254 6014
10255 6014
10256 6015
10257 6015
10258 6016
10259 6017
10260 6017
10261 6018
10262 6019
10263 6020
10264 6020
10265 6020
10266 6021
10267 6021
10268 6021
10269 6022
10270 6023
10271 6023
10272 6024
10273 6025
10274 6025
10275 6025
10276 6026
10277 6027
10278 6028
10279 6028
10280 6028
10281 6029
10282 6030
10283 6031
10284 6032
10285 6033
10286 6033
10287 6033
10288 6034
10289 6035
10290 6035
10291 6035
10292 6036
10293 6037
10294 6037
10295 6038
10296 6039
10297 6040
10298 6041
10299 6041
10300 6041
10301 6041
10302 6042
10303 6042
10304 6042
10305 6043
10306 6043
10307 6043
10308 6044
10309 6045
10310 6046
10311 6046
10312 6046
10313 6047
10314 6048
10315 6048
10316 6049
10317 6050
10318 6051
10319 6051
10320 6052
10321 6052
10322 6052
10323 6052
10324 6052
10325 6052
10326 6053
10327 6053
10328 6053
10329 6054
10330 6055
10331 6056
10332 6056
10333 6057
10334 6058
10335 6059
10336 6059
10337 6059
10338 6060
10339 6060
10340 6061
10341 6062
10342 6063
10343 6063
10344 6064
10345 6065
10346 6065
10347 6066
10348 6066
10349 6066
10350 6067
10351 6067
10352 6068
10353 6069
10354 6070
10355 6071
10356 6072
10357 6073
10358 6073
10359 6074
10360 6075
10361 6076
10362 6077
10363 6077
10364 6077
10365 6078
10366 6078
10367 6078
10368 6078
10369 6079
10370 6080
10371 6080
10372 6081
10373 6081
10374 6082
10375 6082
10376 6083
10377 6084
10378 6085
10379 6085
10380 6086
10381 6087
10382 6087
10383 6088
10384 6089
10385 6090
10386 6090
10387 6091
10388 6091
10389 6092
10390 6093
10391 6094
10392 6094
10393 6095
10394 6096
10395 6097
10396 6097
10397 6097
10398 6097
10399 6097
10400 6098
10401 6099
10402 6100
10403 6100
10404 6101
10405 6102
10406 6102
10407 6103
10408 6104
10409 6105
10410 6106
10411 6107
10412 6108
10413 6108
10414 6109
10415 6109
10416 6109
10417 6109
10418 6110
10419 6110
10420 6110
10421 6111
10422 6112
10423 6113
10424 6114
10425 6115
10426 6116
10427 6116
10428 6116
10429 6116
10430 6117
10431 6118
10432 6118
10433 6119
10434 6119
10435 6120
10436 6121
10437 6122
10438 6123
10439 6123
10440 6124
10441 6125
10442 6126
10443 6127
10444 6127
10445 6128
10446 6129
10447 6130
10448 6131
10449 6132
10450 6133
10451 6134
10452 6135
10453 6136
10454 6137
10455 6137
10456 6137
10457 6137
10458 6137
10459 6138
10460 6139
10461 6139
10462 6140
10463 6140
10464 6141
10465 6142
10466 6142
10467 6142
10468 6143
10469 6144
10470 6144
10471 6144
10472 6144
10473 6145
10474 6145
10475 6146
10476 6147
10477 6147
10478 6147
10479 6147
10480 6147
10481 6148
10482 6148
10483 6149
10484 6150
10485 6151
10486 6151
10487 6152
10488 6153
10489 6153
10490 6154
10491 6155
10492 6156
10493 6157
10494 6157
10495 6158
10496 6158
10497 6158
10498 6159
10499 6160
10500 6161
10501 6162
10502 6163
10503 6164
10504 6164
10505 6165
10506 6165
10507 6166
10508 6167
10509 6168
10510 6169
10511 6170
10512 6170
10513 6171
10514 6172
10515 6173
10516 6174
10517 6175
10518 6176
10519 6176
10520 6177
10521 6177
10522 6178
10523 6179
10524 6180
10525 6180
10526 6180
10527 6181
10528 6181
10529 6182
10530 6183
10531 6183
10532 6183
10533 6184
10534 6184
10535 6184
10536 6184
10537 6185
10538 6185
10539 6186
10540 6186
10541 6187
10542 6187
10543 6188
10544 6189
10545 6190
10546 6191
10547 6191
10548 6192
10549 6193
10550 6193
10551 6193
10552 6194
10553 6195
10554 6196
10555 6196
10556 6197
10557 6198
10558 6199
10559 6200
10560 6200
10561 6201
10562 6202
10563 6202
10564 6203
10565 6204
10566 6204
10567 6205
10568 6205
10569 6205
10570 6205
10571 6205
10572 6205
10573 6205
10574 6206
10575 6206
10576 6206
10577 6206
10578 6206
10579 6207
10580 6208
10581 6208
10582 6208
10583 6209
10584 6209
10585 6209
10586 6210
10587 6210
10588 6210
10589 6211
10590 6211
10591 6212
10592 6212
10593 6213
10594 6214
10595 6215
10596 6215
10597 6216
10598 6217
10599 6218
10600 6219
10601 6219
10602 6220
10603 6221
10604 6222
10605 6222
10606 6223
10607 6224
10608 6225
10609 6226
10610 6227
10611 6228
10612 6228
10613 6229
10614 6230
10615 6230
10616 6231
10617 6232
10618 6232
10619 6232
10620 6233
10621 6233
10622 6234
10623 6235
10624 6236
10625 6237
10626 6238
10627 6239
10628 6239
10629 6240
10630 6240
10631 6241
10632 6242
10633 6243
10634 6244
10635 6245
10636 6245
10637 6246
10638 6247
10639 6248
10640 6248
10641 6249
10642 6250
10643 6250
10644 6250
10645 6251
10646 6252
10647 6253
10648 6254
10649 6255
10650 6255
10651 6255
10652 6256
10653 6257
10654 6258
10655 6258
10656 6259
10657 6260
10658 6261
10659 6262
10660 6263
10661 6264
10662 6264
10663 6265
10664 6265
10665 6265
10666 6265
10667 6266
10668 6266
10669 6267
10670 6268
10671 6268
10672 6269
10673 6270
10674 6271
10675 6272
10676 6273
10677 6273
10678 6273
10679 6274
10680 6274
10681 6275
10682 6275
10683 6275
10684 6275
10685 6275
10686 6275
10687 6275
10688 6275
10689 6276
10690 6276
10691 6276
10692 6276
10693 6277
10694 6278
10695 6279
10696 6279
10697 6279
10698 6279
10699 6279
10700 6280
10701 6281
10702 6282
10703 6282
10704 6283
10705 6283
10706 6283
10707 6284
10708 6285
10709 6285
10710 6286
10711 6287
10712 6288
10713 6288
10714 6289
10715 6290
10716 6291
10717 6291
10718 6291
10719 6291
10720 6292
10721 6292
10722 6293
10723 6294
10724 6295
10725 6295
10726 6296
10727 6296
10728 6296
10729 6296
10730 6296
10731 6297
10732 6298
10733 6299
10734 6299
10735 6299
10736 6300
10737 6300
10738 6300
10739 6301
10740 6301
10741 6301
10742 6302
10743 6303
10744 6304
10745 6304
10746 6304
10747 6305
10748 6306
10749 6306
10750 6306
10751 6306
10752 6306
10753 6307
10754 6308
10755 6309
10756 6309
10757 6310
10758 6311
10759 6311
10760 6312
10761 6313
10762 6314
10763 6315
10764 6315
10765 6315
10766 6316
10767 6317
10768 6318
10769 6318
10770 6319
10771 6319
10772 6320
10773 6320
10774 6321
10775 6322
10776 6323
10777 6323
10778 6323
10779 6323
10780 6324
10781 6324
10782 6324
10783 6325
10784 6326
10785 6327
10786 6328
10787 6329
10788 6330
10789 6330
10790 6330
10791 6331
10792 6332
10793 6333
10794 6333
10795 6334
10796 6334
10797 6335
10798 6336
10799 6336
10800 6337
10801 6338
10802 6338
10803 6339
10804 6340
10805 6340
10806 6341
10807 6341
10808 6342
10809 6342
10810 6342
10811 6343
10812 6344
10813 6344
10814 6344
10815 6345
10816 6345
10817 6345
10818 6346
10819 6347
10820 6347
10821 6348
10822 6349
10823 6349
10824 6349
10825 6349
10826 6350
10827 6351
10828 6351
10829 6352
10830 6353
10831 6354
10832 6355
10833 6356
10834 6356
10835 6357
10836 6358
10837 6358
10838 6358
10839 6358
10840 6359
10841 6360
10842 6361
10843 6362
10844 6363
10845 6363
10846 6364
10847 6365
10848 6366
10849 6367
10850 6368
10851 6368
10852 6368
10853 6368
10854 6368
10855 6368
10856 6368
10857 6369
10858 6370
10859 6371
10860 6372
10861 6373
10862 6373
10863 6373
10864 6374
10865 6374
10866 6374
10867 6374
10868 6375
10869 6376
10870 6376
10871 6376
10872 6376
10873 6377
10874 6378
10875 6378
10876 6378
10877 6379
10878 6379
10879 6379
10880 6380
10881 6381
10882 6381
10883 6382
10884 6383
10885 6384
10886 6385
10887 6385
10888 6386
10889 6387
10890 6387
10891 6388
10892 6388
10893 6389
10894 6389
10895 6390
10896 6391
10897 6392
10898 6393
10899 6394
10900 6395
10901 6395
10902 6396
10903 6397
10904 6398
10905 6399
10906 6399
10907 6400
10908 6400
10909 6401
10910 6402
10911 6403
10912 6403
10913 6404
10914 6405
10915 6405
10916 6406
10917 6406
10918 6407
10919 6408
10920 6408
10921 6408
10922 6409
10923 6410
10924 6411
10925 6412
10926 6412
10927 6413
10928 6413
10929 6414
10930 6415
10931 6416
10932 6416
10933 6417
10934 6418
10935 6419
10936 6420
10937 6421
10938 6422
10939 6422
10940 6423
10941 6424
10942 6425
10943 6425
10944 6425
10945 6425
10946 6426
10947 6426
10948 6426
10949 6427
10950 6428
10951 6428
10952 6428
10953 6429
10954 6429
10955 6429
10956 6430
10957 6431
10958 6431
10959 6432
10960 6433
10961 6433
10962 6434
10963 6435
10964 6436
10965 6437
10966 6438
10967 6439
10968 6440
10969 6441
10970 6442
10971 6443
10972 6444
10973 6445
10974 6446
10975 6447
10976 6447
10977 6448
10978 6448
10979 6449
10980 6450
10981 6451
10982 6451
10983 6452
10984 6452
10985 6452
10986 6453
10987 6454
10988 6454
10989 6454
10990 6455
10991 6455
10992 6455
10993 6456
10994 6457
10995 6457
10996 6457
10997 6458
10998 6459
10999 6459
11000 6460
11001 6461
11002 6461
11003 6461
11004 6461
11005 6461
11006 6462
11007 6462
11008 6463
11009 6464
11010 6465
11011 6466
11012 6467
11013 6468
11014 6469
11015 6470
11016 6471
11017 6472
11018 6473
11019 6473
11020 6473
11021 6474
11022 6475
11023 6476
11024 6477
11025 6478
11026 6479
11027 6479
11028 6479
11029 6480
11030 6480
11031 6481
11032 6482
11033 6483
11034 6483
11035 6483
11036 6483
11037 6484
11038 6484
11039 6484
11040 6485
11041 6486
11042 6486
11043 6486
11044 6486
11045 6486
11046 6487
11047 6488
11048 6488
11049 6489
11050 6490
11051 6491
11052 6492
11053 6492
11054 6493
11055 6493
11056 6494
11057 6495
11058 6495
11059 6495
11060 6496
11061 6497
11062 6498
11063 6499
11064 6499
11065 6500
11066 6501
11067 6501
11068 6502
11069 6502
11070 6503
11071 6503
11072 6504
11073 6505
11074 6506
11075 6506
11076 6507
11077 6508
11078 6508
11079 6508
11080 6509
11081 6509
11082 6510
11083 6511
11084 6512
11085 6513
11086 6513
11087 6513
11088 6514
11089 6514
11090 6515
11091 6516
11092 6517
11093 6517
11094 6518
11095 6518
11096 6519
11097 6519
11098 6519
11099 6519
11100 6520
11101 6521
11102 6522
11103 6523
11104 6524
11105 6524
11106 6525
11107 6525
11108 6525
11109 6526
11110 6527
11111 6528
11112 6529
11113 6529
11114 6530
11115 6530
11116 6531
11117 6532
11118 6533
11119 6534
11120 6535
11121 6536
11122 6536
11123 6537
11124 6538
11125 6539
11126 6539
11127 6540
11128 6540
11129 6541
11130 6542
11131 6542
11132 6543
11133 6544
11134 6545
11135 6546
11136 6546
11137 6547
11138 6547
11139 6548
11140 6548
11141 6548
11142 6548
11143 6549
11144 6549
11145 6549
11146 6550
11147 6551
11148 6552
11149 6553
11150 6554
11151 6555
11152 6555
11153 6556
11154 6556
11155 6557
11156 6558
11157 6558
11158 6558
11159 6559
11160 6560
11161 6560
11162 6560
11163 6561
11164 6561
11165 6562
11166 6563
11167 6563
11168 6564
11169 6564
11170 6564
11171 6565
11172 6565
11173 6566
11174 6566
11175 6567
11176 6568
11177 6569
11178 6569
11179 6570
11180 6571
11181 6571
11182 6572
11183 6572
11184 6572
11185 6572
11186 6572
11187 6572
11188 6573
11189 6573
11190 6574
11191 6574
11192 6575
11193 6575
11194 6575
11195 6576
11196 6577
11197 6577
11198 6578
11199 6579
11200 6579
11201 6579
11202 6580
11203 6580
11204 6581
11205 6582
11206 6582
11207 6583
11208 6583
11209 6584
11210 6585
11211 6585
11212 6585
11213 6586
11214 6587
11215 6588
11216 6589
11217 6589
11218 6590
11219 6590
11220 6591
11221 6591
11222 6592
11223 6593
11224 6594
11225 6595
11226 6596
11227 6597
11228 6597
11229 6598
11230 6599
11231 6599
11232 6599
11233 6599
11234 6600
11235 6600
11236 6601
11237 6601
11238 6601
11239 6602
11240 6602
11241 6603
11242 6603
11243 6604
11244 6605
11245 6605
11246 6606
11247 6606
11248 6607
11249 6608
11250 6609
11251 6610
11252 6611
11253 6612
11254 6612
11255 6612
11256 6613
11257 6614
11258 6615
11259 6616
11260 6617
11261 6617
11262 6618
11263 6619
11264 6620
11265 6620
11266 6620
11267 6621
11268 6621
11269 6622
11270 6623
11271 6624
11272 6625
11273 6626
11274 6627
11275 6628
11276 6629
11277 6629
11278 6629
11279 6630
11280 6631
11281 6632
11282 6632
11283 6632
11284 6633
11285 6633
11286 6633
11287 6634
11288 6635
11289 6636
11290 6636
11291 6637
11292 6638
11293 6639
11294 6640
11295 6640
11296 6641
11297 6641
11298 6642
11299 6643
11300 6644
11301 6645
11302 6646
11303 6646
11304 6647
11305 6648
11306 6649
11307 6650
11308 6651
11309 6651
11310 6652
11311 6653
11312 6654
11313 6654
11314 6655
11315 6655
11316 6656
11317 6656
11318 6657
11319 6658
11320 6659
11321 6660
11322 6661
11323 6662
11324 6663
11325 6664
11326 6665
11327 6665
11328 6665
11329 6666
11330 6667
11331 6667
11332 6667
11333 6668
11334 6668
11335 6668
11336 6669
11337 6669
11338 6670
11339 6671
11340 6671
11341 6671
11342 6671
11343 6672
11344 6673
11345 6674
11346 6674
11347 6675
11348 6675
11349 6675
11350 6675
11351 6676
11352 6677
11353 6678
11354 6679
11355 6680
11356 6680
11357 6681
11358 6682
11359 6682
11360 6682
11361 6682
11362 6683
11363 6684
11364 6685
11365 6685
11366 6685
11367 6685
11368 6686
11369 6687
11370 6688
11371 6688
11372 6689
11373 6689
11374 6689
11375 6689
11376 6690
11377 6690
11378 6691
11379 6691
11380 6692
11381 6693
11382 6694
11383 6694
11384 6694
11385 6695
11386 6695
11387 6696
11388 6696
11389 6696
11390 6697
11391 6698
11392 6699
11393 6700
11394 6701
11395 6702
11396 6703
11397 6703
11398 6704
11399 6705
11400 6705
11401 6705
11402 6706
11403 6706
11404 6707
11405 6708
11406 6708
11407 6708
11408 6709
11409 6709
11410 6709
11411 6709
11412 6709
11413 6710
11414 6710
11415 6710
11416 6711
11417 6712
11418 6713
11419 6714
11420 6715
11421 6716
11422 6717
11423 6718
11424 6719
11425 6719
11426 6720
11427 6721
11428 6722
11429 6723
11430 6724
11431 6724
11432 6725
11433 6726
11434 6726
11435 6727
11436 6727
11437 6727
11438 6727
11439 6728
11440 6729
11441 6729
11442 6730
11443 6731
11444 6731
11445 6731
11446 6732
11447 6732
11448 6733
11449 6734
11450 6734
11451 6734
11452 6735
11453 6736
11454 6737
11455 6738
11456 6739
11457 6739
11458 6739
11459 6740
11460 6741
11461 6742
11462 6743
11463 6743
11464 6744
11465 6744
11466 6744
11467 6745
11468 6746
11469 6746
11470 6747
11471 6747
11472 6747
11473 6748
11474 6748
11475 6749
11476 6750
11477 6751
11478 6752
11479 6752
11480 6753
11481 6754
11482 6755
11483 6756
11484 6756
11485 6756
11486 6757
11487 6758
11488 6759
11489 6759
11490 6760
11491 6761
11492 6762
11493 6762
11494 6763
11495 6763
11496 6764
11497 6765
11498 6765
11499 6765
11500 6765
11501 6765
11502 6766
11503 6767
11504 6767
11505 6768
11506 6769
11507 6769
11508 6769
11509 6769
11510 6769
11511 6770
11512 6770
11513 6771
11514 6772
11515 6773
11516 6774
11517 6774
11518 6775
11519 6776
11520 6776
11521 6776
11522 6776
11523 6777
11524 6778
11525 6779
11526 6780
11527 6780
11528 6780
11529 6781
11530 6782
11531 6783
11532 6784
11533 6785
11534 6785
11535 6786
11536 6787
11537 6788
11538 6788
11539 6789
11540 6790
11541 6791
11542 6792
11543 6792
11544 6792
11545 6792
11546 6793
11547 6793
11548 6794
11549 6795
11550 6796
11551 6796
11552 6797
11553 6798
11554 6799
11555 6799
11556 6800
11557 6800
11558 6801
11559 6802
11560 6802
11561 6803
11562 6803
11563 6804
11564 6805
11565 6806
11566 6807
11567 6808
11568 6809
11569 6810
11570 6811
11571 6811
11572 6812
11573 6812
11574 6813
11575 6813
11576 6814
11577 6815
11578 6815
11579 6816
11580 6816
11581 6816
11582 6817
11583 6817
11584 6818
11585 6818
11586 6819
11587 6819
11588 6819
11589 6820
11590 6820
11591 6820
11592 6821
11593 6822
11594 6822
11595 6823
11596 6823
11597 6823
11598 6824
11599 6825
11600 6826
11601 6826
11602 6827
11603 6827
11604 6828
11605 6829
11606 6829
11607 6830
11608 6831
11609 6831
11610 6831
11611 6832
11612 6832
11613 6833
11614 6834
11615 6834
11616 6835
11617 6835
11618 6836
11619 6836
11620 6836
11621 6837
11622 6838
11623 6838
11624 6839
11625 6839
11626 6839
11627 6839
11628 6840
11629 6840
11630 6840
11631 6841
11632 6841
11633 6841
11634 6842
11635 6842
11636 6842
11637 6842
11638 6842
11639 6843
11640 6843
11641 6843
11642 6843
11643 6843
11644 6844
11645 6844
11646 6844
11647 6845
11648 6845
11649 6846
11650 6846
11651 6846
11652 6846
11653 6847
11654 6847
11655 6848
11656 6848
11657 6849
11658 6850
11659 6851
11660 6851
11661 6852
11662 6853
11663 6854
11664 6855
11665 6856
11666 6857
11667 6858
11668 6859
11669 6859
11670 6860
11671 6860
11672 6861
11673 6862
11674 6862
11675 6863
11676 6864
11677 6864
11678 6865
11679 6865
11680 6866
11681 6867
11682 6867
11683 6867
11684 6867
11685 6868
11686 6868
11687 6869
11688 6869
11689 6869
11690 6870
11691 6870
11692 6870
11693 6870
11694 6870
11695 6870
11696 6871
11697 6872
11698 6873
11699 6874
11700 6874
11701 6874
11702 6875
11703 6876
11704 6876
11705 6877
11706 6878
11707 6879
11708 6879
11709 6880
11710 6880
11711 6881
11712 6882
11713 6883
11714 6884
11715 6885
11716 6886
11717 6886
11718 6887
11719 6888
11720 6889
11721 6889
11722 6889
11723 6889
11724 6890
11725 6890
11726 6891
11727 6892
11728 6893
11729 6893
11730 6893
11731 6894
11732 6895
11733 6895
11734 6895
11735 6896
11736 6896
11737 6896
11738 6897
11739 6898
11740 6898
11741 6899
11742 6900
11743 6900
11744 6901
11745 6901
11746 6902
11747 6902
11748 6903
11749 6904
11750 6904
11751 6905
11752 6905
11753 6906
11754 6907
11755 6907
11756 6908
11757 6908
11758 6909
11759 6909
11760 6909
11761 6909
11762 6910
11763 6911
11764 6912
11765 6913
11766 6913
11767 6913
11768 6913
11769 6913
11770 6913
11771 6914
11772 6914
11773 6914
11774 6915
11775 6916
11776 6917
11777 6918
11778 6919
11779 6919
11780 6919
11781 6919
11782 6920
11783 6920
11784 6920
11785 6921
11786 6921
11787 6922
11788 6923
11789 6923
11790 6924
11791 6925
11792 6925
11793 6926
11794 6927
11795 6927
11796 6928
11797 6929
11798 6930
11799 6931
11800 6932
11801 6932
11802 6932
11803 6933
11804 6933
11805 6934
11806 6934
11807 6935
11808 6935
11809 6936
11810 6937
11811 6938
11812 6939
11813 6940
11814 6940
11815 6940
11816 6941
11817 6941
11818 6942
11819 6943
11820 6944
11821 6945
11822 6945
11823 6945
11824 6946
11825 6946
11826 6947
11827 6947
11828 6947
11829 6948
11830 6949
11831 6949
11832 6949
11833 6949
11834 6949
11835 6950
11836 6951
11837 6951
11838 6951
11839 6951
11840 6952
11841 6952
11842 6952
11843 6952
11844 6953
11845 6953
11846 6953
11847 6954
11848 6955
11849 6956
11850 6956
11851 6956
11852 6957
11853 6958
11854 6958
11855 6958
11856 6959
11857 6960
11858 6960
11859 6960
11860 6960
11861 6961
11862 6961
11863 6962
11864 6963
11865 6964
11866 6964
11867 6965
11868 6965
11869 6965
11870 6966
11871 6967
11872 6968
11873 6969
11874 6970
11875 6970
11876 6971
11877 6971
11878 6971
11879 6972
11880 6973
11881 6974
11882 6975
11883 6975
11884 6975
11885 6976
11886 6976
11887 6976
11888 6977
11889 6977
11890 6977
11891 6977
11892 6978
11893 6979
11894 6980
11895 6981
11896 6981
11897 6982
11898 6982
11899 6983
11900 6984
11901 6985
11902 6986
11903 6986
11904 6987
11905 6987
11906 6988
11907 6989
11908 6989
11909 6990
11910 6991
11911 6992
11912 6993
11913 6994
11914 6995
11915 6996
11916 6997
11917 6998
11918 6999
11919 7000
11920 7000
11921 7001
11922 7002
11923 7002
11924 7003
11925 7004
11926 7004
11927 7004
11928 7005
11929 7005
11930 7005
11931 7006
11932 7007
11933 7007
11934 7007
11935 7007
11936 7008
11937 7008
11938 7009
11939 7010
11940 7011
11941 7012
11942 7012
11943 7012
11944 7013
11945 7013
11946 7013
11947 7014
11948 7014
11949 7015
11950 7016
11951 7016
11952 7017
11953 7018
11954 7018
11955 7019
11956 7020
11957 7021
11958 7022
11959 7023
11960 7023
11961 7024
11962 7025
11963 7026
11964 7027
11965 7028
11966 7029
11967 7029
11968 7029
11969 7030
11970 7031
11971 7032
11972 7033
11973 7034
11974 7035
11975 7036
11976 7037
11977 7037
11978 7038
11979 7038
11980 7038
11981 7038
11982 7039
11983 7039
11984 7040
11985 7041
11986 7042
11987 7042
11988 7042
11989 7043
11990 7044
11991 7045
11992 7045
11993 7046
11994 7047
11995 7047
11996 7048
11997 7049
11998 7050
11999 7050
12000 7050
12001 7051
12002 7052
12003 7052
12004 7052
12005 7053
12006 7054
12007 7054
12008 7055
12009 7055
12010 7055
12011 7056
12012 7057
12013 7057
12014 7058
12015 7059
12016 7059
12017 7060
12018 7060
12019 7060
12020 7061
12021 7061
12022 7062
12023 7063
12024 7064
12025 7064
12026 7064
12027 7065
12028 7066
12029 7066
12030 7067
12031 7068
12032 7068
12033 7069
12034 7070
12035 7070
12036 7071
12037 7071
12038 7071
12039 7071
12040 7071
12041 7072
12042 7072
12043 7072
12044 7073
12045 7073
12046 7074
12047 7074
12048 7075
12049 7076
12050 7076
12051 7077
12052 7078
12053 7078
12054 7079
12055 7080
12056 7081
12057 7081
12058 7082
12059 7082
12060 7082
12061 7082
12062 7082
12063 7083
12064 7083
12065 7083
12066 7083
12067 7084
12068 7085
12069 7085
12070 7086
12071 7087
12072 7088
12073 7089
12074 7089
12075 7090
12076 7090
12077 7091
12078 7091
12079 7092
12080 7092
12081 7092
12082 7093
12083 7094
12084 7094
12085 7094
12086 7095
12087 7096
12088 7097
12089 7098
12090 7099
12091 7100
12092 7100
12093 7100
12094 7100
12095 7101
12096 7102
12097 7103
12098 7104
12099 7104
12100 7105
12101 7106
12102 7106
12103 7106
12104 7106
12105 7107
12106 7108
12107 7109
12108 7110
12109 7111
12110 7111
12111 7111
12112 7111
12113 7112
12114 7112
12115 7112
12116 7112
12117 7113
12118 7114
12119 7115
12120 7116
12121 7116
12122 7117
12123 7118
12124 7118
12125 7119
12126 7120
12127 7120
12128 7121
12129 7122
12130 7122
12131 7123
12132 7124
12133 7125
12134 7126
12135 7127
12136 7127
12137 7127
12138 7127
12139 7128
12140 7128
12141 7128
12142 7128
12143 7129
12144 7130
12145 7130
12146 7131
12147 7132
12148 7132
12149 7133
12150 7134
12151 7134
12152 7134
12153 7135
12154 7136
12155 7136
12156 7137
12157 7137
12158 7137
12159 7137
12160 7138
12161 7139
12162 7139
12163 7139
12164 7140
12165 7140
12166 7140
12167 7141
12168 7141
12169 7141
12170 7142
12171 7143
12172 7143
12173 7143
12174 7143
12175 7143
12176 7144
12177 7145
12178 7145
12179 7146
12180 7146
12181 7147
12182 7148
12183 7149
12184 7149
12185 7149
12186 7149
12187 7150
12188 7151
12189 7152
12190 7153
12191 7153
12192 7154
12193 7155
12194 7155
12195 7156
12196 7157
12197 7157
12198 7157
12199 7157
12200 7158
12201 7158
12202 7158
12203 7159
12204 7160
12205 7160
12206 7160
12207 7161
12208 7161
12209 7161
12210 7162
12211 7163
12212 7164
12213 7165
12214 7166
12215 7167
12216 7168
12217 7169
12218 7169
12219 7170
12220 7171
12221 7172
12222 7172
12223 7173
12224 7174
12225 7175
12226 7176
12227 7176
12228 7177
12229 7177
12230 7177
12231 7177
12232 7178
12233 7178
12234 7178
12235 7179
12236 7179
12237 7180
12238 7181
12239 7182
12240 7182
12241 7182
12242 7182
12243 7183
12244 7184
12245 7185
12246 7185
12247 7186
12248 7187
12249 7187
12250 7187
12251 7188
12252 7189
12253 7190
12254 7190
12255 7191
12256 7192
12257 7193
12258 7193
12259 7194
12260 7194
12261 7195
12262 7196
12263 7197
12264 7197
12265 7198
12266 7198
12267 7199
12268 7199
12269 7200
12270 7200
12271 7200
12272 7201
12273 7201
12274 7202
12275 7202
12276 7203
12277 7204
12278 7204
12279 7205
12280 7206
12281 7206
12282 7207
12283 7208
12284 7208
12285 7208
12286 7209
12287 7209
12288 7209
12289 7210
12290 7210
12291 7211
12292 7211
12293 7212
12294 7213
12295 7213
12296 7214
12297 7215
12298 7215
12299 7216
12300 7217
12301 7217
12302 7218
12303 7219
12304 7219
12305 7220
12306 7221
12307 7221
12308 7222
12309 7223
12310 7223
12311 7224
12312 7224
12313 7225
12314 7226
12315 7226
12316 7227
12317 7228
12318 7229
12319 7230
12320 7231
12321 7232
12322 7233
12323 7234
12324 7235
12325 7235
12326 7236
12327 7236
12328 7237
12329 7237
12330 7238
12331 7239
12332 7239
12333 7239
12334 7240
12335 7240
12336 7240
12337 7241
12338 7242
12339 7242
12340 7242
12341 7243
12342 7244
12343 7244
12344 7244
12345 7245
12346 7246
12347 7247
12348 7247
12349 7247
12350 7247
12351 7248
12352 7248
12353 7249
12354 7249
12355 7250
12356 7251
12357 7251
12358 7251
12359 7251
12360 7252
12361 7252
12362 7252
12363 7253
12364 7254
12365 7255
12366 7255
12367 7255
12368 7255
12369 7255
12370 7256
12371 7256
12372 7256
12373 7257
12374 7258
12375 7259
12376 7259
12377 7259
12378 7259
12379 7259
12380 7260
12381 7261
12382 7262
12383 7263
12384 7263
12385 7264
12386 7264
12387 7264
12388 7265
12389 7266
12390 7266
12391 7267
12392 7268
12393 7269
12394 7270
12395 7270
12396 7271
12397 7272
12398 7272
12399 7273
12400 7274
12401 7275
12402 7275
12403 7275
12404 7276
12405 7277
12406 7278
12407 7279
12408 7280
12409 7280
12410 7280
12411 7281
12412 7281
12413 7282
12414 7282
12415 7282
12416 7283
12417 7283
12418 7284
12419 7284
12420 7285
12421 7286
12422 7287
12423 7288
12424 7288
12425 7288
12426 7288
12427 7288
12428 7288
12429 7289
12430 7289
12431 7290
12432 7290
12433 7290
12434 7290
12435 7290
12436 7291
12437 7292
12438 7293
12439 7293
12440 7293
12441 7293
12442 7294
12443 7295
12444 7296
12445 7296
12446 7297
12447 7297
12448 7297
12449 7297
12450 7297
12451 7298
12452 7299
12453 7299
12454 7299
12455 7300
12456 7300
12457 7301
12458 7301
12459 7302
12460 7303
12461 7303
12462 7303
12463 7303
12464 7304
12465 7305
12466 7306
12467 7306
12468 7306
12469 7306
12470 7306
12471 7307
12472 7308
12473 7308
12474 7309
12475 7310
12476 7311
12477 7312
12478 7312
12479 7312
12480 7312
12481 7313
12482 7314
12483 7315
12484 7315
12485 7316
12486 7316
12487 7316
12488 7317
12489 7318
12490 7319
12491 7319
12492 7319
12493 7320
12494 7320
12495 7321
12496 7322
12497 7323
12498 7323
12499 7324
12500 7325
12501 7326
12502 7326
12503 7327
12504 7328
12505 7328
12506 7328
12507 7328
12508 7328
12509 7329
12510 7330
12511 7331
12512 7331
12513 7332
12514 7333
12515 7333
12516 7333
12517 7334
12518 7335
12519 7336
12520 7337
12521 7337
12522 7338
12523 7339
12524 7340
12525 7341
12526 7342
12527 7342
12528 7343
12529 7343
12530 7344
12531 7345
12532 7345
12533 7346
12534 7346
12535 7346
12536 7347
12537 7347
12538 7348
12539 7349
12540 7349
12541 7350
12542 7350
12543 7351
12544 7351
12545 7352
12546 7352
12547 7352
12548 7353
12549 7354
12550 7354
12551 7354
12552 7355
12553 7355
12554 7355
12555 7355
12556 7356
12557 7356
12558 7356
12559 7356
12560 7357
12561 7358
12562 7359
12563 7359
12564 7360
12565 7361
12566 7362
12567 7363
12568 7364
12569 7364
12570 7364
12571 7365
12572 7365
12573 7365
12574 7366
12575 7367
12576 7367
12577 7368
12578 7369
12579 7370
12580 7371
12581 7372
12582 7373
12583 7374
12584 7374
12585 7374
12586 7375
12587 7375
12588 7375
12589 7376
12590 7376
12591 7376
12592 7376
12593 7376
12594 7377
12595 7378
12596 7378
12597 7378
12598 7379
12599 7380
12600 7380
12601 7381
12602 7382
12603 7383
12604 7384
12605 7385
12606 7386
12607 7386
12608 7387
12609 7388
12610 7389
12611 7389
12612 7390
12613 7391
12614 7391
12615 7392
12616 7392
12617 7392
12618 7393
12619 7393
12620 7394
12621 7395
12622 7396
12623 7397
12624 7398
12625 7399
12626 7399
12627 7400
12628 7400
12629 7400
12630 7401
12631 7402
12632 7403
12633 7404
12634 7404
12635 7405
12636 7406
12637 7407
12638 7408
12639 7408
12640 7409
12641 7410
12642 7410
12643 7411
12644 7412
12645 7413
12646 7413
12647 7413
12648 7414
12649 7414
12650 7415
12651 7415
12652 7416
12653 7416
12654 7417
12655 7417
12656 7417
12657 7418
12658 7419
12659 7419
12660 7420
12661 7420
12662 7420
12663 7420
12664 7421
12665 7422
12666 7423
12667 7424
12668 7425
12669 7426
12670 7427
12671 7428
12672 7428
12673 7429
12674 7429
12675 7430
12676 7431
12677 7431
12678 7432
12679 7432
12680 7432
12681 7433
12682 7434
12683 7435
12684 7436
12685 7437
12686 7438
12687 7438
12688 7438
12689 7439
12690 7440
12691 7441
12692 7441
12693 7442
12694 7442
12695 7443
12696 7443
12697 7444
12698 7444
12699 7445
12700 7446
12701 7446
12702 7447
12703 7447
12704 7448
12705 7448
12706 7448
12707 7449
12708 7450
12709 7451
12710 7451
12711 7452
12712 7453
12713 7454
12714 7455
12715 7455
12716 7455
12717 7455
12718 7456
12719 7456
12720 7457
12721 7457
12722 7458
12723 7458
12724 7459
12725 7459
12726 7460
12727 7460
12728 7461
12729 7462
12730 7463
12731 7464
12732 7464
12733 7465
12734 7465
12735 7466
12736 7467
12737 7467
12738 7468
12739 7468
12740 7468
12741 7469
12742 7470
12743 7470
12744 7470
12745 7471
12746 7472
12747 7473
12748 7473
12749 7474
12750 7474
12751 7475
12752 7476
12753 7477
12754 7477
12755 7478
12756 7479
12757 7479
12758 7479
12759 7480
12760 7481
12761 7482
12762 7482
12763 7483
12764 7484
12765 7484
12766 7485
12767 7485
12768 7485
12769 7485
12770 7486
12771 7486
12772 7487
12773 7487
12774 7488
12775 7488
12776 7488
12777 7489
12778 7489
12779 7489
12780 7490
12781 7491
12782 7491
12783 7492
12784 7493
12785 7494
12786 7494
12787 7495
12788 7495
12789 7496
12790 7497
12791 7497
12792 7498
12793 7499
12794 7500
12795 7500
12796 7501
12797 7501
12798 7502
12799 7502
12800 7503
12801 7503
12802 7503
12803 7503
12804 7504
12805 7505
12806 7506
12807 7507
12808 7508
12809 7508
12810 7509
12811 7510
12812 7511
12813 7512
12814 7513
12815 7513
12816 7513
12817 7514
12818 7515
12819 7516
12820 7517
12821 7517
12822 7518
12823 7519
12824 7519
12825 7519
12826 7519
12827 7520
12828 7521
12829 7522
12830 7522
12831 7522
12832 7523
12833 7523
12834 7524
12835 7524
12836 7525
12837 7526
12838 7527
12839 7528
12840 7529
12841 7529
12842 7530
12843 7530
12844 7531
12845 7531
12846 7532
12847 7533
12848 7534
12849 7535
12850 7536
12851 7537
12852 7537
12853 7538
12854 7539
12855 7539
12856 7540
12857 7541
12858 7542
12859 7542
12860 7543
12861 7544
12862 7545
12863 7545
12864 7545
12865 7546
12866 7547
12867 7547
12868 7547
12869 7548
12870 7548
12871 7549
12872 7550
12873 7550
12874 7550
12875 7551
12876 7551
12877 7551
12878 7552
12879 7552
12880 7553
12881 7554
12882 7554
12883 7554
12884 7554
12885 7555
12886 7556
12887 7557
12888 7557
12889 7557
12890 7558
12891 7559
12892 7560
12893 7560
12894 7561
12895 7561
12896 7562
12897 7562
12898 7562
12899 7562
12900 7563
12901 7564
12902 7565
12903 7565
12904 7565
12905 7565
12906 7565
12907 7565
12908 7566
12909 7566
12910 7567
12911 7568
12912 7568
12913 7568
12914 7569
12915 7570
12916 7571
12917 7572
12918 7572
12919 7573
12920 7574
12921 7575
12922 7576
12923 7577
12924 7577
12925 7578
12926 7578
12927 7578
12928 7579
12929 7579
12930 7579
12931 7580
12932 7580
12933 7581
12934 7582
12935 7582
12936 7582
12937 7583
12938 7583
12939 7584
12940 7584
12941 7585
12942 7586
12943 7587
12944 7588
12945 7588
12946 7589
12947 7590
12948 7590
12949 7590
12950 7591
12951 7591
12952 7592
12953 7593
12954 7594
12955 7595
12956 7596
12957 7596
12958 7596
12959 7597
12960 7598
12961 7599
12962 7600
12963 7601
12964 7601
12965 7601
12966 7602
12967 7602
12968 7603
12969 7604
12970 7605
12971 7605
12972 7606
12973 7607
12974 7608
12975 7608
12976 7609
12977 7609
12978 7610
12979 7611
12980 7612
12981 7612
12982 7613
12983 7614
12984 7614
12985 7614
12986 7615
12987 7615
12988 7616
12989 7617
12990 7617
12991 7618
12992 7618
12993 7619
12994 7620
12995 7620
12996 7621
12997 7621
12998 7621
12999 7622
13000 7623
13001 7624
13002 7625
13003 7625
13004 7625
13005 7626
13006 7626
13007 7627
13008 7627
13009 7627
13010 7628
13011 7628
13012 7628
13013 7628
13014 7629
13015 7629
13016 7629
13017 7629
13018 7629
13019 7629
13020 7629
13021 7630
13022 7631
13023 7632
13024 7633
13025 7634
13026 7635
13027 7636
13028 7636
13029 7637
13030 7638
13031 7638
13032 7638
13033 7638
13034 7638
13035 7638
13036 7639
13037 7639
13038 7639
13039 7640
13040 7640
13041 7641
13042 7641
13043 7642
13044 7643
13045 7643
13046 7643
13047 7644
13048 7644
13049 7644
13050 7644
13051 7644
13052 7645
13053 7646
13054 7646
13055 7647
13056 7648
13057 7649
13058 7650
13059 7651
13060 7651
13061 7652
13062 7653
13063 7654
13064 7655
13065 7655
13066 7655
13067 7656
13068 7656
13069 7657
13070 7658
13071 7658
13072 7658
13073 7659
13074 7660
13075 7661
13076 7662
13077 7662
13078 7663
13079 7664
13080 7664
13081 7665
13082 7665
13083 7666
13084 7667
13085 7667
13086 7667
13087 7668
13088 7669
13089 7670
13090 7670
13091 7670
13092 7670
13093 7671
13094 7672
13095 7673
13096 7674
13097 7675
13098 7676
13099 7676
13100 7677
13101 7678
13102 7679
13103 7680
13104 7681
13105 7682
13106 7683
13107 7684
13108 7684
13109 7685
13110 7686
13111 7687
13112 7688
13113 7688
13114 7689
13115 7690
13116 7690
13117 7690
13118 7691
13119 7692
13120 7692
13121 7693
13122 7694
13123 7695
13124 7695
13125 7695
13126 7696
13127 7697
13128 7697
13129 7698
13130 7699
13131 7700
13132 7701
13133 7701
13134 7702
13135 7702
13136 7702
13137 7703
13138 7704
13139 7705
13140 7706
13141 7707
13142 7707
13143 7707
13144 7708
13145 7708
13146 7709
13147 7709
13148 7710
13149 7710
13150 7710
13151 7710
13152 7711
13153 7711
13154 7712
13155 7713
13156 7714
13157 7714
13158 7715
13159 7716
13160 7717
13161 7717
13162 7718
13163 7719
13164 7720
13165 7720
13166 7720
13167 7721
13168 7721
13169 7722
13170 7722
13171 7723
13172 7724
13173 7725
13174 7725
13175 7725
13176 7726
13177 7727
13178 7728
13179 7728
13180 7729
13181 7730
13182 7731
13183 7731
13184 7731
13185 7731
13186 7731
13187 7731
13188 7732
13189 7732
13190 7732
13191 7733
13192 7734
13193 7735
13194 7735
13195 7735
13196 7735
13197 7736
13198 7737
13199 7738
13200 7739
13201 7740
13202 7740
13203 7741
13204 7742
13205 7743
13206 7743
13207 7744
13208 7745
13209 7746
13210 7747
13211 7747
13212 7748
13213 7748
13214 7748
13215 7749
13216 7749
13217 7750
13218 7751
13219 7752
13220 7752
13221 7752
13222 7752
13223 7752
13224 7752
13225 7753
13226 7753
13227 7754
13228 7755
13229 7755
13230 7756
13231 7756
13232 7757
13233 7758
13234 7759
13235 7760
13236 7761
13237 7762
13238 7762
13239 7762
13240 7763
13241 7763
13242 7764
13243 7764
13244 7765
13245 7765
13246 7765
13247 7766
13248 7767
13249 7767
13250 7768
13251 7768
13252 7769
13253 7769
13254 7770
13255 7770
13256 7771
13257 7771
13258 7771
13259 7772
13260 7773
13261 7774
13262 7774
13263 7775
13264 7776
13265 7776
13266 7776
13267 7777
13268 7778
13269 7779
13270 7779
13271 7780
13272 7780
13273 7780
13274 7781
13275 7782
13276 7782
13277 7783
13278 7783
13279 7784
13280 7784
13281 7784
13282 7785
13283 7786
13284 7787
13285 7787
13286 7788
13287 7788
13288 7788
13289 7789
13290 7790
13291 7790
13292 7791
13293 7791
13294 7792
13295 7793
13296 7794
13297 7795
13298 7796
13299 7796
13300 7797
13301 7798
13302 7798
13303 7799
13304 7799
13305 7800
13306 7801
13307 7801
13308 7802
13309 7802
13310 7802
13311 7802
13312 7802
13313 7802
13314 7803
13315 7804
13316 7804
13317 7804
13318 7805
13319 7805
13320 7805
13321 7805
13322 7806
13323 7807
13324 7807
13325 7807
13326 7808
13327 7809
13328 7810
13329 7810
13330 7811
13331 7811
13332 7812
13333 7812
13334 7813
13335 7814
13336 7814
13337 7815
13338 7816
13339 7817
13340 7818
13341 7818
13342 7819
13343 7820
13344 7821
13345 7822
13346 7822
13347 7823
13348 7824
13349 7825
13350 7825
13351 7826
13352 7827
13353 7827
13354 7828
13355 7828
13356 7829
13357 7829
13358 7830
13359 7831
13360 7832
13361 7833
13362 7833
13363 7834
13364 7835
13365 7835
13366 7835
13367 7835
13368 7836
13369 7836
13370 7837
13371 7837
13372 7837
13373 7838
13374 7838
13375 7839
13376 7839
13377 7839
13378 7840
13379 7841
13380 7842
13381 7842
13382 7843
13383 7843
13384 7844
13385 7845
13386 7846
13387 7846
13388 7847
13389 7848
13390 7848
13391 7849
13392 7850
13393 7851
13394 7851
13395 7851
13396 7852
13397 7852
13398 7853
13399 7853
13400 7854
13401 7855
13402 7856
13403 7857
13404 7858
13405 7859
13406 7859
13407 7860
13408 7860
13409 7861
13410 7861
13411 7861
13412 7861
13413 7862
13414 7863
13415 7864
13416 7865
13417 7866
13418 7866
13419 7867
13420 7868
13421 7869
13422 7869
13423 7870
13424 7870
13425 7871
13426 7872
13427 7873
13428 7873
13429 7874
13430 7875
13431 7876
13432 7876
13433 7876
13434 7877
13435 7878
13436 7878
13437 7879
13438 7880
13439 7881
13440 7882
13441 7883
13442 7883
13443 7883
13444 7884
13445 7885
13446 7885
13447 7886
13448 7886
13449 7886
13450 7887
13451 7887
13452 7888
13453 7889
13454 7890
13455 7890
13456 7891
13457 7891
13458 7891
13459 7891
13460 7892
13461 7893
13462 7894
13463 7895
13464 7896
13465 7896
13466 7897
13467 7897
13468 7897
13469 7898
13470 7898
13471 7898
13472 7898
13473 7899
13474 7900
13475 7900
13476 7901
13477 7902
13478 7903
13479 7904
13480 7905
13481 7905
13482 7906
13483 7906
13484 7907
13485 7908
13486 7908
13487 7909
13488 7909
13489 7910
13490 7911
13491 7911
13492 7911
13493 7911
13494 7912
13495 7912
13496 7913
13497 7914
13498 7915
13499 7915
13500 7916
13501 7916
13502 7917
13503 7917
13504 7918
13505 7919
13506 7919
13507 7920
13508 7921
13509 7922
13510 7923
13511 7924
13512 7925
13513 7926
13514 7927
13515 7927
13516 7928
13517 7928
13518 7929
13519 7930
13520 7930
13521 7930
13522 7930
13523 7931
13524 7932
13525 7933
13526 7934
13527 7934
13528 7935
13529 7936
13530 7936
13531 7937
13532 7938
13533 7939
13534 7940
13535 7940
13536 7941
13537 7941
13538 7941
13539 7942
13540 7942
13541 7943
13542 7944
13543 7945
13544 7946
13545 7947
13546 7948
13547 7948
13548 7948
13549 7948
13550 7949
13551 7950
13552 7951
13553 7951
13554 7951
13555 7951
13556 7952
13557 7953
13558 7954
13559 7954
13560 7955
13561 7955
13562 7956
13563 7956
13564 7956
13565 7957
13566 7958
13567 7959
13568 7959
13569 7960
13570 7961
13571 7962
13572 7962
13573 7963
13574 7963
13575 7964
13576 7964
13577 7965
13578 7966
13579 7966
13580 7967
13581 7968
13582 7968
13583 7968
13584 7968
13585 7968
13586 7968
13587 7968
13588 7969
13589 7969
13590 7970
13591 7971
13592 7972
13593 7973
13594 7973
13595 7974
13596 7975
13597 7976
13598 7976
13599 7977
13600 7978
13601 7979
13602 7979
13603 7979
13604 7979
13605 7980
13606 7980
13607 7981
13608 7982
13609 7983
13610 7984
13611 7984
13612 7985
13613 7985
13614 7986
13615 7986
13616 7987
13617 7987
13618 7987
13619 7987
13620 7988
13621 7989
13622 7990
13623 7990
13624 7991
13625 7992
13626 7992
13627 7992
13628 7993
13629 7994
13630 7995
13631 7996
13632 7996
13633 7997
13634 7997
13635 7998
13636 7998
13637 7999
13638 7999
13639 8000
13640 8001
13641 8001
13642 8001
13643 8002
13644 8002
13645 8002
13646 8003
13647 8004
13648 8005
13649 8006
13650 8006
13651 8007
13652 8008
13653 8009
13654 8009
13655 8009
13656 8010
13657 8010
13658 8010
13659 8011
13660 8011
13661 8012
13662 8013
13663 8013
13664 8013
13665 8014
13666 8015
13667 8015
13668 8016
13669 8017
13670 8018
13671 8018
13672 8018
13673 8018
13674 8018
13675 8018
13676 8018
13677 8019
13678 8020
13679 8021
13680 8021
13681 8021
13682 8021
13683 8021
13684 8021
13685 8022
13686 8022
13687 8023
13688 8024
13689 8025
13690 8026
13691 8027
13692 8028
13693 8029
13694 8030
13695 8031
13696 8032
13697 8033
13698 8033
13699 8033
13700 8034
13701 8035
13702 8036
13703 8037
13704 8037
13705 8037
13706 8037
13707 8038
13708 8039
13709 8040
13710 8040
13711 8041
13712 8041
13713 8042
13714 8042
13715 8042
13716 8043
13717 8044
13718 8044
13719 8044
13720 8045
13721 8046
13722 8047
13723 8048
13724 8049
13725 8049
13726 8049
13727 8050
13728 8051
13729 8052
13730 8053
13731 8054
13732 8055
13733 8055
13734 8055
13735 8055
13736 8056
13737 8057
13738 8058
13739 8058
13740 8058
13741 8058
13742 8059
13743 8060
13744 8061
13745 8062
13746 8063
13747 8064
13748 8064
13749 8065
13750 8065
13751 8066
13752 8066
13753 8066
13754 8066
13755 8067
13756 8068
13757 8069
13758 8070
13759 8071
13760 8072
13761 8072
13762 8072
13763 8073
13764 8074
13765 8074
13766 8075
13767 8075
13768 8076
13769 8077
13770 8078
13771 8079
13772 8079
13773 8080
13774 8081
13775 8082
13776 8082
13777 8083
13778 8084
13779 8084
13780 8085
13781 8086
13782 8087
13783 8088
13784 8088
13785 8089
13786 8090
13787 8090
13788 8091
13789 8092
13790 8092
13791 8093
13792 8093
13793 8094
13794 8094
13795 8094
13796 8095
13797 8095
13798 8096
13799 8097
13800 8097
13801 8098
13802 8099
13803 8100
13804 8101
13805 8102
13806 8103
13807 8103
13808 8104
13809 8105
13810 8106
13811 8107
13812 8107
13813 8108
13814 8109
13815 8109
13816 8109
13817 8109
13818 8109
13819 8110
13820 8110
13821 8111
13822 8112
13823 8112
13824 8112
13825 8113
13826 8114
13827 8115
13828 8115
13829 8115
13830 8115
13831 8115
13832 8115
13833 8116
13834 8117
13835 8118
13836 8119
13837 8120
13838 8120
13839 8121
13840 8122
13841 8123
13842 8124
13843 8125
13844 8126
13845 8126
13846 8127
13847 8128
13848 8128
13849 8129
13850 8130
13851 8130
13852 8130
13853 8131
13854 8132
13855 8133
13856 8134
13857 8135
13858 8136
13859 8137
13860 8137
13861 8137
13862 8138
13863 8138
13864 8138
13865 8139
13866 8140
13867 8141
13868 8142
13869 8142
13870 8143
13871 8143
13872 8143
13873 8143
13874 8143
13875 8144
13876 8145
13877 8146
13878 8147
13879 8148
13880 8148
13881 8149
13882 8149
13883 8150
13884 8151
13885 8152
13886 8153
13887 8153
13888 8153
13889 8154
13890 8154
13891 8155
13892 8156
13893 8157
13894 8158
13895 8159
13896 8159
13897 8159
13898 8159
13899 8159
13900 8160
13901 8161
13902 8161
13903 8162
13904 8162
13905 8163
13906 8164
13907 8165
13908 8166
13909 8167
13910 8167
13911 8168
13912 8169
13913 8169
13914 8170
13915 8171
13916 8172
13917 8173
13918 8174
13919 8174
13920 8175
13921 8176
13922 8176
13923 8176
13924 8177
13925 8177
13926 8178
13927 8179
13928 8180
13929 8181
13930 8181
13931 8182
13932 8183
13933 8183
13934 8184
13935 8184
13936 8185
13937 8186
13938 8187
13939 8188
13940 8189
13941 8190
13942 8190
13943 8190
13944 8190
13945 8191
13946 8192
13947 8193
13948 8194
13949 8194
13950 8194
13951 8194
13952 8194
13953 8195
13954 8195
13955 8196
13956 8196
13957 8197
13958 8198
13959 8199
13960 8200
13961 8201
13962 8201
13963 8202
13964 8203
13965 8204
13966 8205
13967 8206
13968 8207
13969 8208
13970 8208
13971 8209
13972 8209
13973 8210
13974 8211
13975 8211
13976 8211
13977 8212
13978 8213
13979 8213
13980 8214
13981 8214
13982 8214
13983 8214
13984 8214
13985 8215
13986 8216
13987 8217
13988 8217
13989 8218
13990 8219
13991 8220
13992 8221
13993 8221
13994 8221
13995 8222
13996 8222
13997 8223
13998 8224
13999 8225
14000 8226
14001 8226
14002 8226
14003 8226
14004 8227
14005 8227
14006 8227
14007 8227
14008 8228
14009 8228
14010 8228
14011 8229
14012 8230
14013 8231
14014 8231
14015 8232
14016 8232
14017 8233
14018 8234
14019 8234
14020 8235
14021 8235
14022 8236
14023 8237
14024 8238
14025 8239
14026 8240
14027 8241
14028 8242
14029 8243
14030 8244
14031 8244
14032 8245
14033 8246
14034 8247
14035 8247
14036 8247
14037 8247
14038 8248
14039 8248
14040 8249
14041 8250
14042 8251
14043 8251
14044 8251
14045 8252
14046 8253
14047 8253
14048 8254
14049 8254
14050 8255
14051 8255
14052 8256
14053 8256
14054 8256
14055 8256
14056 8257
14057 8258
14058 8259
14059 8259
14060 8260
14061 8260
14062 8261
14063 8261
14064 8262
14065 8262
14066 8263
14067 8263
14068 8264
14069 8265
14070 8265
14071 8265
14072 8266
14073 8267
14074 8268
14075 8269
14076 8270
14077 8271
14078 8272
14079 8272
14080 8273
14081 8274
14082 8274
14083 8275
14084 8276
14085 8276
14086 8277
14087 8278
14088 8279
14089 8279
14090 8280
14091 8281
14092 8282
14093 8282
14094 8282
14095 8283
14096 8283
14097 8283
14098 8284
14099 8285
14100 8286
14101 8287
14102 8288
14103 8289
14104 8290
14105 8291
14106 8292
14107 8293
14108 8294
14109 8294
14110 8294
14111 8294
14112 8295
14113 8295
14114 8295
14115 8296
14116 8296
14117 8296
14118 8297
14119 8298
14120 8298
14121 8298
14122 8299
14123 8299
14124 8299
14125 8299
14126 8300
14127 8301
14128 8302
14129 8302
14130 8303
14131 8304
14132 8305
14133 8306
14134 8307
14135 8308
14136 8309
14137 8309
14138 8309
14139 8309
14140 8310
14141 8310
14142 8311
14143 8312
14144 8313
14145 8314
14146 8314
14147 8314
14148 8315
14149 8315
14150 8316
14151 8317
14152 8318
14153 8319
14154 8320
14155 8320
14156 8320
14157 8321
14158 8322
14159 8323
14160 8323
14161 8323
14162 8324
14163 8324
14164 8324
14165 8324
14166 8325
14167 8326
14168 8327
14169 8327
14170 8328
14171 8328
14172 8329
14173 8330
14174 8330
14175 8331
14176 8332
14177 8333
14178 8334
14179 8335
14180 8336
14181 8336
14182 8336
14183 8337
14184 8338
14185 8338
14186 8339
14187 8340
14188 8340
14189 8341
14190 8341
14191 8342
14192 8342
14193 8343
14194 8344
14195 8345
14196 8346
14197 8347
14198 8348
14199 8349
14200 8349
14201 8350
14202 8350
14203 8351
14204 8352
14205 8353
14206 8353
14207 8354
14208 8354
14209 8355
14210 8355
14211 8355
14212 8356
14213 8357
14214 8357
14215 8357
14216 8358
14217 8358
14218 8358
14219 8359
14220 8359
14221 8360
14222 8360
14223 8361
14224 8362
14225 8362
14226 8363
14227 8363
14228 8363
14229 8363
14230 8364
14231 8364
14232 8365
14233 8365
14234 8365
14235 8366
14236 8367
14237 8368
14238 8369
14239 8370
14240 8371
14241 8372
14242 8373
14243 8373
14244 8374
14245 8374
14246 8375
14247 8375
14248 8375
14249 8375
14250 8376
14251 8377
14252 8378
14253 8378
14254 8379
14255 8380
14256 8381
14257 8381
14258 8381
14259 8382
14260 8382
14261 8383
14262 8384
14263 8384
14264 8385
14265 8386
14266 8387
14267 8388
14268 8388
14269 8389
14270 8390
14271 8391
14272 8391
14273 8392
14274 8392
14275 8393
14276 8393
14277 8394
14278 8394
14279 8395
14280 8395
14281 8395
14282 8396
14283 8396
14284 8396
14285 8397
14286 8397
14287 8397
14288 8398
14289 8399
14290 8400
14291 8401
14292 8401
14293 8401
14294 8402
14295 8403
14296 8403
14297 8403
14298 8404
14299 8405
14300 8406
14301 8407
14302 8408
14303 8408
14304 8409
14305 8409
14306 8409
14307 8410
14308 8411
14309 8411
14310 8412
14311 8412
14312 8412
14313 8412
14314 8412
14315 8412
14316 8412
14317 8413
14318 8414
14319 8414
14320 8415
14321 8416
14322 8416
14323 8417
14324 8418
14325 8418
14326 8419
14327 8420
14328 8420
14329 8421
14330 8421
14331 8422
14332 8422
14333 8423
14334 8423
14335 8424
14336 8425
14337 8425
14338 8425
14339 8426
14340 8427
14341 8428
14342 8428
14343 8429
14344 8430
14345 8430
14346 8430
14347 8430
14348 8430
14349 8430
14350 8431
14351 8432
14352 8433
14353 8433
14354 8433
14355 8434
14356 8434
14357 8435
14358 8435
14359 8435
14360 8436
14361 8437
14362 8438
14363 8439
14364 8440
14365 8440
14366 8441
14367 8441
14368 8441
14369 8441
14370 8441
14371 8442
14372 8442
14373 8443
14374 8444
14375 8444
14376 8444
14377 8444
14378 8445
14379 8446
14380 8447
14381 8447
14382 8448
14383 8449
14384 8450
14385 8450
14386 8451
14387 8451
14388 8452
14389 8452
14390 8453
14391 8453
14392 8453
14393 8454
14394 8455
14395 8456
14396 8457
14397 8458
14398 8458
14399 8458
14400 8458
14401 8459
14402 8459
14403 8459
14404 8460
14405 8461
14406 8461
14407 8462
14408 8463
14409 8463
14410 8463
14411 8463
14412 8463
14413 8463
14414 8463
14415 8464
14416 8464
14417 8464
14418 8464
14419 8465
14420 8466
14421 8467
14422 8468
14423 8468
14424 8469
14425 8469
14426 8470
14427 8470
14428 8470
14429 8471
14430 8471
14431 8471
14432 8471
14433 8471
14434 8472
14435 8473
14436 8474
14437 8474
14438 8475
14439 8476
14440 8476
14441 8476
14442 8477
14443 8478
14444 8479
14445 8480
14446 8480
14447 8481
14448 8482
14449 8482
14450 8482
14451 8483
14452 8483
14453 8484
14454 8485
14455 8486
14456 8487
14457 8487
14458 8487
14459 8488
14460 8489
14461 8489
14462 8490
14463 8490
14464 8491
14465 8491
14466 8491
14467 8491
14468 8492
14469 8493
14470 8494
14471 8495
14472 8495
14473 8496
14474 8497
14475 8497
14476 8498
14477 8498
14478 8498
14479 8498
14480 8499
14481 8500
14482 8500
14483 8501
14484 8501
14485 8501
14486 8501
14487 8502
14488 8503
14489 8503
14490 8503
14491 8504
14492 8505
14493 8506
14494 8507
14495 8508
14496 8509
14497 8510
14498 8510
14499 8511
14500 8511
14501 8512
14502 8513
14503 8514
14504 8515
14505 8516
14506 8517
14507 8517
14508 8518
14509 8518
14510 8519
14511 8520
14512 8520
14513 8520
14514 8520
14515 8521
14516 8521
14517 8522
14518 8523
14519 8523
14520 8523
14521 8523
14522 8524
14523 8524
14524 8524
14525 8525
14526 8525
14527 8526
14528 8526
14529 8526
14530 8526
14531 8527
14532 8528
14533 8528
14534 8528
14535 8528
14536 8529
14537 8529
14538 8530
14539 8531
14540 8532
14541 8532
14542 8532
14543 8533
14544 8534
14545 8534
14546 8535
14547 8536
14548 8537
14549 8537
14550 8537
14551 8538
14552 8539
14553 8539
14554 8540
14555 8541
14556 8542
14557 8542
14558 8543
14559 8543
14560 8543
14561 8544
14562 8545
14563 8545
14564 8545
14565 8546
14566 8546
14567 8547
14568 8548
14569 8549
14570 8550
14571 8550
14572 8550
14573 8551
14574 8552
14575 8553
14576 8553
14577 8553
14578 8553
14579 8554
14580 8555
14581 8556
14582 8557
14583 8558
14584 8559
14585 8559
14586 8559
14587 8560
14588 8561
14589 8561
14590 8562
14591 8562
14592 8563
14593 8563
14594 8564
14595 8565
14596 8566
14597 8566
14598 8566
14599 8566
14600 8567
14601 8567
14602 8568
14603 8569
14604 8570
14605 8570
14606 8571
14607 8572
14608 8572
14609 8573
14610 8574
14611 8575
14612 8575
14613 8576
14614 8577
14615 8578
14616 8579
14617 8579
14618 8580
14619 8581
14620 8582
14621 8583
14622 8583
14623 8584
14624 8585
14625 8586
14626 8586
14627 8586
14628 8587
14629 8587
14630 8588
14631 8589
14632 8590
14633 8590
14634 8591
14635 8592
14636 8592
14637 8593
14638 8593
14639 8593
14640 8594
14641 8595
14642 8596
14643 8596
14644 8597
14645 8598
14646 8599
14647 8600
14648 8600
14649 8601
14650 8602
14651 8603
14652 8603
14653 8603
14654 8604
14655 8605
14656 8606
14657 8606
14658 8607
14659 8608
14660 8608
14661 8609
14662 8609
14663 8610
14664 8610
14665 8611
14666 8611
14667 8611
14668 8612
14669 8613
14670 8613
14671 8614
14672 8615
14673 8616
14674 8616
14675 8616
14676 8617
14677 8617
14678 8617
14679 8617
14680 8618
14681 8618
14682 8619
14683 8620
14684 8620
14685 8621
14686 8621
14687 8622
14688 8622
14689 8622
14690 8623
14691 8624
14692 8625
14693 8625
14694 8626
14695 8626
14696 8626
14697 8627
14698 8627
14699 8628
14700 8629
14701 8630
14702 8631
14703 8632
14704 8633
14705 8633
14706 8634
14707 8634
14708 8634
14709 8635
14710 8635
14711 8636
14712 8637
14713 8638
14714 8639
14715 8640
14716 8641
14717 8642
14718 8643
14719 8644
14720 8644
14721 8644
14722 8645
14723 8645
14724 8645
14725 8646
14726 8646
14727 8647
14728 8647
14729 8647
14730 8647
14731 8647
14732 8648
14733 8649
14734 8650
14735 8651
14736 8652
14737 8653
14738 8653
14739 8654
14740 8654
14741 8655
14742 8656
14743 8656
14744 8657
14745 8657
14746 8657
14747 8657
14748 8658
14749 8658
14750 8658
14751 8658
14752 8659
14753 8660
14754 8660
14755 8660
14756 8660
14757 8660
14758 8660
14759 8661
14760 8661
14761 8661
14762 8661
14763 8662
14764 8663
14765 8664
14766 8664
14767 8664
14768 8664
14769 8664
14770 8664
14771 8665
14772 8665
14773 8666
14774 8667
14775 8667
14776 8667
14777 8668
14778 8669
14779 8670
14780 8670
14781 8670
14782 8671
14783 8671
14784 8672
14785 8672
14786 8672
14787 8672
14788 8673
14789 8673
14790 8674
14791 8675
14792 8676
14793 8677
14794 8678
14795 8679
14796 8680
14797 8681
14798 8682
14799 8683
14800 8683
14801 8683
14802 8684
14803 8685
14804 8686
14805 8687
14806 8687
14807 8687
14808 8688
14809 8689
14810 8689
14811 8689
14812 8690
14813 8691
14814 8692
14815 8692
14816 8693
14817 8693
14818 8693
14819 8693
14820 8693
14821 8694
14822 8695
14823 8695
14824 8696
14825 8696
14826 8697
14827 8698
14828 8699
14829 8700
14830 8700
14831 8701
14832 8702
14833 8703
14834 8703
14835 8703
14836 8703
14837 8703
14838 8704
14839 8704
14840 8705
14841 8706
14842 8707
14843 8708
14844 8709
14845 8709
14846 8710
14847 8710
14848 8711
14849 8712
14850 8713
14851 8713
14852 8713
14853 8713
14854 8714
14855 8714
14856 8715
14857 8715
14858 8715
14859 8716
14860 8717
14861 8717
14862 8718
14863 8718
14864 8718
14865 8719
14866 8720
14867 8721
14868 8722
14869 8722
14870 8723
14871 8724
14872 8724
14873 8725
14874 8725
14875 8726
14876 8727
14877 8728
14878 8729
14879 8729
14880 8729
14881 8730
14882 8730
14883 8730
14884 8731
14885 8732
14886 8733
14887 8733
14888 8734
14889 8734
14890 8734
14891 8735
14892 8736
14893 8736
14894 8736
14895 8737
14896 8737
14897 8738
14898 8738
14899 8738
14900 8739
14901 8740
14902 8741
14903 8741
14904 8741
14905 8742
14906 8742
14907 8743
14908 8743
14909 8743
14910 8744
14911 8745
14912 8745
14913 8745
14914 8745
14915 8746
14916 8747
14917 8748
14918 8749
14919 8749
14920 8750
14921 8751
14922 8752
14923 8752
14924 8752
14925 8753
14926 8754
14927 8754
14928 8755
14929 8755
14930 8756
14931 8756
14932 8756
14933 8757
14934 8757
14935 8758
14936 8759
14937 8760
14938 8761
14939 8762
14940 8762
14941 8763
14942 8764
14943 8765
14944 8765
14945 8766
14946 8767
14947 8768
14948 8768
14949 8769
14950 8769
14951 8769
14952 8769
14953 8770
14954 8771
14955 8771
14956 8772
14957 8772
14958 8773
14959 8774
14960 8775
14961 8775
14962 8775
14963 8776
14964 8777
14965 8778
14966 8779
14967 8780
14968 8780
14969 8780
14970 8780
14971 8780
14972 8781
14973 8781
14974 8782
14975 8783
14976 8784
14977 8785
14978 8786
14979 8786
14980 8786
14981 8786
14982 8787
14983 8788
14984 8788
14985 8789
14986 8790
14987 8790
14988 8791
14989 8792
14990 8792
14991 8792
14992 8792
14993 8792
14994 8793
14995 8794
14996 8794
14997 8795
14998 8795
14999 8796
15000 8797
15001 8798
15002 8799
15003 8800
15004 8801
15005 8801
15006 8802
15007 8802
15008 8803
15009 8804
15010 8805
15011 8806
15012 8807
15013 8807
15014 8808
15015 8808
15016 8809
15017 8809
15018 8809
15019 8809
15020 8810
15021 8811
15022 8812
15023 8812
15024 8812
15025 8812
15026 8813
15027 8814
15028 8814
15029 8815
15030 8815
15031 8816
15032 8816
15033 8817
15034 8818
15035 8819
15036 8820
15037 8821
15038 8821
15039 8821
15040 8821
15041 8821
15042 8822
15043 8822
15044 8822
15045 8822
15046 8823
15047 8823
15048 8824
15049 8825
15050 8826
15051 8827
15052 8828
15053 8829
15054 8829
15055 8829
15056 8830
15057 8831
15058 8832
15059 8833
15060 8834
15061 8835
15062 8836
15063 8836
15064 8837
15065 8837
15066 8838
15067 8838
15068 8839
15069 8839
15070 8840
15071 8841
15072 8842
15073 8843
15074 8844
15075 8845
15076 8846
15077 8847
15078 8847
15079 8847
15080 8848
15081 8848
15082 8848
15083 8849
15084 8850
15085 8851
15086 8852
15087 8852
15088 8853
15089 8854
15090 8855
15091 8855
15092 8855
15093 8856
15094 8856
15095 8856
15096 8857
15097 8858
15098 8859
15099 8859
15100 8859
15101 8860
15102 8861
15103 8862
15104 8862
15105 8862
15106 8862
15107 8863
15108 8863
15109 8864
15110 8864
15111 8865
15112 8865
15113 8866
15114 8867
15115 8868
15116 8868
15117 8869
15118 8869
15119 8870
15120 8871
15121 8871
15122 8871
15123 8871
15124 8872
15125 8872
15126 8873
15127 8874
15128 8874
15129 8875
15130 8876
15131 8877
15132 8877
15133 8877
15134 8877
15135 8878
15136 8878
15137 8879
15138 8880
15139 8881
15140 8882
15141 8883
15142 8884
15143 8884
15144 8885
15145 8886
15146 8886
15147 8887
15148 8888
15149 8888
15150 8889
15151 8889
15152 8890
15153 8890
15154 8891
15155 8892
15156 8892
15157 8893
15158 8893
15159 8893
15160 8894
15161 8894
15162 8894
15163 8894
15164 8894
15165 8895
15166 8895
15167 8896
15168 8897
15169 8898
15170 8899
15171 8900
15172 8901
15173 8902
15174 8902
15175 8903
15176 8903
15177 8903
15178 8903
15179 8904
15180 8905
15181 8905
15182 8905
15183 8906
15184 8906
15185 8907
15186 8908
15187 8909
15188 8909
15189 8910
15190 8911
15191 8911
15192 8912
15193 8912
15194 8912
15195 8912
15196 8913
15197 8913
15198 8914
15199 8915
15200 8916
15201 8917
15202 8918
15203 8919
15204 8919
15205 8920
15206 8920
15207 8920
15208 8920
15209 8921
15210 8921
15211 8922
15212 8922
15213 8923
15214 8923
15215 8924
15216 8924
15217 8925
15218 8926
15219 8926
15220 8927
15221 8927
15222 8927
15223 8927
15224 8928
15225 8929
15226 8930
15227 8931
15228 8932
15229 8933
15230 8933
15231 8933
15232 8934
15233 8934
15234 8935
15235 8935
15236 8935
15237 8935
15238 8936
15239 8937
15240 8937
15241 8938
15242 8938
15243 8938
15244 8939
15245 8939
15246 8940
15247 8941
15248 8941
15249 8942
15250 8943
15251 8944
15252 8945
15253 8945
15254 8946
15255 8946
15256 8946
15257 8947
15258 8948
15259 8949
15260 8949
15261 8949
15262 8949
15263 8950
15264 8950
15265 8951
15266 8951
15267 8951
15268 8952
15269 8952
15270 8953
15271 8954
15272 8955
15273 8956
15274 8956
15275 8957
15276 8958
15277 8958
15278 8958
15279 8958
15280 8958
15281 8959
15282 8960
15283 8960
15284 8961
15285 8962
15286 8962
15287 8963
15288 8964
15289 8964
15290 8964
15291 8965
15292 8966
15293 8967
15294 8968
15295 8968
15296 8968
15297 8969
15298 8970
15299 8971
15300 8971
15301 8971
15302 8972
15303 8972
15304 8973
15305 8974
15306 8974
15307 8975
15308 8976
15309 8977
15310 8977
15311 8978
15312 8978
15313 8979
15314 8980
15315 8981
15316 8981
15317 8982
15318 8983
15319 8983
15320 8983
15321 8984
15322 8985
15323 8986
15324 8986
15325 8986
15326 8987
15327 8988
15328 8989
15329 8989
15330 8989
15331 8989
15332 8989
15333 8990
15334 8990
15335 8991
15336 8991
15337 8992
15338 8993
15339 8994
15340 8994
15341 8995
15342 8995
15343 8995
15344 8995
15345 8996
15346 8996
15347 8997
15348 8997
15349 8997
15350 8998
15351 8998
15352 8999
15353 8999
15354 8999
15355 9000
15356 9001
15357 9002
15358 9002
15359 9002
15360 9002
15361 9003
15362 9003
15363 9003
15364 9004
15365 9005
15366 9006
15367 9006
15368 9006
15369 9007
15370 9008
15371 9009
15372 9010
15373 9011
15374 9011
15375 9011
15376 9011
15377 9012
15378 9012
15379 9013
15380 9013
15381 9014
15382 9014
15383 9014
15384 9015
15385 9015
15386 9016
15387 9016
15388 9016
15389 9016
15390 9017
15391 9017
15392 9018
15393 9019
15394 9020
15395 9020
15396 9020
15397 9021
15398 9021
15399 9021
15400 9022
15401 9023
15402 9024
15403 9025
15404 9026
15405 9026
15406 9026
15407 9027
15408 9028
15409 9029
15410 9029
15411 9029
15412 9030
15413 9031
15414 9032
15415 9033
15416 9033
15417 9034
15418 9035
15419 9036
15420 9036
15421 9037
15422 9038
15423 9039
15424 9039
15425 9040
15426 9040
15427 9041
15428 9042
15429 9043
15430 9044
15431 9045
15432 9046
15433 9047
15434 9047
15435 9047
15436 9048
15437 9049
15438 9050
15439 9051
15440 9051
15441 9051
15442 9052
15443 9052
15444 9052
15445 9053
15446 9054
15447 9055
15448 9056
15449 9057
15450 9057
15451 9058
15452 9058
15453 9058
15454 9059
15455 9059
15456 9060
15457 9061
15458 9061
15459 9061
15460 9061
15461 9061
15462 9062
15463 9063
15464 9064
15465 9064
15466 9064
15467 9065
15468 9066
15469 9067
15470 9068
15471 9068
15472 9068
15473 9069
15474 9070
15475 9070
15476 9070
15477 9071
15478 9072
15479 9072
15480 9073
15481 9073
15482 9074
15483 9075
15484 9075
15485 9076
15486 9077
15487 9078
15488 9078
15489 9079
15490 9080
15491 9080
15492 9081
15493 9081
15494 9082
15495 9083
15496 9083
15497 9083
15498 9084
15499 9084
15500 9085
15501 9086
15502 9087
15503 9088
15504 9089
15505 9090
15506 9091
15507 9091
15508 9092
15509 9093
15510 9093
15511 9094
15512 9094
15513 9095
15514 9096
15515 9097
15516 9097
15517 9097
15518 9097
15519 9098
15520 9099
15521 9099
15522 9099
15523 9100
15524 9101
15525 9101
15526 9102
15527 9103
15528 9103
15529 9104
15530 9105
15531 9106
15532 9107
15533 9107
15534 9108
15535 9108
15536 9108
15537 9108
15538 9109
15539 9110
15540 9111
15541 9112
15542 9113
15543 9114
15544 9114
15545 9115
15546 9115
15547 9116
15548 9117
15549 9117
15550 9118
15551 9119
15552 9120
15553 9120
15554 9121
15555 9122
15556 9122
15557 9122
15558 9123
15559 9123
15560 9124
15561 9124
15562 9125
15563 9126
15564 9127
15565 9128
15566 9128
15567 9128
15568 9128
15569 9128
15570 9129
15571 9130
15572 9131
15573 9131
15574 9132
15575 9132
15576 9132
15577 9133
15578 9133
15579 9134
15580 9135
15581 9136
15582 9136
15583 9137
15584 9137
15585 9137
15586 9138
15587 9139
15588 9139
15589 9140
15590 9140
15591 9140
15592 9141
15593 9141
15594 9141
15595 9141
15596 9142
15597 9143
15598 9143
15599 9144
15600 9145
15601 9145
15602 9146
15603 9147
15604 9148
15605 9149
15606 9149
15607 9150
15608 9151
15609 9152
15610 9152
15611 9152
15612 9153
15613 9154
15614 9155
15615 9155
15616 9155
15617 9156
15618 9157
15619 9158
15620 9158
15621 9158
15622 9159
15623 9160
15624 9160
15625 9161
15626 9162
15627 9162
15628 9163
15629 9163
15630 9163
15631 9164
15632 9164
15633 9164
15634 9164
15635 9164
15636 9165
15637 9165
15638 9166
15639 9167
15640 9168
15641 9169
15642 9170
15643 9171
15644 9172
15645 9172
15646 9172
15647 9173
15648 9174
15649 9175
15650 9175
15651 9175
15652 9175
15653 9175
15654 9175
15655 9175
15656 9176
15657 9176
15658 9176
15659 9176
15660 9176
15661 9177
15662 9178
15663 9178
15664 9179
15665 9180
15666 9180
15667 9180
15668 9181
15669 9181
15670 9182
15671 9182
15672 9183
15673 9184
15674 9184
15675 9185
15676 9185
15677 9186
15678 9186
15679 9186
15680 9187
15681 9188
15682 9189
15683 9190
15684 9190
15685 9191
15686 9191
15687 9191
15688 9191
15689 9191
15690 9191
15691 9192
15692 9193
15693 9194
15694 9194
15695 9195
15696 9195
15697 9195
15698 9196
15699 9196
15700 9197
15701 9197
15702 9198
15703 9199
15704 9199
15705 9200
15706 9201
15707 9202
15708 9202
15709 9203
15710 9204
15711 9205
15712 9206
15713 9206
15714 9206
15715 9206
15716 9207
15717 9208
15718 9208
15719 9209
15720 9209
15721 9209
15722 9210
15723 9211
15724 9212
15725 9212
15726 9213
15727 9214
15728 9214
15729 9215
15730 9216
15731 9216
15732 9216
15733 9216
15734 9217
15735 9217
15736 9217
15737 9218
15738 9219
15739 9220
15740 9220
15741 9220
15742 9221
15743 9221
15744 9221
15745 9222
15746 9223
15747 9224
15748 9224
15749 9224
15750 9224
15751 9225
15752 9226
15753 9227
15754 9228
15755 9229
15756 9229
15757 9230
15758 9231
15759 9232
15760 9233
15761 9233
15762 9234
15763 9234
15764 9234
15765 9234
15766 9235
15767 9236
15768 9237
15769 9237
15770 9238
15771 9239
15772 9240
15773 9241
15774 9241
15775 9242
15776 9243
15777 9244
15778 9244
15779 9244
15780 9245
15781 9246
15782 9247
15783 9248
15784 9249
15785 9250
15786 9251
15787 9251
15788 9252
15789 9252
15790 9253
15791 9253
15792 9253
15793 9254
15794 9254
15795 9254
15796 9255
15797 9256
15798 9256
15799 9257
15800 9257
15801 9257
15802 9258
15803 9259
15804 9259
15805 9259
15806 9259
15807 9259
15808 9260
15809 9260
15810 9260
15811 9261
15812 9262
15813 9262
15814 9263
15815 9263
15816 9263
15817 9263
15818 9263
15819 9263
15820 9263
15821 9264
15822 9265
15823 9265
15824 9266
15825 9266
15826 9266
15827 9267
15828 9268
15829 9268
15830 9268
15831 9268
15832 9268
15833 9269
15834 9270
15835 9271
15836 9271
15837 9272
15838 9272
15839 9273
15840 9273
15841 9274
15842 9275
15843 9275
15844 9276
15845 9276
15846 9276
15847 9277
15848 9278
15849 9278
15850 9278
15851 9278
15852 9278
15853 9278
15854 9278
15855 9279
15856 9279
15857 9280
15858 9280
15859 9281
15860 9281
15861 9282
15862 9283
15863 9284
15864 9285
15865 9285
15866 9286
15867 9287
15868 9288
15869 9289
15870 9289
15871 9290
15872 9291
15873 9292
15874 9292
15875 9293
15876 9293
15877 9293
15878 9294
15879 9294
15880 9295
15881 9295
15882 9295
15883 9296
15884 9296
15885 9297
15886 9298
15887 9298
15888 9298
15889 9299
15890 9300
15891 9301
15892 9301
15893 9302
15894 9302
15895 9302
15896 9302
15897 9303
15898 9303
15899 9304
15900 9305
15901 9306
15902 9306
15903 9307
15904 9307
15905 9308
15906 9308
15907 9308
15908 9309
15909 9310
15910 9310
15911 9311
15912 9311
15913 9311
15914 9312
15915 9313
15916 9313
15917 9314
15918 9315
15919 9316
15920 9317
15921 9318
15922 9319
15923 9320
15924 9321
15925 9322
15926 9322
15927 9323
15928 9324
15929 9324
15930 9325
15931 9326
15932 9327
15933 9327
15934 9328
15935 9329
15936 9330
15937 9330
15938 9330
15939 9331
15940 9332
15941 9333
15942 9333
15943 9334
15944 9335
15945 9336
15946 9337
15947 9338
15948 9338
15949 9339
15950 9339
15951 9339
15952 9339
15953 9340
15954 9340
15955 9340
15956 9341
15957 9342
15958 9342
15959 9343
15960 9344
15961 9345
15962 9345
15963 9345
15964 9346
15965 9347
15966 9347
15967 9348
15968 9348
15969 9349
15970 9350
15971 9351
15972 9351
15973 9352
15974 9352
15975 9353
15976 9354
15977 9355
15978 9356
15979 9357
15980 9358
15981 9358
15982 9359
15983 9360
15984 9361
15985 9362
15986 9362
15987 9363
15988 9363
15989 9363
15990 9364
15991 9364
15992 9364
15993 9365
15994 9366
15995 9367
15996 9367
15997 9368
15998 9369
15999 9370
16000 9371
16001 9372
16002 9373
16003 9374
16004 9374
16005 9375
16006 9376
16007 9377
16008 9377
16009 9378
16010 9379
16011 9380
16012 9380
16013 9381
16014 9382
16015 9383
16016 9384
16017 9385
16018 9385
16019 9386
16020 9386
16021 9387
16022 9388
16023 9388
16024 9389
16025 9390
16026 9390
16027 9390
16028 9391
16029 9392
16030 9392
16031 9392
16032 9392
16033 9393
16034 9393
16035 9393
16036 9394
16037 9395
16038 9396
16039 9396
16040 9397
16041 9397
16042 9398
16043 9398
16044 9399
16045 9400
16046 9400
16047 9401
16048 9402
16049 9402
16050 9403
16051 9404
16052 9405
16053 9406
16054 9407
16055 9408
16056 9408
16057 9409
16058 9410
16059 9411
16060 9411
16061 9412
16062 9412
16063 9413
16064 9414
16065 9414
16066 9415
16067 9416
16068 9417
16069 9418
16070 9419
16071 9420
16072 9421
16073 9422
16074 9422
16075 9423
16076 9423
16077 9423
16078 9424
16079 9425
16080 9425
16081 9426
16082 9427
16083 9428
16084 9429
16085 9430
16086 9431
16087 9431
16088 9432
16089 9433
16090 9433
16091 9433
16092 9434
16093 9434
16094 9434
16095 9435
16096 9435
16097 9435
16098 9436
16099 9436
16100 9437
16101 9438
16102 9439
16103 9439
16104 9440
16105 9440
16106 9441
16107 9442
16108 9443
16109 9443
16110 9444
16111 9445
16112 9445
16113 9445
16114 9446
16115 9446
16116 9447
16117 9447
16118 9448
16119 9449
16120 9450
16121 9450
16122 9451
16123 9452
16124 9453
16125 9454
16126 9455
16127 9456
16128 9456
16129 9456
16130 9457
16131 9457
16132 9458
16133 9459
16134 9459
16135 9459
16136 9459
16137 9460
16138 9461
16139 9461
16140 9461
16141 9462
16142 9463
16143 9463
16144 9463
16145 9464
16146 9465
16147 9465
16148 9466
16149 9466
16150 9467
16151 9468
16152 9468
16153 9468
16154 9469
16155 9470
16156 9470
16157 9471
16158 9471
16159 9472
16160 9472
16161 9472
16162 9473
16163 9473
16164 9474
16165 9475
16166 9476
16167 9477
16168 9478
16169 9479
16170 9480
16171 9481
16172 9482
16173 9483
16174 9483
16175 9483
16176 9483
16177 9483
16178 9483
16179 9484
16180 9485
16181 9486
16182 9486
16183 9486
16184 9487
16185 9487
16186 9488
16187 9488
16188 9489
16189 9490
16190 9490
16191 9490
16192 9491
16193 9492
16194 9493
16195 9494
16196 9495
16197 9496
16198 9496
16199 9497
16200 9498
16201 9498
16202 9498
16203 9499
16204 9500
16205 9501
16206 9502
16207 9503
16208 9503
16209 9504
16210 9504
16211 9505
16212 9506
16213 9506
16214 9506
16215 9507
16216 9507
16217 9507
16218 9508
16219 9509
16220 9510
16221 9510
16222 9510
16223 9510
16224 9510
16225 9510
16226 9511
16227 9511
16228 9512
16229 9512
16230 9513
16231 9513
16232 9514
16233 9515
16234 9516
16235 9516
16236 9516
16237 9516
16238 9517
16239 9517
16240 9518
16241 9518
16242 9519
16243 9520
16244 9521
16245 9521
16246 9522
16247 9523
16248 9524
16249 9524
16250 9524
16251 9524
16252 9525
16253 9526
16254 9527
16255 9528
16256 9529
16257 9529
16258 9529
16259 9529
16260 9529
16261 9530
16262 9531
16263 9532
16264 9533
16265 9534
16266 9534
16267 9534
16268 9535
16269 9536
16270 9536
16271 9536
16272 9537
16273 9538
16274 9538
16275 9539
16276 9539
16277 9540
16278 9540
16279 9540
16280 9541
16281 9542
16282 9543
16283 9543
16284 9544
16285 9544
16286 9544
16287 9544
16288 9544
16289 9545
16290 9545
16291 9545
16292 9546
16293 9547
16294 9547
16295 9548
16296 9548
16297 9549
16298 9550
16299 9551
16300 9552
16301 9553
16302 9554
16303 9555
16304 9555
16305 9556
16306 9557
16307 9558
16308 9559
16309 9559
16310 9559
16311 9560
16312 9560
16313 9560
16314 9561
16315 9562
16316 9563
16317 9564
16318 9565
16319 9566
16320 9567
16321 9568
16322 9569
16323 9570
16324 9571
16325 9572
16326 9572
16327 9572
16328 9573
16329 9573
16330 9574
16331 9574
16332 9575
16333 9575
16334 9575
16335 9575
16336 9576
16337 9576
16338 9576
16339 9576
16340 9576
16341 9577
16342 9578
16343 9579
16344 9579
16345 9579
16346 9580
16347 9581
16348 9582
16349 9582
16350 9582
16351 9582
16352 9582
16353 9583
16354 9584
16355 9585
16356 9586
16357 9586
16358 9587
16359 9588
16360 9589
16361 9589
16362 9589
16363 9590
16364 9591
16365 9592
16366 9593
16367 9593
16368 9594
16369 9595
16370 9596
16371 9597
16372 9598
16373 9599
16374 9599
16375 9599
16376 9600
16377 9601
16378 9602
16379 9603
16380 9604
16381 9605
16382 9606
16383 9607
16384 9607
16385 9608
16386 9609
16387 9610
16388 9611
16389 9611
16390 9612
16391 9612
16392 9613
16393 9614
16394 9615
16395 9615
16396 9615
16397 9616
16398 9617
16399 9618
16400 9619
16401 9620
16402 9621
16403 9622
16404 9622
16405 9623
16406 9623
16407 9623
16408 9623
16409 9623
16410 9623
16411 9624
16412 9625
16413 9626
16414 9627
16415 9627
16416 9627
16417 9627
16418 9628
16419 9629
16420 9630
16421 9631
16422 9631
16423 9632
16424 9632
16425 9633
16426 9634
16427 9635
16428 9636
16429 9637
16430 9638
16431 9639
16432 9639
16433 9640
16434 9640
16435 9640
16436 9641
16437 9642
16438 9642
16439 9643
16440 9644
16441 9645
16442 9646
16443 9647
16444 9648
16445 9648
16446 9649
16447 9650
16448 9651
16449 9651
16450 9652
16451 9652
16452 9653
16453 9654
16454 9654
16455 9654
16456 9655
16457 9655
16458 9656
16459 9657
16460 9657
16461 9657
16462 9658
16463 9658
16464 9659
16465 9660
16466 9660
16467 9660
16468 9661
16469 9661
16470 9662
16471 9663
16472 9663
16473 9664
16474 9665
16475 9666
16476 9666
16477 9666
16478 9667
16479 9668
16480 9668
16481 9669
16482 9669
16483 9670
16484 9671
16485 9671
16486 9671
16487 9671
16488 9672
16489 9673
16490 9674
16491 9674
16492 9674
16493 9675
16494 9675
16495 9676
16496 9676
16497 9677
16498 9678
16499 9679
16500 9680
16501 9681
16502 9682
16503 9683
16504 9683
16505 9683
16506 9684
16507 9685
16508 9686
16509 9687
16510 9687
16511 9688
16512 9689
16513 9690
16514 9690
16515 9690
16516 9691
16517 9691
16518 9692
16519 9693
16520 9694
16521 9694
16522 9694
16523 9695
16524 9696
16525 9696
16526 9697
16527 9698
16528 9698
16529 9699
16530 9699
16531 9699
16532 9700
16533 9701
16534 9701
16535 9702
16536 9702
16537 9703
16538 9704
16539 9705
16540 9706
16541 9706
16542 9706
16543 9707
16544 9707
16545 9708
16546 9709
16547 9709
16548 9710
16549 9711
16550 9711
16551 9712
16552 9712
16553 9712
16554 9713
16555 9714
16556 9715
16557 9716
16558 9717
16559 9718
16560 9719
16561 9720
16562 9721
16563 9722
16564 9723
16565 9724
16566 9724
16567 9725
16568 9725
16569 9726
16570 9727
16571 9727
16572 9728
16573 9729
16574 9730
16575 9731
16576 9732
16577 9732
16578 9732
16579 9732
16580 9732
16581 9732
16582 9733
16583 9733
16584 9734
16585 9734
16586 9735
16587 9735
16588 9735
16589 9736
16590 9737
16591 9737
16592 9737
16593 9737
16594 9737
16595 9737
16596 9737
16597 9737
16598 9737
16599 9737
16600 9738
16601 9739
16602 9740
16603 9741
16604 9742
16605 9743
16606 9744
16607 9745
16608 9746
16609 9746
16610 9746
16611 9746
16612 9747
16613 9748
16614 9748
16615 9748
16616 9749
16617 9749
16618 9750
16619 9750
16620 9751
16621 9751
16622 9752
16623 9753
16624 9753
16625 9754
16626 9755
16627 9755
16628 9755
16629 9756
16630 9757
16631 9758
16632 9758
16633 9759
16634 9760
16635 9761
16636 9762
16637 9762
16638 9763
16639 9763
16640 9764
16641 9765
16642 9766
16643 9766
16644 9766
16645 9767
16646 9768
16647 9768
16648 9769
16649 9770
16650 9771
16651 9772
16652 9772
16653 9773
16654 9774
16655 9775
16656 9775
16657 9776
16658 9777
16659 9777
16660 9778
16661 9779
16662 9779
16663 9779
16664 9780
16665 9781
16666 9781
16667 9781
16668 9782
16669 9782
16670 9782
16671 9783
16672 9783
16673 9784
16674 9784
16675 9784
16676 9784
16677 9784
16678 9785
16679 9786
16680 9787
16681 9787
16682 9787
16683 9788
16684 9789
16685 9789
16686 9790
16687 9791
16688 9791
16689 9792
16690 9792
16691 9792
16692 9792
16693 9793
16694 9794
16695 9794
16696 9794
16697 9794
16698 9795
16699 9795
16700 9796
16701 9797
16702 9798
16703 9799
16704 9800
16705 9801
16706 9802
16707 9803
16708 9803
16709 9803
16710 9804
16711 9805
16712 9806
16713 9807
16714 9807
16715 9808
16716 9808
16717 9809
16718 9810
16719 9811
16720 9812
16721 9813
16722 9813
16723 9814
16724 9815
16725 9816
16726 9816
16727 9816
16728 9817
16729 9818
16730 9819
16731 9820
16732 9821
16733 9821
16734 9821
16735 9822
16736 9823
16737 9824
16738 9824
16739 9824
16740 9825
16741 9826
16742 9826
16743 9826
16744 9827
16745 9828
16746 9829
16747 9829
16748 9830
16749 9831
16750 9832
16751 9833
16752 9834
16753 9834
16754 9835
16755 9835
16756 9835
16757 9836
16758 9836
16759 9836
16760 9836
16761 9837
16762 9838
16763 9839
16764 9840
16765 9840
16766 9840
16767 9841
16768 9841
16769 9841
16770 9841
16771 9841
16772 9842
16773 9843
16774 9843
16775 9843
16776 9843
16777 9844
16778 9845
16779 9846
16780 9846
16781 9846
16782 9847
16783 9848
16784 9849
16785 9849
16786 9849
16787 9849
16788 9849
16789 9850
16790 9851
16791 9851
16792 9851
16793 9852
16794 9853
16795 9854
16796 9854
16797 9855
16798 9856
16799 9856
16800 9857
16801 9858
16802 9858
16803 9859
16804 9860
16805 9861
16806 9861
16807 9861
16808 9861
16809 9862
16810 9863
16811 9864
16812 9864
16813 9865
16814 9866
16815 9866
16816 9866
16817 9867
16818 9868
16819 9869
16820 9870
16821 9870
16822 9870
16823 9870
16824 9870
16825 9870
16826 9871
16827 9872
16828 9873
16829 9873
16830 9873
16831 9874
16832 9875
16833 9875
16834 9875
16835 9876
16836 9877
16837 9878
16838 9879
16839 9879
16840 9880
16841 9880
16842 9880
16843 9881
16844 9882
16845 9883
16846 9883
16847 9884
16848 9885
16849 9886
16850 9886
16851 9886
16852 9887
16853 9887
16854 9887
16855 9887
16856 9887
16857 9888
16858 9889
16859 9889
16860 9890
16861 9891
16862 9891
16863 9891
16864 9891
16865 9892
16866 9893
16867 9894
16868 9895
16869 9896
16870 9897
16871 9897
16872 9898
16873 9899
16874 9900
16875 9901
16876 9902
16877 9903
16878 9904
16879 9905
16880 9906
16881 9906
16882 9907
16883 9907
16884 9908
16885 9909
16886 9910
16887 9911
16888 9912
16889 9912
16890 9913
16891 9913
16892 9914
16893 9914
16894 9915
16895 9916
16896 9917
16897 9918
16898 9919
16899 9920
16900 9920
16901 9921
16902 9922
16903 9922
16904 9923
16905 9924
16906 9925
16907 9926
16908 9927
16909 9928
16910 9929
16911 9930
16912 9930
16913 9931
16914 9931
16915 9931
16916 9932
16917 9933
16918 9933
16919 9934
16920 9935
16921 9936
16922 9936
16923 9936
16924 9937
16925 9937
16926 9937
16927 9937
16928 9938
16929 9938
16930 9939
16931 9940
16932 9941
16933 9941
16934 9942
16935 9942
16936 9942
16937 9942
16938 9943
16939 9944
16940 9945
16941 9945
16942 9946
16943 9946
16944 9946
16945 9947
16946 9948
16947 9949
16948 9950
16949 9950
16950 9951
16951 9952
16952 9953
16953 9953
16954 9954
16955 9954
16956 9954
16957 9955
16958 9956
16959 9956
16960 9957
16961 9958
16962 9959
16963 9960
16964 9961
16965 9962
16966 9963
16967 9963
16968 9963
16969 9964
16970 9964
16971 9965
16972 9966
16973 9966
16974 9967
16975 9967
16976 9968
16977 9968
16978 9969
16979 9969
16980 9969
16981 9970
16982 9971
16983 9971
16984 9971
16985 9972
16986 9973
16987 9973
16988 9974
16989 9975
16990 9976
16991 9977
16992 9978
16993 9979
16994 9980
16995 9980
16996 9981
16997 9981
16998 9981
16999 9981
17000 9982
17001 9983
17002 9983
17003 9984
17004 9984
17005 9984
17006 9985
17007 9986
17008 9987
17009 9987
17010 9987
17011 9987
17012 9987
17013 9988
17014 9988
17015 9988
17016 9988
17017 9988
17018 9988
17019 9989
17020 9989
17021 9989
17022 9989
17023 9990
17024 9991
17025 9992
17026 9993
17027 9993
17028 9994
17029 9994
17030 9994
17031 9995
17032 9996
17033 9997
17034 9998
17035 9999
17036 9999
17037 10000
17038 10001
17039 10001
17040 10001
17041 10001
17042 10002
17043 10003
17044 10003
17045 10003
17046 10004
17047 10004
17048 10004
17049 10004
17050 10004
17051 10004
17052 10005
17053 10006
17054 10006
17055 10007
17056 10007
17057 10007
17058 10008
17059 10008
17060 10009
17061 10009
17062 10009
17063 10010
17064 10011
17065 10011
17066 10012
17067 10013
17068 10014
17069 10014
17070 10015
17071 10016
17072 10017
17073 10017
17074 10017
17075 10018
17076 10019
17077 10020
17078 10020
17079 10020
17080 10021
17081 10021
17082 10021
17083 10022
17084 10023
17085 10024
17086 10025
17087 10026
17088 10027
17089 10027
17090 10027
17091 10028
17092 10029
17093 10030
17094 10031
17095 10031
17096 10031
17097 10032
17098 10033
17099 10033
17100 10034
17101 10034
17102 10035
17103 10035
17104 10035
17105 10036
17106 10037
17107 10038
17108 10038
17109 10038
17110 10038
17111 10038
17112 10039
17113 10040
17114 10041
17115 10042
17116 10042
17117 10042
17118 10043
17119 10043
17120 10043
17121 10044
17122 10045
17123 10045
17124 10046
17125 10046
17126 10046
17127 10047
17128 10048
17129 10049
17130 10049
17131 10049
17132 10050
17133 10051
17134 10052
17135 10052
17136 10053
17137 10053
17138 10054
17139 10054
17140 10055
17141 10055
17142 10056
17143 10056
17144 10056
17145 10056
17146 10057
17147 10058
17148 10059
17149 10060
17150 10061
17151 10062
17152 10063
17153 10063
17154 10064
17155 10065
17156 10066
17157 10066
17158 10067
17159 10068
17160 10068
17161 10068
17162 10069
17163 10070
17164 10070
17165 10071
17166 10072
17167 10073
17168 10074
17169 10074
17170 10075
17171 10075
17172 10075
17173 10075
17174 10076
17175 10076
17176 10076
17177 10076
17178 10077
17179 10077
17180 10078
17181 10079
17182 10079
17183 10080
17184 10080
17185 10081
17186 10081
17187 10082
17188 10082
17189 10082
17190 10082
17191 10083
17192 10083
17193 10084
17194 10085
17195 10086
17196 10087
17197 10087
17198 10087
17199 10088
17200 10089
17201 10089
17202 10089
17203 10090
17204 10090
17205 10091
17206 10092
17207 10092
17208 10093
17209 10093
17210 10093
17211 10093
17212 10094
17213 10094
17214 10095
17215 10096
17216 10096
17217 10097
17218 10098
17219 10099
17220 10100
17221 10101
17222 10102
17223 10102
17224 10103
17225 10103
17226 10104
17227 10105
17228 10105
17229 10106
17230 10107
17231 10107
17232 10107
17233 10108
17234 10108
17235 10109
17236 10109
17237 10110
17238 10111
17239 10112
17240 10112
17241 10112
17242 10112
17243 10113
17244 10114
17245 10114
17246 10115
17247 10116
17248 10117
17249 10117
17250 10118
17251 10119
17252 10120
17253 10121
17254 10121
17255 10121
17256 10122
17257 10122
17258 10123
17259 10124
17260 10124
17261 10124
17262 10125
17263 10125
17264 10126
17265 10126
17266 10127
17267 10128
17268 10128
17269 10129
17270 10129
17271 10130
17272 10130
17273 10130
17274 10130
17275 10131
17276 10132
17277 10132
17278 10133
17279 10134
17280 10135
17281 10136
17282 10137
17283 10138
17284 10139
17285 10140
17286 10141
17287 10141
17288 10142
17289 10142
17290 10143
17291 10144
17292 10145
17293 10145
17294 10145
17295 10146
17296 10147
17297 10148
17298 10148
17299 10149
17300 10150
17301 10150
17302 10150
17303 10151
17304 10151
17305 10152
17306 10153
17307 10154
17308 10154
17309 10155
17310 10155
17311 10156
17312 10157
17313 10157
17314 10157
17315 10158
17316 10158
17317 10158
17318 10159
17319 10159
17320 10159
17321 10160
17322 10160
17323 10160
17324 10160
17325 10161
17326 10161
17327 10162
17328 10162
17329 10162
17330 10163
17331 10163
17332 10164
17333 10165
17334 10166
17335 10167
17336 10168
17337 10168
17338 10168
17339 10168
17340 10168
17341 10168
17342 10169
17343 10169
17344 10170
17345 10170
17346 10170
17347 10171
17348 10171
17349 10171
17350 10171
17351 10171
17352 10171
17353 10172
17354 10173
17355 10173
17356 10174
17357 10175
17358 10175
17359 10176
17360 10176
17361 10177
17362 10177
17363 10177
17364 10177
17365 10178
17366 10179
17367 10180
17368 10181
17369 10182
17370 10183
17371 10183
17372 10184
17373 10184
17374 10185
17375 10186
17376 10187
17377 10187
17378 10188
17379 10189
17380 10190
17381 10190
17382 10190
17383 10191
17384 10192
17385 10193
17386 10194
17387 10194
17388 10194
17389 10195
17390 10196
17391 10196
17392 10197
17393 10198
17394 10199
17395 10199
17396 10199
17397 10200
17398 10200
17399 10201
17400 10202
17401 10203
17402 10204
17403 10205
17404 10205
17405 10206
17406 10206
17407 10207
17408 10207
17409 10208
17410 10208
17411 10209
17412 10210
17413 10211
17414 10211
17415 10211
17416 10212
17417 10212
17418 10213
17419 10213
17420 10213
17421 10214
17422 10214
17423 10214
17424 10214
17425 10215
17426 10215
17427 10216
17428 10217
17429 10218
17430 10219
17431 10220
17432 10220
17433 10221
17434 10221
17435 10222
17436 10223
17437 10224
17438 10225
17439 10226
17440 10226
17441 10227
17442 10228
17443 10229
17444 10230
17445 10231
17446 10232
17447 10233
17448 10234
17449 10234
17450 10235
17451 10235
17452 10235
17453 10236
17454 10236
17455 10237
17456 10238
17457 10238
17458 10238
17459 10239
17460 10240
17461 10240
17462 10240
17463 10240
17464 10241
17465 10241
17466 10241
17467 10242
17468 10243
17469 10243
17470 10243
17471 10243
17472 10243
17473 10244
17474 10245
17475 10246
17476 10247
17477 10247
17478 10248
17479 10248
17480 10249
17481 10249
17482 10250
17483 10250
17484 10251
17485 10251
17486 10252
17487 10253
17488 10254
17489 10254
17490 10255
17491 10255
17492 10256
17493 10257
17494 10257
17495 10257
17496 10258
17497 10259
17498 10260
17499 10261
17500 10262
17501 10263
17502 10264
17503 10264
17504 10265
17505 10265
17506 10265
17507 10266
17508 10266
17509 10266
17510 10267
17511 10268
17512 10268
17513 10269
17514 10269
17515 10270
17516 10271
17517 10271
17518 10271
17519 10271
17520 10272
17521 10272
17522 10273
17523 10274
17524 10275
17525 10276
17526 10276
17527 10277
17528 10277
17529 10277
17530 10277
17531 10277
17532 10277
17533 10278
17534 10279
17535 10279
17536 10280
17537 10280
17538 10281
17539 10282
17540 10283
17541 10284
17542 10285
17543 10285
17544 10286
17545 10287
17546 10287
17547 10287
17548 10288
17549 10288
17550 10289
17551 10290
17552 10290
17553 10291
17554 10291
17555 10292
17556 10292
17557 10293
17558 10293
17559 10293
17560 10294
17561 10295
17562 10295
17563 10296
17564 10297
17565 10297
17566 10297
17567 10298
17568 10298
17569 10299
17570 10300
17571 10300
17572 10300
17573 10301
17574 10302
17575 10303
17576 10303
17577 10304
17578 10304
17579 10305
17580 10306
17581 10306
17582 10307
17583 10308
17584 10309
17585 10309
17586 10310
17587 10310
17588 10310
17589 10311
17590 10312
17591 10312
17592 10313
17593 10314
17594 10314
17595 10314
17596 10315
17597 10315
17598 10316
17599 10316
17600 10317
17601 10317
17602 10318
17603 10318
17604 10319
17605 10320
17606 10321
17607 10322
17608 10322
17609 10323
17610 10324
17611 10325
17612 10325
17613 10326
17614 10326
17615 10327
17616 10328
17617 10328
17618 10329
17619 10329
17620 10329
17621 10330
17622 10330
17623 10330
17624 10331
17625 10331
17626 10332
17627 10333
17628 10334
17629 10334
17630 10335
17631 10336
17632 10336
17633 10337
17634 10337
17635 10337
17636 10338
17637 10338
17638 10339
17639 10339
17640 10340
17641 10340
17642 10341
17643 10342
17644 10343
17645 10343
17646 10344
17647 10345
17648 10346
17649 10347
17650 10348
17651 10349
17652 10349
17653 10349
17654 10350
17655 10350
17656 10351
17657 10352
17658 10353
17659 10354
17660 10355
17661 10355
17662 10355
17663 10356
17664 10356
17665 10357
17666 10357
17667 10358
17668 10359
17669 10359
17670 10360
17671 10361
17672 10362
17673 10362
17674 10363
17675 10364
17676 10364
17677 10365
17678 10365
17679 10366
17680 10367
17681 10367
17682 10367
17683 10367
17684 10367
17685 10368
17686 10369
17687 10369
17688 10370
17689 10371
17690 10372
17691 10373
17692 10374
17693 10375
17694 10376
17695 10377
17696 10377
17697 10378
17698 10379
17699 10380
17700 10380
17701 10381
17702 10381
17703 10382
17704 10382
17705 10383
17706 10384
17707 10384
17708 10385
17709 10386
17710 10387
17711 10387
17712 10388
17713 10388
17714 10389
17715 10389
17716 10389
17717 10390
17718 10391
17719 10391
17720 10392
17721 10393
17722 10394
17723 10394
17724 10395
17725 10396
17726 10397
17727 10398
17728 10399
17729 10399
17730 10399
17731 10400
17732 10401
17733 10402
17734 10403
17735 10404
17736 10405
17737 10406
17738 10407
17739 10407
17740 10408
17741 10409
17742 10410
17743 10410
17744 10410
17745 10411
17746 10412
17747 10413
17748 10413
17749 10414
17750 10415
17751 10415
17752 10416
17753 10416
17754 10417
17755 10418
17756 10418
17757 10418
17758 10418
17759 10419
17760 10420
17761 10420
17762 10421
17763 10421
17764 10421
17765 10422
17766 10423
17767 10423
17768 10424
17769 10425
17770 10426
17771 10427
17772 10428
17773 10429
17774 10429
17775 10430
17776 10430
17777 10431
17778 10431
17779 10432
17780 10433
17781 10433
17782 10433
17783 10434
17784 10434
17785 10434
17786 10435
17787 10436
17788 10436
17789 10436
17790 10437
17791 10437
17792 10438
17793 10439
17794 10440
17795 10441
17796 10441
17797 10442
17798 10442
17799 10442
17800 10443
17801 10443
17802 10444
17803 10445
17804 10445
17805 10445
17806 10445
17807 10446
17808 10447
17809 10447
17810 10448
17811 10448
17812 10448
17813 10449
17814 10450
17815 10451
17816 10452
17817 10453
17818 10453
17819 10454
17820 10455
17821 10456
17822 10456
17823 10457
17824 10457
17825 10457
17826 10458
17827 10459
17828 10459
17829 10460
17830 10460
17831 10461
17832 10461
17833 10462
17834 10463
17835 10464
17836 10464
17837 10464
17838 10465
17839 10466
17840 10467
17841 10468
17842 10469
17843 10470
17844 10470
17845 10470
17846 10470
17847 10471
17848 10472
17849 10473
17850 10474
17851 10474
17852 10475
17853 10476
17854 10476
17855 10476
17856 10477
17857 10478
17858 10479
17859 10480
17860 10481
17861 10482
17862 10483
17863 10483
17864 10483
17865 10484
17866 10484
17867 10484
17868 10485
17869 10486
17870 10486
17871 10487
17872 10488
17873 10489
17874 10490
17875 10490
17876 10491
17877 10491
17878 10492
17879 10492
17880 10492
17881 10493
17882 10494
17883 10494
17884 10494
17885 10495
17886 10496
17887 10497
17888 10497
17889 10498
17890 10498
17891 10499
17892 10500
17893 10501
17894 10501
17895 10501
17896 10502
17897 10502
17898 10502
17899 10502
17900 10503
17901 10504
17902 10505
17903 10505
17904 10505
17905 10506
17906 10506
17907 10506
17908 10506
17909 10506
17910 10507
17911 10508
17912 10508
17913 10509
17914 10510
17915 10511
17916 10512
17917 10512
17918 10512
17919 10513
17920 10513
17921 10513
17922 10514
17923 10515
17924 10516
17925 10516
17926 10516
17927 10516
17928 10517
17929 10518
17930 10518
17931 10519
17932 10519
17933 10519
17934 10519
17935 10520
17936 10520
17937 10521
17938 10522
17939 10522
17940 10523
17941 10523
17942 10524
17943 10525
17944 10526
17945 10527
17946 10527
17947 10527
17948 10527
17949 10528
17950 10529
17951 10530
17952 10530
17953 10530
17954 10530
17955 10530
17956 10531
17957 10531
17958 10532
17959 10532
17960 10532
17961 10533
17962 10534
17963 10535
17964 10536
17965 10536
17966 10537
17967 10537
17968 10537
17969 10537
17970 10538
17971 10539
17972 10539
17973 10540
17974 10540
17975 10540
17976 10540
17977 10540
17978 10540
17979 10541
17980 10542
17981 10542
17982 10543
17983 10543
17984 10543
17985 10544
17986 10544
17987 10545
17988 10546
17989 10546
17990 10546
17991 10547
17992 10547
17993 10548
17994 10549
17995 10550
17996 10551
17997 10551
17998 10552
17999 10553
18000 10553
18001 10554
18002 10555
18003 10555
18004 10556
18005 10556
18006 10556
18007 10556
18008 10556
18009 10557
18010 10558
18011 10558
18012 10559
18013 10560
18014 10561
18015 10561
18016 10562
18017 10563
18018 10564
18019 10565
18020 10566
18021 10567
18022 10568
18023 10569
18024 10569
18025 10570
18026 10570
18027 10570
18028 10571
18029 10571
18030 10571
18031 10572
18032 10572
18033 10573
18034 10574
18035 10575
18036 10576
18037 10577
18038 10578
18039 10579
18040 10579
18041 10579
18042 10579
18043 10580
18044 10580
18045 10581
18046 10581
18047 10582
18048 10583
18049 10584
18050 10584
18051 10585
18052 10585
18053 10585
18054 10586
18055 10587
18056 10588
18057 10589
18058 10589
18059 10589
18060 10590
18061 10591
18062 10591
18063 10591
18064 10592
18065 10592
18066 10592
18067 10592
18068 10593
18069 10593
18070 10594
18071 10595
18072 10595
18073 10595
18074 10595
18075 10596
18076 10597
18077 10598
18078 10599
18079 10600
18080 10601
18081 10601
18082 10602
18083 10603
18084 10603
18085 10604
18086 10604
18087 10605
18088 10606
18089 10606
18090 10607
18091 10608
18092 10608
18093 10608
18094 10609
18095 10610
18096 10611
18097 10612
18098 10612
18099 10613
18100 10613
18101 10614
18102 10615
18103 10616
18104 10616
18105 10616
18106 10616
18107 10617
18108 10617
18109 10617
18110 10618
18111 10618
18112 10618
18113 10619
18114 10620
18115 10621
18116 10622
18117 10622
18118 10623
18119 10623
18120 10624
18121 10625
18122 10626
18123 10626
18124 10627
18125 10627
18126 10628
18127 10628
18128 10628
18129 10629
18130 10629
18131 10630
18132 10630
18133 10631
18134 10632
18135 10632
18136 10632
18137 10633
18138 10633
18139 10633
18140 10633
18141 10634
18142 10635
18143 10636
18144 10636
18145 10636
18146 10637
18147 10638
18148 10638
18149 10638
18150 10639
18151 10640
18152 10640
18153 10641
18154 10641
18155 10641
18156 10641
18157 10642
18158 10642
18159 10643
18160 10644
18161 10645
18162 10645
18163 10646
18164 10647
18165 10647
18166 10647
18167 10648
18168 10648
18169 10649
18170 10650
18171 10651
18172 10651
18173 10651
18174 10652
18175 10652
18176 10652
18177 10653
18178 10654
18179 10655
18180 10656
18181 10656
18182 10657
18183 10658
18184 10658
18185 10659
18186 10660
18187 10660
18188 10661
18189 10662
18190 10663
18191 10664
18192 10664
18193 10665
18194 10666
18195 10667
18196 10668
18197 10669
18198 10669
18199 10670
18200 10670
18201 10670
18202 10670
18203 10671
18204 10671
18205 10672
18206 10672
18207 10672
18208 10673
18209 10674
18210 10675
18211 10676
18212 10677
18213 10678
18214 10679
18215 10680
18216 10681
18217 10682
18218 10683
18219 10684
18220 10684
18221 10685
18222 10686
18223 10686
18224 10687
18225 10687
18226 10687
18227 10688
18228 10689
18229 10689
18230 10689
18231 10690
18232 10690
18233 10690
18234 10690
18235 10691
18236 10691
18237 10692
18238 10692
18239 10692
18240 10693
18241 10694
18242 10694
18243 10695
18244 10696
18245 10696
18246 10697
18247 10698
18248 10698
18249 10699
18250 10699
18251 10700
18252 10701
18253 10702
18254 10703
18255 10704
18256 10705
18257 10705
18258 10706
18259 10706
18260 10707
18261 10708
18262 10709
18263 10710
18264 10711
18265 10712
18266 10713
18267 10714
18268 10715
18269 10716
18270 10717
18271 10717
18272 10718
18273 10719
18274 10720
18275 10720
18276 10720
18277 10721
18278 10721
18279 10722
18280 10722
18281 10722
18282 10723
18283 10723
18284 10724
18285 10724
18286 10725
18287 10726
18288 10726
18289 10727
18290 10728
18291 10728
18292 10728
18293 10728
18294 10728
18295 10729
18296 10730
18297 10731
18298 10732
18299 10732
18300 10733
18301 10734
18302 10734
18303 10735
18304 10735
18305 10736
18306 10737
18307 10737
18308 10737
18309 10737
18310 10737
18311 10738
18312 10739
18313 10740
18314 10740
18315 10741
18316 10741
18317 10742
18318 10743
18319 10744
18320 10744
18321 10745
18322 10745
18323 10746
18324 10747
18325 10747
18326 10748
18327 10749
18328 10750
18329 10751
18330 10752
18331 10753
18332 10753
18333 10754
18334 10754
18335 10755
18336 10755
18337 10756
18338 10757
18339 10757
18340 10758
18341 10758
18342 10759
18343 10760
18344 10761
18345 10762
18346 10762
18347 10762
18348 10763
18349 10763
18350 10763
18351 10763
18352 10764
18353 10764
18354 10765
18355 10766
18356 10767
18357 10767
18358 10767
18359 10767
18360 10768
18361 10768
18362 10769
18363 10770
18364 10771
18365 10772
18366 10772
18367 10773
18368 10774
18369 10774
18370 10775
18371 10775
18372 10775
18373 10776
18374 10776
18375 10777
18376 10777
18377 10777
18378 10778
18379 10779
18380 10779
18381 10779
18382 10779
18383 10780
18384 10781
18385 10781
18386 10782
18387 10782
18388 10782
18389 10783
18390 10783
18391 10784
18392 10784
18393 10784
18394 10785
18395 10786
18396 10787
18397 10787
18398 10788
18399 10789
18400 10790
18401 10791
18402 10792
18403 10792
18404 10793
18405 10794
18406 10795
18407 10795
18408 10795
18409 10795
18410 10796
18411 10797
18412 10798
18413 10799
18414 10800
18415 10800
18416 10801
18417 10801
18418 10802
18419 10802
18420 10802
18421 10803
18422 10804
18423 10805
18424 10805
18425 10806
18426 10807
18427 10807
18428 10808
18429 10808
18430 10808
18431 10808
18432 10809
18433 10810
18434 10811
18435 10811
18436 10811
18437 10811
18438 10812
18439 10813
18440 10814
18441 10814
18442 10815
18443 10815
18444 10816
18445 10817
18446 10817
18447 10817
18448 10818
18449 10819
18450 10820
18451 10821
18452 10821
18453 10821
18454 10822
18455 10822
18456 10822
18457 10823
18458 10824
18459 10825
18460 10825
18461 10826
18462 10827
18463 10828
18464 10828
18465 10828
18466 10829
18467 10830
18468 10831
18469 10831
18470 10831
18471 10832
18472 10832
18473 10832
18474 10833
18475 10833
18476 10834
18477 10834
18478 10835
18479 10835
18480 10835
18481 10836
18482 10837
18483 10838
18484 10838
18485 10838
18486 10838
18487 10838
18488 10839
18489 10839
18490 10840
18491 10841
18492 10842
18493 10843
18494 10843
18495 10843
18496 10844
18497 10845
18498 10845
18499 10846
18500 10847
18501 10847
18502 10847
18503 10847
18504 10848
18505 10849
18506 10849
18507 10850
18508 10851
18509 10852
18510 10853
18511 10854
18512 10854
18513 10855
18514 10855
18515 10855
18516 10855
18517 10856
18518 10856
18519 10857
18520 10857
18521 10857
18522 10857
18523 10858
18524 10859
18525 10859
18526 10860
18527 10861
18528 10861
18529 10861
18530 10861
18531 10862
18532 10863
18533 10864
18534 10865
18535 10865
18536 10865
18537 10866
18538 10866
18539 10867
18540 10868
18541 10869
18542 10870
18543 10871
18544 10871
18545 10872
18546 10872
18547 10872
18548 10872
18549 10872
18550 10872
18551 10872
18552 10872
18553 10872
18554 10873
18555 10874
18556 10874
18557 10875
18558 10875
18559 10876
18560 10877
18561 10877
18562 10878
18563 10879
18564 10879
18565 10879
18566 10880
18567 10880
18568 10880
18569 10881
18570 10882
18571 10882
18572 10883
18573 10884
18574 10885
18575 10886
18576 10887
18577 10887
18578 10887
18579 10888
18580 10888
18581 10888
18582 10888
18583 10889
18584 10890
18585 10891
18586 10892
18587 10893
18588 10894
18589 10895
18590 10896
18591 10896
18592 10897
18593 10898
18594 10898
18595 10899
18596 10900
18597 10901
18598 10901
18599 10901
18600 10902
18601 10902
18602 10902
18603 10903
18604 10904
18605 10905
18606 10906
18607 10906
18608 10907
18609 10908
18610 10909
18611 10910
18612 10911
18613 10912
18614 10913
18615 10913
18616 10914
18617 10914
18618 10915
18619 10915
18620 10916
18621 10916
18622 10917
18623 10918
18624 10918
18625 10919
18626 10919
18627 10920
18628 10921
18629 10922
18630 10923
18631 10923
18632 10924
18633 10924
18634 10924
18635 10925
18636 10926
18637 10926
18638 10926
18639 10926
18640 10927
18641 10928
18642 10929
18643 10929
18644 10930
18645 10930
18646 10931
18647 10932
18648 10933
18649 10934
18650 10935
18651 10936
18652 10936
18653 10937
18654 10937
18655 10938
18656 10938
18657 10938
18658 10939
18659 10939
18660 10939
18661 10940
18662 10941
18663 10942
18664 10942
18665 10943
18666 10943
18667 10943
18668 10943
18669 10944
18670 10944
18671 10944
18672 10944
18673 10944
18674 10945
18675 10945
18676 10946
18677 10946
18678 10946
18679 10947
18680 10948
18681 10949
18682 10950
18683 10951
18684 10952
18685 10952
18686 10952
18687 10952
18688 10953
18689 10954
18690 10955
18691 10955
18692 10956
18693 10957
18694 10958
18695 10959
18696 10960
18697 10961
18698 10962
18699 10962
18700 10963
18701 10963
18702 10963
18703 10963
18704 10963
18705 10964
18706 10965
18707 10966
18708 10966
18709 10967
18710 10967
18711 10967
18712 10967
18713 10968
18714 10968
18715 10969
18716 10969
18717 10970
18718 10970
18719 10970
18720 10970
18721 10971
18722 10971
18723 10971
18724 10972
18725 10973
18726 10973
18727 10973
18728 10974
18729 10975
18730 10976
18731 10976
18732 10977
18733 10978
18734 10978
18735 10979
18736 10980
18737 10980
18738 10980
18739 10981
18740 10981
18741 10982
18742 10983
18743 10983
18744 10984
18745 10985
18746 10986
18747 10987
18748 10988
18749 10988
18750 10989
18751 10989
18752 10990
18753 10990
18754 10990
18755 10991
18756 10992
18757 10992
18758 10993
18759 10993
18760 10994
18761 10994
18762 10995
18763 10996
18764 10997
18765 10998
18766 10999
18767 10999
18768 11000
18769 11001
18770 11002
18771 11002
18772 11002
18773 11003
18774 11003
18775 11003
18776 11003
18777 11004
18778 11005
18779 11006
18780 11007
18781 11008
18782 11009
18783 11009
18784 11009
18785 11009
18786 11010
18787 11010
18788 11010
18789 11010
18790 11011
18791 11012
18792 11012
18793 11013
18794 11014
18795 11014
18796 11015
18797 11016
18798 11017
18799 11018
18800 11019
18801 11020
18802 11021
18803 11021
18804 11022
18805 11023
18806 11023
18807 11023
18808 11023
18809 11023
18810 11024
18811 11024
18812 11025
18813 11026
18814 11026
18815 11026
18816 11026
18817 11027
18818 11027
18819 11027
18820 11027
18821 11028
18822 11028
18823 11028
18824 11029
18825 11029
18826 11030
18827 11030
18828 11030
18829 11030
18830 11030
18831 11031
18832 11032
18833 11033
18834 11034
18835 11035
18836 11035
18837 11036
18838 11037
18839 11037
18840 11037
18841 11037
18842 11038
18843 11039
18844 11040
18845 11041
18846 11041
18847 11042
18848 11042
18849 11042
18850 11043
18851 11044
18852 11045
18853 11045
18854 11045
18855 11045
18856 11045
18857 11046
18858 11046
18859 11047
18860 11048
18861 11049
18862 11049
18863 11049
18864 11049
18865 11049
18866 11050
18867 11050
18868 11051
18869 11051
18870 11051
18871 11052
18872 11052
18873 11053
18874 11054
18875 11055
18876 11055
18877 11055
18878 11055
18879 11056
18880 11056
18881 11056
18882 11056
18883 11057
18884 11057
18885 11058
18886 11059
18887 11060
18888 11061
18889 11062
18890 11063
18891 11063
18892 11063
18893 11064
18894 11065
18895 11066
18896 11067
18897 11067
18898 11068
18899 11068
18900 11068
18901 11068
18902 11069
18903 11070
18904 11070
18905 11071
18906 11072
18907 11073
18908 11074
18909 11074
18910 11075
18911 11076
18912 11077
18913 11078
18914 11079
18915 11079
18916 11079
18917 11079
18918 11080
18919 11080
18920 11081
18921 11082
18922 11083
18923 11084
18924 11084
18925 11084
18926 11085
18927 11085
18928 11086
18929 11086
18930 11086
18931 11086
18932 11086
18933 11087
18934 11088
18935 11089
18936 11089
18937 11089
18938 11089
18939 11090
18940 11091
18941 11092
18942 11093
18943 11093
18944 11093
18945 11094
18946 11094
18947 11095
18948 11096
18949 11097
18950 11098
18951 11099
18952 11099
18953 11099
18954 11100
18955 11101
18956 11102
18957 11102
18958 11102
18959 11102
18960 11103
18961 11104
18962 11105
18963 11105
18964 11106
18965 11106
18966 11107
18967 11108
18968 11109
18969 11109
18970 11109
18971 11110
18972 11111
18973 11112
18974 11112
18975 11113
18976 11114
18977 11114
18978 11115
18979 11116
18980 11116
18981 11117
18982 11118
18983 11119
18984 11119
18985 11120
18986 11120
18987 11121
18988 11121
18989 11121
18990 11121
18991 11122
18992 11123
18993 11123
18994 11123
18995 11124
18996 11124
18997 11124
18998 11124
18999 11124
19000 11125
19001 11125
19002 11125
19003 11125
19004 11126
19005 11127
19006 11128
19007 11128
19008 11129
19009 11129
19010 11130
19011 11131
19012 11132
19013 11132
19014 11132
19015 11133
19016 11133
19017 11134
19018 11135
19019 11136
19020 11137
19021 11138
19022 11139
19023 11140
19024 11141
19025 11142
19026 11142
19027 11143
19028 11144
19029 11145
19030 11146
19031 11147
19032 11147
19033 11147
19034 11148
19035 11148
19036 11148
19037 11148
19038 11149
19039 11150
19040 11150
19041 11151
19042 11152
19043 11152
19044 11153
19045 11153
19046 11153
19047 11153
19048 11154
19049 11155
19050 11155
19051 11155
19052 11155
19053 11156
19054 11157
19055 11157
19056 11158
19057 11159
19058 11160
19059 11160
19060 11160
19061 11160
19062 11161
19063 11162
19064 11162
19065 11163
19066 11164
19067 11165
19068 11166
19069 11167
19070 11168
19071 11169
19072 11170
19073 11171
19074 11171
19075 11172
19076 11172
19077 11172
19078 11173
19079 11174
19080 11175
19081 11175
19082 11176
19083 11177
19084 11178
19085 11178
19086 11179
19087 11180
19088 11181
19089 11181
19090 11182
19091 11183
19092 11184
19093 11184
19094 11184
19095 11185
19096 11185
19097 11186
19098 11187
19099 11188
19100 11188
19101 11188
19102 11189
19103 11190
19104 11190
19105 11191
19106 11192
19107 11193
19108 11193
19109 11193
19110 11194
19111 11195
19112 11196
19113 11197
19114 11197
19115 11198
19116 11199
19117 11200
19118 11201
19119 11202
19120 11203
19121 11203
19122 11204
19123 11204
19124 11204
19125 11204
19126 11204
19127 11205
19128 11205
19129 11206
19130 11206
19131 11207
19132 11208
19133 11209
19134 11209
19135 11209
19136 11210
19137 11211
19138 11211
19139 11212
19140 11212
19141 11212
19142 11213
19143 11213
19144 11214
19145 11214
19146 11215
19147 11216
19148 11217
19149 11218
19150 11219
19151 11219
19152 11219
19153 11220
19154 11220
19155 11221
19156 11221
19157 11222
19158 11222
19159 11223
19160 11223
19161 11224
19162 11225
19163 11225
19164 11226
19165 11227
19166 11228
19167 11228
19168 11229
19169 11229
19170 11229
19171 11230
19172 11231
19173 11231
19174 11232
19175 11233
19176 11234
19177 11234
19178 11235
19179 11235
19180 11235
19181 11235
19182 11235
19183 11236
19184 11237
19185 11237
19186 11238
19187 11239
19188 11239
19189 11240
19190 11240
19191 11240
19192 11241
19193 11241
19194 11241
19195 11241
19196 11241
19197 11242
19198 11243
19199 11243
19200 11244
19201 11245
19202 11246
19203 11246
19204 11247
19205 11247
19206 11247
19207 11248
19208 11249
19209 11249
19210 11249
19211 11249
19212 11250
19213 11251
19214 11251
19215 11252
19216 11253
19217 11253
19218 11254
19219 11255
19220 11256
19221 11256
19222 11257
19223 11257
19224 11257
19225 11258
19226 11259
19227 11260
19228 11260
19229 11260
19230 11261
19231 11262
19232 11262
19233 11262
19234 11262
19235 11263
19236 11264
19237 11265
19238 11266
19239 11266
19240 11266
19241 11267
19242 11268
19243 11269
19244 11269
19245 11269
19246 11270
19247 11271
19248 11271
19249 11272
19250 11273
19251 11273
19252 11274
19253 11275
19254 11275
19255 11276
19256 11277
19257 11278
19258 11278
19259 11279
19260 11280
19261 11281
19262 11282
19263 11282
19264 11283
19265 11284
19266 11284
19267 11285
19268 11285
19269 11286
19270 11286
19271 11287
19272 11288
19273 11289
19274 11289
19275 11290
19276 11291
19277 11292
19278 11293
19279 11294
19280 11294
19281 11295
19282 11295
19283 11296
19284 11297
19285 11298
19286 11299
19287 11299
19288 11300
19289 11300
19290 11301
19291 11301
19292 11301
19293 11301
19294 11302
19295 11303
19296 11303
19297 11304
19298 11304
19299 11304
19300 11304
19301 11305
19302 11305
19303 11306
19304 11306
19305 11307
19306 11307
19307 11308
19308 11308
19309 11309
19310 11310
19311 11311
19312 11311
19313 11312
19314 11313
19315 11314
19316 11314
19317 11314
19318 11315
19319 11315
19320 11316
19321 11316
19322 11316
19323 11317
19324 11317
19325 11318
19326 11318
19327 11319
19328 11320
19329 11321
19330 11322
19331 11322
19332 11323
19333 11324
19334 11324
19335 11324
19336 11325
19337 11325
19338 11325
19339 11325
19340 11325
19341 11325
19342 11326
19343 11326
19344 11327
19345 11328
19346 11329
19347 11329
19348 11329
19349 11330
19350 11330
19351 11331
19352 11331
19353 11332
19354 11333
19355 11334
19356 11335
19357 11336
19358 11337
19359 11337
19360 11337
19361 11338
19362 11339
19363 11340
19364 11341
19365 11341
19366 11342
19367 11342
19368 11342
19369 11342
19370 11343
19371 11344
19372 11344
19373 11344
19374 11345
19375 11346
19376 11347
19377 11348
19378 11349
19379 11349
19380 11349
19381 11350
19382 11350
19383 11350
19384 11351
19385 11351
19386 11352
19387 11352
19388 11353
19389 11354
19390 11354
19391 11355
19392 11355
19393 11356
19394 11357
19395 11357
19396 11358
19397 11359
19398 11360
19399 11360
19400 11361
19401 11362
19402 11362
19403 11363
19404 11364
19405 11365
19406 11366
19407 11367
19408 11368
19409 11369
19410 11369
19411 11370
19412 11370
19413 11370
19414 11371
19415 11371
19416 11371
19417 11372
19418 11373
19419 11374
19420 11375
19421 11375
19422 11376
19423 11376
19424 11377
19425 11378
19426 11379
19427 11379
19428 11379
19429 11380
19430 11380
19431 11381
19432 11382
19433 11382
19434 11383
19435 11384
19436 11385
19437 11386
19438 11386
19439 11386
19440 11386
19441 11387
19442 11388
19443 11389
19444 11390
19445 11391
19446 11392
19447 11392
19448 11392
19449 11393
19450 11393
19451 11393
19452 11393
19453 11394
19454 11395
19455 11396
19456 11397
19457 11398
19458 11399
19459 11399
19460 11400
19461 11401
19462 11402
19463 11402
19464 11403
19465 11403
19466 11404
19467 11405
19468 11405
19469 11406
19470 11406
19471 11406
19472 11406
19473 11407
19474 11407
19475 11408
19476 11409
19477 11410
19478 11411
19479 11412
19480 11413
19481 11414
19482 11414
19483 11414
19484 11415
19485 11415
19486 11416
19487 11417
19488 11417
19489 11417
19490 11417
19491 11417
19492 11417
19493 11417
19494 11418
19495 11418
19496 11419
19497 11420
19498 11420
19499 11420
19500 11421
19501 11422
19502 11423
19503 11423
19504 11424
19505 11424
19506 11424
19507 11425
19508 11426
19509 11426
19510 11427
19511 11428
19512 11429
19513 11429
19514 11430
19515 11430
19516 11430
19517 11431
19518 11431
19519 11432
19520 11433
19521 11433
19522 11434
19523 11435
19524 11435
19525 11436
19526 11436
19527 11436
19528 11436
19529 11437
19530 11437
19531 11438
19532 11438
19533 11439
19534 11439
19535 11439
19536 11439
19537 11440
19538 11441
19539 11441
19540 11442
19541 11443
19542 11444
19543 11445
19544 11446
19545 11447
19546 11447
19547 11448
19548 11448
19549 11448
19550 11448
19551 11449
19552 11450
19553 11450
19554 11450
19555 11451
19556 11452
19557 11452
19558 11453
19559 11454
19560 11454
19561 11454
19562 11455
19563 11455
19564 11455
19565 11455
19566 11455
19567 11456
19568 11457
19569 11458
19570 11458
19571 11459
19572 11460
19573 11461
19574 11461
19575 11461
19576 11462
19577 11463
19578 11464
19579 11465
19580 11466
19581 11466
19582 11467
19583 11467
19584 11468
19585 11469
19586 11470
19587 11471
19588 11471
19589 11472
19590 11472
19591 11472
19592 11473
19593 11473
19594 11473
19595 11474
19596 11475
19597 11476
19598 11477
19599 11478
19600 11479
19601 11479
19602 11479
19603 11479
19604 11480
19605 11480
19606 11481
19607 11482
19608 11483
19609 11484
19610 11484
19611 11485
19612 11486
19613 11487
19614 11487
19615 11488
19616 11489
19617 11489
19618 11490
19619 11490
19620 11491
19621 11492
19622 11492
19623 11493
19624 11493
19625 11494
19626 11495
19627 11495
19628 11495
19629 11496
19630 11496
19631 11496
19632 11496
19633 11497
19634 11497
19635 11497
19636 11498
19637 11499
19638 11499
19639 11500
19640 11501
19641 11502
19642 11502
19643 11502
19644 11502
19645 11503
19646 11503
19647 11503
19648 11503
19649 11504
19650 11505
19651 11506
19652 11507
19653 11507
19654 11508
19655 11508
19656 11508
19657 11509
19658 11510
19659 11511
19660 11512
19661 11513
19662 11514
19663 11514
19664 11515
19665 11515
19666 11516
19667 11516
19668 11517
19669 11517
19670 11518
19671 11518
19672 11519
19673 11520
19674 11521
19675 11521
19676 11522
19677 11522
19678 11523
19679 11523
19680 11524
19681 11525
19682 11526
19683 11526
19684 11526
19685 11527
19686 11528
19687 11528
19688 11528
19689 11529
19690 11529
19691 11529
19692 11529
19693 11530
19694 11531
19695 11532
19696 11532
19697 11533
19698 11533
19699 11534
19700 11535
19701 11536
19702 11537
19703 11537
19704 11538
19705 11538
19706 11539
19707 11539
19708 11540
19709 11540
19710 11540
19711 11541
19712 11542
19713 11543
19714 11543
19715 11544
19716 11545
19717 11545
19718 11546
19719 11546
19720 11547
19721 11547
19722 11548
19723 11549
19724 11550
19725 11551
19726 11552
19727 11553
19728 11554
19729 11555
19730 11556
19731 11556
19732 11557
19733 11558
19734 11558
19735 11558
19736 11558
19737 11558
19738 11559
19739 11560
19740 11561
19741 11562
19742 11563
19743 11563
19744 11564
19745 11565
19746 11566
19747 11566
19748 11567
19749 11567
19750 11568
19751 11569
19752 11570
19753 11570
19754 11571
19755 11571
19756 11572
19757 11572
19758 11573
19759 11574
19760 11574
19761 11575
19762 11576
19763 11577
19764 11577
19765 11578
19766 11578
19767 11579
19768 11580
19769 11580
19770 11581
19771 11582
19772 11582
19773 11583
19774 11584
19775 11585
19776 11585
19777 11585
19778 11585
19779 11586
19780 11586
19781 11587
19782 11587
19783 11587
19784 11588
19785 11589
19786 11590
19787 11590
19788 11591
19789 11592
19790 11592
19791 11593
19792 11594
19793 11595
19794 11596
19795 11596
19796 11597
19797 11597
19798 11598
19799 11598
19800 11598
19801 11599
19802 11600
19803 11601
19804 11602
19805 11602
19806 11603
19807 11604
19808 11604
19809 11605
19810 11605
19811 11606
19812 11607
19813 11607
19814 11608
19815 11608
19816 11608
19817 11609
19818 11609
19819 11609
19820 11610
19821 11610
19822 11610
19823 11611
19824 11612
19825 11612
19826 11613
19827 11613
19828 11613
19829 11613
19830 11613
19831 11613
19832 11614
19833 11615
19834 11616
19835 11617
19836 11617
19837 11617
19838 11618
19839 11619
19840 11619
19841 11619
19842 11620
19843 11620
19844 11621
19845 11622
19846 11623
19847 11624
19848 11625
19849 11625
19850 11626
19851 11627
19852 11628
19853 11629
19854 11630
19855 11631
19856 11631
19857 11631
19858 11632
19859 11633
19860 11634
19861 11634
19862 11635
19863 11636
19864 11637
19865 11637
19866 11637
19867 11637
19868 11638
19869 11638
19870 11639
19871 11639
19872 11639
19873 11640
19874 11641
19875 11642
19876 11642
19877 11643
19878 11643
19879 11644
19880 11645
19881 11646
19882 11646
19883 11647
19884 11647
19885 11647
19886 11648
19887 11649
19888 11649
19889 11650
19890 11651
19891 11652
19892 11653
19893 11654
19894 11655
19895 11655
19896 11656
19897 11657
19898 11658
19899 11659
19900 11660
19901 11660
19902 11660
19903 11661
19904 11662
19905 11663
19906 11663
19907 11664
19908 11664
19909 11664
19910 11664
19911 11664
19912 11664
19913 11665
19914 11665
19915 11666
19916 11666
19917 11667
19918 11667
19919 11668
19920 11668
19921 11669
19922 11670
19923 11671
19924 11672
19925 11673
19926 11674
19927 11674
19928 11675
19929 11676
19930 11677
19931 11677
19932 11678
19933 11679
19934 11679
19935 11680
19936 11681
19937 11681
19938 11681
19939 11682
19940 11682
19941 11683
19942 11684
19943 11684
19944 11685
19945 11686
19946 11686
19947 11686
19948 11687
19949 11688
19950 11688
19951 11689
19952 11690
19953 11690
19954 11690
19955 11690
19956 11690
19957 11690
19958 11691
19959 11691
19960 11692
19961 11693
19962 11693
19963 11693
19964 11693
19965 11694
19966 11694
19967 11695
19968 11695
19969 11695
19970 11695
19971 11696
19972 11697
19973 11698
19974 11699
19975 11700
19976 11700
19977 11701
19978 11702
19979 11703
19980 11704
19981 11704
19982 11705
19983 11705
19984 11706
19985 11707
19986 11707
19987 11707
19988 11707
19989 11708
19990 11708
19991 11708
19992 11708
19993 11708
19994 11709
19995 11709
19996 11709
19997 11710
19998 11710
19999 11710
20000 11711
20001 11711
20002 11711
20003 11712
20004 11712
20005 11713
20006 11713
20007 11714
20008 11714
20009 11715
20010 11716
20011 11716
20012 11717
20013 11718
20014 11718
20015 11719
20016 11719
20017 11720
20018 11720
20019 11720
20020 11721
20021 11722
20022 11722
20023 11723
20024 11724
20025 11725
20026 11726
20027 11726
20028 11727
20029 11728
20030 11729
20031 11730
20032 11730
20033 11730
20034 11731
20035 11731
20036 11732
20037 11732
20038 11733
20039 11733
20040 11734
20041 11734
20042 11735
20043 11735
20044 11736
20045 11737
20046 11737
20047 11738
20048 11739
20049 11739
20050 11740
20051 11740
20052 11741
20053 11742
20054 11743
20055 11743
20056 11743
20057 11744
20058 11744
20059 11745
20060 11746
20061 11747
20062 11747
20063 11748
20064 11749
20065 11749
20066 11750
20067 11750
20068 11750
20069 11751
20070 11752
20071 11753
20072 11754
20073 11755
20074 11756
20075 11756
20076 11757
20077 11757
20078 11758
20079 11758
20080 11758
20081 11758
20082 11758
20083 11759
20084 11759
20085 11760
20086 11761
20087 11762
20088 11762
20089 11762
20090 11762
20091 11763
20092 11763
20093 11763
20094 11764
20095 11765
20096 11765
20097 11766
20098 11767
20099 11768
20100 11768
20101 11768
20102 11769
20103 11770
20104 11770
20105 11771
20106 11772
20107 11773
20108 11773
20109 11773
20110 11773
20111 11773
20112 11773
20113 11774
20114 11774
20115 11774
20116 11774
20117 11775
20118 11776
20119 11777
20120 11778
20121 11778
20122 11779
20123 11780
20124 11781
20125 11781
20126 11781
20127 11782
20128 11782
20129 11782
20130 11783
20131 11783
20132 11784
20133 11784
20134 11784
20135 11785
20136 11786
20137 11787
20138 11788
20139 11789
20140 11789
20141 11789
20142 11789
20143 11789
20144 11789
20145 11790
20146 11790
20147 11791
20148 11792
20149 11792
20150 11792
20151 11793
20152 11794
20153 11795
20154 11796
20155 11796
20156 11797
20157 11798
20158 11799
20159 11800
20160 11800
20161 11800
20162 11800
20163 11800
20164 11801
20165 11802
20166 11803
20167 11804
20168 11804
20169 11805
20170 11805
20171 11805
20172 11805
20173 11806
20174 11807
20175 11807
20176 11808
20177 11808
20178 11809
20179 11809
20180 11809
20181 11809
20182 11810
20183 11810
20184 11810
20185 11810
20186 11811
20187 11812
20188 11813
20189 11813
20190 11814
20191 11815
20192 11815
20193 11816
20194 11816
20195 11817
20196 11817
20197 11817
20198 11817
20199 11818
20200 11819
20201 11820
20202 11821
20203 11822
20204 11823
20205 11823
20206 11823
20207 11823
20208 11824
20209 11825
20210 11826
20211 11827
20212 11827
20213 11827
20214 11827
20215 11828
20216 11829
20217 11829
20218 11829
20219 11830
20220 11830
20221 11830
20222 11830
20223 11831
20224 11831
20225 11832
20226 11832
20227 11832
20228 11833
20229 11834
20230 11834
20231 11834
20232 11834
20233 11835
20234 11836
20235 11837
20236 11837
20237 11838
20238 11839
20239 11840
20240 11841
20241 11841
20242 11842
20243 11843
20244 11843
20245 11843
20246 11844
20247 11845
20248 11846
20249 11846
20250 11847
20251 11848
20252 11848
20253 11848
20254 11848
20255 11849
20256 11849
20257 11850
20258 11850
20259 11850
20260 11850
20261 11851
20262 11852
20263 11852
20264 11852
20265 11852
20266 11853
20267 11854
20268 11855
20269 11855
20270 11855
20271 11856
20272 11856
20273 11857
20274 11857
20275 11857
20276 11857
20277 11858
20278 11859
20279 11860
20280 11860
20281 11861
20282 11862
20283 11863
20284 11863
20285 11863
20286 11864
20287 11864
20288 11864
20289 11865
20290 11865
20291 11866
20292 11867
20293 11868
20294 11869
20295 11869
20296 11869
20297 11870
20298 11870
20299 11870
20300 11871
20301 11872
20302 11873
20303 11874
20304 11874
20305 11875
20306 11875
20307 11875
20308 11876
20309 11876
20310 11877
20311 11878
20312 11878
20313 11879
20314 11880
20315 11881
20316 11882
20317 11883
20318 11884
20319 11885
20320 11886
20321 11887
20322 11888
20323 11888
20324 11889
20325 11890
20326 11890
20327 11890
20328 11890
20329 11891
20330 11892
20331 11892
20332 11893
20333 11894
20334 11895
20335 11896
20336 11896
20337 11897
20338 11897
20339 11898
20340 11899
20341 11900
20342 11901
20343 11902
20344 11902
20345 11903
20346 11904
20347 11905
20348 11906
20349 11907
20350 11907
20351 11908
20352 11908
20353 11908
20354 11909
20355 11909
20356 11910
20357 11911
20358 11912
20359 11912
20360 11913
20361 11914
20362 11914
20363 11915
20364 11916
20365 11916
20366 11917
20367 11918
20368 11919
20369 11920
20370 11920
20371 11920
20372 11921
20373 11921
20374 11922
20375 11922
20376 11923
20377 11923
20378 11924
20379 11924
20380 11925
20381 11925
20382 11926
20383 11927
20384 11928
20385 11929
20386 11930
20387 11931
20388 11931
20389 11931
20390 11931
20391 11932
20392 11933
20393 11934
20394 11934
20395 11934
20396 11935
20397 11936
20398 11937
20399 11938
20400 11938
20401 11939
20402 11939
20403 11940
20404 11941
20405 11942
20406 11942
20407 11943
20408 11943
20409 11943
20410 11944
20411 11945
20412 11945
20413 11945
20414 11946
20415 11947
20416 11947
20417 11948
20418 11949
20419 11950
20420 11950
20421 11951
20422 11952
20423 11953
20424 11954
20425 11954
20426 11955
20427 11956
20428 11956
20429 11957
20430 11958
20431 11959
20432 11960
20433 11960
20434 11961
20435 11961
20436 11962
20437 11963
20438 11964
20439 11965
20440 11965
20441 11965
20442 11966
20443 11966
20444 11966
20445 11966
20446 11967
20447 11968
20448 11969
20449 11970
20450 11971
20451 11972
20452 11972
20453 11973
20454 11974
20455 11974
20456 11975
20457 11976
20458 11977
20459 11978
20460 11978
20461 11978
20462 11979
20463 11979
20464 11980
20465 11981
20466 11981
20467 11981
20468 11982
20469 11982
20470 11982
20471 11982
20472 11983
20473 11983
20474 11984
20475 11984
20476 11985
20477 11986
20478 11986
20479 11987
20480 11987
20481 11987
20482 11988
20483 11989
20484 11989
20485 11989
20486 11990
20487 11991
20488 11991
20489 11992
20490 11993
20491 11993
20492 11994
20493 11995
20494 11995
20495 11996
20496 11997
20497 11998
20498 11999
20499 12000
20500 12001
20501 12001
20502 12002
20503 12003
20504 12003
20505 12003
20506 12003
20507 12004
20508 12004
20509 12004
20510 12005
20511 12006
20512 12007
20513 12008
20514 12008
20515 12009
20516 12010
20517 12011
20518 12012
20519 12012
20520 12013
20521 12014
20522 12014
20523 12015
20524 12015
20525 12016
20526 12016
20527 12017
20528 12017
20529 12017
20530 12018
20531 12019
20532 12020
20533 12020
20534 12021
20535 12022
20536 12022
20537 12023
20538 12024
20539 12024
20540 12024
20541 12025
20542 12026
20543 12027
20544 12027
20545 12027
20546 12028
20547 12029
20548 12029
20549 12029
20550 12030
20551 12031
20552 12031
20553 12032
20554 12033
20555 12034
20556 12035
20557 12035
20558 12036
20559 12036
20560 12037
20561 12038
20562 12038
20563 12039
20564 12039
20565 12039
20566 12039
20567 12039
20568 12040
20569 12041
20570 12041
20571 12041
20572 12042
20573 12043
20574 12043
20575 12044
20576 12044
20577 12044
20578 12044
20579 12045
20580 12045
20581 12045
20582 12046
20583 12046
20584 12047
20585 12047
20586 12047
20587 12048
20588 12049
20589 12049
20590 12050
20591 12050
20592 12050
20593 12051
20594 12051
20595 12051
20596 12051
20597 12052
20598 12053
20599 12053
20600 12053
20601 12054
20602 12054
20603 12055
20604 12056
20605 12057
20606 12058
20607 12059
20608 12059
20609 12060
20610 12060
20611 12060
20612 12060
20613 12061
20614 12061
20615 12062
20616 12063
20617 12064
20618 12065
20619 12065
20620 12065
20621 12066
20622 12066
20623 12067
20624 12067
20625 12068
20626 12069
20627 12070
20628 12071
20629 12072
20630 12072
20631 12073
20632 12073
20633 12074
20634 12075
20635 12075
20636 12075
20637 12076
20638 12077
20639 12078
20640 12079
20641 12079
20642 12079
20643 12080
20644 12081
20645 12082
20646 12082
20647 12083
20648 12083
20649 12084
20650 12084
20651 12085
20652 12086
20653 12087
20654 12088
20655 12089
20656 12090
20657 12090
20658 12090
20659 12091
20660 12091
20661 12091
20662 12091
20663 12092
20664 12092
20665 12093
20666 12094
20667 12095
20668 12096
20669 12097
20670 12097
20671 12098
20672 12098
20673 12099
20674 12099
20675 12100
20676 12100
20677 12101
20678 12101
20679 12102
20680 12102
20681 12102
20682 12103
20683 12103
20684 12104
20685 12104
20686 12105
20687 12106
20688 12106
20689 12107
20690 12107
20691 12107
20692 12107
20693 12107
20694 12108
20695 12108
20696 12109
20697 12109
20698 12110
20699 12110
20700 12111
20701 12112
20702 12112
20703 12113
20704 12113
20705 12114
20706 12115
20707 12115
20708 12116
20709 12116
20710 12116
20711 12116
20712 12116
20713 12117
20714 12118
20715 12119
20716 12119
20717 12120
20718 12120
20719 12120
20720 12120
20721 12121
20722 12122
20723 12123
20724 12123
20725 12124
20726 12124
20727 12124
20728 12125
20729 12125
20730 12125
20731 12126
20732 12126
20733 12127
20734 12128
20735 12129
20736 12130
20737 12131
20738 12132
20739 12132
20740 12133
20741 12133
20742 12134
20743 12134
20744 12135
20745 12136
20746 12137
20747 12138
20748 12139
20749 12139
20750 12139
20751 12140
20752 12141
20753 12142
20754 12143
20755 12143
20756 12144
20757 12144
20758 12145
20759 12146
20760 12147
20761 12147
20762 12148
20763 12148
20764 12149
20765 12149
20766 12150
20767 12151
20768 12151
20769 12151
20770 12152
20771 12153
20772 12154
20773 12154
20774 12155
20775 12155
20776 12155
20777 12156
20778 12157
20779 12158
20780 12159
20781 12159
20782 12160
20783 12160
20784 12161
20785 12161
20786 12162
20787 12163
20788 12163
20789 12163
20790 12164
20791 12165
20792 12166
20793 12167
20794 12167
20795 12167
20796 12168
20797 12169
20798 12170
20799 12170
20800 12170
20801 12171
20802 12172
20803 12173
20804 12174
20805 12174
20806 12175
20807 12176
20808 12177
20809 12178
20810 12178
20811 12178
20812 12179
20813 12179
20814 12179
20815 12180
20816 12181
20817 12182
20818 12183
20819 12183
20820 12183
20821 12184
20822 12184
20823 12185
20824 12186
20825 12187
20826 12187
20827 12187
20828 12188
20829 12189
20830 12190
20831 12191
20832 12192
20833 12193
20834 12193
20835 12194
20836 12194
20837 12195
20838 12195
20839 12196
20840 12196
20841 12197
20842 12197
20843 12197
20844 12198
20845 12199
20846 12199
20847 12200
20848 12200
20849 12201
20850 12201
20851 12201
20852 12202
20853 12203
20854 12204
20855 12204
20856 12205
20857 12206
20858 12206
20859 12206
20860 12206
20861 12206
20862 12207
20863 12208
20864 12209
20865 12209
20866 12210
20867 12210
20868 12210
20869 12211
20870 12211
20871 12212
20872 12212
20873 12212
20874 12213
20875 12214
20876 12215
20877 12216
20878 12217
20879 12218
20880 12218
20881 12219
20882 12220
20883 12221
20884 12221
20885 12221
20886 12221
20887 12221
20888 12221
20889 12221
20890 12222
20891 12222
20892 12223
20893 12224
20894 12224
20895 12225
20896 12226
20897 12226
20898 12227
20899 12228
20900 12229
20901 12229
20902 12229
20903 12229
20904 12229
20905 12230
20906 12230
20907 12230
20908 12230
20909 12231
20910 12232
20911 12232
20912 12233
20913 12233
20914 12233
20915 12234
20916 12235
20917 12236
20918 12237
20919 12237
20920 12238
20921 12239
20922 12239
20923 12240
20924 12241
20925 12242
20926 12242
20927 12243
20928 12244
20929 12244
20930 12245
20931 12246
20932 12246
20933 12247
20934 12247
20935 12247
20936 12248
20937 12248
20938 12248
20939 12249
20940 12250
20941 12251
20942 12251
20943 12251
20944 12251
20945 12251
20946 12252
20947 12253
20948 12254
20949 12254
20950 12255
20951 12256
20952 12256
20953 12257
20954 12258
20955 12259
20956 12260
20957 12261
20958 12262
20959 12263
20960 12264
20961 12264
20962 12264
20963 12265
20964 12266
20965 12267
20966 12267
20967 12267
20968 12268
20969 12269
20970 12270
20971 12271
20972 12272
20973 12273
20974 12274
20975 12274
20976 12274
20977 12274
20978 12275
20979 12276
20980 12277
20981 12278
20982 12279
20983 12279
20984 12279
20985 12280
20986 12281
20987 12281
20988 12282
20989 12282
20990 12283
20991 12284
20992 12285
20993 12285
20994 12286
20995 12286
20996 12287
20997 12288
20998 12289
20999 12289
21000 12290
21001 12290
21002 12290
21003 12291
21004 12292
21005 12293
21006 12293
21007 12294
21008 12294
21009 12295
21010 12295
21011 12295
21012 12296
21013 12296
21014 12297
21015 12298
21016 12298
21017 12299
21018 12299
21019 12300
21020 12301
21021 12301
21022 12301
21023 12302
21024 12303
21025 12303
21026 12303
21027 12304
21028 12305
21029 12306
21030 12307
21031 12308
21032 12309
21033 12310
21034 12310
21035 12310
21036 12311
21037 12311
21038 12312
21039 12313
21040 12314
21041 12315
21042 12316
21043 12317
21044 12318
21045 12319
21046 12320
21047 12321
21048 12322
21049 12323
21050 12323
21051 12323
21052 12324
21053 12324
21054 12324
21055 12324
21056 12324
21057 12325
21058 12325
21059 12326
21060 12327
21061 12327
21062 12328
21063 12328
21064 12329
21065 12329
21066 12330
21067 12330
21068 12331
21069 12332
21070 12333
21071 12333
21072 12333
21073 12334
21074 12334
21075 12335
21076 12336
21077 12337
21078 12338
21079 12338
21080 12339
21081 12340
21082 12341
21083 12341
21084 12341
21085 12342
21086 12342
21087 12343
21088 12343
21089 12344
21090 12345
21091 12346
21092 12346
21093 12346
21094 12346
21095 12347
21096 12347
21097 12347
21098 12347
21099 12347
21100 12348
21101 12348
21102 12349
21103 12349
21104 12350
21105 12351
21106 12351
21107 12352
21108 12353
21109 12353
21110 12353
21111 12354
21112 12354
21113 12354
21114 12354
21115 12355
21116 12355
21117 12356
21118 12357
21119 12357
21120 12358
21121 12359
21122 12359
21123 12360
21124 12360
21125 12360
21126 12360
21127 12360
21128 12360
21129 12360
21130 12361
21131 12362
21132 12363
21133 12363
21134 12364
21135 12365
21136 12366
21137 12367
21138 12367
21139 12368
21140 12369
21141 12369
21142 12370
21143 12371
21144 12371
21145 12372
21146 12372
21147 12372
21148 12373
21149 12373
21150 12374
21151 12375
21152 12375
21153 12375
21154 12375
21155 12376
21156 12377
21157 12378
21158 12378
21159 12379
21160 12379
21161 12379
21162 12380
21163 12381
21164 12382
21165 12382
21166 12382
21167 12383
21168 12384
21169 12385
21170 12385
21171 12386
21172 12386
21173 12387
21174 12388
21175 12389
21176 12390
21177 12390
21178 12390
21179 12390
21180 12390
21181 12391
21182 12391
21183 12391
21184 12391
21185 12392
21186 12393
21187 12393
21188 12393
21189 12394
21190 12395
21191 12395
21192 12396
21193 12396
21194 12397
21195 12398
21196 12399
21197 12399
21198 12400
21199 12401
21200 12402
21201 12402
21202 12403
21203 12403
21204 12403
21205 12403
21206 12403
21207 12403
21208 12404
21209 12405
21210 12406
21211 12406
21212 12407
21213 12408
21214 12408
21215 12408
21216 12409
21217 12410
21218 12411
21219 12412
21220 12413
21221 12413
21222 12413
21223 12414
21224 12414
21225 12415
21226 12415
21227 12416
21228 12417
21229 12418
21230 12418
21231 12418
21232 12418
21233 12418
21234 12419
21235 12419
21236 12419
21237 12420
21238 12420
21239 12420
21240 12421
21241 12422
21242 12422
21243 12423
21244 12423
21245 12423
21246 12423
21247 12423
21248 12423
21249 12424
21250 12425
21251 12426
21252 12426
21253 12427
21254 12427
21255 12428
21256 12428
21257 12428
21258 12428
21259 12429
21260 12429
21261 12429
21262 12430
21263 12430
21264 12431
21265 12431
21266 12431
21267 12432
21268 12433
21269 12433
21270 12433
21271 12433
21272 12434
21273 12435
21274 12436
21275 12436
21276 12437
21277 12437
21278 12437
21279 12438
21280 12439
21281 12439
21282 12439
21283 12440
21284 12440
21285 12441
21286 12442
21287 12442
21288 12442
21289 12443
21290 12444
21291 12444
21292 12445
21293 12446
21294 12447
21295 12448
21296 12449
21297 12450
21298 12451
21299 12451
21300 12452
21301 12452
21302 12453
21303 12454
21304 12454
21305 12455
21306 12456
21307 12457
21308 12458
21309 12459
21310 12460
21311 12460
21312 12461
21313 12462
21314 12462
21315 12462
21316 12463
21317 12463
21318 12464
21319 12464
21320 12464
21321 12465
21322 12466
21323 12467
21324 12467
21325 12467
21326 12468
21327 12468
21328 12469
21329 12470
21330 12470
21331 12471
21332 12472
21333 12473
21334 12473
21335 12474
21336 12474
21337 12474
21338 12474
21339 12474
21340 12475
21341 12476
21342 12476
21343 12477
21344 12478
21345 12478
21346 12478
21347 12479
21348 12479
21349 12480
21350 12481
21351 12482
21352 12482
21353 12482
21354 12483
21355 12483
21356 12483
21357 12483
21358 12483
21359 12483
21360 12483
21361 12483
21362 12483
21363 12483
21364 12483
21365 12483
21366 12483
21367 12484
21368 12485
21369 12486
21370 12487
21371 12487
21372 12488
21373 12489
21374 12489
21375 12490
21376 12491
21377 12492
21378 12492
21379 12493
21380 12493
21381 12493
21382 12493
21383 12494
21384 12495
21385 12495
21386 12495
21387 12495
21388 12496
21389 12497
21390 12498
21391 12498
21392 12498
21393 12498
21394 12499
21395 12500
21396 12501
21397 12502
21398 12502
21399 12503
21400 12504
21401 12505
21402 12506
21403 12507
21404 12508
21405 12508
21406 12508
21407 12509
21408 12509
21409 12510
21410 12510
21411 12510
21412 12511
21413 12512
21414 12512
21415 12512
21416 12513
21417 12514
21418 12514
21419 12515
21420 12516
21421 12517
21422 12518
21423 12519
21424 12520
21425 12520
21426 12521
21427 12521
21428 12521
21429 12521
21430 12522
21431 12523
21432 12524
21433 12524
21434 12525
21435 12525
21436 12525
21437 12526
21438 12526
21439 12526
21440 12526
21441 12527
21442 12527
21443 12527
21444 12528
21445 12528
21446 12528
21447 12528
21448 12528
21449 12529
21450 12529
21451 12530
21452 12531
21453 12532
21454 12532
21455 12533
21456 12534
21457 12535
21458 12535
21459 12535
21460 12536
21461 12537
21462 12537
21463 12537
21464 12537
21465 12537
21466 12538
21467 12539
21468 12539
21469 12539
21470 12540
21471 12540
21472 12541
21473 12542
21474 12542
21475 12543
21476 12544
21477 12544
21478 12544
21479 12544
21480 12544
21481 12545
21482 12546
21483 12547
21484 12548
21485 12549
21486 12550
21487 12551
21488 12551
21489 12551
21490 12552
21491 12553
21492 12553
21493 12553
21494 12553
21495 12554
21496 12555
21497 12556
21498 12557
21499 12558
21500 12558
21501 12558
21502 12558
21503 12558
21504 12559
21505 12559
21506 12560
21507 12560
21508 12561
21509 12562
21510 12563
21511 12564
21512 12564
21513 12565
21514 12565
21515 12566
21516 12566
21517 12567
21518 12567
21519 12567
21520 12567
21521 12567
21522 12568
21523 12568
21524 12569
21525 12569
21526 12570
21527 12570
21528 12570
21529 12571
21530 12571
21531 12572
21532 12572
21533 12573
21534 12573
21535 12574
21536 12575
21537 12575
21538 12576
21539 12577
21540 12578
21541 12579
21542 12580
21543 12580
21544 12580
21545 12581
21546 12582
21547 12582
21548 12582
21549 12583
21550 12583
21551 12583
21552 12584
21553 12584
21554 12584
21555 12584
21556 12585
21557 12586
21558 12587
21559 12588
21560 12589
21561 12590
21562 12591
21563 12591
21564 12591
21565 12592
21566 12592
21567 12593
21568 12594
21569 12594
21570 12595
21571 12596
21572 12596
21573 12597
21574 12597
21575 12598
21576 12599
21577 12599
21578 12600
21579 12600
21580 12601
21581 12601
21582 12601
21583 12601
21584 12602
21585 12603
21586 12604
21587 12605
21588 12605
21589 12606
21590 12606
21591 12607
21592 12608
21593 12609
21594 12610
21595 12610
21596 12611
21597 12611
21598 12612
21599 12612
21600 12613
21601 12613
21602 12614
21603 12614
21604 12615
21605 12615
21606 12616
21607 12617
21608 12617
21609 12617
21610 12617
21611 12618
21612 12618
21613 12619
21614 12620
21615 12621
21616 12622
21617 12623
21618 12624
21619 12624
21620 12624
21621 12625
21622 12625
21623 12626
21624 12626
21625 12626
21626 12626
21627 12626
21628 12626
21629 12627
21630 12627
21631 12628
21632 12628
21633 12629
21634 12630
21635 12630
21636 12631
21637 12631
21638 12631
21639 12631
21640 12631
21641 12632
21642 12633
21643 12634
21644 12635
21645 12636
21646 12636
21647 12637
21648 12638
21649 12639
21650 12640
21651 12640
21652 12640
21653 12641
21654 12641
21655 12641
21656 12642
21657 12642
21658 12643
21659 12643
21660 12644
21661 12645
21662 12645
21663 12646
21664 12647
21665 12648
21666 12649
21667 12650
21668 12650
21669 12650
21670 12650
21671 12651
21672 12652
21673 12653
21674 12654
21675 12654
21676 12655
21677 12655
21678 12655
21679 12656
21680 12656
21681 12657
21682 12658
21683 12659
21684 12660
21685 12661
21686 12662
21687 12663
21688 12663
21689 12663
21690 12663
21691 12664
21692 12665
21693 12666
21694 12667
21695 12667
21696 12667
21697 12668
21698 12668
21699 12668
21700 12669
21701 12669
21702 12670
21703 12670
21704 12671
21705 12672
21706 12673
21707 12674
21708 12675
21709 12676
21710 12676
21711 12677
21712 12678
21713 12679
21714 12680
21715 12680
21716 12680
21717 12680
21718 12681
21719 12682
21720 12683
21721 12684
21722 12685
21723 12685
21724 12686
21725 12687
21726 12688
21727 12689
21728 12690
21729 12690
21730 12691
21731 12692
21732 12693
21733 12693
21734 12693
21735 12694
21736 12694
21737 12694
21738 12695
21739 12696
21740 12697
21741 12698
21742 12698
21743 12699
21744 12699
21745 12699
21746 12699
21747 12700
21748 12700
21749 12700
21750 12700
21751 12701
21752 12701
21753 12701
21754 12701
21755 12702
21756 12702
21757 12702
21758 12703
21759 12703
21760 12703
21761 12704
21762 12704
21763 12704
21764 12705
21765 12706
21766 12707
21767 12708
21768 12709
21769 12710
21770 12710
21771 12711
21772 12711
21773 12712
21774 12712
21775 12712
21776 12713
21777 12714
21778 12715
21779 12716
21780 12717
21781 12718
21782 12718
21783 12719
21784 12720
21785 12721
21786 12721
21787 12722
21788 12723
21789 12723
21790 12724
21791 12725
21792 12726
21793 12726
21794 12727
21795 12727
21796 12727
21797 12728
21798 12729
21799 12729
21800 12729
21801 12730
21802 12730
21803 12731
21804 12731
21805 12732
21806 12733
21807 12734
21808 12734
21809 12735
21810 12736
21811 12736
21812 12736
21813 12737
21814 12737
21815 12738
21816 12738
21817 12738
21818 12739
21819 12739
21820 12739
21821 12740
21822 12740
21823 12741
21824 12742
21825 12742
21826 12742
21827 12742
21828 12743
21829 12743
21830 12743
21831 12744
21832 12745
21833 12746
21834 12747
21835 12747
21836 12748
21837 12749
21838 12749
21839 12750
21840 12751
21841 12751
21842 12752
21843 12752
21844 12752
21845 12752
21846 12753
21847 12753
21848 12754
21849 12754
21850 12755
21851 12756
21852 12756
21853 12757
21854 12757
21855 12758
21856 12759
21857 12760
21858 12761
21859 12761
21860 12762
21861 12762
21862 12763
21863 12764
21864 12764
21865 12765
21866 12766
21867 12766
21868 12766
21869 12767
21870 12767
21871 12768
21872 12769
21873 12770
21874 12770
21875 12771
21876 12772
21877 12772
21878 12772
21879 12773
21880 12774
21881 12775
21882 12775
21883 12776
21884 12776
21885 12777
21886 12778
21887 12779
21888 12780
21889 12780
21890 12780
21891 12781
21892 12782
21893 12783
21894 12784
21895 12784
21896 12785
21897 12785
21898 12785
21899 12786
21900 12787
21901 12787
21902 12788
21903 12789
21904 12790
21905 12790
21906 12791
21907 12791
21908 12792
21909 12793
21910 12794
21911 12794
21912 12795
21913 12795
21914 12796
21915 12797
21916 12798
21917 12798
21918 12798
21919 12799
21920 12800
21921 12800
21922 12800
21923 12801
21924 12802
21925 12803
21926 12803
21927 12804
21928 12804
21929 12804
21930 12804
21931 12805
21932 12805
21933 12806
21934 12806
21935 12807
21936 12808
21937 12809
21938 12809
21939 12809
21940 12810
21941 12810
21942 12810
21943 12811
21944 12811
21945 12812
21946 12812
21947 12812
21948 12812
21949 12813
21950 12813
21951 12813
21952 12814
21953 12815
21954 12816
21955 12817
21956 12817
21957 12817
21958 12818
21959 12819
21960 12820
21961 12821
21962 12822
21963 12823
21964 12824
21965 12824
21966 12825
21967 12825
21968 12826
21969 12826
21970 12827
21971 12827
21972 12827
21973 12827
21974 12828
21975 12829
21976 12830
21977 12831
21978 12831
21979 12831
21980 12832
21981 12832
21982 12832
21983 12832
21984 12832
21985 12833
21986 12833
21987 12834
21988 12834
21989 12834
21990 12835
21991 12836
21992 12837
21993 12838
21994 12839
21995 12840
21996 12841
21997 12842
21998 12842
21999 12843
22000 12844
22001 12845
22002 12846
22003 12847
22004 12847
22005 12848
22006 12848
22007 12848
22008 12849
22009 12850
22010 12851
22011 12851
22012 12852
22013 12852
22014 12853
22015 12853
22016 12853
22017 12853
22018 12854
22019 12855
22020 12856
22021 12857
22022 12858
22023 12858
22024 12859
22025 12859
22026 12860
22027 12861
22028 12861
22029 12862
22030 12862
22031 12862
22032 12863
22033 12863
22034 12863
22035 12864
22036 12865
22037 12865
22038 12865
22039 12865
22040 12865
22041 12865
22042 12866
22043 12866
22044 12867
22045 12868
22046 12869
22047 12869
22048 12870
22049 12871
22050 12872
22051 12873
22052 12874
22053 12874
22054 12875
22055 12876
22056 12877
22057 12877
22058 12878
22059 12878
22060 12879
22061 12880
22062 12881
22063 12881
22064 12881
22065 12882
22066 12883
22067 12883
22068 12884
22069 12885
22070 12886
22071 12887
22072 12888
22073 12888
22074 12889
22075 12890
22076 12891
22077 12892
22078 12893
22079 12893
22080 12893
22081 12893
22082 12894
22083 12894
22084 12895
22085 12896
22086 12897
22087 12898
22088 12898
22089 12899
22090 12899
22091 12900
22092 12901
22093 12902
22094 12902
22095 12903
22096 12904
22097 12905
22098 12905
22099 12906
22100 12906
22101 12906
22102 12906
22103 12906
22104 12907
22105 12907
22106 12908
22107 12909
22108 12910
22109 12911
22110 12911
22111 12911
22112 12912
22113 12913
22114 12914
22115 12915
22116 12916
22117 12917
22118 12918
22119 12919
22120 12919
22121 12919
22122 12920
22123 12921
22124 12921
22125 12922
22126 12923
22127 12924
22128 12925
22129 12925
22130 12926
22131 12927
22132 12927
22133 12928
22134 12928
22135 12929
22136 12929
22137 12930
22138 12931
22139 12932
22140 12932
22141 12932
22142 12933
22143 12933
22144 12933
22145 12934
22146 12935
22147 12935
22148 12936
22149 12937
22150 12937
22151 12938
22152 12938
22153 12938
22154 12939
22155 12940
22156 12941
22157 12941
22158 12942
22159 12942
22160 12943
22161 12943
22162 12944
22163 12944
22164 12945
22165 12945
22166 12946
22167 12947
22168 12947
22169 12948
22170 12949
22171 12950
22172 12951
22173 12952
22174 12953
22175 12953
22176 12954
22177 12955
22178 12956
22179 12956
22180 12957
22181 12958
22182 12958
22183 12958
22184 12959
22185 12960
22186 12961
22187 12962
22188 12963
22189 12964
22190 12964
22191 12965
22192 12965
22193 12966
22194 12966
22195 12967
22196 12968
22197 12969
22198 12970
22199 12971
22200 12972
22201 12973
22202 12973
22203 12974
22204 12974
22205 12974
22206 12974
22207 12974
22208 12975
22209 12976
22210 12977
22211 12977
22212 12977
22213 12978
22214 12979
22215 12980
22216 12980
22217 12980
22218 12980
22219 12980
22220 12981
22221 12982
22222 12982
22223 12982
22224 12983
22225 12984
22226 12984
22227 12984
22228 12985
22229 12985
22230 12986
22231 12987
22232 12987
22233 12987
22234 12988
22235 12988
22236 12989
22237 12989
22238 12989
22239 12990
22240 12990
22241 12991
22242 12992
22243 12992
22244 12992
22245 12992
22246 12993
22247 12993
22248 12994
22249 12995
22250 12995
22251 12996
22252 12996
22253 12997
22254 12997
22255 12998
22256 12998
22257 12999
22258 12999
22259 13000
22260 13000
22261 13001
22262 13001
22263 13002
22264 13003
22265 13003
22266 13004
22267 13004
22268 13004
22269 13004
22270 13005
22271 13006
22272 13007
22273 13007
22274 13008
22275 13009
22276 13010
22277 13010
22278 13011
22279 13011
22280 13011
22281 13011
22282 13012
22283 13012
22284 13013
22285 13014
22286 13015
22287 13016
22288 13016
22289 13016
22290 13016
22291 13017
22292 13018
22293 13019
22294 13019
22295 13020
22296 13021
22297 13022
22298 13023
22299 13024
22300 13024
22301 13025
22302 13026
22303 13026
22304 13027
22305 13028
22306 13029
22307 13029
22308 13030
22309 13031
22310 13031
22311 13032
22312 13032
22313 13032
22314 13032
22315 13033
22316 13033
22317 13034
22318 13035
22319 13036
22320 13037
22321 13038
22322 13038
22323 13039
22324 13040
22325 13040
22326 13040
22327 13040
22328 13041
22329 13041
22330 13042
22331 13043
22332 13044
22333 13045
22334 13046
22335 13046
22336 13046
22337 13047
22338 13047
22339 13048
22340 13048
22341 13049
22342 13050
22343 13050
22344 13051
22345 13051
22346 13051
22347 13052
22348 13053
22349 13053
22350 13053
22351 13054
22352 13055
22353 13056
22354 13057
22355 13058
22356 13058
22357 13059
22358 13060
22359 13061
22360 13062
22361 13063
22362 13063
22363 13064
22364 13065
22365 13065
22366 13066
22367 13067
22368 13068
22369 13069
22370 13069
22371 13069
22372 13070
22373 13071
22374 13072
22375 13073
22376 13074
22377 13075
22378 13076
22379 13076
22380 13076
22381 13076
22382 13077
22383 13078
22384 13079
22385 13079
22386 13080
22387 13080
22388 13080
22389 13081
22390 13082
22391 13083
22392 13084
22393 13084
22394 13085
22395 13086
22396 13086
22397 13087
22398 13087
22399 13088
22400 13088
22401 13088
22402 13089
22403 13089
22404 13089
22405 13089
22406 13089
22407 13089
22408 13090
22409 13090
22410 13091
22411 13092
22412 13093
22413 13094
22414 13094
22415 13094
22416 13095
22417 13095
22418 13095
22419 13095
22420 13095
22421 13096
22422 13096
22423 13096
22424 13096
22425 13097
22426 13097
22427 13097
22428 13097
22429 13097
22430 13098
22431 13098
22432 13099
22433 13099
22434 13099
22435 13100
22436 13101
22437 13102
22438 13103
22439 13103
22440 13103
22441 13103
22442 13104
22443 13104
22444 13105
22445 13106
22446 13107
22447 13108
22448 13109
22449 13110
22450 13111
22451 13112
22452 13112
22453 13112
22454 13112
22455 13113
22456 13114
22457 13115
22458 13116
22459 13116
22460 13116
22461 13116
22462 13117
22463 13117
22464 13117
22465 13118
22466 13119
22467 13120
22468 13120
22469 13120
22470 13120
22471 13121
22472 13121
22473 13122
22474 13123
22475 13123
22476 13124
22477 13125
22478 13126
22479 13126
22480 13127
22481 13127
22482 13127
22483 13127
22484 13128
22485 13129
22486 13129
22487 13129
22488 13129
22489 13130
22490 13130
22491 13130
22492 13130
22493 13130
22494 13130
22495 13130
22496 13131
22497 13131
22498 13131
22499 13132
22500 13132
22501 13132
22502 13133
22503 13134
22504 13135
22505 13135
22506 13135
22507 13135
22508 13136
22509 13137
22510 13137
22511 13137
22512 13138
22513 13138
22514 13139
22515 13139
22516 13140
22517 13141
22518 13141
22519 13141
22520 13142
22521 13143
22522 13144
22523 13144
22524 13144
22525 13145
22526 13146
22527 13147
22528 13148
22529 13148
22530 13148
22531 13149
22532 13150
22533 13150
22534 13150
22535 13150
22536 13150
22537 13151
22538 13151
22539 13152
22540 13152
22541 13153
22542 13154
22543 13155
22544 13155
22545 13155
22546 13155
22547 13156
22548 13157
22549 13158
22550 13158
22551 13158
22552 13159
22553 13160
22554 13161
22555 13162
22556 13163
22557 13164
22558 13164
22559 13165
22560 13165
22561 13166
22562 13166
22563 13167
22564 13168
22565 13168
22566 13168
22567 13169
22568 13170
22569 13171
22570 13172
22571 13173
22572 13174
22573 13175
22574 13175
22575 13175
22576 13176
22577 13177
22578 13177
22579 13178
22580 13179
22581 13180
22582 13181
22583 13181
22584 13182
22585 13182
22586 13183
22587 13184
22588 13184
22589 13184
22590 13184
22591 13185
22592 13185
22593 13185
22594 13186
22595 13187
22596 13188
22597 13189
22598 13190
22599 13190
22600 13190
22601 13190
22602 13190
22603 13191
22604 13191
22605 13191
22606 13192
22607 13192
22608 13193
22609 13194
22610 13194
22611 13195
22612 13196
22613 13197
22614 13198
22615 13199
22616 13200
22617 13200
22618 13201
22619 13202
22620 13202
22621 13203
22622 13204
22623 13205
22624 13205
22625 13206
22626 13207
22627 13208
22628 13209
22629 13210
22630 13211
22631 13212
22632 13213
22633 13213
22634 13213
22635 13214
22636 13214
22637 13214
22638 13214
22639 13215
22640 13215
22641 13215
22642 13216
22643 13217
22644 13217
22645 13217
22646 13217
22647 13218
22648 13219
22649 13219
22650 13220
22651 13221
22652 13221
22653 13222
22654 13222
22655 13223
22656 13223
22657 13223
22658 13224
22659 13224
22660 13224
22661 13224
22662 13225
22663 13225
22664 13226
22665 13227
22666 13228
22667 13229
22668 13230
22669 13231
22670 13232
22671 13232
22672 13233
22673 13234
22674 13234
22675 13235
22676 13235
22677 13235
22678 13236
22679 13237
22680 13238
22681 13239
22682 13240
22683 13240
22684 13241
22685 13241
22686 13241
22687 13241
22688 13242
22689 13242
22690 13242
22691 13242
22692 13243
22693 13244
22694 13244
22695 13244
22696 13244
22697 13245
22698 13245
22699 13246
22700 13247
22701 13248
22702 13249
22703 13250
22704 13250
22705 13250
22706 13250
22707 13251
22708 13251
22709 13252
22710 13252
22711 13252
22712 13253
22713 13254
22714 13254
22715 13255
22716 13255
22717 13255
22718 13256
22719 13257
22720 13257
22721 13257
22722 13257
22723 13258
22724 13258
22725 13259
22726 13259
22727 13260
22728 13260
22729 13261
22730 13261
22731 13262
22732 13263
22733 13264
22734 13264
22735 13265
22736 13266
22737 13267
22738 13267
22739 13268
22740 13268
22741 13268
22742 13269
22743 13269
22744 13269
22745 13269
22746 13269
22747 13270
22748 13271
22749 13271
22750 13271
22751 13271
22752 13272
22753 13273
22754 13274
22755 13275
22756 13275
22757 13275
22758 13276
22759 13277
22760 13277
22761 13278
22762 13278
22763 13279
22764 13280
22765 13281
22766 13282
22767 13283
22768 13283
22769 13284
22770 13285
22771 13285
22772 13286
22773 13286
22774 13287
22775 13288
22776 13289
22777 13290
22778 13291
22779 13292
22780 13293
22781 13294
22782 13294
22783 13294
22784 13295
22785 13295
22786 13296
22787 13297
22788 13298
22789 13299
22790 13300
22791 13300
22792 13301
22793 13302
22794 13303
22795 13303
22796 13303
22797 13304
22798 13305
22799 13306
22800 13307
22801 13308
22802 13309
22803 13309
22804 13309
22805 13310
22806 13311
22807 13311
22808 13311
22809 13311
22810 13312
22811 13313
22812 13314
22813 13315
22814 13316
22815 13316
22816 13317
22817 13318
22818 13319
22819 13319
22820 13320
22821 13321
22822 13322
22823 13322
22824 13323
22825 13324
22826 13324
22827 13324
22828 13325
22829 13325
22830 13326
22831 13326
22832 13327
22833 13328
22834 13329
22835 13329
22836 13330
22837 13331
22838 13332
22839 13333
22840 13334
22841 13335
22842 13335
22843 13336
22844 13336
22845 13337
22846 13338
22847 13339
22848 13339
22849 13340
22850 13341
22851 13342
22852 13343
22853 13344
22854 13344
22855 13345
22856 13345
22857 13346
22858 13346
22859 13346
22860 13347
22861 13347
22862 13347
22863 13347
22864 13347
22865 13348
22866 13348
22867 13349
22868 13350
22869 13350
22870 13350
22871 13351
22872 13351
22873 13352
22874 13353
22875 13353
22876 13353
22877 13354
22878 13355
22879 13356
22880 13356
22881 13356
22882 13357
22883 13358
22884 13358
22885 13359
22886 13359
22887 13359
22888 13360
22889 13360
22890 13360
22891 13361
22892 13361
22893 13362
22894 13362
22895 13362
22896 13363
22897 13363
22898 13364
22899 13364
22900 13364
22901 13364
22902 13365
22903 13366
22904 13367
22905 13368
22906 13368
22907 13368
22908 13369
22909 13369
22910 13370
22911 13371
22912 13371
22913 13371
22914 13371
22915 13372
22916 13372
22917 13373
22918 13373
22919 13373
22920 13374
22921 13375
22922 13376
22923 13376
22924 13376
22925 13377
22926 13377
22927 13378
22928 13379
22929 13380
22930 13380
22931 13381
22932 13381
22933 13382
22934 13382
22935 13383
22936 13384
22937 13384
22938 13385
22939 13386
22940 13387
22941 13388
22942 13389
22943 13389
22944 13389
22945 13390
22946 13391
22947 13391
22948 13391
22949 13391
22950 13392
22951 13393
22952 13394
22953 13394
22954 13395
22955 13396
22956 13396
22957 13397
22958 13398
22959 13398
22960 13399
22961 13399
22962 13400
22963 13400
22964 13401
22965 13402
22966 13402
22967 13403
22968 13404
22969 13404
22970 13405
22971 13406
22972 13406
22973 13406
22974 13407
22975 13407
22976 13407
22977 13407
22978 13407
22979 13408
22980 13409
22981 13410
22982 13411
22983 13411
22984 13412
22985 13412
22986 13413
22987 13413
22988 13413
22989 13414
22990 13415
22991 13416
22992 13417
22993 13417
22994 13418
22995 13419
22996 13420
22997 13421
22998 13422
22999 13423
23000 13423
23001 13423
23002 13424
23003 13425
23004 13426
23005 13426
23006 13427
23007 13428
23008 13428
23009 13428
23010 13429
23011 13429
23012 13430
23013 13430
23014 13431
23015 13432
23016 13432
23017 13433
23018 13434
23019 13435
23020 13435
23021 13435
23022 13435
23023 13436
23024 13437
23025 13438
23026 13438
23027 13438
23028 13439
23029 13440
23030 13441
23031 13442
23032 13443
23033 13444
23034 13445
23035 13445
23036 13446
23037 13446
23038 13447
23039 13447
23040 13448
23041 13449
23042 13450
23043 13450
23044 13450
23045 13450
23046 13450
23047 13451
23048 13452
23049 13453
23050 13454
23051 13455
23052 13456
23053 13457
23054 13457
23055 13457
23056 13458
23057 13458
23058 13459
23059 13460
23060 13460
23061 13460
23062 13460
23063 13460
23064 13460
23065 13460
23066 13460
23067 13461
23068 13461
23069 13461
23070 13461
23071 13462
23072 13463
23073 13464
23074 13464
23075 13465
23076 13465
23077 13466
23078 13467
23079 13467
23080 13467
23081 13467
23082 13468
23083 13468
23084 13468
23085 13469
23086 13469
23087 13470
23088 13471
23089 13472
23090 13472
23091 13473
23092 13474
23093 13475
23094 13475
23095 13476
23096 13477
23097 13477
23098 13477
23099 13478
23100 13479
23101 13479
23102 13480
23103 13480
23104 13481
23105 13482
23106 13483
23107 13483
23108 13484
23109 13485
23110 13486
23111 13486
23112 13486
23113 13486
23114 13487
23115 13488
23116 13489
23117 13490
23118 13490
23119 13491
23120 13492
23121 13493
23122 13493
23123 13494
23124 13494
23125 13495
23126 13496
23127 13496
23128 13497
23129 13498
23130 13499
23131 13499
23132 13500
23133 13501
23134 13501
23135 13502
23136 13503
23137 13503
23138 13504
23139 13504
23140 13505
23141 13506
23142 13507
23143 13507
23144 13508
23145 13508
23146 13509
23147 13510
23148 13510
23149 13511
23150 13511
23151 13512
23152 13512
23153 13513
23154 13514
23155 13515
23156 13515
23157 13515
23158 13515
23159 13516
23160 13516
23161 13517
23162 13518
23163 13518
23164 13519
23165 13519
23166 13520
23167 13521
23168 13521
23169 13522
23170 13523
23171 13524
23172 13525
23173 13526
23174 13526
23175 13527
23176 13527
23177 13527
23178 13528
23179 13528
23180 13529
23181 13529
23182 13529
23183 13529
23184 13530
23185 13531
23186 13531
23187 13531
23188 13531
23189 13532
23190 13532
23191 13533
23192 13534
23193 13534
23194 13535
23195 13536
23196 13537
23197 13537
23198 13538
23199 13539
23200 13539
23201 13540
23202 13541
23203 13541
23204 13541
23205 13542
23206 13542
23207 13543
23208 13544
23209 13545
23210 13545
23211 13545
23212 13546
23213 13547
23214 13547
23215 13548
23216 13549
23217 13549
23218 13550
23219 13550
23220 13550
23221 13551
23222 13551
23223 13551
23224 13552
23225 13553
23226 13554
23227 13554
23228 13555
23229 13556
23230 13557
23231 13557
23232 13558
23233 13558
23234 13559
23235 13559
23236 13560
23237 13560
23238 13561
23239 13562
23240 13562
23241 13563
23242 13564
23243 13565
23244 13566
23245 13566
23246 13567
23247 13567
23248 13568
23249 13569
23250 13570
23251 13570
23252 13571
23253 13572
23254 13572
23255 13572
23256 13572
23257 13572
23258 13573
23259 13574
23260 13575
23261 13575
23262 13576
23263 13577
23264 13577
23265 13577
23266 13577
23267 13577
23268 13577
23269 13578
23270 13579
23271 13580
23272 13580
23273 13581
23274 13581
23275 13582
23276 13583
23277 13583
23278 13583
23279 13583
23280 13584
23281 13585
23282 13586
23283 13587
23284 13588
23285 13589
23286 13590
23287 13590
23288 13591
23289 13591
23290 13592
23291 13592
23292 13593
23293 13593
23294 13594
23295 13595
23296 13595
23297 13596
23298 13597
23299 13598
23300 13599
23301 13600
23302 13601
23303 13601
23304 13602
23305 13602
23306 13602
23307 13603
23308 13603
23309 13604
23310 13605
23311 13605
23312 13606
23313 13607
23314 13607
23315 13608
23316 13609
23317 13610
23318 13611
23319 13612
23320 13612
23321 13613
23322 13613
23323 13614
23324 13614
23325 13614
23326 13614
23327 13615
23328 13616
23329 13617
23330 13618
23331 13619
23332 13620
23333 13620
23334 13620
23335 13621
23336 13622
23337 13622
23338 13622
23339 13623
23340 13624
23341 13625
23342 13626
23343 13626
23344 13626
23345 13627
23346 13628
23347 13629
23348 13630
23349 13630
23350 13631
23351 13632
23352 13633
23353 13634
23354 13634
23355 13635
23356 13635
23357 13635
23358 13636
23359 13636
23360 13637
23361 13637
23362 13637
23363 13638
23364 13638
23365 13639
23366 13639
23367 13640
23368 13640
23369 13641
23370 13641
23371 13641
23372 13641
23373 13642
23374 13642
23375 13642
23376 13642
23377 13643
23378 13643
23379 13643
23380 13643
23381 13644
23382 13645
23383 13646
23384 13646
23385 13647
23386 13648
23387 13649
23388 13650
23389 13650
23390 13651
23391 13652
23392 13653
23393 13654
23394 13655
23395 13656
23396 13656
23397 13656
23398 13656
23399 13657
23400 13658
23401 13659
23402 13659
23403 13659
23404 13659
23405 13660
23406 13661
23407 13661
23408 13662
23409 13663
23410 13664
23411 13664
23412 13665
23413 13665
23414 13666
23415 13667
23416 13668
23417 13669
23418 13670
23419 13670
23420 13670
23421 13670
23422 13670
23423 13671
23424 13672
23425 13673
23426 13674
23427 13675
23428 13675
23429 13676
23430 13677
23431 13677
23432 13678
23433 13679
23434 13680
23435 13680
23436 13680
23437 13681
23438 13682
23439 13682
23440 13683
23441 13684
23442 13685
23443 13686
23444 13686
23445 13686
23446 13687
23447 13688
23448 13688
23449 13689
23450 13690
23451 13690
23452 13690
23453 13691
23454 13691
23455 13692
23456 13692
23457 13693
23458 13693
23459 13694
23460 13695
23461 13696
23462 13697
23463 13698
23464 13699
23465 13700
23466 13701
23467 13702
23468 13703
23469 13704
23470 13705
23471 13706
23472 13707
23473 13707
23474 13708
23475 13708
23476 13708
23477 13709
23478 13710
23479 13711
23480 13712
23481 13713
23482 13714
23483 13715
23484 13716
23485 13716
23486 13716
23487 13717
23488 13718
23489 13719
23490 13720
23491 13721
23492 13722
23493 13723
23494 13724
23495 13725
23496 13725
23497 13726
23498 13726
23499 13727
23500 13728
23501 13729
23502 13729
23503 13729
23504 13730
23505 13730
23506 13731
23507 13731
23508 13731
23509 13731
23510 13732
23511 13733
23512 13733
23513 13733
23514 13733
23515 13733
23516 13734
23517 13734
23518 13735
23519 13736
23520 13737
23521 13738
23522 13739
23523 13740
23524 13741
23525 13742
23526 13743
23527 13744
23528 13744
23529 13745
23530 13746
23531 13746
23532 13746
23533 13746
23534 13746
23535 13747
23536 13748
23537 13749
23538 13749
23539 13750
23540 13750
23541 13751
23542 13752
23543 13753
23544 13754
23545 13754
23546 13755
23547 13755
23548 13756
23549 13757
23550 13758
23551 13759
23552 13760
23553 13760
23554 13760
23555 13760
23556 13761
23557 13762
23558 13762
23559 13762
23560 13763
23561 13764
23562 13764
23563 13765
23564 13765
23565 13766
23566 13767
23567 13768
23568 13768
23569 13769
23570 13770
23571 13770
23572 13770
23573 13771
23574 13772
23575 13773
23576 13774
23577 13775
23578 13775
23579 13776
23580 13776
23581 13776
23582 13777
23583 13778
23584 13779
23585 13780
23586 13781
23587 13782
23588 13782
23589 13782
23590 13783
23591 13784
23592 13784
23593 13785
23594 13786
23595 13787
23596 13787
23597 13788
23598 13788
23599 13788
23600 13789
23601 13790
23602 13791
23603 13792
23604 13792
23605 13792
23606 13792
23607 13793
23608 13793
23609 13793
23610 13793
23611 13794
23612 13794
23613 13795
23614 13796
23615 13796
23616 13797
23617 13798
23618 13799
23619 13799
23620 13799
23621 13800
23622 13800
23623 13801
23624 13801
23625 13802
23626 13802
23627 13802
23628 13803
23629 13803
23630 13803
23631 13803
23632 13803
23633 13803
23634 13803
23635 13804
23636 13805
23637 13805
23638 13805
23639 13806
23640 13806
23641 13807
23642 13808
23643 13808
23644 13809
23645 13810
23646 13811
23647 13811
23648 13812
23649 13812
23650 13812
23651 13813
23652 13814
23653 13815
23654 13816
23655 13817
23656 13817
23657 13817
23658 13818
23659 13818
23660 13819
23661 13820
23662 13821
23663 13822
23664 13822
23665 13823
23666 13823
23667 13823
23668 13823
23669 13823
23670 13823
23671 13824
23672 13824
23673 13825
23674 13825
23675 13825
23676 13825
23677 13826
23678 13826
23679 13827
23680 13827
23681 13828
23682 13829
23683 13830
23684 13830
23685 13831
23686 13831
23687 13831
23688 13831
23689 13832
23690 13833
23691 13834
23692 13835
23693 13835
23694 13836
23695 13836
23696 13837
23697 13837
23698 13838
23699 13839
23700 13839
23701 13839
23702 13840
23703 13840
23704 13840
23705 13841
23706 13842
23707 13842
23708 13842
23709 13843
23710 13843
23711 13844
23712 13845
23713 13846
23714 13846
23715 13846
23716 13847
23717 13847
23718 13848
23719 13849
23720 13849
23721 13850
23722 13850
23723 13850
23724 13851
23725 13852
23726 13853
23727 13854
23728 13854
23729 13855
23730 13855
23731 13856
23732 13857
23733 13857
23734 13858
23735 13858
23736 13859
23737 13860
23738 13861
23739 13862
23740 13862
23741 13862
23742 13863
23743 13864
23744 13865
23745 13866
23746 13866
23747 13866
23748 13866
23749 13866
23750 13867
23751 13868
23752 13868
23753 13869
23754 13870
23755 13871
23756 13871
23757 13872
23758 13872
23759 13872
23760 13873
23761 13873
23762 13873
23763 13873
23764 13874
23765 13875
23766 13876
23767 13876
23768 13876
23769 13876
23770 13877
23771 13878
23772 13878
23773 13879
23774 13879
23775 13880
23776 13881
23777 13881
23778 13882
23779 13882
23780 13883
23781 13883
23782 13884
23783 13884
23784 13884
23785 13885
23786 13885
23787 13885
23788 13885
23789 13886
23790 13886
23791 13886
23792 13886
23793 13886
23794 13887
23795 13887
23796 13888
23797 13889
23798 13889
23799 13889
23800 13889
23801 13889
23802 13890
23803 13890
23804 13891
23805 13892
23806 13893
23807 13894
23808 13895
23809 13896
23810 13897
23811 13898
23812 13899
23813 13900
23814 13901
23815 13901
23816 13901
23817 13902
23818 13903
23819 13904
23820 13905
23821 13905
23822 13905
23823 13906
23824 13906
23825 13907
23826 13907
23827 13908
23828 13909
23829 13909
23830 13910
23831 13910
23832 13910
23833 13910
23834 13911
23835 13911
23836 13912
23837 13913
23838 13914
23839 13914
23840 13915
23841 13915
23842 13915
23843 13915
23844 13916
23845 13917
23846 13918
23847 13918
23848 13918
23849 13919
23850 13920
23851 13920
23852 13921
23853 13922
23854 13923
23855 13923
23856 13924
23857 13925
23858 13926
23859 13927
23860 13927
23861 13927
23862 13928
23863 13928
23864 13929
23865 13930
23866 13931
23867 13932
23868 13933
23869 13934
23870 13935
23871 13936
23872 13936
23873 13937
23874 13937
23875 13937
23876 13937
23877 13937
23878 13938
23879 13939
23880 13940
23881 13941
23882 13941
23883 13942
23884 13943
23885 13944
23886 13945
23887 13946
23888 13946
23889 13947
23890 13947
23891 13947
23892 13948
23893 13949
23894 13950
23895 13951
23896 13951
23897 13952
23898 13953
23899 13953
23900 13954
23901 13954
23902 13954
23903 13955
23904 13956
23905 13956
23906 13956
23907 13956
23908 13957
23909 13958
23910 13959
23911 13960
23912 13961
23913 13962
23914 13963
23915 13964
23916 13965
23917 13965
23918 13966
23919 13966
23920 13966
23921 13967
23922 13968
23923 13968
23924 13969
23925 13969
23926 13970
23927 13970
23928 13970
23929 13970
23930 13970
23931 13970
23932 13971
23933 13972
23934 13972
23935 13972
23936 13973
23937 13973
23938 13973
23939 13974
23940 13975
23941 13976
23942 13977
23943 13978
23944 13979
23945 13980
23946 13980
23947 13981
23948 13982
23949 13982
23950 13983
23951 13984
23952 13984
23953 13985
23954 13985
23955 13985
23956 13985
23957 13986
23958 13987
23959 13987
23960 13988
23961 13988
23962 13988
23963 13988
23964 13988
23965 13989
23966 13990
23967 13990
23968 13991
23969 13991
23970 13991
23971 13991
23972 13991
23973 13992
23974 13993
23975 13993
23976 13994
23977 13994
23978 13995
23979 13996
23980 13997
23981 13997
23982 13997
23983 13998
23984 13999
23985 14000
23986 14000
23987 14000
23988 14000
23989 14000
23990 14001
23991 14001
23992 14002
23993 14003
23994 14004
23995 14004
23996 14005
23997 14006
23998 14006
23999 14006
24000 14007
24001 14007
24002 14007
24003 14008
24004 14009
24005 14010
24006 14011
24007 14011
24008 14012
24009 14012
24010 14012
24011 14013
24012 14013
24013 14013
24014 14013
24015 14014
24016 14015
24017 14015
24018 14015
24019 14016
24020 14016
24021 14017
24022 14018
24023 14019
24024 14019
24025 14020
24026 14020
24027 14021
24028 14021
24029 14022
24030 14022
24031 14023
24032 14023
24033 14023
24034 14024
24035 14024
24036 14024
24037 14024
24038 14025
24039 14025
24040 14025
24041 14025
24042 14026
24043 14027
24044 14027
24045 14027
24046 14028
24047 14029
24048 14029
24049 14030
24050 14031
24051 14032
24052 14033
24053 14033
24054 14034
24055 14035
24056 14035
24057 14035
24058 14035
24059 14036
24060 14037
24061 14038
24062 14038
24063 14039
24064 14039
24065 14040
24066 14041
24067 14042
24068 14042
24069 14043
24070 14043
24071 14043
24072 14043
24073 14044
24074 14044
24075 14045
24076 14046
24077 14046
24078 14047
24079 14047
24080 14048
24081 14049
24082 14049
24083 14050
24084 14050
24085 14051
24086 14052
24087 14053
24088 14054
24089 14055
24090 14055
24091 14056
24092 14057
24093 14058
24094 14058
24095 14058
24096 14059
24097 14059
24098 14059
24099 14060
24100 14060
24101 14061
24102 14062
24103 14063
24104 14064
24105 14065
24106 14066
24107 14066
24108 14066
24109 14067
24110 14068
24111 14068
24112 14069
24113 14070
24114 14071
24115 14072
24116 14073
24117 14074
24118 14074
24119 14075
24120 14075
24121 14075
24122 14075
24123 14075
24124 14076
24125 14076
24126 14077
24127 14077
24128 14078
24129 14079
24130 14079
24131 14079
24132 14080
24133 14080
24134 14081
24135 14082
24136 14082
24137 14083
24138 14083
24139 14084
24140 14084
24141 14085
24142 14085
24143 14085
24144 14086
24145 14086
24146 14086
24147 14087
24148 14087
24149 14088
24150 14089
24151 14089
24152 14089
24153 14089
24154 14090
24155 14090
24156 14090
24157 14091
24158 14091
24159 14092
24160 14092
24161 14093
24162 14093
24163 14093
24164 14093
24165 14094
24166 14095
24167 14096
24168 14096
24169 14096
24170 14097
24171 14098
24172 14098
24173 14099
24174 14099
24175 14100
24176 14100
24177 14101
24178 14102
24179 14103
24180 14104
24181 14105
24182 14105
24183 14105
24184 14105
24185 14106
24186 14106
24187 14106
24188 14107
24189 14107
24190 14108
24191 14109
24192 14109
24193 14110
24194 14111
24195 14112
24196 14113
24197 14114
24198 14115
24199 14116
24200 14116
24201 14116
24202 14116
24203 14116
24204 14117
24205 14117
24206 14118
24207 14119
24208 14119
24209 14120
24210 14121
24211 14122
24212 14123
24213 14124
24214 14125
24215 14126
24216 14126
24217 14127
24218 14128
24219 14128
24220 14129
24221 14129
24222 14129
24223 14129
24224 14130
24225 14130
24226 14131
24227 14132
24228 14132
24229 14132
24230 14133
24231 14133
24232 14134
24233 14135
24234 14136
24235 14137
24236 14138
24237 14139
24238 14140
24239 14141
24240 14142
24241 14143
24242 14143
24243 14144
24244 14145
24245 14146
24246 14147
24247 14148
24248 14148
24249 14149
24250 14150
24251 14151
24252 14151
24253 14152
24254 14153
24255 14153
24256 14153
24257 14153
24258 14154
24259 14155
24260 14155
24261 14156
24262 14157
24263 14158
24264 14158
24265 14158
24266 14158
24267 14159
24268 14159
24269 14159
24270 14160
24271 14161
24272 14162
24273 14163
24274 14163
24275 14164
24276 14164
24277 14165
24278 14166
24279 14166
24280 14166
24281 14167
24282 14167
24283 14167
24284 14167
24285 14167
24286 14167
24287 14167
24288 14167
24289 14167
24290 14168
24291 14168
24292 14169
24293 14169
24294 14170
24295 14171
24296 14171
24297 14172
24298 14172
24299 14172
24300 14172
24301 14173
24302 14174
24303 14174
24304 14175
24305 14176
24306 14177
24307 14177
24308 14178
24309 14178
24310 14178
24311 14179
24312 14179
24313 14180
24314 14181
24315 14182
24316 14182
24317 14183
24318 14183
24319 14184
24320 14184
24321 14184
24322 14185
24323 14186
24324 14187
24325 14188
24326 14189
24327 14190
24328 14191
24329 14191
24330 14191
24331 14191
24332 14191
24333 14191
24334 14192
24335 14192
24336 14192
24337 14192
24338 14193
24339 14194
24340 14195
24341 14196
24342 14197
24343 14198
24344 14198
24345 14199
24346 14199
24347 14199
24348 14200
24349 14201
24350 14201
24351 14202
24352 14203
24353 14203
24354 14204
24355 14205
24356 14206
24357 14207
24358 14208
24359 14208
24360 14209
24361 14209
24362 14210
24363 14211
24364 14212
24365 14212
24366 14213
24367 14214
24368 14215
24369 14215
24370 14216
24371 14217
24372 14218
24373 14219
24374 14219
24375 14219
24376 14219
24377 14220
24378 14220
24379 14221
24380 14222
24381 14222
24382 14222
24383 14222
24384 14222
24385 14223
24386 14224
24387 14224
24388 14225
24389 14225
24390 14225
24391 14225
24392 14226
24393 14227
24394 14227
24395 14228
24396 14229
24397 14230
24398 14230
24399 14231
24400 14232
24401 14233
24402 14234
24403 14235
24404 14236
24405 14237
24406 14238
24407 14238
24408 14238
24409 14239
24410 14239
24411 14240
24412 14241
24413 14242
24414 14243
24415 14243
24416 14244
24417 14245
24418 14245
24419 14246
24420 14247
24421 14247
24422 14248
24423 14249
24424 14249
24425 14250
24426 14251
24427 14252
24428 14252
24429 14253
24430 14254
24431 14255
24432 14256
24433 14256
24434 14256
24435 14257
24436 14258
24437 14258
24438 14258
24439 14258
24440 14259
24441 14259
24442 14260
24443 14260
24444 14261
24445 14261
24446 14261
24447 14261
24448 14261
24449 14261
24450 14261
24451 14262
24452 14263
24453 14264
24454 14264
24455 14264
24456 14264
24457 14265
24458 14266
24459 14267
24460 14268
24461 14269
24462 14269
24463 14270
24464 14270
24465 14271
24466 14271
24467 14271
24468 14271
24469 14271
24470 14271
24471 14272
24472 14272
24473 14272
24474 14273
24475 14274
24476 14274
24477 14275
24478 14276
24479 14277
24480 14278
24481 14279
24482 14279
24483 14280
24484 14281
24485 14281
24486 14282
24487 14282
24488 14282
24489 14283
24490 14283
24491 14283
24492 14284
24493 14284
24494 14285
24495 14285
24496 14286
24497 14287
24498 14287
24499 14288
24500 14288
24501 14289
24502 14289
24503 14289
24504 14289
24505 14289
24506 14290
24507 14290
24508 14290
24509 14290
24510 14291
24511 14292
24512 14293
24513 14294
24514 14294
24515 14295
24516 14295
24517 14295
24518 14296
24519 14297
24520 14298
24521 14298
24522 14299
24523 14300
24524 14300
24525 14300
24526 14301
24527 14302
24528 14303
24529 14303
24530 14304
24531 14305
24532 14305
24533 14305
24534 14306
24535 14307
24536 14308
24537 14309
24538 14310
24539 14311
24540 14311
24541 14312
24542 14312
24543 14312
24544 14313
24545 14313
24546 14314
24547 14314
24548 14315
24549 14316
24550 14317
24551 14317
24552 14318
24553 14319
24554 14320
24555 14321
24556 14321
24557 14321
24558 14322
24559 14323
24560 14324
24561 14325
24562 14325
24563 14326
24564 14326
24565 14326
24566 14327
24567 14327
24568 14328
24569 14329
24570 14329
24571 14330
24572 14331
24573 14332
24574 14333
24575 14334
24576 14335
24577 14336
24578 14337
24579 14338
24580 14339
24581 14340
24582 14341
24583 14341
24584 14342
24585 14343
24586 14343
24587 14344
24588 14344
24589 14345
24590 14346
24591 14346
24592 14347
24593 14347
24594 14348
24595 14348
24596 14349
24597 14349
24598 14350
24599 14351
24600 14351
24601 14351
24602 14352
24603 14352
24604 14352
24605 14353
24606 14353
24607 14354
24608 14355
24609 14355
24610 14356
24611 14357
24612 14358
24613 14358
24614 14359
24615 14359
24616 14359
24617 14360
24618 14361
24619 14362
24620 14362
24621 14363
24622 14364
24623 14364
24624 14364
24625 14365
24626 14365
24627 14365
24628 14365
24629 14366
24630 14366
24631 14366
24632 14367
24633 14368
24634 14369
24635 14369
24636 14370
24637 14370
24638 14371
24639 14371
24640 14372
24641 14372
24642 14373
24643 14374
24644 14375
24645 14375
24646 14375
24647 14376
24648 14376
24649 14377
24650 14378
24651 14378
24652 14379
24653 14380
24654 14381
24655 14381
24656 14381
24657 14382
24658 14383
24659 14383
24660 14384
24661 14385
24662 14386
24663 14386
24664 14386
24665 14386
24666 14387
24667 14388
24668 14389
24669 14389
24670 14390
24671 14390
24672 14390
24673 14391
24674 14391
24675 14392
24676 14392
24677 14393
24678 14394
24679 14394
24680 14395
24681 14396
24682 14397
24683 14398
24684 14399
24685 14399
24686 14399
24687 14400
24688 14400
24689 14401
24690 14401
24691 14402
24692 14402
24693 14402
24694 14403
24695 14403
24696 14403
24697 14404
24698 14405
24699 14406
24700 14407
24701 14407
24702 14407
24703 14408
24704 14408
24705 14409
24706 14410
24707 14410
24708 14411
24709 14411
24710 14411
24711 14411
24712 14411
24713 14412
24714 14412
24715 14413
24716 14413
24717 14414
24718 14414
24719 14415
24720 14416
24721 14417
24722 14417
24723 14418
24724 14419
24725 14420
24726 14421
24727 14422
24728 14423
24729 14424
24730 14425
24731 14426
24732 14426
24733 14426
24734 14427
24735 14428
24736 14429
24737 14430
24738 14431
24739 14431
24740 14432
24741 14432
24742 14433
24743 14434
24744 14435
24745 14436
24746 14436
24747 14436
24748 14436
24749 14436
24750 14436
24751 14436
24752 14437
24753 14437
24754 14437
24755 14438
24756 14439
24757 14440
24758 14441
24759 14441
24760 14442
24761 14443
24762 14444
24763 14444
24764 14445
24765 14446
24766 14446
24767 14447
24768 14448
24769 14448
24770 14449
24771 14450
24772 14451
24773 14451
24774 14452
24775 14452
24776 14453
24777 14454
24778 14455
24779 14456
24780 14456
24781 14457
24782 14458
24783 14458
24784 14458
24785 14458
24786 14459
24787 14459
24788 14460
24789 14461
24790 14462
24791 14463
24792 14463
24793 14464
24794 14465
24795 14466
24796 14467
24797 14468
24798 14468
24799 14469
24800 14469
24801 14469
24802 14470
24803 14470
24804 14471
24805 14471
24806 14472
24807 14473
24808 14474
24809 14475
24810 14476
24811 14477
24812 14478
24813 14478
24814 14478
24815 14479
24816 14479
24817 14480
24818 14481
24819 14482
24820 14482
24821 14483
24822 14483
24823 14484
24824 14485
24825 14486
24826 14487
24827 14487
24828 14487
24829 14488
24830 14489
24831 14489
24832 14490
24833 14491
24834 14492
24835 14492
24836 14492
24837 14493
24838 14494
24839 14495
24840 14496
24841 14496
24842 14496
24843 14497
24844 14497
24845 14497
24846 14498
24847 14499
24848 14499
24849 14499
24850 14500
24851 14500
24852 14501
24853 14502
24854 14503
24855 14503
24856 14504
24857 14505
24858 14505
24859 14505
24860 14506
24861 14507
24862 14507
24863 14508
24864 14509
24865 14509
24866 14510
24867 14510
24868 14510
24869 14511
24870 14512
24871 14512
24872 14512
24873 14513
24874 14514
24875 14515
24876 14516
24877 14516
24878 14516
24879 14516
24880 14516
24881 14516
24882 14517
24883 14518
24884 14518
24885 14519
24886 14520
24887 14521
24888 14521
24889 14522
24890 14522
24891 14523
24892 14524
24893 14525
24894 14526
24895 14527
24896 14528
24897 14528
24898 14529
24899 14530
24900 14530
24901 14531
24902 14532
24903 14532
24904 14533
24905 14533
24906 14534
24907 14534
24908 14535
24909 14535
24910 14535
24911 14536
24912 14537
24913 14538
24914 14538
24915 14538
24916 14538
24917 14539
24918 14539
24919 14540
24920 14540
24921 14540
24922 14541
24923 14541
24924 14542
24925 14542
24926 14543
24927 14544
24928 14545
24929 14546
24930 14547
24931 14547
24932 14547
24933 14547
24934 14548
24935 14548
24936 14548
24937 14548
24938 14549
24939 14550
24940 14550
24941 14550
24942 14550
24943 14551
24944 14552
24945 14553
24946 14554
24947 14554
24948 14555
24949 14556
24950 14556
24951 14557
24952 14557
24953 14558
24954 14559
24955 14560
24956 14561
24957 14562
24958 14563
24959 14563
24960 14564
24961 14564
24962 14565
24963 14566
24964 14566
24965 14567
24966 14568
24967 14569
24968 14570
24969 14571
24970 14572
24971 14573
24972 14573
24973 14574
24974 14574
24975 14575
24976 14576
24977 14577
24978 14577
24979 14578
24980 14578
24981 14578
24982 14578
24983 14579
24984 14579
24985 14580
24986 14581
24987 14582
24988 14582
24989 14583
24990 14583
24991 14583
24992 14583
24993 14584
24994 14585
24995 14585
24996 14586
24997 14587
24998 14587
24999 14588
25000 14588
25001 14588
25002 14588
25003 14589
25004 14589
25005 14590
25006 14591
25007 14591
25008 14591
25009 14592
25010 14592
25011 14593
25012 14593
25013 14594
25014 14594
25015 14595
25016 14596
25017 14597
25018 14598
25019 14598
25020 14599
25021 14600
25022 14600
25023 14601
25024 14601
25025 14601
25026 14602
25027 14602
25028 14602
25029 14603
25030 14604
25031 14605
25032 14606
25033 14606
25034 14606
25035 14607
25036 14608
25037 14609
25038 14610
25039 14610
25040 14611
25041 14612
25042 14612
25043 14612
25044 14613
25045 14613
25046 14613
25047 14614
25048 14614
25049 14614
25050 14614
25051 14614
25052 14615
25053 14616
25054 14617
25055 14617
25056 14618
25057 14619
25058 14620
25059 14620
25060 14621
25061 14622
25062 14623
25063 14623
25064 14624
25065 14624
25066 14624
25067 14624
25068 14624
25069 14624
25070 14624
25071 14625
25072 14626
25073 14627
25074 14627
25075 14627
25076 14628
25077 14629
25078 14630
25079 14631
25080 14632
25081 14633
25082 14634
25083 14635
25084 14636
25085 14636
25086 14636
25087 14637
25088 14638
25089 14639
25090 14640
25091 14641
25092 14642
25093 14643
25094 14644
25095 14644
25096 14645
25097 14646
25098 14646
25099 14647
25100 14647
25101 14648
25102 14649
25103 14649
25104 14649
25105 14649
25106 14650
25107 14651
25108 14651
25109 14652
25110 14652
25111 14652
25112 14653
25113 14653
25114 14654
25115 14654
25116 14655
25117 14656
25118 14657
25119 14657
25120 14658
25121 14659
25122 14660
25123 14661
25124 14662
25125 14663
25126 14663
25127 14664
25128 14664
25129 14665
25130 14666
25131 14666
25132 14667
25133 14667
25134 14668
25135 14669
25136 14670
25137 14671
25138 14672
25139 14672
25140 14673
25141 14674
25142 14675
25143 14676
25144 14677
25145 14678
25146 14679
25147 14679
25148 14679
25149 14679
25150 14680
25151 14681
25152 14681
25153 14682
25154 14683
25155 14684
25156 14685
25157 14686
25158 14687
25159 14688
25160 14688
25161 14688
25162 14688
25163 14688
25164 14689
25165 14690
25166 14690
25167 14690
25168 14691
25169 14691
25170 14692
25171 14692
25172 14693
25173 14693
25174 14694
25175 14694
25176 14694
25177 14694
25178 14694
25179 14694
25180 14695
25181 14695
25182 14696
25183 14697
25184 14698
25185 14698
25186 14698
25187 14699
25188 14699
25189 14699
25190 14700
25191 14700
25192 14700
25193 14701
25194 14701
25195 14702
25196 14703
25197 14704
25198 14704
25199 14704
25200 14704
25201 14705
25202 14706
25203 14706
25204 14707
25205 14707
25206 14707
25207 14708
25208 14708
25209 14708
25210 14709
25211 14709
25212 14710
25213 14711
25214 14711
25215 14712
25216 14712
25217 14712
25218 14713
25219 14714
25220 14715
25221 14716
25222 14717
25223 14717
25224 14717
25225 14718
25226 14719
25227 14719
25228 14720
25229 14721
25230 14722
25231 14723
25232 14724
25233 14725
25234 14725
25235 14726
25236 14727
25237 14728
25238 14728
25239 14728
25240 14729
25241 14730
25242 14730
25243 14730
25244 14731
25245 14732
25246 14733
25247 14734
25248 14734
25249 14735
25250 14735
25251 14735
25252 14735
25253 14736
25254 14737
25255 14738
25256 14739
25257 14739
25258 14740
25259 14740
25260 14741
25261 14741
25262 14741
25263 14742
25264 14742
25265 14742
25266 14742
25267 14743
25268 14743
25269 14744
25270 14745
25271 14746
25272 14746
25273 14746
25274 14747
25275 14748
25276 14748
25277 14749
25278 14749
25279 14750
25280 14751
25281 14751
25282 14752
25283 14753
25284 14754
25285 14754
25286 14755
25287 14755
25288 14756
25289 14756
25290 14757
25291 14757
25292 14757
25293 14758
25294 14759
25295 14760
25296 14761
25297 14762
25298 14762
25299 14763
25300 14764
25301 14765
25302 14765
25303 14765
25304 14765
25305 14765
25306 14766
25307 14767
25308 14767
25309 14768
25310 14768
25311 14768
25312 14769
25313 14770
25314 14770
25315 14770
25316 14771
25317 14771
25318 14772
25319 14773
25320 14773
25321 14774
25322 14774
25323 14775
25324 14775
25325 14776
25326 14776
25327 14776
25328 14776
25329 14777
25330 14777
25331 14778
25332 14779
25333 14779
25334 14780
25335 14780
25336 14781
25337 14781
25338 14781
25339 14782
25340 14782
25341 14783
25342 14784
25343 14785
25344 14785
25345 14786
25346 14786
25347 14787
25348 14787
25349 14788
25350 14788
25351 14789
25352 14789
25353 14789
25354 14789
25355 14790
25356 14791
25357 14791
25358 14792
25359 14792
25360 14792
25361 14792
25362 14793
25363 14794
25364 14794
25365 14795
25366 14795
25367 14795
25368 14795
25369 14795
25370 14796
25371 14796
25372 14796
25373 14796
25374 14796
25375 14796
25376 14796
25377 14797
25378 14797
25379 14798
25380 14799
25381 14799
25382 14799
25383 14799
25384 14800
25385 14800
25386 14801
25387 14802
25388 14802
25389 14802
25390 14803
25391 14804
25392 14805
25393 14806
25394 14806
25395 14806
25396 14807
25397 14808
25398 14808
25399 14809
25400 14809
25401 14809
25402 14810
25403 14810
25404 14811
25405 14811
25406 14812
25407 14812
25408 14813
25409 14813
25410 14813
25411 14813
25412 14813
25413 14814
25414 14814
25415 14815
25416 14816
25417 14817
25418 14818
25419 14819
25420 14820
25421 14821
25422 14822
25423 14822
25424 14822
25425 14823
25426 14824
25427 14824
25428 14824
25429 14824
25430 14824
25431 14824
25432 14825
25433 14825
25434 14826
25435 14827
25436 14828
25437 14829
25438 14830
25439 14831
25440 14832
25441 14833
25442 14834
25443 14835
25444 14836
25445 14837
25446 14838
25447 14838
25448 14838
25449 14839
25450 14839
25451 14840
25452 14840
25453 14840
25454 14841
25455 14841
25456 14842
25457 14842
25458 14842
25459 14842
25460 14842
25461 14843
25462 14844
25463 14844
25464 14845
25465 14846
25466 14847
25467 14848
25468 14849
25469 14849
25470 14849
25471 14850
25472 14851
25473 14852
25474 14852
25475 14852
25476 14853
25477 14854
25478 14855
25479 14856
25480 14856
25481 14856
25482 14856
25483 14857
25484 14858
25485 14859
25486 14860
25487 14861
25488 14861
25489 14862
25490 14863
25491 14864
25492 14865
25493 14866
25494 14866
25495 14867
25496 14867
25497 14868
25498 14869
25499 14869
25500 14869
25501 14869
25502 14869
25503 14870
25504 14870
25505 14870
25506 14871
25507 14871
25508 14871
25509 14872
25510 14872
25511 14872
25512 14872
25513 14873
25514 14874
25515 14874
25516 14875
25517 14876
25518 14877
25519 14877
25520 14877
25521 14877
25522 14878
25523 14879
25524 14880
25525 14881
25526 14882
25527 14882
25528 14883
25529 14884
25530 14885
25531 14886
25532 14886
25533 14887
25534 14888
25535 14889
25536 14890
25537 14891
25538 14891
25539 14891
25540 14891
25541 14891
25542 14892
25543 14892
25544 14893
25545 14894
25546 14895
25547 14896
25548 14897
25549 14897
25550 14897
25551 14897
25552 14898
25553 14899
25554 14899
25555 14900
25556 14900
25557 14900
25558 14900
25559 14901
25560 14902
25561 14902
25562 14903
25563 14904
25564 14904
25565 14905
25566 14906
25567 14907
25568 14907
25569 14908
25570 14909
25571 14909
25572 14909
25573 14910
25574 14911
25575 14911
25576 14911
25577 14912
25578 14913
25579 14914
25580 14915
25581 14915
25582 14916
25583 14916
25584 14917
25585 14918
25586 14919
25587 14920
25588 14921
25589 14921
25590 14921
25591 14922
25592 14922
25593 14922
25594 14922
25595 14923
25596 14924
25597 14925
25598 14925
25599 14926
25600 14926
25601 14926
25602 14927
25603 14928
25604 14929
25605 14930
25606 14931
25607 14931
25608 14931
25609 14931
25610 14932
25611 14932
25612 14933
25613 14934
25614 14935
25615 14936
25616 14937
25617 14938
25618 14938
25619 14939
25620 14940
25621 14940
25622 14941
25623 14942
25624 14943
25625 14943
25626 14944
25627 14944
25628 14945
25629 14945
25630 14946
25631 14947
25632 14948
25633 14949
25634 14949
25635 14949
25636 14950
25637 14951
25638 14951
25639 14952
25640 14953
25641 14954
25642 14954
25643 14955
25644 14955
25645 14955
25646 14956
25647 14956
25648 14956
25649 14957
25650 14958
25651 14959
25652 14960
25653 14960
25654 14960
25655 14960
25656 14961
25657 14961
25658 14961
25659 14962
25660 14963
25661 14964
25662 14965
25663 14965
25664 14965
25665 14965
25666 14965
25667 14966
25668 14966
25669 14967
25670 14967
25671 14967
25672 14968
25673 14969
25674 14969
25675 14970
25676 14970
25677 14971
25678 14972
25679 14972
25680 14973
25681 14974
25682 14975
25683 14976
25684 14976
25685 14977
25686 14978
25687 14979
25688 14980
25689 14980
25690 14980
25691 14981
25692 14982
25693 14983
25694 14984
25695 14985
25696 14985
25697 14985
25698 14985
25699 14986
25700 14986
25701 14986
25702 14987
25703 14987
25704 14988
25705 14988
25706 14988
25707 14988
25708 14989
25709 14990
25710 14991
25711 14992
25712 14992
25713 14993
25714 14993
25715 14993
25716 14993
25717 14994
25718 14995
25719 14996
25720 14996
25721 14996
25722 14996
25723 14996
25724 14996
25725 14997
25726 14998
25727 14999
25728 14999
25729 15000
25730 15001
25731 15001
25732 15002
25733 15002
25734 15003
25735 15003
25736 15004
25737 15005
25738 15005
25739 15005
25740 15005
25741 15005
25742 15006
25743 15007
25744 15007
25745 15008
25746 15008
25747 15009
25748 15010
25749 15011
25750 15012
25751 15012
25752 15012
25753 15013
25754 15013
25755 15014
25756 15014
25757 15014
25758 15015
25759 15015
25760 15015
25761 15016
25762 15017
25763 15018
25764 15019
25765 15020
25766 15020
25767 15020
25768 15020
25769 15021
25770 15022
25771 15023
25772 15023
25773 15023
25774 15023
25775 15024
25776 15024
25777 15025
25778 15025
25779 15025
25780 15026
25781 15026
25782 15026
25783 15027
25784 15028
25785 15028
25786 15029
25787 15030
25788 15031
25789 15031
25790 15032
25791 15033
25792 15034
25793 15034
25794 15035
25795 15035
25796 15036
25797 15037
25798 15038
25799 15039
25800 15040
25801 15041
25802 15042
25803 15043
25804 15044
25805 15044
25806 15045
25807 15045
25808 15046
25809 15047
25810 15048
25811 15048
25812 15048
25813 15048
25814 15049
25815 15050
25816 15050
25817 15051
25818 15052
25819 15052
25820 15053
25821 15053
25822 15053
25823 15053
25824 15053
25825 15053
25826 15054
25827 15055
25828 15056
25829 15056
25830 15056
25831 15057
25832 15058
25833 15058
25834 15058
25835 15058
25836 15058
25837 15058
25838 15059
25839 15059
25840 15059
25841 15060
25842 15061
25843 15061
25844 15062
25845 15063
25846 15064
25847 15064
25848 15065
25849 15065
25850 15066
25851 15067
25852 15067
25853 15068
25854 15069
25855 15070
25856 15070
25857 15071
25858 15072
25859 15073
25860 15073
25861 15074
25862 15075
25863 15076
25864 15077
25865 15078
25866 15079
25867 15080
25868 15081
25869 15081
25870 15081
25871 15081
25872 15081
25873 15081
25874 15082
25875 15082
25876 15082
25877 15083
25878 15084
25879 15085
25880 15085
25881 15085
25882 15086
25883 15087
25884 15088
25885 15089
25886 15089
25887 15089
25888 15090
25889 15090
25890 15091
25891 15092
25892 15093
25893 15093
25894 15093
25895 15093
25896 15094
25897 15095
25898 15095
25899 15096
25900 15096
25901 15097
25902 15098
25903 15098
25904 15099
25905 15100
25906 15101
25907 15102
25908 15102
25909 15103
25910 15104
25911 15105
25912 15106
25913 15106
25914 15106
25915 15106
25916 15107
25917 15108
25918 15109
25919 15109
25920 15110
25921 15111
25922 15112
25923 15112
25924 15113
25925 15113
25926 15113
25927 15113
25928 15113
25929 15114
25930 15114
25931 15115
25932 15115
25933 15115
25934 15115
25935 15116
25936 15116
25937 15117
25938 15118
25939 15118
25940 15119
25941 15119
25942 15120
25943 15120
25944 15120
25945 15120
25946 15121
25947 15121
25948 15121
25949 15122
25950 15122
25951 15122
25952 15122
25953 15123
25954 15123
25955 15123
25956 15124
25957 15124
25958 15125
25959 15126
25960 15126
25961 15126
25962 15127
25963 15127
25964 15127
25965 15128
25966 15129
25967 15130
25968 15131
25969 15132
25970 15133
25971 15134
25972 15135
25973 15135
25974 15136
25975 15137
25976 15137
25977 15137
25978 15137
25979 15138
25980 15139
25981 15140
25982 15141
25983 15141
25984 15142
25985 15142
25986 15142
25987 15143
25988 15143
25989 15144
25990 15144
25991 15144
25992 15145
25993 15146
25994 15146
25995 15147
25996 15148
25997 15149
25998 15150
25999 15151
26000 15151
26001 15152
26002 15152
26003 15152
26004 15153
26005 15154
26006 15154
26007 15155
26008 15155
26009 15155
26010 15155
26011 15156
26012 15156
26013 15156
26014 15156
26015 15157
26016 15157
26017 15158
26018 15159
26019 15160
26020 15160
26021 15161
26022 15161
26023 15161
26024 15161
26025 15161
26026 15161
26027 15162
26028 15162
26029 15163
26030 15163
26031 15163
26032 15163
26033 15164
26034 15165
26035 15166
26036 15166
26037 15167
26038 15167
26039 15168
26040 15168
26041 15168
26042 15169
26043 15170
26044 15170
26045 15171
26046 15171
26047 15171
26048 15172
26049 15172
26050 15173
26051 15174
26052 15175
26053 15175
26054 15175
26055 15176
26056 15176
26057 15177
26058 15177
26059 15178
26060 15178
26061 15178
26062 15179
26063 15179
26064 15179
26065 15180
26066 15180
26067 15181
26068 15181
26069 15182
26070 15182
26071 15182
26072 15182
26073 15182
26074 15182
26075 15183
26076 15184
26077 15184
26078 15185
26079 15186
26080 15186
26081 15186
26082 15186
26083 15187
26084 15187
26085 15187
26086 15188
26087 15188
26088 15189
26089 15189
26090 15189
26091 15190
26092 15190
26093 15191
26094 15192
26095 15192
26096 15193
26097 15193
26098 15193
26099 15194
26100 15194
26101 15195
26102 15195
26103 15195
26104 15195
26105 15195
26106 15195
26107 15196
26108 15196
26109 15196
26110 15197
26111 15198
26112 15199
26113 15200
26114 15201
26115 15202
26116 15203
26117 15203
26118 15203
26119 15203
26120 15203
26121 15204
26122 15204
26123 15204
26124 15205
26125 15206
26126 15207
26127 15207
26128 15207
26129 15208
26130 15209
26131 15209
26132 15209
26133 15210
26134 15210
26135 15210
26136 15210
26137 15210
26138 15211
26139 15211
26140 15211
26141 15211
26142 15212
26143 15213
26144 15214
26145 15214
26146 15214
26147 15215
26148 15216
26149 15217
26150 15217
26151 15218
26152 15218
26153 15218
26154 15219
26155 15220
26156 15221
26157 15222
26158 15223
26159 15224
26160 15225
26161 15225
26162 15226
26163 15226
26164 15227
26165 15228
26166 15228
26167 15229
26168 15229
26169 15229
26170 15229
26171 15229
26172 15230
26173 15230
26174 15231
26175 15232
26176 15232
26177 15233
26178 15234
26179 15234
26180 15235
26181 15235
26182 15236
26183 15237
26184 15238
26185 15238
26186 15239
26187 15239
26188 15240
26189 15240
26190 15241
26191 15241
26192 15241
26193 15241
26194 15242
26195 15243
26196 15243
26197 15243
26198 15244
26199 15245
26200 15246
26201 15247
26202 15248
26203 15248
26204 15248
26205 15248
26206 15249
26207 15249
26208 15250
26209 15251
26210 15251
26211 15251
26212 15251
26213 15251
26214 15251
26215 15251
26216 15252
26217 15253
26218 15254
26219 15254
26220 15255
26221 15255
26222 15256
26223 15256
26224 15257
26225 15257
26226 15258
26227 15258
26228 15259
26229 15260
26230 15261
26231 15262
26232 15263
26233 15264
26234 15265
26235 15266
26236 15267
26237 15267
26238 15267
26239 15268
26240 15269
26241 15270
26242 15270
26243 15270
26244 15270
26245 15270
26246 15271
26247 15272
26248 15273
26249 15273
26250 15273
26251 15273
26252 15274
26253 15275
26254 15276
26255 15276
26256 15277
26257 15277
26258 15277
26259 15278
26260 15279
26261 15279
26262 15280
26263 15281
26264 15282
26265 15282
26266 15282
26267 15283
26268 15283
26269 15284
26270 15285
26271 15286
26272 15286
26273 15286
26274 15287
26275 15287
26276 15288
26277 15288
26278 15289
26279 15290
26280 15290
26281 15290
26282 15291
26283 15291
26284 15291
26285 15292
26286 15293
26287 15294
26288 15295
26289 15296
26290 15296
26291 15296
26292 15297
26293 15297
26294 15297
26295 15298
26296 15299
26297 15299
26298 15300
26299 15301
26300 15301
26301 15302
26302 15303
26303 15303
26304 15304
26305 15305
26306 15306
26307 15307
26308 15308
26309 15309
26310 15309
26311 15309
26312 15309
26313 15310
26314 15311
26315 15312
26316 15313
26317 15314
26318 15315
26319 15315
26320 15316
26321 15316
26322 15316
26323 15316
26324 15316
26325 15317
26326 15318
26327 15319
26328 15319
26329 15320
26330 15320
26331 15321
26332 15321
26333 15321
26334 15321
26335 15322
26336 15323
26337 15324
26338 15324
26339 15325
26340 15326
26341 15327
26342 15328
26343 15329
26344 15329
26345 15330
26346 15331
26347 15331
26348 15332
26349 15332
26350 15333
26351 15334
26352 15335
26353 15336
26354 15337
26355 15338
26356 15338
26357 15338
26358 15339
26359 15340
26360 15341
26361 15342
26362 15342
26363 15342
26364 15342
26365 15343
26366 15344
26367 15345
26368 15346
26369 15346
26370 15346
26371 15347
26372 15348
26373 15348
26374 15348
26375 15349
26376 15349
26377 15349
26378 15349
26379 15349
26380 15350
26381 15351
26382 15352
26383 15353
26384 15353
26385 15354
26386 15355
26387 15355
26388 15356
26389 15356
26390 15357
26391 15358
26392 15359
26393 15359
26394 15360
26395 15361
26396 15361
26397 15361
26398 15362
26399 15362
26400 15363
26401 15363
26402 15364
26403 15364
26404 15365
26405 15366
26406 15366
26407 15367
26408 15368
26409 15368
26410 15368
26411 15369
26412 15370
26413 15370
26414 15371
26415 15372
26416 15372
26417 15372
26418 15373
26419 15374
26420 15375
26421 15375
26422 15375
26423 15375
26424 15376
26425 15377
26426 15377
26427 15378
26428 15379
26429 15379
26430 15380
26431 15380
26432 15380
26433 15381
26434 15381
26435 15382
26436 15383
26437 15384
26438 15384
26439 15384
26440 15385
26441 15385
26442 15386
26443 15387
26444 15387
26445 15388
26446 15388
26447 15389
26448 15390
26449 15391
26450 15391
26451 15392
26452 15392
26453 15392
26454 15392
26455 15393
26456 15393
26457 15394
26458 15394
26459 15394
26460 15395
26461 15395
26462 15396
26463 15396
26464 15397
26465 15397
26466 15398
26467 15399
26468 15400
26469 15401
26470 15402
26471 15403
26472 15404
26473 15405
26474 15405
26475 15405
26476 15406
26477 15407
26478 15408
26479 15408
26480 15408
26481 15409
26482 15410
26483 15410
26484 15411
26485 15412
26486 15413
26487 15413
26488 15413
26489 15413
26490 15413
26491 15414
26492 15414
26493 15414
26494 15415
26495 15415
26496 15416
26497 15416
26498 15417
26499 15418
26500 15418
26501 15419
26502 15420
26503 15421
26504 15422
26505 15422
26506 15423
26507 15423
26508 15424
26509 15425
26510 15425
26511 15426
26512 15426
26513 15427
26514 15427
26515 15428
26516 15429
26517 15429
26518 15430
26519 15430
26520 15431
26521 15431
26522 15432
26523 15433
26524 15434
26525 15434
26526 15435
26527 15436
26528 15437
26529 15437
26530 15437
26531 15437
26532 15438
26533 15438
26534 15438
26535 15438
26536 15439
26537 15440
26538 15441
26539 15442
26540 15443
26541 15444
26542 15444
26543 15444
26544 15444
26545 15445
26546 15445
26547 15445
26548 15445
26549 15446
26550 15447
26551 15448
26552 15448
26553 15448
26554 15449
26555 15450
26556 15451
26557 15452
26558 15452
26559 15453
26560 15454
26561 15455
26562 15456
26563 15457
26564 15458
26565 15459
26566 15460
26567 15461
26568 15462
26569 15462
26570 15463
26571 15464
26572 15465
26573 15465
26574 15466
26575 15467
26576 15467
26577 15467
26578 15468
26579 15469
26580 15470
26581 15470
26582 15471
26583 15471
26584 15472
26585 15473
26586 15473
26587 15474
26588 15474
26589 15475
26590 15476
26591 15477
26592 15478
26593 15479
26594 15480
26595 15480
26596 15481
26597 15482
26598 15482
26599 15482
26600 15483
26601 15484
26602 15485
26603 15486
26604 15486
26605 15487
26606 15488
26607 15489
26608 15489
26609 15489
26610 15490
26611 15491
26612 15491
26613 15492
26614 15492
26615 15493
26616 15494
26617 15495
26618 15496
26619 15496
26620 15497
26621 15497
26622 15498
26623 15499
26624 15499
26625 15500
26626 15501
26627 15501
26628 15502
26629 15503
26630 15504
26631 15505
26632 15506
26633 15507
26634 15507
26635 15507
26636 15507
26637 15507
26638 15508
26639 15509
26640 15509
26641 15509
26642 15509
26643 15510
26644 15511
26645 15512
26646 15513
26647 15514
26648 15515
26649 15516
26650 15516
26651 15516
26652 15517
26653 15518
26654 15518
26655 15518
26656 15518
26657 15518
26658 15518
26659 15518
26660 15519
26661 15520
26662 15521
26663 15521
26664 15522
26665 15523
26666 15524
26667 15525
26668 15526
26669 15527
26670 15527
26671 15528
26672 15529
26673 15529
26674 15529
26675 15529
26676 15530
26677 15531
26678 15531
26679 15532
26680 15533
26681 15534
26682 15535
26683 15536
26684 15537
26685 15538
26686 15539
26687 15540
26688 15541
26689 15542
26690 15542
26691 15543
26692 15544
26693 15544
26694 15545
26695 15546
26696 15547
26697 15548
26698 15548
26699 15548
26700 15549
26701 15550
26702 15550
26703 15550
26704 15550
26705 15550
26706 15551
26707 15552
26708 15553
26709 15554
26710 15555
26711 15555
26712 15555
26713 15555
26714 15556
26715 15556
26716 15557
26717 15557
26718 15558
26719 15559
26720 15559
26721 15559
26722 15560
26723 15561
26724 15561
26725 15562
26726 15563
26727 15563
26728 15563
26729 15563
26730 15563
26731 15564
26732 15564
26733 15565
26734 15566
26735 15566
26736 15567
26737 15568
26738 15568
26739 15569
26740 15570
26741 15571
26742 15571
26743 15572
26744 15573
26745 15574
26746 15574
26747 15574
26748 15575
26749 15576
26750 15576
26751 15577
26752 15577
26753 15577
26754 15577
26755 15577
26756 15578
26757 15578
26758 15578
26759 15578
26760 15578
26761 15579
26762 15580
26763 15580
26764 15581
26765 15582
26766 15583
26767 15583
26768 15584
26769 15585
26770 15585
26771 15586
26772 15587
26773 15587
26774 15587
26775 15588
26776 15588
26777 15589
26778 15589
26779 15590
26780 15591
26781 15592
26782 15593
26783 15594
26784 15594
26785 15595
26786 15596
26787 15596
26788 15597
26789 15597
26790 15597
26791 15598
26792 15598
26793 15598
26794 15599
26795 15600
26796 15601
26797 15602
26798 15602
26799 15602
26800 15603
26801 15604
26802 15605
26803 15605
26804 15606
26805 15606
26806 15607
26807 15607
26808 15607
26809 15608
26810 15609
26811 15610
26812 15610
26813 15610
26814 15611
26815 15611
26816 15612
26817 15613
26818 15614
26819 15615
26820 15616
26821 15617
26822 15617
26823 15618
26824 15618
26825 15618
26826 15618
26827 15619
26828 15619
26829 15620
26830 15621
26831 15622
26832 15623
26833 15623
26834 15623
26835 15623
26836 15624
26837 15624
26838 15624
26839 15625
26840 15625
26841 15625
26842 15626
26843 15627
26844 15627
26845 15627
26846 15628
26847 15629
26848 15629
26849 15629
26850 15629
26851 15630
26852 15630
26853 15631
26854 15632
26855 15633
26856 15634
26857 15634
26858 15634
26859 15635
26860 15635
26861 15636
26862 15636
26863 15636
26864 15637
26865 15637
26866 15638
26867 15639
26868 15640
26869 15641
26870 15641
26871 15642
26872 15642
26873 15643
26874 15643
26875 15644
26876 15644
26877 15645
26878 15646
26879 15646
26880 15646
26881 15647
26882 15648
26883 15648
26884 15649
26885 15649
26886 15649
26887 15650
26888 15650
26889 15650
26890 15650
26891 15651
26892 15652
26893 15652
26894 15653
26895 15654
26896 15655
26897 15655
26898 15656
26899 15657
26900 15657
26901 15657
26902 15658
26903 15658
26904 15659
26905 15659
26906 15659
26907 15660
26908 15661
26909 15661
26910 15661
26911 15662
26912 15662
26913 15662
26914 15662
26915 15663
26916 15663
26917 15664
26918 15664
26919 15665
26920 15666
26921 15667
26922 15668
26923 15668
26924 15669
26925 15670
26926 15670
26927 15671
26928 15671
26929 15671
26930 15672
26931 15672
26932 15673
26933 15673
26934 15674
26935 15675
26936 15675
26937 15675
26938 15676
26939 15677
26940 15677
26941 15678
26942 15678
26943 15678
26944 15679
26945 15680
26946 15681
26947 15682
26948 15683
26949 15683
26950 15684
26951 15685
26952 15685
26953 15685
26954 15685
26955 15686
26956 15687
26957 15688
26958 15688
26959 15689
26960 15690
26961 15690
26962 15690
26963 15691
26964 15691
26965 15692
26966 15693
26967 15694
26968 15694
26969 15694
26970 15694
26971 15695
26972 15696
26973 15696
26974 15696
26975 15697
26976 15698
26977 15699
26978 15700
26979 15701
26980 15701
26981 15702
26982 15702
26983 15703
26984 15703
26985 15704
26986 15704
26987 15705
26988 15706
26989 15707
26990 15707
26991 15708
26992 15708
26993 15708
26994 15709
26995 15709
26996 15710
26997 15711
26998 15712
26999 15713
27000 15714
27001 15714
27002 15714
27003 15715
27004 15715
27005 15715
27006 15716
27007 15716
27008 15717
27009 15718
27010 15719
27011 15720
27012 15721
27013 15722
27014 15723
27015 15724
27016 15724
27017 15725
27018 15725
27019 15725
27020 15726
27021 15726
27022 15727
27023 15727
27024 15727
27025 15728
27026 15729
27027 15730
27028 15730
27029 15731
27030 15731
27031 15731
27032 15731
27033 15732
27034 15733
27035 15734
27036 15735
27037 15736
27038 15736
27039 15737
27040 15738
27041 15739
27042 15740
27043 15740
27044 15741
27045 15741
27046 15742
27047 15743
27048 15743
27049 15743
27050 15743
27051 15744
27052 15744
27053 15745
27054 15746
27055 15746
27056 15746
27057 15746
27058 15747
27059 15748
27060 15749
27061 15750
27062 15751
27063 15751
27064 15752
27065 15752
27066 15753
27067 15753
27068 15754
27069 15755
27070 15756
27071 15757
27072 15758
27073 15759
27074 15760
27075 15760
27076 15760
27077 15761
27078 15761
27079 15761
27080 15762
27081 15762
27082 15763
27083 15764
27084 15765
27085 15766
27086 15767
27087 15768
27088 15768
27089 15769
27090 15769
27091 15769
27092 15770
27093 15770
27094 15771
27095 15771
27096 15772
27097 15773
27098 15774
27099 15775
27100 15776
27101 15776
27102 15776
27103 15777
27104 15777
27105 15778
27106 15778
27107 15778
27108 15778
27109 15779
27110 15780
27111 15780
27112 15780
27113 15780
27114 15781
27115 15782
27116 15783
27117 15783
27118 15784
27119 15784
27120 15785
27121 15786
27122 15787
27123 15787
27124 15788
27125 15789
27126 15790
27127 15790
27128 15790
27129 15790
27130 15791
27131 15792
27132 15792
27133 15792
27134 15792
27135 15793
27136 15793
27137 15794
27138 15795
27139 15795
27140 15796
27141 15796
27142 15797
27143 15797
27144 15797
27145 15798
27146 15799
27147 15799
27148 15800
27149 15801
27150 15801
27151 15802
27152 15803
27153 15803
27154 15804
27155 15804
27156 15805
27157 15805
27158 15806
27159 15806
27160 15807
27161 15807
27162 15808
27163 15808
27164 15808
27165 15809
27166 15810
27167 15811
27168 15811
27169 15811
27170 15811
27171 15812
27172 15813
27173 15814
27174 15815
27175 15815
27176 15815
27177 15815
27178 15815
27179 15816
27180 15817
27181 15818
27182 15819
27183 15819
27184 15820
27185 15821
27186 15821
27187 15821
27188 15821
27189 15822
27190 15823
27191 15824
27192 15824
27193 15824
27194 15825
27195 15826
27196 15827
27197 15828
27198 15828
27199 15829
27200 15829
27201 15829
27202 15829
27203 15830
27204 15831
27205 15832
27206 15833
27207 15833
27208 15834
27209 15834
27210 15835
27211 15835
27212 15835
27213 15835
27214 15836
27215 15836
27216 15836
27217 15836
27218 15836
27219 15836
27220 15836
27221 15836
27222 15836
27223 15837
27224 15838
27225 15838
27226 15838
27227 15838
27228 15839
27229 15840
27230 15841
27231 15842
27232 15842
27233 15842
27234 15842
27235 15843
27236 15844
27237 15845
27238 15845
27239 15845
27240 15846
27241 15846
27242 15846
27243 15847
27244 15848
27245 15848
27246 15849
27247 15849
27248 15849
27249 15850
27250 15851
27251 15852
27252 15852
27253 15853
27254 15853
27255 15853
27256 15853
27257 15853
27258 15853
27259 15853
27260 15854
27261 15855
27262 15856
27263 15856
27264 15857
27265 15858
27266 15859
27267 15859
27268 15860
27269 15860
27270 15860
27271 15861
27272 15862
27273 15863
27274 15863
27275 15864
27276 15864
27277 15865
27278 15865
27279 15866
27280 15867
27281 15868
27282 15868
27283 15868
27284 15869
27285 15870
27286 15870
27287 15870
27288 15870
27289 15870
27290 15870
27291 15871
27292 15871
27293 15872
27294 15873
27295 15873
27296 15873
27297 15873
27298 15874
27299 15874
27300 15874
27301 15875
27302 15875
27303 15875
27304 15876
27305 15877
27306 15877
27307 15877
27308 15878
27309 15879
27310 15880
27311 15880
27312 15881
27313 15882
27314 15883
27315 15884
27316 15885
27317 15885
27318 15885
27319 15885
27320 15886
27321 15887
27322 15888
27323 15888
27324 15888
27325 15888
27326 15888
27327 15889
27328 15890
27329 15891
27330 15892
27331 15893
27332 15893
27333 15894
27334 15894
27335 15895
27336 15896
27337 15896
27338 15897
27339 15898
27340 15898
27341 15898
27342 15899
27343 15899
27344 15900
27345 15901
27346 15902
27347 15903
27348 15903
27349 15903
27350 15903
27351 15903
27352 15904
27353 15905
27354 15906
27355 15906
27356 15907
27357 15907
27358 15907
27359 15908
27360 15908
27361 15909
27362 15909
27363 15909
27364 15910
27365 15911
27366 15912
27367 15913
27368 15913
27369 15913
27370 15913
27371 15914
27372 15914
27373 15914
27374 15915
27375 15916
27376 15917
27377 15917
27378 15918
27379 15919
27380 15920
27381 15921
27382 15921
27383 15922
27384 15923
27385 15924
27386 15925
27387 15925
27388 15925
27389 15925
27390 15925
27391 15925
27392 15926
27393 15926
27394 15927
27395 15927
27396 15928
27397 15929
27398 15929
27399 15929
27400 15930
27401 15931
27402 15931
27403 15931
27404 15932
27405 15933
27406 15934
27407 15934
27408 15934
27409 15935
27410 15935
27411 15935
27412 15936
27413 15936
27414 15937
27415 15938
27416 15938
27417 15939
27418 15940
27419 15941
27420 15941
27421 15942
27422 15942
27423 15943
27424 15944
27425 15944
27426 15945
27427 15945
27428 15945
27429 15946
27430 15947
27431 15947
27432 15948
27433 15949
27434 15950
27435 15951
27436 15951
27437 15952
27438 15953
27439 15953
27440 15953
27441 15954
27442 15955
27443 15955
27444 15956
27445 15957
27446 15957
27447 15957
27448 15958
27449 15958
27450 15958
27451 15959
27452 15960
27453 15961
27454 15961
27455 15962
27456 15963
27457 15964
27458 15964
27459 15965
27460 15965
27461 15965
27462 15966
27463 15967
27464 15968
27465 15969
27466 15970
27467 15970
27468 15971
27469 15971
27470 15972
27471 15973
27472 15974
27473 15974
27474 15975
27475 15975
27476 15975
27477 15975
27478 15975
27479 15976
27480 15977
27481 15978
27482 15979
27483 15979
27484 15980
27485 15981
27486 15982
27487 15982
27488 15982
27489 15982
27490 15982
27491 15982
27492 15982
27493 15983
27494 15984
27495 15985
27496 15985
27497 15985
27498 15986
27499 15986
27500 15986
27501 15987
27502 15988
27503 15989
27504 15990
27505 15990
27506 15990
27507 15991
27508 15992
27509 15993
27510 15994
27511 15994
27512 15995
27513 15996
27514 15997
27515 15998
27516 15999
27517 15999
27518 16000
27519 16001
27520 16002
27521 16003
27522 16004
27523 16005
27524 16005
27525 16006
27526 16006
27527 16006
27528 16006
27529 16006
27530 16006
27531 16006
27532 16006
27533 16007
27534 16008
27535 16008
27536 16009
27537 16009
27538 16010
27539 16011
27540 16012
27541 16013
27542 16013
27543 16014
27544 16015
27545 16015
27546 16016
27547 16016
27548 16016
27549 16017
27550 16017
27551 16017
27552 16017
27553 16018
27554 16019
27555 16019
27556 16019
27557 16019
27558 16019
27559 16020
27560 16021
27561 16022
27562 16022
27563 16022
27564 16022
27565 16023
27566 16024
27567 16025
27568 16025
27569 16025
27570 16026
27571 16027
27572 16027
27573 16028
27574 16028
27575 16029
27576 16030
27577 16031
27578 16031
27579 16032
27580 16033
27581 16034
27582 16035
27583 16035
27584 16035
27585 16035
27586 16036
27587 16036
27588 16037
27589 16038
27590 16039
27591 16039
27592 16040
27593 16041
27594 16042
27595 16043
27596 16044
27597 16045
27598 16046
27599 16046
27600 16047
27601 16047
27602 16047
27603 16048
27604 16049
27605 16050
27606 16050
27607 16050
27608 16050
27609 16051
27610 16051
27611 16051
27612 16052
27613 16052
27614 16052
27615 16053
27616 16054
27617 16055
27618 16056
27619 16057
27620 16058
27621 16059
27622 16060
27623 16061
27624 16062
27625 16062
27626 16063
27627 16064
27628 16064
27629 16065
27630 16066
27631 16067
27632 16067
27633 16068
27634 16068
27635 16069
27636 16070
27637 16071
27638 16072
27639 16072
27640 16073
27641 16074
27642 16075
27643 16076
27644 16076
27645 16076
27646 16077
27647 16078
27648 16079
27649 16080
27650 16081
27651 16082
27652 16082
27653 16082
27654 16083
27655 16084
27656 16085
27657 16085
27658 16086
27659 16087
27660 16087
27661 16087
27662 16088
27663 16089
27664 16090
27665 16091
27666 16092
27667 16093
27668 16094
27669 16094
27670 16095
27671 16095
27672 16095
27673 16096
27674 16096
27675 16097
27676 16097
27677 16097
27678 16098
27679 16099
27680 16099
27681 16099
27682 16099
27683 16099
27684 16099
27685 16100
27686 16100
27687 16101
27688 16102
27689 16103
27690 16104
27691 16105
27692 16106
27693 16106
27694 16106
27695 16107
27696 16108
27697 16109
27698 16109
27699 16110
27700 16111
27701 16112
27702 16113
27703 16113
27704 16114
27705 16115
27706 16115
27707 16115
27708 16116
27709 16116
27710 16117
27711 16118
27712 16119
27713 16119
27714 16120
27715 16121
27716 16122
27717 16123
27718 16123
27719 16123
27720 16123
27721 16124
27722 16125
27723 16126
27724 16127
27725 16127
27726 16128
27727 16129
27728 16130
27729 16130
27730 16131
27731 16132
27732 16132
27733 16133
27734 16134
27735 16134
27736 16135
27737 16136
27738 16137
27739 16137
27740 16137
27741 16138
27742 16139
27743 16139
27744 16140
27745 16140
27746 16140
27747 16141
27748 16141
27749 16142
27750 16143
27751 16143
27752 16144
27753 16144
27754 16145
27755 16146
27756 16146
27757 16147
27758 16147
27759 16148
27760 16148
27761 16149
27762 16149
27763 16150
27764 16150
27765 16151
27766 16151
27767 16152
27768 16152
27769 16152
27770 16152
27771 16153
27772 16153
27773 16154
27774 16155
27775 16156
27776 16157
27777 16158
27778 16158
27779 16158
27780 16159
27781 16159
27782 16160
27783 16161
27784 16162
27785 16162
27786 16162
27787 16162
27788 16163
27789 16163
27790 16164
27791 16164
27792 16165
27793 16165
27794 16165
27795 16165
27796 16166
27797 16167
27798 16168
27799 16169
27800 16170
27801 16170
27802 16170
27803 16170
27804 16171
27805 16171
27806 16172
27807 16172
27808 16173
27809 16173
27810 16174
27811 16174
27812 16175
27813 16175
27814 16176
27815 16177
27816 16178
27817 16179
27818 16179
27819 16180
27820 16181
27821 16181
27822 16182
27823 16182
27824 16182
27825 16182
27826 16183
27827 16183
27828 16184
27829 16184
27830 16185
27831 16186
27832 16187
27833 16187
27834 16188
27835 16189
27836 16189
27837 16190
27838 16191
27839 16192
27840 16193
27841 16194
27842 16195
27843 16195
27844 16195
27845 16196
27846 16196
27847 16197
27848 16197
27849 16198
27850 16199
27851 16200
27852 16200
27853 16201
27854 16201
27855 16202
27856 16202
27857 16203
27858 16203
27859 16204
27860 16204
27861 16204
27862 16205
27863 16206
27864 16207
27865 16208
27866 16209
27867 16210
27868 16210
27869 16211
27870 16212
27871 16213
27872 16214
27873 16215
27874 16216
27875 16216
27876 16217
27877 16218
27878 16219
27879 16220
27880 16221
27881 16221
27882 16221
27883 16222
27884 16223
27885 16224
27886 16224
27887 16224
27888 16225
27889 16225
27890 16226
27891 16227
27892 16228
27893 16229
27894 16229
27895 16230
27896 16231
27897 16231
27898 16231
27899 16231
27900 16231
27901 16232
27902 16233
27903 16233
27904 16234
27905 16234
27906 16234
27907 16235
27908 16235
27909 16236
27910 16237
27911 16237
27912 16237
27913 16237
27914 16237
27915 16238
27916 16239
27917 16240
27918 16241
27919 16241
27920 16241
27921 16242
27922 16243
27923 16244
27924 16244
27925 16244
27926 16244
27927 16244
27928 16245
27929 16245
27930 16245
27931 16245
27932 16246
27933 16247
27934 16247
27935 16248
27936 16249
27937 16250
27938 16251
27939 16251
27940 16251
27941 16252
27942 16253
27943 16254
27944 16255
27945 16256
27946 16256
27947 16256
27948 16257
27949 16258
27950 16259
27951 16259
27952 16259
27953 16259
27954 16260
27955 16261
27956 16262
27957 16263
27958 16264
27959 16264
27960 16265
27961 16266
27962 16267
27963 16268
27964 16269
27965 16270
27966 16270
27967 16271
27968 16272
27969 16272
27970 16272
27971 16273
27972 16274
27973 16274
27974 16275
27975 16276
27976 16276
27977 16276
27978 16276
27979 16277
27980 16278
27981 16279
27982 16280
27983 16281
27984 16282
27985 16282
27986 16283
27987 16283
27988 16284
27989 16285
27990 16285
27991 16285
27992 16286
27993 16287
27994 16288
27995 16288
27996 16288
27997 16289
27998 16290
27999 16290
28000 16290
28001 16290
28002 16291
28003 16291
28004 16291
28005 16292
28006 16292
28007 16292
28008 16293
28009 16294
28010 16295
28011 16295
28012 16295
28013 16295
28014 16295
28015 16296
28016 16296
28017 16296
28018 16296
28019 16297
28020 16298
28021 16299
28022 16300
28023 16300
28024 16300
28025 16301
28026 16302
28027 16303
28028 16304
28029 16305
28030 16306
28031 16307
28032 16308
28033 16309
28034 16310
28035 16311
28036 16312
28037 16313
28038 16313
28039 16314
28040 16315
28041 16315
28042 16316
28043 16317
28044 16317
28045 16318
28046 16319
28047 16320
28048 16320
28049 16320
28050 16320
28051 16321
28052 16321
28053 16322
28054 16323
28055 16323
28056 16323
28057 16323
28058 16323
28059 16324
28060 16324
28061 16325
28062 16326
28063 16326
28064 16326
28065 16327
28066 16328
28067 16329
28068 16329
28069 16330
28070 16330
28071 16330
28072 16330
28073 16331
28074 16331
28075 16332
28076 16332
28077 16332
28078 16332
28079 16333
28080 16334
28081 16335
28082 16336
28083 16336
28084 16337
28085 16337
28086 16337
28087 16338
28088 16339
28089 16340
28090 16341
28091 16341
28092 16342
28093 16343
28094 16343
28095 16343
28096 16343
28097 16344
28098 16344
28099 16345
28100 16346
28101 16347
28102 16347
28103 16348
28104 16348
28105 16349
28106 16349
28107 16350
28108 16351
28109 16351
28110 16351
28111 16352
28112 16352
28113 16353
28114 16353
28115 16354
28116 16354
28117 16354
28118 16354
28119 16354
28120 16355
28121 16355
28122 16356
28123 16357
28124 16358
28125 16359
28126 16360
28127 16360
28128 16361
28129 16361
28130 16362
28131 16362
28132 16362
28133 16362
28134 16363
28135 16364
28136 16364
28137 16364
28138 16365
28139 16365
28140 16366
28141 16367
28142 16368
28143 16368
28144 16369
28145 16370
28146 16370
28147 16370
28148 16371
28149 16371
28150 16371
28151 16371
28152 16372
28153 16372
28154 16372
28155 16373
28156 16373
28157 16373
28158 16374
28159 16375
28160 16375
28161 16375
28162 16376
28163 16377
28164 16378
28165 16379
28166 16379
28167 16380
28168 16381
28169 16381
28170 16381
28171 16381
28172 16381
28173 16382
28174 16383
28175 16383
28176 16384
28177 16385
28178 16386
28179 16387
28180 16387
28181 16387
28182 16387
28183 16388
28184 16388
28185 16389
28186 16389
28187 16390
28188 16391
28189 16391
28190 16392
28191 16393
28192 16393
28193 16394
28194 16395
28195 16396
28196 16397
28197 16398
28198 16398
28199 16399
28200 16399
28201 16400
28202 16400
28203 16401
28204 16401
28205 16402
28206 16403
28207 16403
28208 16404
28209 16404
28210 16404
28211 16404
28212 16405
28213 16405
28214 16406
28215 16407
28216 16407
28217 16407
28218 16408
28219 16409
28220 16410
28221 16411
28222 16412
28223 16412
28224 16413
28225 16414
28226 16414
28227 16415
28228 16416
28229 16417
28230 16418
28231 16419
28232 16420
28233 16421
28234 16421
28235 16422
28236 16423
28237 16423
28238 16424
28239 16424
28240 16425
28241 16426
28242 16426
28243 16426
28244 16427
28245 16428
28246 16428
28247 16429
28248 16429
28249 16429
28250 16429
28251 16430
28252 16431
28253 16431
28254 16432
28255 16433
28256 16433
28257 16434
28258 16435
28259 16436
28260 16436
28261 16437
28262 16438
28263 16439
28264 16440
28265 16440
28266 16441
28267 16442
28268 16443
28269 16444
28270 16445
28271 16445
28272 16445
28273 16445
28274 16445
28275 16446
28276 16447
28277 16448
28278 16448
28279 16449
28280 16450
28281 16450
28282 16451
28283 16452
28284 16452
28285 16453
28286 16454
28287 16455
28288 16456
28289 16457
28290 16457
28291 16457
28292 16458
28293 16459
28294 16459
28295 16460
28296 16460
28297 16460
28298 16461
28299 16461
28300 16461
28301 16461
28302 16462
28303 16462
28304 16462
28305 16462
28306 16462
28307 16463
28308 16464
28309 16464
28310 16464
28311 16464
28312 16465
28313 16466
28314 16467
28315 16467
28316 16468
28317 16468
28318 16469
28319 16470
28320 16471
28321 16472
28322 16472
28323 16472
28324 16473
28325 16474
28326 16475
28327 16476
28328 16477
28329 16478
28330 16478
28331 16479
28332 16479
28333 16479
28334 16479
28335 16480
28336 16481
28337 16482
28338 16483
28339 16484
28340 16484
28341 16485
28342 16486
28343 16487
28344 16488
28345 16488
28346 16488
28347 16488
28348 16489
28349 16490
28350 16490
28351 16490
28352 16490
28353 16491
28354 16491
28355 16492
28356 16492
28357 16493
28358 16493
28359 16493
28360 16494
28361 16494
28362 16495
28363 16495
28364 16496
28365 16497
28366 16498
28367 16499
28368 16499
28369 16500
28370 16501
28371 16502
28372 16503
28373 16504
28374 16505
28375 16506
28376 16507
28377 16507
28378 16508
28379 16509
28380 16509
28381 16509
28382 16510
28383 16511
28384 16512
28385 16512
28386 16512
28387 16513
28388 16514
28389 16514
28390 16515
28391 16515
28392 16515
28393 16516
28394 16517
28395 16517
28396 16518
28397 16519
28398 16519
28399 16520
28400 16520
28401 16520
28402 16520
28403 16521
28404 16522
28405 16523
28406 16524
28407 16524
28408 16525
28409 16526
28410 16526
28411 16527
28412 16528
28413 16529
28414 16529
28415 16530
28416 16531
28417 16532
28418 16533
28419 16533
28420 16533
28421 16534
28422 16535
28423 16536
28424 16536
28425 16536
28426 16537
28427 16537
28428 16537
28429 16538
28430 16539
28431 16540
28432 16540
28433 16541
28434 16541
28435 16541
28436 16541
28437 16542
28438 16542
28439 16542
28440 16543
28441 16543
28442 16544
28443 16545
28444 16546
28445 16546
28446 16546
28447 16547
28448 16548
28449 16549
28450 16549
28451 16549
28452 16549
28453 16550
28454 16551
28455 16552
28456 16552
28457 16553
28458 16553
28459 16554
28460 16554
28461 16555
28462 16555
28463 16556
28464 16557
28465 16558
28466 16559
28467 16559
28468 16559
28469 16560
28470 16560
28471 16561
28472 16561
28473 16562
28474 16562
28475 16563
28476 16564
28477 16565
28478 16565
28479 16565
28480 16566
28481 16567
28482 16567
28483 16568
28484 16568
28485 16569
28486 16569
28487 16569
28488 16569
28489 16570
28490 16571
28491 16571
28492 16572
28493 16573
28494 16574
28495 16575
28496 16575
28497 16575
28498 16575
28499 16576
28500 16576
28501 16577
28502 16578
28503 16578
28504 16579
28505 16580
28506 16581
28507 16582
28508 16583
28509 16583
28510 16584
28511 16584
28512 16585
28513 16586
28514 16587
28515 16588
28516 16589
28517 16589
28518 16589
28519 16589
28520 16589
28521 16590
28522 16590
28523 16591
28524 16591
28525 16591
28526 16592
28527 16593
28528 16593
28529 16594
28530 16594
28531 16594
28532 16595
28533 16596
28534 16597
28535 16598
28536 16598
28537 16599
28538 16599
28539 16599
28540 16600
28541 16600
28542 16601
28543 16601
28544 16602
28545 16602
28546 16602
28547 16602
28548 16602
28549 16603
28550 16604
28551 16605
28552 16605
28553 16605
28554 16606
28555 16606
28556 16607
28557 16608
28558 16608
28559 16608
28560 16609
28561 16610
28562 16611
28563 16612
28564 16612
28565 16613
28566 16614
28567 16615
28568 16615
28569 16616
28570 16616
28571 16616
28572 16617
28573 16618
28574 16618
28575 16619
28576 16619
28577 16620
28578 16621
28579 16621
28580 16621
28581 16622
28582 16623
28583 16623
28584 16623
28585 16624
28586 16625
28587 16625
28588 16626
28589 16627
28590 16627
28591 16628
28592 16628
28593 16628
28594 16629
28595 16629
28596 16630
28597 16630
28598 16631
28599 16632
28600 16633
28601 16633
28602 16634
28603 16634
28604 16634
28605 16634
28606 16634
28607 16634
28608 16635
28609 16636
28610 16636
28611 16637
28612 16638
28613 16639
28614 16640
28615 16641
28616 16641
28617 16641
28618 16642
28619 16643
28620 16644
28621 16645
28622 16645
28623 16645
28624 16645
28625 16646
28626 16647
28627 16648
28628 16648
28629 16649
28630 16649
28631 16650
28632 16650
28633 16651
28634 16651
28635 16651
28636 16652
28637 16652
28638 16653
28639 16653
28640 16654
28641 16655
28642 16656
28643 16656
28644 16657
28645 16658
28646 16658
28647 16659
28648 16659
28649 16659
28650 16659
28651 16660
28652 16661
28653 16662
28654 16662
28655 16663
28656 16664
28657 16664
28658 16664
28659 16665
28660 16665
28661 16665
28662 16665
28663 16665
28664 16665
28665 16666
28666 16666
28667 16666
28668 16667
28669 16667
28670 16668
28671 16669
28672 16669
28673 16670
28674 16671
28675 16672
28676 16673
28677 16674
28678 16675
28679 16675
28680 16676
28681 16676
28682 16677
28683 16678
28684 16678
28685 16679
28686 16679
28687 16680
28688 16680
28689 16681
28690 16681
28691 16681
28692 16681
28693 16682
28694 16683
28695 16683
28696 16684
28697 16684
28698 16685
28699 16686
28700 16686
28701 16686
28702 16686
28703 16687
28704 16687
28705 16687
28706 16688
28707 16689
28708 16690
28709 16690
28710 16691
28711 16691
28712 16691
28713 16692
28714 16692
28715 16693
28716 16694
28717 16694
28718 16694
28719 16694
28720 16695
28721 16695
28722 16696
28723 16696
28724 16696
28725 16696
28726 16697
28727 16697
28728 16698
28729 16698
28730 16699
28731 16700
28732 16701
28733 16702
28734 16703
28735 16703
28736 16703
28737 16704
28738 16704
28739 16704
28740 16705
28741 16705
28742 16706
28743 16706
28744 16707
28745 16707
28746 16707
28747 16708
28748 16709
28749 16710
28750 16711
28751 16711
28752 16712
28753 16713
28754 16713
28755 16714
28756 16715
28757 16715
28758 16716
28759 16716
28760 16717
28761 16718
28762 16718
28763 16719
28764 16719
28765 16720
28766 16721
28767 16721
28768 16722
28769 16723
28770 16724
28771 16724
28772 16725
28773 16726
28774 16726
28775 16727
28776 16727
28777 16728
28778 16729
28779 16729
28780 16730
28781 16731
28782 16731
28783 16732
28784 16733
28785 16734
28786 16734
28787 16734
28788 16735
28789 16736
28790 16737
28791 16737
28792 16738
28793 16739
28794 16739
28795 16740
28796 16740
28797 16740
28798 16740
28799 16740
28800 16741
28801 16741
28802 16742
28803 16742
28804 16742
28805 16742
28806 16743
28807 16744
28808 16744
28809 16745
28810 16745
28811 16746
28812 16746
28813 16747
28814 16748
28815 16749
28816 16750
28817 16750
28818 16750
28819 16750
28820 16750
28821 16750
28822 16751
28823 16751
28824 16752
28825 16753
28826 16754
28827 16755
28828 16755
28829 16756
28830 16756
28831 16756
28832 16756
28833 16757
28834 16758
28835 16758
28836 16759
28837 16759
28838 16759
28839 16759
28840 16760
28841 16761
28842 16761
28843 16761
28844 16762
28845 16762
28846 16762
28847 16762
28848 16763
28849 16764
28850 16764
28851 16764
28852 16764
28853 16765
28854 16766
28855 16767
28856 16767
28857 16767
28858 16767
28859 16768
28860 16768
28861 16768
28862 16768
28863 16769
28864 16770
28865 16771
28866 16772
28867 16772
28868 16772
28869 16772
28870 16772
28871 16772
28872 16773
28873 16774
28874 16775
28875 16776
28876 16777
28877 16777
28878 16778
28879 16779
28880 16780
28881 16780
28882 16780
28883 16781
28884 16781
28885 16782
28886 16783
28887 16784
28888 16785
28889 16785
28890 16786
28891 16787
28892 16787
28893 16787
28894 16787
28895 16787
28896 16788
28897 16789
28898 16789
28899 16790
28900 16790
28901 16790
28902 16790
28903 16790
28904 16791
28905 16791
28906 16792
28907 16793
28908 16793
28909 16793
28910 16793
28911 16794
28912 16795
28913 16796
28914 16796
28915 16797
28916 16797
28917 16797
28918 16798
28919 16799
28920 16800
28921 16801
28922 16802
28923 16803
28924 16803
28925 16804
28926 16804
28927 16805
28928 16805
28929 16805
28930 16806
28931 16807
28932 16807
28933 16808
28934 16808
28935 16809
28936 16810
28937 16810
28938 16810
28939 16811
28940 16811
28941 16811
28942 16811
28943 16812
28944 16812
28945 16813
28946 16813
28947 16813
28948 16813
28949 16814
28950 16815
28951 16816
28952 16816
28953 16816
28954 16817
28955 16818
28956 16818
28957 16818
28958 16818
28959 16819
28960 16819
28961 16820
28962 16820
28963 16820
28964 16821
28965 16822
28966 16822
28967 16822
28968 16822
28969 16822
28970 16822
28971 16822
28972 16823
28973 16823
28974 16824
28975 16824
28976 16825
28977 16825
28978 16825
28979 16826
28980 16826
28981 16827
28982 16827
28983 16827
28984 16828
28985 16828
28986 16829
28987 16830
28988 16830
28989 16831
28990 16831
28991 16832
28992 16832
28993 16833
28994 16834
28995 16835
28996 16836
28997 16836
28998 16836
28999 16836
29000 16837
29001 16837
29002 16837
29003 16838
29004 16839
29005 16840
29006 16841
29007 16841
29008 16842
29009 16842
29010 16842
29011 16843
29012 16844
29013 16844
29014 16844
29015 16845
29016 16845
29017 16846
29018 16846
29019 16846
29020 16846
29021 16846
29022 16847
29023 16848
29024 16849
29025 16849
29026 16850
29027 16851
29028 16852
29029 16853
29030 16853
29031 16853
29032 16854
29033 16854
29034 16854
29035 16854
29036 16855
29037 16856
29038 16857
29039 16858
29040 16859
29041 16860
29042 16860
29043 16860
29044 16861
29045 16862
29046 16863
29047 16863
29048 16863
29049 16864
29050 16865
29051 16865
29052 16866
29053 16867
29054 16868
29055 16869
29056 16869
29057 16869
29058 16870
29059 16871
29060 16871
29061 16872
29062 16872
29063 16872
29064 16872
29065 16873
29066 16873
29067 16874
29068 16875
29069 16876
29070 16877
29071 16878
29072 16879
29073 16879
29074 16880
29075 16881
29076 16881
29077 16882
29078 16882
29079 16882
29080 16882
29081 16882
29082 16883
29083 16883
29084 16883
29085 16883
29086 16884
29087 16885
29088 16886
29089 16886
29090 16887
29091 16888
29092 16889
29093 16889
29094 16889
29095 16890
29096 16891
29097 16891
29098 16892
29099 16892
29100 16892
29101 16892
29102 16893
29103 16893
29104 16893
29105 16893
29106 16894
29107 16895
29108 16896
29109 16896
29110 16897
29111 16897
29112 16898
29113 16899
29114 16899
29115 16900
29116 16901
29117 16901
29118 16901
29119 16901
29120 16901
29121 16902
29122 16903
29123 16904
29124 16905
29125 16905
29126 16906
29127 16906
29128 16907
29129 16907
29130 16907
29131 16907
29132 16907
29133 16908
29134 16909
29135 16910
29136 16911
29137 16911
29138 16911
29139 16912
29140 16912
29141 16912
29142 16912
29143 16912
29144 16913
29145 16913
29146 16914
29147 16915
29148 16915
29149 16916
29150 16917
29151 16918
29152 16918
29153 16918
29154 16918
29155 16919
29156 16920
29157 16920
29158 16920
29159 16921
29160 16921
29161 16922
29162 16923
29163 16923
29164 16923
29165 16924
29166 16925
29167 16926
29168 16926
29169 16927
29170 16927
29171 16928
29172 16928
29173 16929
29174 16929
29175 16930
29176 16931
29177 16931
29178 16931
29179 16931
29180 16931
29181 16931
29182 16931
29183 16931
29184 16931
29185 16932
29186 16932
29187 16932
29188 16932
29189 16933
29190 16934
29191 16935
29192 16935
29193 16935
29194 16936
29195 16936
29196 16937
29197 16938
29198 16938
29199 16939
29200 16940
29201 16941
29202 16942
29203 16942
29204 16943
29205 16943
29206 16944
29207 16944
29208 16944
29209 16945
29210 16946
29211 16946
29212 16947
29213 16948
29214 16948
29215 16948
29216 16948
29217 16949
29218 16949
29219 16950
29220 16950
29221 16950
29222 16951
29223 16952
29224 16953
29225 16954
29226 16954
29227 16955
29228 16955
29229 16955
29230 16956
29231 16957
29232 16958
29233 16959
29234 16960
29235 16960
29236 16960
29237 16961
29238 16962
29239 16962
29240 16963
29241 16964
29242 16964
29243 16965
29244 16966
29245 16966
29246 16966
29247 16967
29248 16967
29249 16968
29250 16969
29251 16970
29252 16970
29253 16970
29254 16971
29255 16972
29256 16972
29257 16973
29258 16973
29259 16973
29260 16974
29261 16974
29262 16975
29263 16976
29264 16977
29265 16977
29266 16978
29267 16979
29268 16980
29269 16980
29270 16981
29271 16981
29272 16981
29273 16981
29274 16981
29275 16982
29276 16983
29277 16983
29278 16983
29279 16983
29280 16983
29281 16983
29282 16984
29283 16984
29284 16984
29285 16984
29286 16985
29287 16986
29288 16987
29289 16987
29290 16988
29291 16989
29292 16990
29293 16991
29294 16991
29295 16992
29296 16993
29297 16993
29298 16993
29299 16993
29300 16994
29301 16994
29302 16995
29303 16996
29304 16997
29305 16998
29306 16999
29307 17000
29308 17000
29309 17001
29310 17002
29311 17003
29312 17004
29313 17005
29314 17006
29315 17006
29316 17007
29317 17007
29318 17008
29319 17009
29320 17010
29321 17010
29322 17011
29323 17012
29324 17013
29325 17014
29326 17014
29327 17014
29328 17014
29329 17015
29330 17015
29331 17015
29332 17015
29333 17015
29334 17015
29335 17015
29336 17015
29337 17015
29338 17016
29339 17017
29340 17017
29341 17017
29342 17018
29343 17018
29344 17019
29345 17020
29346 17021
29347 17022
29348 17023
29349 17024
29350 17024
29351 17024
29352 17025
29353 17025
29354 17025
29355 17025
29356 17025
29357 17025
29358 17026
29359 17027
29360 17027
29361 17028
29362 17029
29363 17030
29364 17030
29365 17030
29366 17031
29367 17031
29368 17031
29369 17032
29370 17032
29371 17033
29372 17033
29373 17033
29374 17033
29375 17034
29376 17035
29377 17036
29378 17036
29379 17036
29380 17036
29381 17037
29382 17037
29383 17038
29384 17038
29385 17038
29386 17038
29387 17039
29388 17039
29389 17040
29390 17040
29391 17040
29392 17041
29393 17041
29394 17041
29395 17042
29396 17043
29397 17044
29398 17045
29399 17045
29400 17046
29401 17046
29402 17046
29403 17046
29404 17047
29405 17047
29406 17047
29407 17048
29408 17048
29409 17048
29410 17049
29411 17049
29412 17050
29413 17051
29414 17052
29415 17053
29416 17054
29417 17054
29418 17055
29419 17056
29420 17057
29421 17058
29422 17059
29423 17060
29424 17060
29425 17060
29426 17061
29427 17061
29428 17062
29429 17062
29430 17063
29431 17064
29432 17064
29433 17064
29434 17065
29435 17065
29436 17066
29437 17067
29438 17068
29439 17068
29440 17069
29441 17070
29442 17071
29443 17071
29444 17072
29445 17072
29446 17073
29447 17074
29448 17074
29449 17074
29450 17075
29451 17076
29452 17077
29453 17078
29454 17079
29455 17079
29456 17080
29457 17080
29458 17080
29459 17080
29460 17080
29461 17081
29462 17081
29463 17081
29464 17081
29465 17082
29466 17083
29467 17083
29468 17084
29469 17085
29470 17086
29471 17087
29472 17087
29473 17087
29474 17088
29475 17088
29476 17089
29477 17089
29478 17090
29479 17091
29480 17092
29481 17093
29482 17093
29483 17093
29484 17094
29485 17094
29486 17094
29487 17095
29488 17096
29489 17097
29490 17097
29491 17098
29492 17098
29493 17098
29494 17098
29495 17099
29496 17099
29497 17099
29498 17099
29499 17100
29500 17100
29501 17100
29502 17101
29503 17102
29504 17103
29505 17103
29506 17104
29507 17104
29508 17104
29509 17105
29510 17105
29511 17106
29512 17106
29513 17106
29514 17107
29515 17108
29516 17108
29517 17108
29518 17109
29519 17110
29520 17111
29521 17112
29522 17113
29523 17114
29524 17115
29525 17116
29526 17116
29527 17117
29528 17118
29529 17118
29530 17119
29531 17119
29532 17120
29533 17121
29534 17121
29535 17122
29536 17123
29537 17124
29538 17124
29539 17125
29540 17125
29541 17126
29542 17127
29543 17127
29544 17127
29545 17127
29546 17127
29547 17128
29548 17128
29549 17129
29550 17130
29551 17131
29552 17132
29553 17133
29554 17134
29555 17135
29556 17136
29557 17136
29558 17137
29559 17137
29560 17138
29561 17138
29562 17139
29563 17139
29564 17140
29565 17141
29566 17142
29567 17143
29568 17144
29569 17145
29570 17146
29571 17146
29572 17146
29573 17146
29574 17146
29575 17146
29576 17147
29577 17147
29578 17148
29579 17149
29580 17150
29581 17151
29582 17152
29583 17153
29584 17154
29585 17155
29586 17155
29587 17156
29588 17156
29589 17156
29590 17157
29591 17157
29592 17158
29593 17158
29594 17158
29595 17159
29596 17160
29597 17161
29598 17161
29599 17161
29600 17161
29601 17161
29602 17162
29603 17163
29604 17164
29605 17165
29606 17165
29607 17166
29608 17167
29609 17168
29610 17169
29611 17169
29612 17169
29613 17170
29614 17170
29615 17171
29616 17171
29617 17171
29618 17172
29619 17172
29620 17173
29621 17174
29622 17175
29623 17176
29624 17177
29625 17177
29626 17177
29627 17178
29628 17179
29629 17180
29630 17180
29631 17181
29632 17181
29633 17181
29634 17182
29635 17183
29636 17184
29637 17184
29638 17184
29639 17184
29640 17185
29641 17185
29642 17185
29643 17186
29644 17187
29645 17188
29646 17188
29647 17188
29648 17189
29649 17190
29650 17191
29651 17191
29652 17192
29653 17192
29654 17193
29655 17194
29656 17194
29657 17195
29658 17195
29659 17195
29660 17195
29661 17195
29662 17196
29663 17197
29664 17198
29665 17198
29666 17199
29667 17200
29668 17201
29669 17202
29670 17203
29671 17204
29672 17205
29673 17206
29674 17207
29675 17207
29676 17208
29677 17208
29678 17209
29679 17210
29680 17210
29681 17211
29682 17212
29683 17212
29684 17212
29685 17212
29686 17212
29687 17213
29688 17214
29689 17214
29690 17215
29691 17216
29692 17216
29693 17216
29694 17216
29695 17217
29696 17218
29697 17219
29698 17220
29699 17220
29700 17220
29701 17220
29702 17221
29703 17221
29704 17222
29705 17223
29706 17224
29707 17224
29708 17224
29709 17225
29710 17225
29711 17225
29712 17226
29713 17227
29714 17228
29715 17229
29716 17230
29717 17231
29718 17231
29719 17232
29720 17233
29721 17233
29722 17233
29723 17234
29724 17235
29725 17236
29726 17237
29727 17238
29728 17238
29729 17239
29730 17239
29731 17240
29732 17241
29733 17241
29734 17242
29735 17243
29736 17243
29737 17244
29738 17244
29739 17245
29740 17246
29741 17247
29742 17247
29743 17248
29744 17249
29745 17249
29746 17250
29747 17251
29748 17252
29749 17253
29750 17254
29751 17255
29752 17256
29753 17256
29754 17257
29755 17258
29756 17258
29757 17258
29758 17259
29759 17260
29760 17261
29761 17261
29762 17262
29763 17263
29764 17264
29765 17265
29766 17266
29767 17266
29768 17266
29769 17267
29770 17268
29771 17269
29772 17270
29773 17271
29774 17272
29775 17272
29776 17272
29777 17273
29778 17274
29779 17275
29780 17276
29781 17277
29782 17277
29783 17277
29784 17277
29785 17278
29786 17278
29787 17278
29788 17279
29789 17279
29790 17279
29791 17280
29792 17280
29793 17281
29794 17281
29795 17281
29796 17281
29797 17282
29798 17283
29799 17284
29800 17284
29801 17284
29802 17284
29803 17284
29804 17285
29805 17285
29806 17285
29807 17286
29808 17286
29809 17287
29810 17288
29811 17289
29812 17290
29813 17290
29814 17291
29815 17291
29816 17292
29817 17292
29818 17292
29819 17293
29820 17294
29821 17295
29822 17295
29823 17296
29824 17296
29825 17297
29826 17298
29827 17298
29828 17299
29829 17300
29830 17301
29831 17302
29832 17302
29833 17302
29834 17303
29835 17304
29836 17305
29837 17306
29838 17307
29839 17308
29840 17309
29841 17309
29842 17309
29843 17310
29844 17311
29845 17312
29846 17312
29847 17313
29848 17313
29849 17314
29850 17315
29851 17316
29852 17316
29853 17317
29854 17317
29855 17318
29856 17318
29857 17319
29858 17319
29859 17319
29860 17319
29861 17320
29862 17321
29863 17321
29864 17321
29865 17321
29866 17321
29867 17322
29868 17322
29869 17322
29870 17323
29871 17324
29872 17325
29873 17326
29874 17327
29875 17327
29876 17328
29877 17329
29878 17330
29879 17331
29880 17331
29881 17331
29882 17332
29883 17333
29884 17333
29885 17333
29886 17334
29887 17335
29888 17336
29889 17337
29890 17337
29891 17338
29892 17338
29893 17338
29894 17339
29895 17339
29896 17339
29897 17339
29898 17339
29899 17339
29900 17340
29901 17340
29902 17341
29903 17342
29904 17342
29905 17342
29906 17343
29907 17344
29908 17345
29909 17345
29910 17345
29911 17345
29912 17345
29913 17346
29914 17347
29915 17347
29916 17348
29917 17349
29918 17350
29919 17351
29920 17352
29921 17352
29922 17352
29923 17353
29924 17354
29925 17355
29926 17356
29927 17357
29928 17357
29929 17358
29930 17359
29931 17359
29932 17359
29933 17360
29934 17361
29935 17362
29936 17363
29937 17363
29938 17363
29939 17364
29940 17364
29941 17365
29942 17365
29943 17366
29944 17367
29945 17368
29946 17369
29947 17369
29948 17370
29949 17370
29950 17370
29951 17370
29952 17370
29953 17371
29954 17371
29955 17372
29956 17372
29957 17372
29958 17373
29959 17374
29960 17375
29961 17376
29962 17376
29963 17376
29964 17377
29965 17377
29966 17377
29967 17378
29968 17379
29969 17379
29970 17379
29971 17380
29972 17381
29973 17382
29974 17383
29975 17383
29976 17384
29977 17385
29978 17386
29979 17386
29980 17387
29981 17387
29982 17388
29983 17388
29984 17389
29985 17389
29986 17390
29987 17391
29988 17391
29989 17391
29990 17392
29991 17393
29992 17394
29993 17394
29994 17394
29995 17394
29996 17394
29997 17395
29998 17395
29999 17396
30000 17396
30001 17397
30002 17397
30003 17398
30004 17399
30005 17400
30006 17401
30007 17401
30008 17402
30009 17403
30010 17403
30011 17404
30012 17404
30013 17404
30014 17405
30015 17405
30016 17406
30017 17406
30018 17406
30019 17406
30020 17406
30021 17407
30022 17408
30023 17409
30024 17409
30025 17409
30026 17410
30027 17411
30028 17412
30029 17412
30030 17413
30031 17413
30032 17413
30033 17413
30034 17414
30035 17415
30036 17416
30037 17417
30038 17417
30039 17418
30040 17418
30041 17419
30042 17419
30043 17419
30044 17420
30045 17421
30046 17421
30047 17421
30048 17422
30049 17423
30050 17424
30051 17425
30052 17425
30053 17425
30054 17426
30055 17426
30056 17427
30057 17428
30058 17429
30059 17430
30060 17430
30061 17431
30062 17432
30063 17432
30064 17432
30065 17433
30066 17434
30067 17435
30068 17436
30069 17437
30070 17438
30071 17438
30072 17439
30073 17440
30074 17441
30075 17442
30076 17442
30077 17442
30078 17443
30079 17444
30080 17445
30081 17445
30082 17445
30083 17446
30084 17447
30085 17447
30086 17448
30087 17448
30088 17448
30089 17449
30090 17450
30091 17450
30092 17450
30093 17451
30094 17452
30095 17453
30096 17454
30097 17454
30098 17455
30099 17455
30100 17455
30101 17455
30102 17455
30103 17456
30104 17456
30105 17457
30106 17457
30107 17457
30108 17457
30109 17457
30110 17458
30111 17458
30112 17459
30113 17459
30114 17460
30115 17461
30116 17462
30117 17463
30118 17463
30119 17464
30120 17465
30121 17465
30122 17465
30123 17465
30124 17465
30125 17466
30126 17467
30127 17468
30128 17469
30129 17469
30130 17469
30131 17469
30132 17469
30133 17470
30134 17471
30135 17472
30136 17472
30137 17472
30138 17472
30139 17472
30140 17472
30141 17472
30142 17473
30143 17473
30144 17474
30145 17474
30146 17474
30147 17474
30148 17474
30149 17474
30150 17474
30151 17474
30152 17475
30153 17475
30154 17476
30155 17476
30156 17476
30157 17477
30158 17478
30159 17478
30160 17478
30161 17478
30162 17479
30163 17480
30164 17480
30165 17481
30166 17481
30167 17482
30168 17483
30169 17484
30170 17485
30171 17486
30172 17487
30173 17487
30174 17488
30175 17489
30176 17490
30177 17490
30178 17491
30179 17491
30180 17491
30181 17492
30182 17493
30183 17494
30184 17494
30185 17495
30186 17495
30187 17496
30188 17496
30189 17496
30190 17497
30191 17497
30192 17497
30193 17498
30194 17498
30195 17498
30196 17499
30197 17500
30198 17500
30199 17501
30200 17501
30201 17502
30202 17502
30203 17502
30204 17503
30205 17503
30206 17503
30207 17504
30208 17505
30209 17505
30210 17506
30211 17507
30212 17508
30213 17509
30214 17509
30215 17510
30216 17511
30217 17512
30218 17512
30219 17512
30220 17512
30221 17513
30222 17514
30223 17515
30224 17516
30225 17517
30226 17518
30227 17518
30228 17518
30229 17519
30230 17520
30231 17521
30232 17522
30233 17523
30234 17524
30235 17524
30236 17524
30237 17524
30238 17524
30239 17524
30240 17525
30241 17526
30242 17526
30243 17527
30244 17528
30245 17529
30246 17530
30247 17531
30248 17531
30249 17532
30250 17532
30251 17532
30252 17533
30253 17533
30254 17534
30255 17535
30256 17535
30257 17535
30258 17536
30259 17537
30260 17538
30261 17538
30262 17538
30263 17538
30264 17538
30265 17538
30266 17539
30267 17539
30268 17539
30269 17540
30270 17541
30271 17541
30272 17542
30273 17543
30274 17544
30275 17545
30276 17546
30277 17547
30278 17548
30279 17549
30280 17550
30281 17551
30282 17551
30283 17552
30284 17553
30285 17554
30286 17554
30287 17554
30288 17555
30289 17555
30290 17556
30291 17557
30292 17558
30293 17559
30294 17559
30295 17560
30296 17560
30297 17561
30298 17561
30299 17562
30300 17563
30301 17564
30302 17564
30303 17565
30304 17565
30305 17566
30306 17567
30307 17568
30308 17568
30309 17568
30310 17569
30311 17569
30312 17570
30313 17570
30314 17571
30315 17571
30316 17572
30317 17573
30318 17574
30319 17574
30320 17575
30321 17576
30322 17576
30323 17576
30324 17577
30325 17578
30326 17578
30327 17579
30328 17579
30329 17580
30330 17580
30331 17581
30332 17581
30333 17581
30334 17582
30335 17583
30336 17584
30337 17585
30338 17586
30339 17587
30340 17587
30341 17588
30342 17588
30343 17589
30344 17589
30345 17589
30346 17589
30347 17590
30348 17591
30349 17592
30350 17592
30351 17592
30352 17593
30353 17593
30354 17594
30355 17595
30356 17595
30357 17595
30358 17595
30359 17595
30360 17595
30361 17596
30362 17596
30363 17597
30364 17597
30365 17598
30366 17598
30367 17598
30368 17599
30369 17599
30370 17600
30371 17600
30372 17601
30373 17602
30374 17603
30375 17603
30376 17604
30377 17605
30378 17606
30379 17607
30380 17607
30381 17608
30382 17609
30383 17610
30384 17610
30385 17611
30386 17612
30387 17613
30388 17614
30389 17615
30390 17616
30391 17617
30392 17617
30393 17617
30394 17617
30395 17618
30396 17619
30397 17620
30398 17620
30399 17621
30400 17622
30401 17623
30402 17623
30403 17623
30404 17624
30405 17625
30406 17625
30407 17626
30408 17627
30409 17628
30410 17628
30411 17629
30412 17629
30413 17629
30414 17630
30415 17631
30416 17632
30417 17632
30418 17633
30419 17634
30420 17634
30421 17634
30422 17635
30423 17635
30424 17636
30425 17637
30426 17638
30427 17638
30428 17639
30429 17639
30430 17640
30431 17641
30432 17642
30433 17642
30434 17642
30435 17643
30436 17644
30437 17645
30438 17646
30439 17647
30440 17647
30441 17647
30442 17647
30443 17648
30444 17649
30445 17650
30446 17651
30447 17651
30448 17652
30449 17652
30450 17652
30451 17652
30452 17653
30453 17653
30454 17653
30455 17654
30456 17655
30457 17655
30458 17656
30459 17656
30460 17656
30461 17656
30462 17657
30463 17658
30464 17658
30465 17658
30466 17659
30467 17659
30468 17660
30469 17660
30470 17661
30471 17661
30472 17662
30473 17663
30474 17663
30475 17663
30476 17663
30477 17663
30478 17664
30479 17665
30480 17665
30481 17665
30482 17666
30483 17667
30484 17668
30485 17668
30486 17669
30487 17669
30488 17670
30489 17670
30490 17670
30491 17670
30492 17670
30493 17671
30494 17671
30495 17671
30496 17671
30497 17672
30498 17673
30499 17673
30500 17674
30501 17674
30502 17675
30503 17676
30504 17676
30505 17676
30506 17677
30507 17677
30508 17678
30509 17679
30510 17680
30511 17681
30512 17682
30513 17683
30514 17684
30515 17684
30516 17685
30517 17685
30518 17686
30519 17686
30520 17686
30521 17686
30522 17687
30523 17687
30524 17687
30525 17688
30526 17689
30527 17689
30528 17689
30529 17689
30530 17690
30531 17691
30532 17691
30533 17692
30534 17693
30535 17694
30536 17695
30537 17695
30538 17696
30539 17697
30540 17698
30541 17699
30542 17699
30543 17700
30544 17701
30545 17702
30546 17703
30547 17703
30548 17704
30549 17704
30550 17705
30551 17706
30552 17706
30553 17706
30554 17707
30555 17708
30556 17708
30557 17709
30558 17710
30559 17710
30560 17711
30561 17711
30562 17711
30563 17712
30564 17713
30565 17713
30566 17713
30567 17714
30568 17715
30569 17716
30570 17717
30571 17718
30572 17718
30573 17719
30574 17720
30575 17721
30576 17721
30577 17722
30578 17723
30579 17724
30580 17725
30581 17725
30582 17726
30583 17726
30584 17727
30585 17727
30586 17727
30587 17728
30588 17729
30589 17730
30590 17730
30591 17730
30592 17731
30593 17732
30594 17733
30595 17733
30596 17733
30597 17734
30598 17735
30599 17736
30600 17737
30601 17738
30602 17738
30603 17739
30604 17739
30605 17740
30606 17740
30607 17741
30608 17741
30609 17742
30610 17742
30611 17742
30612 17743
30613 17744
30614 17744
30615 17744
30616 17745
30617 17745
30618 17746
30619 17747
30620 17748
30621 17748
30622 17749
30623 17750
30624 17751
30625 17752
30626 17752
30627 17752
30628 17753
30629 17753
30630 17754
30631 17754
30632 17754
30633 17755
30634 17756
30635 17756
30636 17757
30637 17757
30638 17757
30639 17757
30640 17757
30641 17757
30642 17757
30643 17758
30644 17759
30645 17760
30646 17761
30647 17762
30648 17762
30649 17763
30650 17764
30651 17764
30652 17765
30653 17766
30654 17766
30655 17767
30656 17768
30657 17769
30658 17769
30659 17769
30660 17769
30661 17770
30662 17771
30663 17772
30664 17772
30665 17773
30666 17774
30667 17775
30668 17776
30669 17777
30670 17777
30671 17778
30672 17779
30673 17780
30674 17781
30675 17782
30676 17783
30677 17783
30678 17784
30679 17785
30680 17785
30681 17786
30682 17787
30683 17787
30684 17788
30685 17789
30686 17789
30687 17790
30688 17791
30689 17792
30690 17793
30691 17794
30692 17794
30693 17795
30694 17796
30695 17796
30696 17797
30697 17797
30698 17798
30699 17799
30700 17799
30701 17799
30702 17800
30703 17801
30704 17801
30705 17801
30706 17801
30707 17801
30708 17801
30709 17802
30710 17803
30711 17803
30712 17803
30713 17803
30714 17804
30715 17804
30716 17804
30717 17804
30718 17805
30719 17806
30720 17807
30721 17808
30722 17808
30723 17808
30724 17809
30725 17809
30726 17810
30727 17810
30728 17811
30729 17812
30730 17812
30731 17813
30732 17814
30733 17815
30734 17815
30735 17816
30736 17816
30737 17816
30738 17816
30739 17817
30740 17818
30741 17818
30742 17819
30743 17819
30744 17819
30745 17820
30746 17820
30747 17821
30748 17821
30749 17822
30750 17823
30751 17824
30752 17824
30753 17825
30754 17826
30755 17826
30756 17827
30757 17827
30758 17827
30759 17828
30760 17828
30761 17828
30762 17829
30763 17830
30764 17831
30765 17831
30766 17831
30767 17832
30768 17832
30769 17833
30770 17834
30771 17834
30772 17835
30773 17836
30774 17836
30775 17836
30776 17837
30777 17838
30778 17839
30779 17840
30780 17840
30781 17841
30782 17842
30783 17843
30784 17844
30785 17845
30786 17845
30787 17846
30788 17847
30789 17848
30790 17848
30791 17848
30792 17848
30793 17849
30794 17850
30795 17851
30796 17852
30797 17852
30798 17853
30799 17854
30800 17854
30801 17854
30802 17854
30803 17854
30804 17855
30805 17856
30806 17857
30807 17858
30808 17858
30809 17859
30810 17859
30811 17859
30812 17860
30813 17861
30814 17862
30815 17862
30816 17863
30817 17863
30818 17864
30819 17864
30820 17865
30821 17866
30822 17866
30823 17867
30824 17868
30825 17868
30826 17869
30827 17870
30828 17870
30829 17870
30830 17871
30831 17872
30832 17873
30833 17873
30834 17873
30835 17873
30836 17874
30837 17874
30838 17875
30839 17875
30840 17876
30841 17876
30842 17877
30843 17877
30844 17878
30845 17878
30846 17879
30847 17880
30848 17880
30849 17881
30850 17882
30851 17883
30852 17884
30853 17884
30854 17885
30855 17886
30856 17886
30857 17886
30858 17887
30859 17887
30860 17887
30861 17888
30862 17888
30863 17889
30864 17889
30865 17889
30866 17889
30867 17889
30868 17890
30869 17890
30870 17890
30871 17890
30872 17890
30873 17891
30874 17892
30875 17893
30876 17893
30877 17893
30878 17893
30879 17893
30880 17893
30881 17893
30882 17893
30883 17894
30884 17895
30885 17896
30886 17896
30887 17897
30888 17897
30889 17897
30890 17897
30891 17898
30892 17898
30893 17898
30894 17899
30895 17900
30896 17901
30897 17901
30898 17901
30899 17902
30900 17903
30901 17904
30902 17905
30903 17906
30904 17907
30905 17907
30906 17907
30907 17908
30908 17909
30909 17910
30910 17910
30911 17910
30912 17911
30913 17911
30914 17912
30915 17913
30916 17913
30917 17914
30918 17914
30919 17915
30920 17915
30921 17916
30922 17916
30923 17916
30924 17916
30925 17916
30926 17917
30927 17918
30928 17919
30929 17920
30930 17920
30931 17921
30932 17921
30933 17922
30934 17922
30935 17923
30936 17923
30937 17924
30938 17924
30939 17924
30940 17925
30941 17925
30942 17926
30943 17927
30944 17927
30945 17928
30946 17929
30947 17930
30948 17930
30949 17930
30950 17930
30951 17930
30952 17931
30953 17932
30954 17932
30955 17932
30956 17932
30957 17933
30958 17934
30959 17935
30960 17936
30961 17937
30962 17938
30963 17938
30964 17939
30965 17940
30966 17941
30967 17941
30968 17941
30969 17942
30970 17943
30971 17943
30972 17943
30973 17944
30974 17945
30975 17946
30976 17946
30977 17946
30978 17947
30979 17947
30980 17948
30981 17949
30982 17950
30983 17951
30984 17951
30985 17951
30986 17952
30987 17953
30988 17953
30989 17954
30990 17955
30991 17956
30992 17956
30993 17956
30994 17957
30995 17957
30996 17957
30997 17958
30998 17958
30999 17958
31000 17959
31001 17960
31002 17960
31003 17960
31004 17960
31005 17961
31006 17961
31007 17962
31008 17963
31009 17963
31010 17964
31011 17965
31012 17966
31013 17966
31014 17967
31015 17967
31016 17968
31017 17969
31018 17969
31019 17970
31020 17971
31021 17972
31022 17973
31023 17974
31024 17974
31025 17974
31026 17975
31027 17976
31028 17977
31029 17978
31030 17978
31031 17978
31032 17978
31033 17979
31034 17979
31035 17979
31036 17980
31037 17981
31038 17981
31039 17981
31040 17981
31041 17981
31042 17982
31043 17982
31044 17983
31045 17984
31046 17985
31047 17986
31048 17986
31049 17986
31050 17986
31051 17987
31052 17987
31053 17988
31054 17988
31055 17989
31056 17990
31057 17990
31058 17991
31059 17992
31060 17993
31061 17993
31062 17994
31063 17994
31064 17995
31065 17995
31066 17996
31067 17996
31068 17997
31069 17997
31070 17997
31071 17998
31072 17998
31073 17999
31074 17999
31075 17999
31076 18000
31077 18000
31078 18001
31079 18002
31080 18003
31081 18003
31082 18004
31083 18005
31084 18005
31085 18006
31086 18006
31087 18006
31088 18006
31089 18006
31090 18006
31091 18007
31092 18008
31093 18009
31094 18010
31095 18011
31096 18012
31097 18013
31098 18013
31099 18013
31100 18013
31101 18013
31102 18014
31103 18015
31104 18016
31105 18016
31106 18017
31107 18017
31108 18017
31109 18018
31110 18019
31111 18020
31112 18021
31113 18021
31114 18022
31115 18022
31116 18023
31117 18023
31118 18023
31119 18024
31120 18025
31121 18025
31122 18025
31123 18026
31124 18027
31125 18028
31126 18028
31127 18028
31128 18028
31129 18029
31130 18029
31131 18029
31132 18030
31133 18031
31134 18032
31135 18032
31136 18033
31137 18034
31138 18035
31139 18036
31140 18036
31141 18037
31142 18038
31143 18038
31144 18039
31145 18039
31146 18040
31147 18040
31148 18041
31149 18041
31150 18042
31151 18042
31152 18043
31153 18043
31154 18044
31155 18045
31156 18046
31157 18046
31158 18047
31159 18048
31160 18049
31161 18050
31162 18051
31163 18052
31164 18052
31165 18053
31166 18053
31167 18054
31168 18054
31169 18054
31170 18054
31171 18055
31172 18056
31173 18057
31174 18057
31175 18058
31176 18058
31177 18059
31178 18059
31179 18060
31180 18061
31181 18062
31182 18063
31183 18064
31184 18064
31185 18065
31186 18065
31187 18066
31188 18066
31189 18067
31190 18068
31191 18069
31192 18069
31193 18069
31194 18069
31195 18069
31196 18070
31197 18070
31198 18071
31199 18072
31200 18073
31201 18073
31202 18074
31203 18075
31204 18076
31205 18077
31206 18077
31207 18078
31208 18078
31209 18078
31210 18079
31211 18079
31212 18079
31213 18080
31214 18080
31215 18080
31216 18080
31217 18081
31218 18082
31219 18082
31220 18083
31221 18084
31222 18085
31223 18086
31224 18086
31225 18086
31226 18087
31227 18087
31228 18088
31229 18089
31230 18090
31231 18091
31232 18092
31233 18092
31234 18092
31235 18092
31236 18093
31237 18093
31238 18094
31239 18094
31240 18095
31241 18095
31242 18095
31243 18096
31244 18096
31245 18097
31246 18098
31247 18099
31248 18100
31249 18100
31250 18100
31251 18101
31252 18101
31253 18101
31254 18102
31255 18102
31256 18103
31257 18104
31258 18104
31259 18105
31260 18106
31261 18107
31262 18107
31263 18107
31264 18108
31265 18109
31266 18110
31267 18110
31268 18111
31269 18112
31270 18113
31271 18113
31272 18113
31273 18114
31274 18115
31275 18116
31276 18116
31277 18117
31278 18118
31279 18118
31280 18119
31281 18120
31282 18121
31283 18121
31284 18121
31285 18122
31286 18122
31287 18123
31288 18124
31289 18125
31290 18126
31291 18126
31292 18126
31293 18126
31294 18127
31295 18128
31296 18129
31297 18130
31298 18130
31299 18131
31300 18132
31301 18133
31302 18134
31303 18134
31304 18135
31305 18135
31306 18136
31307 18137
31308 18138
31309 18138
31310 18138
31311 18138
31312 18138
31313 18139
31314 18139
31315 18139
31316 18139
31317 18140
31318 18140
31319 18140
31320 18141
31321 18141
31322 18142
31323 18143
31324 18143
31325 18143
31326 18144
31327 18144
31328 18144
31329 18145
31330 18146
31331 18146
31332 18146
31333 18146
31334 18146
31335 18147
31336 18148
31337 18149
31338 18150
31339 18150
31340 18150
31341 18150
31342 18151
31343 18151
31344 18152
31345 18153
31346 18153
31347 18154
31348 18154
31349 18154
31350 18155
31351 18156
31352 18156
31353 18156
31354 18156
31355 18157
31356 18157
31357 18158
31358 18159
31359 18159
31360 18159
31361 18160
31362 18160
31363 18161
31364 18161
31365 18161
31366 18162
31367 18162
31368 18162
31369 18163
31370 18163
31371 18163
31372 18164
31373 18164
31374 18164
31375 18165
31376 18165
31377 18165
31378 18166
31379 18166
31380 18166
31381 18166
31382 18166
31383 18166
31384 18167
31385 18167
31386 18168
31387 18169
31388 18170
31389 18171
31390 18171
31391 18171
31392 18172
31393 18172
31394 18172
31395 18172
31396 18172
31397 18173
31398 18174
31399 18174
31400 18175
31401 18175
31402 18176
31403 18177
31404 18178
31405 18179
31406 18179
31407 18180
31408 18181
31409 18181
31410 18181
31411 18181
31412 18182
31413 18183
31414 18183
31415 18183
31416 18183
31417 18184
31418 18185
31419 18185
31420 18185
31421 18186
31422 18186
31423 18187
31424 18187
31425 18187
31426 18187
31427 18188
31428 18188
31429 18188
31430 18188
31431 18189
31432 18189
31433 18190
31434 18190
31435 18190
31436 18190
31437 18190
31438 18191
31439 18192
31440 18193
31441 18194
31442 18195
31443 18196
31444 18197
31445 18198
31446 18198
31447 18198
31448 18198
31449 18199
31450 18199
31451 18199
31452 18199
31453 18200
31454 18201
31455 18202
31456 18203
31457 18204
31458 18205
31459 18205
31460 18206
31461 18207
31462 18208
31463 18209
31464 18210
31465 18210
31466 18211
31467 18212
31468 18212
31469 18213
31470 18214
31471 18215
31472 18215
31473 18216
31474 18217
31475 18218
31476 18219
31477 18220
31478 18220
31479 18221
31480 18221
31481 18222
31482 18222
31483 18223
31484 18224
31485 18225
31486 18226
31487 18227
31488 18227
31489 18227
31490 18228
31491 18228
31492 18228
31493 18228
31494 18229
31495 18229
31496 18230
31497 18230
31498 18231
31499 18232
31500 18233
31501 18233
31502 18233
31503 18233
31504 18234
31505 18234
31506 18235
31507 18236
31508 18236
31509 18236
31510 18237
31511 18238
31512 18238
31513 18238
31514 18238
31515 18239
31516 18239
31517 18240
31518 18241
31519 18241
31520 18241
31521 18242
31522 18243
31523 18244
31524 18244
31525 18244
31526 18244
31527 18244
31528 18245
31529 18246
31530 18247
31531 18247
31532 18248
31533 18248
31534 18249
31535 18249
31536 18250
31537 18250
31538 18251
31539 18251
31540 18252
31541 18252
31542 18252
31543 18253
31544 18254
31545 18254
31546 18255
31547 18255
31548 18255
31549 18256
31550 18257
31551 18257
31552 18257
31553 18258
31554 18259
31555 18259
31556 18259
31557 18260
31558 18261
31559 18262
31560 18263
31561 18264
31562 18264
31563 18265
31564 18266
31565 18267
31566 18268
31567 18269
31568 18270
31569 18270
31570 18271
31571 18271
31572 18272
31573 18273
31574 18274
31575 18275
31576 18275
31577 18276
31578 18277
31579 18277
31580 18278
31581 18278
31582 18278
31583 18278
31584 18279
31585 18280
31586 18281
31587 18281
31588 18281
31589 18282
31590 18283
31591 18284
31592 18285
31593 18286
31594 18286
31595 18286
31596 18287
31597 18287
31598 18287
31599 18287
31600 18287
31601 18288
31602 18289
31603 18290
31604 18290
31605 18291
31606 18291
31607 18292
31608 18293
31609 18294
31610 18294
31611 18294
31612 18295
31613 18296
31614 18296
31615 18297
31616 18297
31617 18297
31618 18297
31619 18298
31620 18298
31621 18299
31622 18300
31623 18300
31624 18301
31625 18301
31626 18301
31627 18302
31628 18302
31629 18303
31630 18304
31631 18305
31632 18305
31633 18305
31634 18306
31635 18306
31636 18306
31637 18306
31638 18306
31639 18307
31640 18308
31641 18309
31642 18310
31643 18311
31644 18311
31645 18312
31646 18313
31647 18313
31648 18314
31649 18315
31650 18316
31651 18317
31652 18318
31653 18319
31654 18319
31655 18320
31656 18320
31657 18320
31658 18320
31659 18321
31660 18322
31661 18323
31662 18324
31663 18325
31664 18326
31665 18327
31666 18328
31667 18329
31668 18330
31669 18331
31670 18332
31671 18332
31672 18333
31673 18334
31674 18335
31675 18335
31676 18336
31677 18337
31678 18338
31679 18338
31680 18339
31681 18340
31682 18341
31683 18341
31684 18342
31685 18343
31686 18344
31687 18345
31688 18346
31689 18346
31690 18346
31691 18347
31692 18347
31693 18348
31694 18348
31695 18349
31696 18349
31697 18350
31698 18350
31699 18350
31700 18350
31701 18350
31702 18351
31703 18351
31704 18352
31705 18352
31706 18352
31707 18352
31708 18353
31709 18353
31710 18353
31711 18353
31712 18353
31713 18354
31714 18354
31715 18354
31716 18354
31717 18354
31718 18355
31719 18356
31720 18356
31721 18357
31722 18358
31723 18359
31724 18360
31725 18361
31726 18361
31727 18361
31728 18362
31729 18362
31730 18362
31731 18363
31732 18364
31733 18364
31734 18364
31735 18364
31736 18365
31737 18365
31738 18365
31739 18365
31740 18366
31741 18366
31742 18366
31743 18366
31744 18366
31745 18367
31746 18367
31747 18368
31748 18369
31749 18369
31750 18369
31751 18369
31752 18370
31753 18371
31754 18372
31755 18373
31756 18373
31757 18373
31758 18374
31759 18375
31760 18376
31761 18377
31762 18377
31763 18378
31764 18379
31765 18379
31766 18379
31767 18380
31768 18380
31769 18381
31770 18382
31771 18383
31772 18384
31773 18384
31774 18385
31775 18385
31776 18385
31777 18386
31778 18386
31779 18386
31780 18387
31781 18387
31782 18388
31783 18389
31784 18390
31785 18391
31786 18391
31787 18391
31788 18392
31789 18392
31790 18392
31791 18392
31792 18392
31793 18393
31794 18394
31795 18394
31796 18395
31797 18396
31798 18396
31799 18396
31800 18396
31801 18396
31802 18396
31803 18396
31804 18396
31805 18396
31806 18396
31807 18397
31808 18397
31809 18398
31810 18399
31811 18400
31812 18401
31813 18402
31814 18402
31815 18403
31816 18403
31817 18403
31818 18404
31819 18404
31820 18405
31821 18405
31822 18406
31823 18406
31824 18407
31825 18408
31826 18409
31827 18409
31828 18410
31829 18411
31830 18412
31831 18412
31832 18413
31833 18414
31834 18415
31835 18416
31836 18416
31837 18417
31838 18418
31839 18418
31840 18418
31841 18419
31842 18419
31843 18419
31844 18419
31845 18419
31846 18420
31847 18421
31848 18422
31849 18422
31850 18422
31851 18423
31852 18423
31853 18423
31854 18424
31855 18425
31856 18426
31857 18427
31858 18427
31859 18428
31860 18429
31861 18430
31862 18431
31863 18432
31864 18432
31865 18433
31866 18433
31867 18433
31868 18434
31869 18434
31870 18434
31871 18434
31872 18434
31873 18435
31874 18435
31875 18436
31876 18436
31877 18437
31878 18438
31879 18438
31880 18438
31881 18438
31882 18439
31883 18439
31884 18440
31885 18440
31886 18441
31887 18441
31888 18442
31889 18443
31890 18444
31891 18445
31892 18445
31893 18446
31894 18447
31895 18448
31896 18448
31897 18449
31898 18450
31899 18450
31900 18450
31901 18451
31902 18452
31903 18452
31904 18452
31905 18453
31906 18454
31907 18455
31908 18456
31909 18457
31910 18457
31911 18457
31912 18458
31913 18458
31914 18459
31915 18460
31916 18461
31917 18462
31918 18463
31919 18464
31920 18464
31921 18465
31922 18466
31923 18467
31924 18468
31925 18469
31926 18469
31927 18470
31928 18471
31929 18471
31930 18472
31931 18472
31932 18473
31933 18474
31934 18475
31935 18475
31936 18476
31937 18477
31938 18477
31939 18477
31940 18478
31941 18479
31942 18479
31943 18480
31944 18481
31945 18482
31946 18483
31947 18484
31948 18485
31949 18486
31950 18486
31951 18487
31952 18487
31953 18487
31954 18488
31955 18488
31956 18489
31957 18489
31958 18490
31959 18490
31960 18491
31961 18491
31962 18491
31963 18491
31964 18491
31965 18491
31966 18492
31967 18493
31968 18493
31969 18494
31970 18495
31971 18496
31972 18496
31973 18496
31974 18497
31975 18497
31976 18497
31977 18498
31978 18498
31979 18498
31980 18499
31981 18500
31982 18501
31983 18501
31984 18501
31985 18501
31986 18501
31987 18501
31988 18502
31989 18502
31990 18503
31991 18504
31992 18504
31993 18505
31994 18506
31995 18507
31996 18508
31997 18508
31998 18509
31999 18509
32000 18510
32001 18511
32002 18512
32003 18513
32004 18513
32005 18513
32006 18513
32007 18514
32008 18514
32009 18515
32010 18515
32011 18516
32012 18517
32013 18517
32014 18518
32015 18518
32016 18519
32017 18520
32018 18521
32019 18522
32020 18523
32021 18524
32022 18525
32023 18526
32024 18527
32025 18528
32026 18529
32027 18529
32028 18530
32029 18530
32030 18531
32031 18532
32032 18533
32033 18534
32034 18535
32035 18535
32036 18536
32037 18537
32038 18538
32039 18539
32040 18539
32041 18539
32042 18540
32043 18540
32044 18540
32045 18540
32046 18541
32047 18542
32048 18543
32049 18544
32050 18544
32051 18545
32052 18545
32053 18545
32054 18545
32055 18546
32056 18546
32057 18547
32058 18548
32059 18548
32060 18549
32061 18550
32062 18550
32063 18551
32064 18551
32065 18552
32066 18552
32067 18553
32068 18554
32069 18555
32070 18556
32071 18557
32072 18557
32073 18557
32074 18557
32075 18557
32076 18558
32077 18558
32078 18559
32079 18559
32080 18560
32081 18561
32082 18562
32083 18563
32084 18563
32085 18564
32086 18565
32087 18565
32088 18565
32089 18566
32090 18567
32091 18568
32092 18569
32093 18569
32094 18570
32095 18570
32096 18571
32097 18571
32098 18572
32099 18573
32100 18573
32101 18574
32102 18575
32103 18576
32104 18576
32105 18577
32106 18578
32107 18579
32108 18580
32109 18580
32110 18581
32111 18582
32112 18582
32113 18583
32114 18584
32115 18585
32116 18586
32117 18586
32118 18586
32119 18587
32120 18587
32121 18588
32122 18588
32123 18588
32124 18588
32125 18589
32126 18589
32127 18590
32128 18590
32129 18590
32130 18591
32131 18591
32132 18591
32133 18591
32134 18592
32135 18593
32136 18593
32137 18593
32138 18594
32139 18595
32140 18595
32141 18595
32142 18595
32143 18596
32144 18597
32145 18597
32146 18598
32147 18598
32148 18599
32149 18600
32150 18600
32151 18601
32152 18601
32153 18601
32154 18601
32155 18602
32156 18603
32157 18604
32158 18605
32159 18606
32160 18606
32161 18606
32162 18606
32163 18607
32164 18608
32165 18608
32166 18608
32167 18608
32168 18609
32169 18610
32170 18611
32171 18611
32172 18612
32173 18613
32174 18613
32175 18614
32176 18615
32177 18616
32178 18617
32179 18618
32180 18619
32181 18619
32182 18620
32183 18621
32184 18621
32185 18622
32186 18622
32187 18623
32188 18624
32189 18624
32190 18625
32191 18625
32192 18625
32193 18625
32194 18626
32195 18626
32196 18627
32197 18628
32198 18628
32199 18629
32200 18630
32201 18630
32202 18630
32203 18630
32204 18631
32205 18632
32206 18633
32207 18634
32208 18634
32209 18635
32210 18636
32211 18636
32212 18636
32213 18636
32214 18637
32215 18638
32216 18638
32217 18639
32218 18640
32219 18640
32220 18640
32221 18641
32222 18642
32223 18642
32224 18643
32225 18644
32226 18645
32227 18645
32228 18646
32229 18647
32230 18648
32231 18649
32232 18650
32233 18651
32234 18652
32235 18653
32236 18653
32237 18654
32238 18654
32239 18655
32240 18656
32241 18657
32242 18657
32243 18658
32244 18659
32245 18660
32246 18661
32247 18661
32248 18662
32249 18663
32250 18664
32251 18664
32252 18665
32253 18666
32254 18667
32255 18667
32256 18667
32257 18668
32258 18668
32259 18669
32260 18670
32261 18670
32262 18671
32263 18672
32264 18673
32265 18674
32266 18675
32267 18676
32268 18676
32269 18677
32270 18677
32271 18677
32272 18678
32273 18678
32274 18679
32275 18679
32276 18680
32277 18681
32278 18681
32279 18681
32280 18682
32281 18683
32282 18683
32283 18684
32284 18684
32285 18684
32286 18684
32287 18685
32288 18686
32289 18686
32290 18687
32291 18688
32292 18688
32293 18689
32294 18689
32295 18689
32296 18689
32297 18690
32298 18690
32299 18691
32300 18692
32301 18693
32302 18693
32303 18693
32304 18694
32305 18694
32306 18695
32307 18696
32308 18697
32309 18697
32310 18698
32311 18698
32312 18698
32313 18699
32314 18699
32315 18699
32316 18699
32317 18699
32318 18700
32319 18701
32320 18701
32321 18701
32322 18702
32323 18703
32324 18703
32325 18704
32326 18704
32327 18705
32328 18706
32329 18707
32330 18708
32331 18709
32332 18710
32333 18711
32334 18712
32335 18713
32336 18714
32337 18715
32338 18715
32339 18716
32340 18716
32341 18717
32342 18717
32343 18718
32344 18719
32345 18720
32346 18720
32347 18721
32348 18722
32349 18723
32350 18724
32351 18724
32352 18724
32353 18724
32354 18724
32355 18725
32356 18725
32357 18726
32358 18727
32359 18727
32360 18727
32361 18728
32362 18729
32363 18730
32364 18730
32365 18730
32366 18730
32367 18731
32368 18732
32369 18733
32370 18734
32371 18735
32372 18736
32373 18737
32374 18737
32375 18738
32376 18739
32377 18740
32378 18741
32379 18742
32380 18742
32381 18743
32382 18743
32383 18744
32384 18744
32385 18744
32386 18744
32387 18745
32388 18746
32389 18747
32390 18748
32391 18749
32392 18750
32393 18750
32394 18751
32395 18751
32396 18751
32397 18751
32398 18751
32399 18752
32400 18752
32401 18753
32402 18754
32403 18754
32404 18754
32405 18755
32406 18755
32407 18755
32408 18756
32409 18757
32410 18758
32411 18759
32412 18760
32413 18761
32414 18761
32415 18762
32416 18762
32417 18762
32418 18763
32419 18764
32420 18765
32421 18766
32422 18767
32423 18768
32424 18769
32425 18770
32426 18770
32427 18771
32428 18772
32429 18772
32430 18773
32431 18774
32432 18774
32433 18774
32434 18775
32435 18776
32436 18776
32437 18776
32438 18776
32439 18777
32440 18777
32441 18778
32442 18778
32443 18779
32444 18780
32445 18780
32446 18780
32447 18781
32448 18782
32449 18783
32450 18784
32451 18784
32452 18784
32453 18784
32454 18784
32455 18785
32456 18785
32457 18786
32458 18787
32459 18787
32460 18788
32461 18788
32462 18789
32463 18790
32464 18790
32465 18791
32466 18791
32467 18791
32468 18791
32469 18791
32470 18792
32471 18793
32472 18794
32473 18795
32474 18795
32475 18796
32476 18796
32477 18797
32478 18798
32479 18799
32480 18799
32481 18799
32482 18800
32483 18800
32484 18800
32485 18801
32486 18801
32487 18801
32488 18802
32489 18802
32490 18802
32491 18803
32492 18803
32493 18804
32494 18804
32495 18805
32496 18806
32497 18807
32498 18808
32499 18809
32500 18810
32501 18811
32502 18811
32503 18811
32504 18812
32505 18812
32506 18812
32507 18813
32508 18814
32509 18815
32510 18815
32511 18816
32512 18817
32513 18817
32514 18818
32515 18819
32516 18819
32517 18820
32518 18821
32519 18822
32520 18823
32521 18823
32522 18823
32523 18823
32524 18824
32525 18824
32526 18825
32527 18826
32528 18826
32529 18826
32530 18827
32531 18827
32532 18828
32533 18829
32534 18830
32535 18831
32536 18831
32537 18832
32538 18833
32539 18833
32540 18833
32541 18834
32542 18834
32543 18835
32544 18836
32545 18837
32546 18838
32547 18839
32548 18840
32549 18841
32550 18841
32551 18842
32552 18843
32553 18844
32554 18845
32555 18846
32556 18847
32557 18847
32558 18848
32559 18849
32560 18850
32561 18851
32562 18852
32563 18852
32564 18852
32565 18852
32566 18853
32567 18854
32568 18855
32569 18855
32570 18855
32571 18856
32572 18857
32573 18858
32574 18859
32575 18860
32576 18861
32577 18862
32578 18863
32579 18864
32580 18864
32581 18865
32582 18865
32583 18866
32584 18867
32585 18868
32586 18869
32587 18870
32588 18870
32589 18870
32590 18870
32591 18871
32592 18872
32593 18873
32594 18874
32595 18874
32596 18875
32597 18876
32598 18877
32599 18877
32600 18878
32601 18879
32602 18879
32603 18880
32604 18880
32605 18880
32606 18880
32607 18880
32608 18881
32609 18881
32610 18882
32611 18883
32612 18884
32613 18884
32614 18885
32615 18885
32616 18886
32617 18886
32618 18887
32619 18888
32620 18889
32621 18889
32622 18889
32623 18890
32624 18890
32625 18891
32626 18892
32627 18893
32628 18894
32629 18895
32630 18896
32631 18896
32632 18897
32633 18897
32634 18897
32635 18897
32636 18897
32637 18897
32638 18897
32639 18898
32640 18898
32641 18898
32642 18899
32643 18900
32644 18901
32645 18902
32646 18902
32647 18902
32648 18903
32649 18904
32650 18904
32651 18904
32652 18905
32653 18905
32654 18905
32655 18905
32656 18906
32657 18906
32658 18907
32659 18908
32660 18908
32661 18909
32662 18910
32663 18910
32664 18911
32665 18912
32666 18912
32667 18913
32668 18914
32669 18914
32670 18915
32671 18916
32672 18917
32673 18917
32674 18918
32675 18919
32676 18920
32677 18921
32678 18922
32679 18922
32680 18922
32681 18922
32682 18922
32683 18923
32684 18923
32685 18924
32686 18924
32687 18925
32688 18926
32689 18927
32690 18928
32691 18929
32692 18930
32693 18931
32694 18932
32695 18932
32696 18933
32697 18933
32698 18934
32699 18935
32700 18935
32701 18936
32702 18936
32703 18937
32704 18937
32705 18938
32706 18939
32707 18940
32708 18941
32709 18941
32710 18941
32711 18941
32712 18941
32713 18942
32714 18942
32715 18943
32716 18944
32717 18944
32718 18945
32719 18946
32720 18946
32721 18946
32722 18947
32723 18947
32724 18948
32725 18949
32726 18949
32727 18950
32728 18951
32729 18952
32730 18953
32731 18954
32732 18955
32733 18956
32734 18957
32735 18957
32736 18958
32737 18958
32738 18959
32739 18960
32740 18961
32741 18962
32742 18963
32743 18963
32744 18964
32745 18965
32746 18966
32747 18967
32748 18968
32749 18969
32750 18969
32751 18970
32752 18970
32753 18970
32754 18971
32755 18971
32756 18971
32757 18971
32758 18971
32759 18971
32760 18972
32761 18972
32762 18973
32763 18974
32764 18975
32765 18975
32766 18975
32767 18976
32768 18976
32769 18977
32770 18978
32771 18979
32772 18979
32773 18980
32774 18980
32775 18981
32776 18982
32777 18982
32778 18983
32779 18983
32780 18984
32781 18984
32782 18984
32783 18985
32784 18985
32785 18986
32786 18987
32787 18987
32788 18988
32789 18988
32790 18989
32791 18989
32792 18990
32793 18991
32794 18992
32795 18993
32796 18994
32797 18995
32798 18996
32799 18996
32800 18997
32801 18998
32802 18999
32803 19000
32804 19000
32805 19000
32806 19000
32807 19001
32808 19002
32809 19002
32810 19003
32811 19004
32812 19005
32813 19006
32814 19006
32815 19006
32816 19007
32817 19007
32818 19008
32819 19008
32820 19008
32821 19008
32822 19009
32823 19009
32824 19009
32825 19009
32826 19010
32827 19010
32828 19011
32829 19011
32830 19011
32831 19011
32832 19012
32833 19013
32834 19013
32835 19014
32836 19015
32837 19016
32838 19016
32839 19017
32840 19018
32841 19019
32842 19019
32843 19019
32844 19020
32845 19021
32846 19022
32847 19022
32848 19022
32849 19023
32850 19024
32851 19024
32852 19024
32853 19025
32854 19026
32855 19027
32856 19027
32857 19027
32858 19028
32859 19029
32860 19030
32861 19030
32862 19031
32863 19032
32864 19032
32865 19032
32866 19033
32867 19034
32868 19035
32869 19036
32870 19036
32871 19036
32872 19037
32873 19038
32874 19039
32875 19040
32876 19040
32877 19041
32878 19042
32879 19043
32880 19044
32881 19045
32882 19045
32883 19046
32884 19047
32885 19048
32886 19049
32887 19049
32888 19049
32889 19050
32890 19051
32891 19051
32892 19052
32893 19053
32894 19054
32895 19055
32896 19055
32897 19055
32898 19056
32899 19056
32900 19057
32901 19058
32902 19058
32903 19058
32904 19059
32905 19059
32906 19060
32907 19060
32908 19060
32909 19061
32910 19062
32911 19063
32912 19064
32913 19065
32914 19066
32915 19067
32916 19068
32917 19068
32918 19069
32919 19069
32920 19070
32921 19070
32922 19070
32923 19071
32924 19071
32925 19071
32926 19071
32927 19072
32928 19072
32929 19073
32930 19074
32931 19074
32932 19074
32933 19074
32934 19075
32935 19075
32936 19075
32937 19076
32938 19076
32939 19077
32940 19077
32941 19077
32942 19077
32943 19078
32944 19078
32945 19079
32946 19080
32947 19081
32948 19081
32949 19082
32950 19082
32951 19083
32952 19084
32953 19084
32954 19085
32955 19086
32956 19086
32957 19087
32958 19088
32959 19088
32960 19089
32961 19089
32962 19089
32963 19090
32964 19090
32965 19090
32966 19090
32967 19090
32968 19090
32969 19091
32970 19092
32971 19093
32972 19093
32973 19093
32974 19094
32975 19094
32976 19095
32977 19095
32978 19096
32979 19096
32980 19096
32981 19097
32982 19097
32983 19097
32984 19097
32985 19097
32986 19098
32987 19098
32988 19099
32989 19100
32990 19101
32991 19102
32992 19103
32993 19103
32994 19104
32995 19104
32996 19104
32997 19104
32998 19105
32999 19105
33000 19106
33001 19106
33002 19107
33003 19107
33004 19107
33005 19108
33006 19108
33007 19109
33008 19110
33009 19111
33010 19111
33011 19112
33012 19112
33013 19112
33014 19113
33015 19114
33016 19114
33017 19115
33018 19116
33019 19117
33020 19117
33021 19117
33022 19118
33023 19119
33024 19119
33025 19120
33026 19121
33027 19122
33028 19123
33029 19123
33030 19124
33031 19125
33032 19125
33033 19126
33034 19126
33035 19127
33036 19127
33037 19127
33038 19127
33039 19127
33040 19128
33041 19129
33042 19129
33043 19130
33044 19130
33045 19130
33046 19131
33047 19131
33048 19132
33049 19133
33050 19133
33051 19134
33052 19135
33053 19135
33054 19136
33055 19137
33056 19137
33057 19137
33058 19137
33059 19138
33060 19139
33061 19140
33062 19140
33063 19141
33064 19142
33065 19142
33066 19143
33067 19144
33068 19145
33069 19145
33070 19146
33071 19147
33072 19148
33073 19148
33074 19149
33075 19150
33076 19150
33077 19151
33078 19151
33079 19152
33080 19152
33081 19153
33082 19154
33083 19155
33084 19156
33085 19157
33086 19157
33087 19157
33088 19158
33089 19158
33090 19159
33091 19159
33092 19159
33093 19159
33094 19160
33095 19161
33096 19161
33097 19162
33098 19162
33099 19163
33100 19163
33101 19164
33102 19165
33103 19166
33104 19166
33105 19166
33106 19166
33107 19167
33108 19167
33109 19167
33110 19167
33111 19168
33112 19169
33113 19169
33114 19169
33115 19169
33116 19170
33117 19170
33118 19171
33119 19172
33120 19173
33121 19174
33122 19175
33123 19175
33124 19176
33125 19177
33126 19178
33127 19179
33128 19179
33129 19179
33130 19179
33131 19180
33132 19181
33133 19182
33134 19182
33135 19182
33136 19183
33137 19184
33138 19184
33139 19185
33140 19186
33141 19186
33142 19186
33143 19187
33144 19188
33145 19189
33146 19190
33147 19191
33148 19192
33149 19193
33150 19194
33151 19195
33152 19196
33153 19196
33154 19197
33155 19197
33156 19198
33157 19199
33158 19200
33159 19200
33160 19201
33161 19201
33162 19201
33163 19202
33164 19203
33165 19204
33166 19205
33167 19205
33168 19205
33169 19206
33170 19206
33171 19207
33172 19207
33173 19208
33174 19209
33175 19210
33176 19211
33177 19211
33178 19212
33179 19213
33180 19213
33181 19214
33182 19214
33183 19215
33184 19215
33185 19216
33186 19217
33187 19218
33188 19219
33189 19219
33190 19220
33191 19220
33192 19221
33193 19222
33194 19223
33195 19223
33196 19223
33197 19223
33198 19224
33199 19225
33200 19225
33201 19226
33202 19227
33203 19228
33204 19228
33205 19229
33206 19229
33207 19230
33208 19230
33209 19230
33210 19230
33211 19230
33212 19231
33213 19231
33214 19232
33215 19232
33216 19233
33217 19234
33218 19235
33219 19235
33220 19235
33221 19236
33222 19237
33223 19238
33224 19239
33225 19239
33226 19239
33227 19239
33228 19240
33229 19240
33230 19241
33231 19242
33232 19243
33233 19243
33234 19244
33235 19245
33236 19246
33237 19247
33238 19247
33239 19248
33240 19248
33241 19249
33242 19250
33243 19250
33244 19250
33245 19250
33246 19250
33247 19250
33248 19251
33249 19251
33250 19252
33251 19253
33252 19253
33253 19254
33254 19255
33255 19256
33256 19256
33257 19257
33258 19258
33259 19258
33260 19259
33261 19259
33262 19259
33263 19259
33264 19259
33265 19260
33266 19261
33267 19262
33268 19263
33269 19263
33270 19264
33271 19264
33272 19264
33273 19265
33274 19265
33275 19265
33276 19265
33277 19266
33278 19266
33279 19266
33280 19267
33281 19267
33282 19268
33283 19269
33284 19269
33285 19270
33286 19271
33287 19271
33288 19272
33289 19272
33290 19273
33291 19274
33292 19275
33293 19275
33294 19275
33295 19276
33296 19277
33297 19277
33298 19278
33299 19278
33300 19279
33301 19280
33302 19281
33303 19282
33304 19283
33305 19283
33306 19283
33307 19284
33308 19284
33309 19285
33310 19286
33311 19286
33312 19287
33313 19287
33314 19288
33315 19288
33316 19289
33317 19289
33318 19290
33319 19290
33320 19291
33321 19291
33322 19292
33323 19293
33324 19294
33325 19294
33326 19294
33327 19295
33328 19296
33329 19296
33330 19296
33331 19297
33332 19297
33333 19297
33334 19298
33335 19298
33336 19299
33337 19300
33338 19301
33339 19301
33340 19301
33341 19302
33342 19303
33343 19303
33344 19304
33345 19304
33346 19304
33347 19305
33348 19306
33349 19307
33350 19308
33351 19309
33352 19310
33353 19311
33354 19311
33355 19312
33356 19312
33357 19313
33358 19314
33359 19315
33360 19316
33361 19317
33362 19318
33363 19318
33364 19319
33365 19319
33366 19320
33367 19321
33368 19322
33369 19322
33370 19322
33371 19323
33372 19323
33373 19324
33374 19325
33375 19326
33376 19326
33377 19326
33378 19326
33379 19327
33380 19327
33381 19328
33382 19328
33383 19329
33384 19330
33385 19331
33386 19332
33387 19332
33388 19333
33389 19333
33390 19333
33391 19334
33392 19335
33393 19336
33394 19337
33395 19337
33396 19338
33397 19338
33398 19338
33399 19338
33400 19339
33401 19339
33402 19339
33403 19340
33404 19341
33405 19342
33406 19343
33407 19343
33408 19344
33409 19344
33410 19344
33411 19344
33412 19345
33413 19346
33414 19347
33415 19347
33416 19348
33417 19348
33418 19349
33419 19349
33420 19349
33421 19349
33422 19349
33423 19350
33424 19351
33425 19351
33426 19352
33427 19352
33428 19352
33429 19353
33430 19354
33431 19354
33432 19354
33433 19354
33434 19355
33435 19355
33436 19356
33437 19356
33438 19357
33439 19358
33440 19359
33441 19360
33442 19361
33443 19361
33444 19362
33445 19362
33446 19363
33447 19364
33448 19365
33449 19366
33450 19366
33451 19367
33452 19368
33453 19368
33454 19369
33455 19369
33456 19369
33457 19369
33458 19369
33459 19370
33460 19370
33461 19371
33462 19372
33463 19372
33464 19372
33465 19373
33466 19374
33467 19375
33468 19375
33469 19375
33470 19375
33471 19376
33472 19376
33473 19377
33474 19378
33475 19379
33476 19379
33477 19379
33478 19379
33479 19380
33480 19380
33481 19380
33482 19381
33483 19381
33484 19382
33485 19383
33486 19384
33487 19384
33488 19385
33489 19385
33490 19386
33491 19386
33492 19387
33493 19388
33494 19389
33495 19389
33496 19389
33497 19390
33498 19390
33499 19391
33500 19392
33501 19393
33502 19394
33503 19394
33504 19395
33505 19396
33506 19397
33507 19397
33508 19398
33509 19399
33510 19399
33511 19400
33512 19400
33513 19401
33514 19401
33515 19402
33516 19402
33517 19402
33518 19402
33519 19403
33520 19404
33521 19404
33522 19405
33523 19406
33524 19407
33525 19408
33526 19409
33527 19410
33528 19411
33529 19412
33530 19413
33531 19414
33532 19414
33533 19414
33534 19415
33535 19415
33536 19416
33537 19417
33538 19418
33539 19419
33540 19419
33541 19420
33542 19420
33543 19420
33544 19420
33545 19421
33546 19421
33547 19422
33548 19422
33549 19423
33550 19424
33551 19425
33552 19426
33553 19427
33554 19427
33555 19427
33556 19427
33557 19427
33558 19428
33559 19428
33560 19428
33561 19428
33562 19429
33563 19429
33564 19430
33565 19431
33566 19431
33567 19431
33568 19432
33569 19432
33570 19433
33571 19434
33572 19435
33573 19435
33574 19436
33575 19436
33576 19436
33577 19436
33578 19437
33579 19438
33580 19439
33581 19440
33582 19441
33583 19442
33584 19443
33585 19444
33586 19445
33587 19445
33588 19446
33589 19446
33590 19447
33591 19447
33592 19448
33593 19448
33594 19448
33595 19449
33596 19449
33597 19450
33598 19451
33599 19452
33600 19453
33601 19453
33602 19453
33603 19453
33604 19454
33605 19454
33606 19455
33607 19456
33608 19456
33609 19457
33610 19458
33611 19459
33612 19459
33613 19459
33614 19459
33615 19460
33616 19461
33617 19461
33618 19462
33619 19463
33620 19463
33621 19464
33622 19464
33623 19465
33624 19466
33625 19467
33626 19468
33627 19469
33628 19470
33629 19470
33630 19471
33631 19471
33632 19471
33633 19472
33634 19472
33635 19473
33636 19473
33637 19474
33638 19475
33639 19476
33640 19476
33641 19477
33642 19477
33643 19478
33644 19478
33645 19478
33646 19479
33647 19480
33648 19481
33649 19482
33650 19482
33651 19482
33652 19483
33653 19483
33654 19484
33655 19484
33656 19485
33657 19486
33658 19486
33659 19486
33660 19486
33661 19487
33662 19488
33663 19489
33664 19489
33665 19490
33666 19491
33667 19492
33668 19493
33669 19494
33670 19494
33671 19495
33672 19496
33673 19497
33674 19498
33675 19498
33676 19499
33677 19500
33678 19501
33679 19502
33680 19502
33681 19503
33682 19503
33683 19503
33684 19503
33685 19503
33686 19504
33687 19504
33688 19505
33689 19506
33690 19507
33691 19508
33692 19509
33693 19509
33694 19509
33695 19510
33696 19510
33697 19511
33698 19511
33699 19512
33700 19512
33701 19513
33702 19514
33703 19515
33704 19515
33705 19516
33706 19517
33707 19518
33708 19518
33709 19519
33710 19520
33711 19521
33712 19522
33713 19523
33714 19523
33715 19524
33716 19525
33717 19525
33718 19526
33719 19526
33720 19527
33721 19528
33722 19529
33723 19529
33724 19529
33725 19529
33726 19529
33727 19530
33728 19531
33729 19532
33730 19532
33731 19532
33732 19532
33733 19533
33734 19534
33735 19535
33736 19536
33737 19537
33738 19537
33739 19537
33740 19538
33741 19538
33742 19539
33743 19540
33744 19541
33745 19541
33746 19542
33747 19542
33748 19542
33749 19542
33750 19543
33751 19544
33752 19545
33753 19546
33754 19547
33755 19548
33756 19548
33757 19549
33758 19550
33759 19551
33760 19552
33761 19553
33762 19553
33763 19553
33764 19554
33765 19555
33766 19556
33767 19556
33768 19556
33769 19557
33770 19557
33771 19557
33772 19558
33773 19558
33774 19558
33775 19558
33776 19558
33777 19558
33778 19558
33779 19559
33780 19559
33781 19559
33782 19559
33783 19559
33784 19559
33785 19559
33786 19560
33787 19560
33788 19561
33789 19561
33790 19562
33791 19562
33792 19563
33793 19563
33794 19564
33795 19564
33796 19564
33797 19564
33798 19565
33799 19565
33800 19566
33801 19567
33802 19567
33803 19568
33804 19568
33805 19569
33806 19570
33807 19571
33808 19572
33809 19573
33810 19574
33811 19575
33812 19576
33813 19576
33814 19577
33815 19578
33816 19578
33817 19579
33818 19580
33819 19581
33820 19581
33821 19581
33822 19582
33823 19582
33824 19583
33825 19584
33826 19585
33827 19585
33828 19586
33829 19586
33830 19586
33831 19587
33832 19587
33833 19587
33834 19588
33835 19588
33836 19589
33837 19589
33838 19589
33839 19589
33840 19589
33841 19590
33842 19590
33843 19590
33844 19590
33845 19591
33846 19592
33847 19593
33848 19594
33849 19595
33850 19595
33851 19595
33852 19595
33853 19596
33854 19596
33855 19596
33856 19596
33857 19597
33858 19597
33859 19598
33860 19598
33861 19599
33862 19600
33863 19601
33864 19601
33865 19602
33866 19603
33867 19604
33868 19604
33869 19605
33870 19605
33871 19606
33872 19607
33873 19607
33874 19607
33875 19608
33876 19608
33877 19609
33878 19609
33879 19610
33880 19610
33881 19610
33882 19611
33883 19612
33884 19613
33885 19614
33886 19614
33887 19615
33888 19615
33889 19616
33890 19617
33891 19618
33892 19618
33893 19618
33894 19618
33895 19618
33896 19619
33897 19620
33898 19621
33899 19621
33900 19621
33901 19622
33902 19622
33903 19623
33904 19623
33905 19623
33906 19623
33907 19624
33908 19625
33909 19626
33910 19627
33911 19627
33912 19628
33913 19629
33914 19629
33915 19630
33916 19631
33917 19631
33918 19632
33919 19632
33920 19632
33921 19633
33922 19633
33923 19633
33924 19633
33925 19633
33926 19633
33927 19634
33928 19635
33929 19636
33930 19636
33931 19636
33932 19637
33933 19638
33934 19638
33935 19638
33936 19638
33937 19639
33938 19640
33939 19640
33940 19641
33941 19642
33942 19642
33943 19643
33944 19644
33945 19644
33946 19645
33947 19646
33948 19647
33949 19647
33950 19647
33951 19648
33952 19649
33953 19650
33954 19650
33955 19650
33956 19651
33957 19651
33958 19652
33959 19652
33960 19653
33961 19653
33962 19654
33963 19654
33964 19654
33965 19655
33966 19655
33967 19656
33968 19657
33969 19657
33970 19657
33971 19657
33972 19658
33973 19659
33974 19660
33975 19661
33976 19662
33977 19663
33978 19664
33979 19665
33980 19665
33981 19665
33982 19665
33983 19666
33984 19666
33985 19666
33986 19667
33987 19667
33988 19668
33989 19669
33990 19669
33991 19669
33992 19670
33993 19670
33994 19671
33995 19672
33996 19672
33997 19673
33998 19674
33999 19675
34000 19676
34001 19677
34002 19678
34003 19678
34004 19679
34005 19680
34006 19680
34007 19681
34008 19682
34009 19683
34010 19683
34011 19683
34012 19684
34013 19684
34014 19685
34015 19686
34016 19686
34017 19687
34018 19687
34019 19688
34020 19689
34021 19690
34022 19691
34023 19691
34024 19692
34025 19692
34026 19693
34027 19694
34028 19695
34029 19695
34030 19696
34031 19697
34032 19697
34033 19697
34034 19697
34035 19697
34036 19697
34037 19697
34038 19697
34039 19697
34040 19698
34041 19699
34042 19700
34043 19700
34044 19701
34045 19701
34046 19702
34047 19703
34048 19703
34049 19704
34050 19704
34051 19704
34052 19705
34053 19705
34054 19706
34055 19707
34056 19707
34057 19708
34058 19708
34059 19709
34060 19709
34061 19710
34062 19710
34063 19711
34064 19712
34065 19713
34066 19713
34067 19713
34068 19713
34069 19713
34070 19714
34071 19714
34072 19715
34073 19715
34074 19715
34075 19716
34076 19717
34077 19718
34078 19719
34079 19720
34080 19721
34081 19722
34082 19722
34083 19722
34084 19723
34085 19723
34086 19724
34087 19725
34088 19726
34089 19726
34090 19727
34091 19727
34092 19728
34093 19729
34094 19730
34095 19731
34096 19732
34097 19732
34098 19733
34099 19734
34100 19734
34101 19734
34102 19735
34103 19735
34104 19735
34105 19735
34106 19736
34107 19737
34108 19737
34109 19738
34110 19739
34111 19739
34112 19739
34113 19739
34114 19740
34115 19741
34116 19742
34117 19742
34118 19743
34119 19744
34120 19745
34121 19745
34122 19745
34123 19746
34124 19746
34125 19746
34126 19747
34127 19748
34128 19749
34129 19749
34130 19750
34131 19750
34132 19750
34133 19750
34134 19751
34135 19751
34136 19752
34137 19752
34138 19753
34139 19754
34140 19754
34141 19755
34142 19756
34143 19756
34144 19756
34145 19756
34146 19757
34147 19758
34148 19758
34149 19759
34150 19760
34151 19760
34152 19760
34153 19761
34154 19762
34155 19762
34156 19762
34157 19763
34158 19764
34159 19765
34160 19766
34161 19767
34162 19767
34163 19768
34164 19769
34165 19770
34166 19770
34167 19771
34168 19772
34169 19772
34170 19772
34171 19772
34172 19773
34173 19773
34174 19774
34175 19774
34176 19775
34177 19776
34178 19776
34179 19777
34180 19778
34181 19778
34182 19779
34183 19780
34184 19781
34185 19781
34186 19781
34187 19782
34188 19783
34189 19784
34190 19784
34191 19785
34192 19786
34193 19786
34194 19787
34195 19788
34196 19789
34197 19789
34198 19790
34199 19791
34200 19792
34201 19792
34202 19793
34203 19794
34204 19795
34205 19796
34206 19796
34207 19797
34208 19797
34209 19797
34210 19797
34211 19798
34212 19799
34213 19800
34214 19801
34215 19802
34216 19803
34217 19803
34218 19804
34219 19804
34220 19804
34221 19805
34222 19806
34223 19807
34224 19808
34225 19808
34226 19809
34227 19810
34228 19811
34229 19812
34230 19812
34231 19813
34232 19813
34233 19814
34234 19815
34235 19815
34236 19815
34237 19816
34238 19817
34239 19817
34240 19818
34241 19819
34242 19820
34243 19820
34244 19820
34245 19821
34246 19821
34247 19821
34248 19822
34249 19823
34250 19823
34251 19824
34252 19824
34253 19825
34254 19826
34255 19826
34256 19827
34257 19828
34258 19829
34259 19829
34260 19830
34261 19831
34262 19832
34263 19833
34264 19834
34265 19834
34266 19834
34267 19834
34268 19835
34269 19835
34270 19835
34271 19836
34272 19837
34273 19837
34274 19838
34275 19839
34276 19839
34277 19840
34278 19840
34279 19841
34280 19842
34281 19843
34282 19843
34283 19844
34284 19845
34285 19845
34286 19846
34287 19847
34288 19848
34289 19849
34290 19850
34291 19850
34292 19851
34293 19852
34294 19853
34295 19854
34296 19854
34297 19854
34298 19855
34299 19856
34300 19857
34301 19857
34302 19858
34303 19859
34304 19860
34305 19860
34306 19861
34307 19862
34308 19863
34309 19864
34310 19864
34311 19864
34312 19865
34313 19866
34314 19867
34315 19868
34316 19869
34317 19869
34318 19869
34319 19870
34320 19871
34321 19871
34322 19872
34323 19872
34324 19873
34325 19873
34326 19873
34327 19874
34328 19874
34329 19874
34330 19874
34331 19875
34332 19875
34333 19875
34334 19876
34335 19877
34336 19878
34337 19879
34338 19880
34339 19880
34340 19881
34341 19881
34342 19881
34343 19882
34344 19882
34345 19882
34346 19883
34347 19883
34348 19883
34349 19883
34350 19884
34351 19884
34352 19884
34353 19884
34354 19884
34355 19885
34356 19886
34357 19886
34358 19887
34359 19888
34360 19889
34361 19889
34362 19890
34363 19890
34364 19891
34365 19892
34366 19893
34367 19893
34368 19893
34369 19894
34370 19894
34371 19894
34372 19895
34373 19895
34374 19895
34375 19895
34376 19895
34377 19896
34378 19896
34379 19896
34380 19896
34381 19897
34382 19897
34383 19897
34384 19897
34385 19897
34386 19898
34387 19898
34388 19898
34389 19898
34390 19899
34391 19900
34392 19901
34393 19901
34394 19901
34395 19901
34396 19902
34397 19902
34398 19903
34399 19904
34400 19905
34401 19906
34402 19906
34403 19907
34404 19908
34405 19908
34406 19909
34407 19909
34408 19910
34409 19910
34410 19911
34411 19912
34412 19912
34413 19913
34414 19913
34415 19914
34416 19915
34417 19915
34418 19915
34419 19916
34420 19916
34421 19917
34422 19917
34423 19918
34424 19918
34425 19919
34426 19919
34427 19920
34428 19920
34429 19921
34430 19922
34431 19923
34432 19923
34433 19924
34434 19925
34435 19926
34436 19927
34437 19928
34438 19928
34439 19929
34440 19930
34441 19930
34442 19931
34443 19932
34444 19933
34445 19934
34446 19935
34447 19935
34448 19935
34449 19936
34450 19937
34451 19938
34452 19938
34453 19939
34454 19939
34455 19940
34456 19940
34457 19941
34458 19942
34459 19943
34460 19943
34461 19943
34462 19944
34463 19944
34464 19944
34465 19944
34466 19945
34467 19946
34468 19947
34469 19948
34470 19949
34471 19950
34472 19950
34473 19951
34474 19951
34475 19951
34476 19951
34477 19951
34478 19952
34479 19952
34480 19953
34481 19954
34482 19955
34483 19956
34484 19957
34485 19958
34486 19959
34487 19959
34488 19960
34489 19960
34490 19960
34491 19960
34492 19961
34493 19961
34494 19962
34495 19962
34496 19963
34497 19964
34498 19965
34499 19965
34500 19965
34501 19965
34502 19966
34503 19967
34504 19967
34505 19968
34506 19968
34507 19969
34508 19970
34509 19971
34510 19972
34511 19973
34512 19973
34513 19973
34514 19974
34515 19974
34516 19975
34517 19975
34518 19976
34519 19976
34520 19976
34521 19976
34522 19976
34523 19977
34524 19978
34525 19979
34526 19979
34527 19980
34528 19981
34529 19981
34530 19981
34531 19982
34532 19983
34533 19984
34534 19985
34535 19986
34536 19987
34537 19987
34538 19988
34539 19988
34540 19989
34541 19990
34542 19990
34543 19991
34544 19992
34545 19993
34546 19994
34547 19994
34548 19995
34549 19996
34550 19997
34551 19997
34552 19998
34553 19999
34554 19999
34555 20000
34556 20000
34557 20000
34558 20001
34559 20002
34560 20003
34561 20003
34562 20004
34563 20004
34564 20004
34565 20004
34566 20005
34567 20005
34568 20006
34569 20007
34570 20007
34571 20008
34572 20009
34573 20010
34574 20011
34575 20012
34576 20013
34577 20014
34578 20014
34579 20014
34580 20015
34581 20016
34582 20017
34583 20018
34584 20018
34585 20019
34586 20019
34587 20020
34588 20020
34589 20020
34590 20020
34591 20020
34592 20020
34593 20020
34594 20020
34595 20021
34596 20021
34597 20022
34598 20022
34599 20023
34600 20023
34601 20024
34602 20025
34603 20026
34604 20026
34605 20026
34606 20026
34607 20027
34608 20027
34609 20028
34610 20029
34611 20029
34612 20030
34613 20031
34614 20032
34615 20032
34616 20033
34617 20033
34618 20034
34619 20034
34620 20035
34621 20036
34622 20037
34623 20038
34624 20039
34625 20040
34626 20041
34627 20041
34628 20042
34629 20043
34630 20043
34631 20044
34632 20045
34633 20046
34634 20047
34635 20048
34636 20049
34637 20049
34638 20050
34639 20050
34640 20051
34641 20051
34642 20051
34643 20052
34644 20052
34645 20053
34646 20054
34647 20054
34648 20054
34649 20054
34650 20054
34651 20055
34652 20056
34653 20057
34654 20058
34655 20059
34656 20059
34657 20060
34658 20061
34659 20062
34660 20062
34661 20063
34662 20064
34663 20065
34664 20065
34665 20065
34666 20065
34667 20066
34668 20066
34669 20067
34670 20068
34671 20069
34672 20070
34673 20071
34674 20071
34675 20072
34676 20072
34677 20073
34678 20073
34679 20074
34680 20074
34681 20075
34682 20075
34683 20076
34684 20076
34685 20077
34686 20077
34687 20078
34688 20079
34689 20079
34690 20080
34691 20081
34692 20082
34693 20082
34694 20083
34695 20083
34696 20083
34697 20084
34698 20084
34699 20085
34700 20085
34701 20085
34702 20086
34703 20087
34704 20088
34705 20088
34706 20089
34707 20090
34708 20090
34709 20091
34710 20092
34711 20093
34712 20093
34713 20093
34714 20094
34715 20095
34716 20096
34717 20097
34718 20097
34719 20098
34720 20098
34721 20099
34722 20100
34723 20100
34724 20100
34725 20101
34726 20101
34727 20101
34728 20101
34729 20102
34730 20102
34731 20103
34732 20104
34733 20104
34734 20105
34735 20106
34736 20107
34737 20108
34738 20108
34739 20108
34740 20108
34741 20109
34742 20109
34743 20109
34744 20109
34745 20109
34746 20110
34747 20110
34748 20111
34749 20112
34750 20113
34751 20113
34752 20113
34753 20113
34754 20113
34755 20114
34756 20114
34757 20115
34758 20116
34759 20116
34760 20117
34761 20117
34762 20117
34763 20118
34764 20118
34765 20119
34766 20119
34767 20119
34768 20120
34769 20121
34770 20121
34771 20121
34772 20122
34773 20122
34774 20123
34775 20123
34776 20123
34777 20124
34778 20124
34779 20125
34780 20126
34781 20127
34782 20127
34783 20128
34784 20129
34785 20130
34786 20131
34787 20131
34788 20132
34789 20132
34790 20132
34791 20133
34792 20134
34793 20135
34794 20136
34795 20136
34796 20136
34797 20136
34798 20136
34799 20137
34800 20138
34801 20139
34802 20139
34803 20139
34804 20140
34805 20141
34806 20142
34807 20143
34808 20144
34809 20145
34810 20146
34811 20146
34812 20146
34813 20147
34814 20147
34815 20148
34816 20149
34817 20149
34818 20150
34819 20151
34820 20151
34821 20152
34822 20153
34823 20153
34824 20153
34825 20153
34826 20154
34827 20155
34828 20155
34829 20156
34830 20157
34831 20157
34832 20158
34833 20159
34834 20159
34835 20160
34836 20161
34837 20161
34838 20161
34839 20162
34840 20163
34841 20163
34842 20164
34843 20165
34844 20166
34845 20166
34846 20166
34847 20167
34848 20168
34849 20169
34850 20170
34851 20170
34852 20171
34853 20172
34854 20172
34855 20172
34856 20173
34857 20173
34858 20173
34859 20173
34860 20174
34861 20174
34862 20175
34863 20176
34864 20177
34865 20177
34866 20177
34867 20177
34868 20178
34869 20179
34870 20180
34871 20181
34872 20182
34873 20182
34874 20183
34875 20184
34876 20184
34877 20184
34878 20185
34879 20186
34880 20186
34881 20187
34882 20188
34883 20189
34884 20189
34885 20190
34886 20190
34887 20190
34888 20190
34889 20191
34890 20192
34891 20193
34892 20194
34893 20195
34894 20196
34895 20196
34896 20197
34897 20197
34898 20197
34899 20197
34900 20197
34901 20198
34902 20199
34903 20199
34904 20200
34905 20201
34906 20201
34907 20201
34908 20201
34909 20201
34910 20202
34911 20202
34912 20202
34913 20203
34914 20203
34915 20204
34916 20204
34917 20204
34918 20204
34919 20205
34920 20206
34921 20206
34922 20207
34923 20208
34924 20209
34925 20210
34926 20211
34927 20211
34928 20211
34929 20212
34930 20212
34931 20212
34932 20212
34933 20213
34934 20214
34935 20214
34936 20215
34937 20215
34938 20216
34939 20216
34940 20217
34941 20217
34942 20218
34943 20219
34944 20219
34945 20220
34946 20220
34947 20220
34948 20221
34949 20222
34950 20223
34951 20224
34952 20224
34953 20225
34954 20225
34955 20225
34956 20226
34957 20227
34958 20228
34959 20229
34960 20229
34961 20230
34962 20231
34963 20231
34964 20232
34965 20232
34966 20233
34967 20234
34968 20234
34969 20235
34970 20235
34971 20235
34972 20236
34973 20237
34974 20237
34975 20238
34976 20238
34977 20239
34978 20240
34979 20241
34980 20241
34981 20242
34982 20242
34983 20243
34984 20244
34985 20245
34986 20246
34987 20246
34988 20246
34989 20247
34990 20248
34991 20248
34992 20249
34993 20250
34994 20251
34995 20252
34996 20252
34997 20253
34998 20253
34999 20254
35000 20255
35001 20256
35002 20257
35003 20257
35004 20258
35005 20258
35006 20258
35007 20259
35008 20260
35009 20260
35010 20261
35011 20262
35012 20262
35013 20263
35014 20264
35015 20265
35016 20265
35017 20265
35018 20266
35019 20266
35020 20266
35021 20267
35022 20268
35023 20269
35024 20270
35025 20271
35026 20271
35027 20271
35028 20272
35029 20273
35030 20274
35031 20275
35032 20275
35033 20276
35034 20276
35035 20276
35036 20277
35037 20278
35038 20279
35039 20279
35040 20280
35041 20281
35042 20281
35043 20282
35044 20283
35045 20283
35046 20284
35047 20285
35048 20285
35049 20285
35050 20285
35051 20286
35052 20286
35053 20286
35054 20287
35055 20287
35056 20288
35057 20288
35058 20288
35059 20288
35060 20289
35061 20289
35062 20289
35063 20289
35064 20290
35065 20291
35066 20291
35067 20292
35068 20292
35069 20293
35070 20294
35071 20295
35072 20296
35073 20296
35074 20297
35075 20298
35076 20299
35077 20300
35078 20301
35079 20302
35080 20303
35081 20303
35082 20303
35083 20303
35084 20304
35085 20304
35086 20305
35087 20305
35088 20306
35089 20306
35090 20307
35091 20307
35092 20308
35093 20309
35094 20309
35095 20309
35096 20310
35097 20310
35098 20311
35099 20312
35100 20313
35101 20314
35102 20315
35103 20315
35104 20316
35105 20316
35106 20317
35107 20318
35108 20319
35109 20320
35110 20320
35111 20321
35112 20322
35113 20323
35114 20323
35115 20324
35116 20324
35117 20325
35118 20326
35119 20326
35120 20327
35121 20328
35122 20329
35123 20329
35124 20330
35125 20331
35126 20332
35127 20332
35128 20333
35129 20334
35130 20335
35131 20336
35132 20336
35133 20337
35134 20338
35135 20338
35136 20338
35137 20338
35138 20339
35139 20340
35140 20341
35141 20342
35142 20342
35143 20343
35144 20343
35145 20344
35146 20345
35147 20346
35148 20347
35149 20348
35150 20349
35151 20349
35152 20350
35153 20350
35154 20350
35155 20350
35156 20351
35157 20351
35158 20352
35159 20352
35160 20352
35161 20352
35162 20352
35163 20353
35164 20353
35165 20353
35166 20354
35167 20355
35168 20355
35169 20355
35170 20355
35171 20355
35172 20356
35173 20357
35174 20358
35175 20359
35176 20360
35177 20361
35178 20362
35179 20363
35180 20363
35181 20363
35182 20364
35183 20365
35184 20366
35185 20367
35186 20367
35187 20368
35188 20368
35189 20369
35190 20369
35191 20370
35192 20370
35193 20371
35194 20372
35195 20372
35196 20373
35197 20374
35198 20375
35199 20375
35200 20375
35201 20376
35202 20377
35203 20377
35204 20377
35205 20378
35206 20379
35207 20379
35208 20380
35209 20380
35210 20381
35211 20381
35212 20382
35213 20382
35214 20383
35215 20384
35216 20385
35217 20385
35218 20386
35219 20386
35220 20387
35221 20387
35222 20387
35223 20388
35224 20389
35225 20390
35226 20391
35227 20392
35228 20393
35229 20394
35230 20395
35231 20396
35232 20397
35233 20397
35234 20397
35235 20397
35236 20398
35237 20398
35238 20399
35239 20399
35240 20400
35241 20400
35242 20400
35243 20400
35244 20400
35245 20400
35246 20400
35247 20401
35248 20401
35249 20401
35250 20401
35251 20402
35252 20403
35253 20404
35254 20405
35255 20406
35256 20407
35257 20408
35258 20409
35259 20409
35260 20410
35261 20411
35262 20412
35263 20412
35264 20412
35265 20413
35266 20413
35267 20413
35268 20413
35269 20413
35270 20413
35271 20414
35272 20415
35273 20416
35274 20417
35275 20418
35276 20418
35277 20419
35278 20419
35279 20420
35280 20420
35281 20420
35282 20421
35283 20421
35284 20422
35285 20422
35286 20423
35287 20423
35288 20423
35289 20423
35290 20423
35291 20423
35292 20424
35293 20425
35294 20425
35295 20426
35296 20427
35297 20428
35298 20429
35299 20430
35300 20430
35301 20431
35302 20431
35303 20431
35304 20432
35305 20432
35306 20432
35307 20433
35308 20434
35309 20435
35310 20436
35311 20436
35312 20437
35313 20438
35314 20438
35315 20439
35316 20439
35317 20440
35318 20440
35319 20441
35320 20441
35321 20442
35322 20443
35323 20444
35324 20445
35325 20445
35326 20446
35327 20447
35328 20448
35329 20449
35330 20450
35331 20450
35332 20450
35333 20451
35334 20452
35335 20453
35336 20454
35337 20454
35338 20455
35339 20455
35340 20456
35341 20456
35342 20457
35343 20458
35344 20459
35345 20460
35346 20461
35347 20461
35348 20462
35349 20462
35350 20463
35351 20463
35352 20464
35353 20465
35354 20466
35355 20466
35356 20466
35357 20467
35358 20467
35359 20467
35360 20467
35361 20468
35362 20469
35363 20469
35364 20470
35365 20471
35366 20471
35367 20471
35368 20472
35369 20472
35370 20473
35371 20473
35372 20474
35373 20474
35374 20474
35375 20475
35376 20476
35377 20477
35378 20478
35379 20479
35380 20479
35381 20480
35382 20480
35383 20480
35384 20481
35385 20482
35386 20482
35387 20482
35388 20483
35389 20483
35390 20484
35391 20484
35392 20484
35393 20484
35394 20485
35395 20486
35396 20486
35397 20487
35398 20488
35399 20489
35400 20489
35401 20490
35402 20490
35403 20490
35404 20490
35405 20491
35406 20492
35407 20493
35408 20494
35409 20495
35410 20496
35411 20496
35412 20497
35413 20497
35414 20497
35415 20498
35416 20498
35417 20498
35418 20498
35419 20499
35420 20499
35421 20500
35422 20501
35423 20502
35424 20503
35425 20504
35426 20505
35427 20505
35428 20506
35429 20507
35430 20507
35431 20508
35432 20509
35433 20510
35434 20510
35435 20511
35436 20512
35437 20513
35438 20514
35439 20515
35440 20516
35441 20517
35442 20517
35443 20517
35444 20518
35445 20519
35446 20520
35447 20520
35448 20521
35449 20522
35450 20523
35451 20523
35452 20524
35453 20525
35454 20525
35455 20526
35456 20526
35457 20527
35458 20527
35459 20527
35460 20528
35461 20528
35462 20529
35463 20530
35464 20530
35465 20530
35466 20531
35467 20532
35468 20532
35469 20532
35470 20533
35471 20534
35472 20534
35473 20535
35474 20536
35475 20537
35476 20538
35477 20539
35478 20539
35479 20539
35480 20540
35481 20540
35482 20540
35483 20541
35484 20542
35485 20542
35486 20543
35487 20543
35488 20544
35489 20545
35490 20545
35491 20546
35492 20546
35493 20546
35494 20546
35495 20546
35496 20546
35497 20547
35498 20548
35499 20548
35500 20549
35501 20550
35502 20551
35503 20551
35504 20552
35505 20552
35506 20552
35507 20553
35508 20553
35509 20554
35510 20554
35511 20554
35512 20555
35513 20555
35514 20556
35515 20556
35516 20557
35517 20558
35518 20559
35519 20559
35520 20560
35521 20561
35522 20562
35523 20563
35524 20563
35525 20564
35526 20565
35527 20566
35528 20567
35529 20567
35530 20567
35531 20567
35532 20567
35533 20568
35534 20569
35535 20570
35536 20571
35537 20572
35538 20572
35539 20572
35540 20572
35541 20573
35542 20574
35543 20574
35544 20575
35545 20575
35546 20576
35547 20577
35548 20578
35549 20579
35550 20580
35551 20580
35552 20580
35553 20580
35554 20581
35555 20581
35556 20582
35557 20583
35558 20583
35559 20583
35560 20584
35561 20585
35562 20585
35563 20585
35564 20586
35565 20587
35566 20588
35567 20589
35568 20590
35569 20591
35570 20592
35571 20592
35572 20592
35573 20593
35574 20593
35575 20594
35576 20595
35577 20595
35578 20596
35579 20596
35580 20597
35581 20598
35582 20599
35583 20599
35584 20600
35585 20600
35586 20600
35587 20601
35588 20602
35589 20602
35590 20602
35591 20603
35592 20603
35593 20604
35594 20604
35595 20605
35596 20606
35597 20606
35598 20606
35599 20607
35600 20607
35601 20608
35602 20608
35603 20609
35604 20610
35605 20611
35606 20612
35607 20612
35608 20612
35609 20613
35610 20613
35611 20613
35612 20613
35613 20614
35614 20615
35615 20616
35616 20616
35617 20617
35618 20617
35619 20618
35620 20618
35621 20619
35622 20619
35623 20619
35624 20620
35625 20621
35626 20622
35627 20622
35628 20623
35629 20624
35630 20624
35631 20625
35632 20625
35633 20626
35634 20626
35635 20626
35636 20626
35637 20627
35638 20628
35639 20629
35640 20630
35641 20630
35642 20631
35643 20632
35644 20633
35645 20633
35646 20633
35647 20634
35648 20635
35649 20636
35650 20637
35651 20638
35652 20639
35653 20639
35654 20639
35655 20640
35656 20640
35657 20641
35658 20642
35659 20642
35660 20642
35661 20643
35662 20644
35663 20644
35664 20645
35665 20646
35666 20647
35667 20648
35668 20649
35669 20650
35670 20650
35671 20650
35672 20651
35673 20652
35674 20653
35675 20654
35676 20655
35677 20656
35678 20657
35679 20657
35680 20658
35681 20659
35682 20660
35683 20661
35684 20661
35685 20661
35686 20661
35687 20662
35688 20663
35689 20664
35690 20665
35691 20665
35692 20665
35693 20666
35694 20666
35695 20666
35696 20666
35697 20667
35698 20668
35699 20669
35700 20669
35701 20669
35702 20669
35703 20670
35704 20671
35705 20671
35706 20672
35707 20673
35708 20674
35709 20674
35710 20674
35711 20675
35712 20675
35713 20676
35714 20677
35715 20678
35716 20679
35717 20679
35718 20679
35719 20679
35720 20679
35721 20679
35722 20680
35723 20681
35724 20681
35725 20682
35726 20682
35727 20683
35728 20683
35729 20683
35730 20683
35731 20684
35732 20685
35733 20686
35734 20686
35735 20687
35736 20687
35737 20688
35738 20688
35739 20689
35740 20690
35741 20691
35742 20692
35743 20693
35744 20694
35745 20694
35746 20694
35747 20694
35748 20695
35749 20696
35750 20697
35751 20697
35752 20697
35753 20698
35754 20698
35755 20699
35756 20700
35757 20700
35758 20700
35759 20701
35760 20702
35761 20703
35762 20704
35763 20705
35764 20706
35765 20706
35766 20707
35767 20708
35768 20708
35769 20709
35770 20710
35771 20711
35772 20711
35773 20712
35774 20712
35775 20713
35776 20714
35777 20715
35778 20716
35779 20717
35780 20717
35781 20717
35782 20718
35783 20719
35784 20719
35785 20719
35786 20720
35787 20721
35788 20721
35789 20721
35790 20722
35791 20722
35792 20722
35793 20723
35794 20724
35795 20724
35796 20725
35797 20726
35798 20727
35799 20728
35800 20729
35801 20730
35802 20730
35803 20730
35804 20730
35805 20730
35806 20731
35807 20732
35808 20733
35809 20734
35810 20734
35811 20735
35812 20735
35813 20736
35814 20737
35815 20737
35816 20738
35817 20738
35818 20738
35819 20739
35820 20740
35821 20740
35822 20740
35823 20741
35824 20741
35825 20741
35826 20742
35827 20742
35828 20742
35829 20742
35830 20742
35831 20742
35832 20743
35833 20743
35834 20743
35835 20744
35836 20744
35837 20745
35838 20746
35839 20747
35840 20747
35841 20748
35842 20748
35843 20748
35844 20749
35845 20749
35846 20749
35847 20749
35848 20749
35849 20749
35850 20750
35851 20751
35852 20752
35853 20753
35854 20753
35855 20754
35856 20754
35857 20754
35858 20754
35859 20755
35860 20755
35861 20755
35862 20756
35863 20757
35864 20758
35865 20758
35866 20759
35867 20760
35868 20760
35869 20760
35870 20761
35871 20762
35872 20763
35873 20763
35874 20763
35875 20764
35876 20765
35877 20766
35878 20766
35879 20767
35880 20768
35881 20769
35882 20770
35883 20771
35884 20771
35885 20772
35886 20773
35887 20774
35888 20775
35889 20775
35890 20775
35891 20775
35892 20776
35893 20776
35894 20776
35895 20777
35896 20778
35897 20779
35898 20780
35899 20781
35900 20782
35901 20783
35902 20783
35903 20784
35904 20784
35905 20785
35906 20786
35907 20787
35908 20787
35909 20787
35910 20788
35911 20789
35912 20789
35913 20789
35914 20790
35915 20790
35916 20790
35917 20790
35918 20791
35919 20791
35920 20792
35921 20793
35922 20794
35923 20794
35924 20794
35925 20794
35926 20795
35927 20795
35928 20795
35929 20796
35930 20796
35931 20797
35932 20798
35933 20799
35934 20800
35935 20801
35936 20802
35937 20802
35938 20802
35939 20802
35940 20802
35941 20803
35942 20803
35943 20804
35944 20805
35945 20805
35946 20805
35947 20806
35948 20807
35949 20808
35950 20809
35951 20810
35952 20811
35953 20812
35954 20813
35955 20814
35956 20814
35957 20815
35958 20816
35959 20816
35960 20817
35961 20817
35962 20817
35963 20818
35964 20818
35965 20818
35966 20818
35967 20819
35968 20820
35969 20820
35970 20821
35971 20821
35972 20822
35973 20823
35974 20824
35975 20824
35976 20825
35977 20826
35978 20827
35979 20827
35980 20828
35981 20829
35982 20830
35983 20831
35984 20832
35985 20832
35986 20832
35987 20833
35988 20834
35989 20835
35990 20835
35991 20836
35992 20837
35993 20837
35994 20838
35995 20839
35996 20840
35997 20841
35998 20842
35999 20843
36000 20844
36001 20844
36002 20845
36003 20845
36004 20845
36005 20846
36006 20847
36007 20848
36008 20849
36009 20849
36010 20850
36011 20850
36012 20851
36013 20851
36014 20852
36015 20852
36016 20853
36017 20854
36018 20854
36019 20854
36020 20855
36021 20855
36022 20856
36023 20857
36024 20858
36025 20858
36026 20859
36027 20859
36028 20859
36029 20860
36030 20860
36031 20860
36032 20861
36033 20862
36034 20863
36035 20864
36036 20864
36037 20865
36038 20866
36039 20867
36040 20867
36041 20867
36042 20868
36043 20869
36044 20869
36045 20870
36046 20871
36047 20872
36048 20872
36049 20873
36050 20874
36051 20875
36052 20875
36053 20876
36054 20877
36055 20878
36056 20879
36057 20880
36058 20881
36059 20882
36060 20882
36061 20882
36062 20883
36063 20884
36064 20884
36065 20885
36066 20885
36067 20885
36068 20886
36069 20887
36070 20887
36071 20888
36072 20888
36073 20889
36074 20890
36075 20891
36076 20891
36077 20892
36078 20892
36079 20893
36080 20893
36081 20894
36082 20895
36083 20896
36084 20896
36085 20896
36086 20897
36087 20898
36088 20899
36089 20899
36090 20900
36091 20901
36092 20901
36093 20902
36094 20902
36095 20903
36096 20904
36097 20905
36098 20906
36099 20906
36100 20907
36101 20908
36102 20908
36103 20908
36104 20908
36105 20909
36106 20909
36107 20910
36108 20911
36109 20911
36110 20912
36111 20913
36112 20914
36113 20915
36114 20916
36115 20917
36116 20918
36117 20918
36118 20919
36119 20919
36120 20919
36121 20920
36122 20921
36123 20922
36124 20923
36125 20923
36126 20923
36127 20923
36128 20924
36129 20924
36130 20924
36131 20925
36132 20925
36133 20926
36134 20927
36135 20927
36136 20927
36137 20928
36138 20928
36139 20929
36140 20930
36141 20930
36142 20931
36143 20931
36144 20931
36145 20932
36146 20932
36147 20933
36148 20934
36149 20935
36150 20936
36151 20937
36152 20937
36153 20938
36154 20938
36155 20939
36156 20940
36157 20941
36158 20942
36159 20943
36160 20944
36161 20945
36162 20945
36163 20946
36164 20946
36165 20947
36166 20948
36167 20948
36168 20948
36169 20949
36170 20950
36171 20950
36172 20951
36173 20951
36174 20952
36175 20953
36176 20953
36177 20954
36178 20955
36179 20956
36180 20957
36181 20957
36182 20958
36183 20959
36184 20960
36185 20960
36186 20961
36187 20961
36188 20962
36189 20962
36190 20963
36191 20963
36192 20963
36193 20964
36194 20964
36195 20965
36196 20966
36197 20967
36198 20967
36199 20968
36200 20968
36201 20969
36202 20970
36203 20971
36204 20971
36205 20972
36206 20973
36207 20974
36208 20975
36209 20975
36210 20976
36211 20977
36212 20977
36213 20978
36214 20978
36215 20979
36216 20980
36217 20981
36218 20981
36219 20981
36220 20981
36221 20982
36222 20983
36223 20984
36224 20984
36225 20985
36226 20985
36227 20985
36228 20986
36229 20987
36230 20988
36231 20988
36232 20988
36233 20988
36234 20989
36235 20990
36236 20991
36237 20991
36238 20992
36239 20992
36240 20992
36241 20993
36242 20993
36243 20993
36244 20994
36245 20995
36246 20995
36247 20995
36248 20996
36249 20997
36250 20998
36251 20998
36252 20999
36253 20999
36254 21000
36255 21001
36256 21002
36257 21003
36258 21004
36259 21005
36260 21006
36261 21007
36262 21008
36263 21009
36264 21010
36265 21011
36266 21011
36267 21012
36268 21012
36269 21012
36270 21013
36271 21013
36272 21014
36273 21014
36274 21015
36275 21016
36276 21017
36277 21018
36278 21018
36279 21018
36280 21019
36281 21020
36282 21020
36283 21021
36284 21021
36285 21022
36286 21022
36287 21022
36288 21023
36289 21023
36290 21023
36291 21024
36292 21025
36293 21026
36294 21027
36295 21027
36296 21028
36297 21028
36298 21028
36299 21029
36300 21029
36301 21029
36302 21030
36303 21030
36304 21031
36305 21031
36306 21032
36307 21032
36308 21033
36309 21033
36310 21033
36311 21033
36312 21034
36313 21034
36314 21035
36315 21035
36316 21036
36317 21036
36318 21037
36319 21037
36320 21037
36321 21038
36322 21039
36323 21040
36324 21041
36325 21041
36326 21042
36327 21042
36328 21042
36329 21042
36330 21043
36331 21043
36332 21044
36333 21044
36334 21045
36335 21045
36336 21045
36337 21045
36338 21045
36339 21046
36340 21047
36341 21048
36342 21048
36343 21049
36344 21050
36345 21050
36346 21051
36347 21052
36348 21053
36349 21054
36350 21055
36351 21056
36352 21056
36353 21057
36354 21058
36355 21058
36356 21058
36357 21058
36358 21058
36359 21058
36360 21059
36361 21059
36362 21059
36363 21059
36364 21059
36365 21059
36366 21059
36367 21060
36368 21061
36369 21062
36370 21062
36371 21063
36372 21064
36373 21064
36374 21065
36375 21066
36376 21067
36377 21068
36378 21068
36379 21068
36380 21069
36381 21070
36382 21071
36383 21072
36384 21072
36385 21072
36386 21072
36387 21073
36388 21074
36389 21075
36390 21076
36391 21076
36392 21076
36393 21077
36394 21077
36395 21077
36396 21077
36397 21078
36398 21079
36399 21079
36400 21080
36401 21081
36402 21082
36403 21082
36404 21083
36405 21084
36406 21084
36407 21085
36408 21085
36409 21086
36410 21087
36411 21088
36412 21089
36413 21090
36414 21091
36415 21091
36416 21092
36417 21092
36418 21093
36419 21094
36420 21094
36421 21094
36422 21094
36423 21095
36424 21096
36425 21097
36426 21097
36427 21097
36428 21098
36429 21099
36430 21100
36431 21101
36432 21102
36433 21102
36434 21102
36435 21102
36436 21102
36437 21103
36438 21104
36439 21104
36440 21105
36441 21106
36442 21106
36443 21107
36444 21108
36445 21109
36446 21110
36447 21110
36448 21111
36449 21112
36450 21113
36451 21113
36452 21114
36453 21115
36454 21115
36455 21116
36456 21117
36457 21118
36458 21119
36459 21120
36460 21121
36461 21121
36462 21122
36463 21123
36464 21123
36465 21124
36466 21124
36467 21125
36468 21126
36469 21126
36470 21127
36471 21127
36472 21128
36473 21128
36474 21129
36475 21130
36476 21131
36477 21131
36478 21131
36479 21131
36480 21132
36481 21132
36482 21133
36483 21134
36484 21135
36485 21136
36486 21137
36487 21137
36488 21137
36489 21138
36490 21138
36491 21138
36492 21139
36493 21139
36494 21139
36495 21140
36496 21140
36497 21140
36498 21140
36499 21141
36500 21142
36501 21142
36502 21143
36503 21144
36504 21144
36505 21145
36506 21145
36507 21145
36508 21145
36509 21146
36510 21147
36511 21148
36512 21149
36513 21149
36514 21150
36515 21151
36516 21151
36517 21151
36518 21152
36519 21153
36520 21154
36521 21155
36522 21155
36523 21156
36524 21156
36525 21156
36526 21156
36527 21157
36528 21158
36529 21158
36530 21158
36531 21159
36532 21159
36533 21159
36534 21159
36535 21160
36536 21161
36537 21162
36538 21163
36539 21163
36540 21164
36541 21165
36542 21165
36543 21165
36544 21166
36545 21166
36546 21167
36547 21167
36548 21167
36549 21168
36550 21168
36551 21169
36552 21170
36553 21170
36554 21170
36555 21170
36556 21171
36557 21171
36558 21172
36559 21173
36560 21173
36561 21174
36562 21175
36563 21176
36564 21176
36565 21176
36566 21176
36567 21176
36568 21177
36569 21177
36570 21177
36571 21178
36572 21179
36573 21179
36574 21179
36575 21179
36576 21180
36577 21181
36578 21182
36579 21183
36580 21183
36581 21184
36582 21185
36583 21185
36584 21186
36585 21187
36586 21188
36587 21189
36588 21189
36589 21189
36590 21190
36591 21191
36592 21192
36593 21193
36594 21193
36595 21194
36596 21194
36597 21195
36598 21195
36599 21195
36600 21196
36601 21197
36602 21197
36603 21198
36604 21199
36605 21200
36606 21200
36607 21200
36608 21201
36609 21201
36610 21202
36611 21203
36612 21204
36613 21205
36614 21206
36615 21207
36616 21207
36617 21208
36618 21208
36619 21209
36620 21210
36621 21210
36622 21210
36623 21211
36624 21212
36625 21213
36626 21214
36627 21215
36628 21215
36629 21215
36630 21216
36631 21217
36632 21218
36633 21219
36634 21219
36635 21220
36636 21221
36637 21222
36638 21222
36639 21222
36640 21223
36641 21224
36642 21225
36643 21225
36644 21226
36645 21226
36646 21227
36647 21228
36648 21229
36649 21230
36650 21231
36651 21232
36652 21232
36653 21233
36654 21233
36655 21234
36656 21235
36657 21235
36658 21235
36659 21236
36660 21237
36661 21238
36662 21238
36663 21239
36664 21240
36665 21240
36666 21241
36667 21241
36668 21241
36669 21241
36670 21242
36671 21242
36672 21243
36673 21244
36674 21245
36675 21246
36676 21247
36677 21247
36678 21247
36679 21247
36680 21248
36681 21248
36682 21249
36683 21249
36684 21249
36685 21250
36686 21251
36687 21251
36688 21252
36689 21253
36690 21253
36691 21253
36692 21254
36693 21255
36694 21256
36695 21257
36696 21258
36697 21259
36698 21260
36699 21260
36700 21261
36701 21262
36702 21263
36703 21264
36704 21264
36705 21264
36706 21265
36707 21265
36708 21265
36709 21266
36710 21266
36711 21267
36712 21268
36713 21268
36714 21268
36715 21269
36716 21269
36717 21270
36718 21271
36719 21272
36720 21273
36721 21273
36722 21274
36723 21275
36724 21276
36725 21277
36726 21278
36727 21279
36728 21280
36729 21280
36730 21280
36731 21280
36732 21280
36733 21281
36734 21281
36735 21282
36736 21283
36737 21284
36738 21285
36739 21285
36740 21286
36741 21287
36742 21287
36743 21288
36744 21288
36745 21289
36746 21290
36747 21291
36748 21291
36749 21292
36750 21292
36751 21292
36752 21293
36753 21293
36754 21294
36755 21294
36756 21294
36757 21294
36758 21295
36759 21295
36760 21296
36761 21297
36762 21297
36763 21298
36764 21299
36765 21300
36766 21300
36767 21301
36768 21302
36769 21302
36770 21302
36771 21303
36772 21304
36773 21305
36774 21306
36775 21307
36776 21308
36777 21309
36778 21310
36779 21311
36780 21312
36781 21312
36782 21312
36783 21313
36784 21314
36785 21314
36786 21315
36787 21315
36788 21316
36789 21317
36790 21318
36791 21318
36792 21318
36793 21318
36794 21319
36795 21320
36796 21321
36797 21321
36798 21322
36799 21323
36800 21324
36801 21325
36802 21325
36803 21325
36804 21326
36805 21326
36806 21326
36807 21327
36808 21327
36809 21328
36810 21329
36811 21330
36812 21330
36813 21330
36814 21330
36815 21330
36816 21331
36817 21332
36818 21332
36819 21333
36820 21333
36821 21333
36822 21333
36823 21333
36824 21333
36825 21334
36826 21334
36827 21335
36828 21335
36829 21336
36830 21337
36831 21338
36832 21338
36833 21338
36834 21339
36835 21339
36836 21339
36837 21340
36838 21340
36839 21341
36840 21341
36841 21342
36842 21343
36843 21344
36844 21344
36845 21344
36846 21344
36847 21344
36848 21345
36849 21346
36850 21346
36851 21347
36852 21348
36853 21348
36854 21348
36855 21349
36856 21349
36857 21350
36858 21350
36859 21350
36860 21350
36861 21350
36862 21351
36863 21351
36864 21351
36865 21352
36866 21353
36867 21354
36868 21355
36869 21356
36870 21357
36871 21358
36872 21358
36873 21358
36874 21359
36875 21359
36876 21359
36877 21359
36878 21360
36879 21360
36880 21360
36881 21361
36882 21362
36883 21363
36884 21363
36885 21364
36886 21364
36887 21365
36888 21366
36889 21366
36890 21366
36891 21367
36892 21368
36893 21368
36894 21369
36895 21369
36896 21369
36897 21370
36898 21371
36899 21371
36900 21372
36901 21373
36902 21373
36903 21374
36904 21374
36905 21375
36906 21376
36907 21376
36908 21377
36909 21377
36910 21378
36911 21379
36912 21379
36913 21380
36914 21380
36915 21380
36916 21381
36917 21382
36918 21382
36919 21383
36920 21383
36921 21383
36922 21384
36923 21385
36924 21385
36925 21385
36926 21385
36927 21386
36928 21386
36929 21386
36930 21387
36931 21387
36932 21387
36933 21387
36934 21387
36935 21388
36936 21388
36937 21388
36938 21388
36939 21388
36940 21389
36941 21390
36942 21391
36943 21391
36944 21391
36945 21391
36946 21392
36947 21392
36948 21393
36949 21393
36950 21393
36951 21394
36952 21395
36953 21395
36954 21395
36955 21395
36956 21396
36957 21397
36958 21397
36959 21398
36960 21398
36961 21398
36962 21399
36963 21399
36964 21400
36965 21400
36966 21401
36967 21401
36968 21401
36969 21401
36970 21402
36971 21402
36972 21403
36973 21403
36974 21404
36975 21405
36976 21405
36977 21406
36978 21406
36979 21407
36980 21408
36981 21409
36982 21410
36983 21411
36984 21412
36985 21413
36986 21413
36987 21414
36988 21415
36989 21416
36990 21416
36991 21417
36992 21418
36993 21418
36994 21418
36995 21418
36996 21419
36997 21419
36998 21420
36999 21421
37000 21421
37001 21422
37002 21422
37003 21422
37004 21423
37005 21424
37006 21424
37007 21425
37008 21426
37009 21427
37010 21428
37011 21429
37012 21429
37013 21429
37014 21430
37015 21430
37016 21431
37017 21431
37018 21431
37019 21432
37020 21433
37021 21434
37022 21434
37023 21435
37024 21436
37025 21436
37026 21437
37027 21438
37028 21439
37029 21440
37030 21440
37031 21440
37032 21441
37033 21442
37034 21442
37035 21443
37036 21443
37037 21443
37038 21444
37039 21444
37040 21445
37041 21445
37042 21446
37043 21447
37044 21448
37045 21449
37046 21449
37047 21450
37048 21451
37049 21452
37050 21453
37051 21454
37052 21455
37053 21456
37054 21456
37055 21457
37056 21457
37057 21458
37058 21459
37059 21459
37060 21459
37061 21460
37062 21461
37063 21462
37064 21463
37065 21463
37066 21464
37067 21465
37068 21465
37069 21465
37070 21465
37071 21466
37072 21467
37073 21468
37074 21468
37075 21469
37076 21469
37077 21470
37078 21471
37079 21471
37080 21471
37081 21472
37082 21473
37083 21474
37084 21474
37085 21475
37086 21475
37087 21476
37088 21477
37089 21478
37090 21478
37091 21479
37092 21479
37093 21479
37094 21480
37095 21481
37096 21481
37097 21481
37098 21482
37099 21482
37100 21482
37101 21482
37102 21482
37103 21482
37104 21483
37105 21483
37106 21483
37107 21484
37108 21485
37109 21486
37110 21486
37111 21486
37112 21486
37113 21487
37114 21488
37115 21488
37116 21488
37117 21489
37118 21489
37119 21489
37120 21489
37121 21489
37122 21489
37123 21490
37124 21491
37125 21491
37126 21492
37127 21493
37128 21493
37129 21493
37130 21494
37131 21494
37132 21495
37133 21496
37134 21497
37135 21498
37136 21498
37137 21499
37138 21500
37139 21501
37140 21502
37141 21502
37142 21503
37143 21504
37144 21504
37145 21505
37146 21506
37147 21507
37148 21507
37149 21507
37150 21508
37151 21508
37152 21509
37153 21510
37154 21511
37155 21512
37156 21512
37157 21512
37158 21512
37159 21513
37160 21514
37161 21515
37162 21516
37163 21517
37164 21518
37165 21519
37166 21520
37167 21521
37168 21521
37169 21521
37170 21522
37171 21523
37172 21524
37173 21525
37174 21525
37175 21525
37176 21526
37177 21527
37178 21528
37179 21529
37180 21530
37181 21530
37182 21531
37183 21531
37184 21532
37185 21532
37186 21532
37187 21533
37188 21534
37189 21535
37190 21536
37191 21537
37192 21538
37193 21539
37194 21539
37195 21540
37196 21541
37197 21542
37198 21543
37199 21543
37200 21544
37201 21545
37202 21546
37203 21547
37204 21548
37205 21548
37206 21549
37207 21550
37208 21550
37209 21551
37210 21552
37211 21553
37212 21554
37213 21554
37214 21555
37215 21556
37216 21557
37217 21557
37218 21557
37219 21558
37220 21558
37221 21559
37222 21560
37223 21560
37224 21560
37225 21561
37226 21561
37227 21562
37228 21563
37229 21563
37230 21563
37231 21563
37232 21563
37233 21564
37234 21564
37235 21565
37236 21565
37237 21566
37238 21566
37239 21567
37240 21567
37241 21568
37242 21568
37243 21569
37244 21570
37245 21571
37246 21572
37247 21573
37248 21574
37249 21575
37250 21575
37251 21576
37252 21576
37253 21577
37254 21578
37255 21578
37256 21579
37257 21580
37258 21580
37259 21581
37260 21582
37261 21582
37262 21583
37263 21583
37264 21583
37265 21584
37266 21585
37267 21586
37268 21587
37269 21587
37270 21587
37271 21588
37272 21588
37273 21588
37274 21588
37275 21589
37276 21589
37277 21589
37278 21589
37279 21590
37280 21591
37281 21592
37282 21593
37283 21594
37284 21594
37285 21595
37286 21596
37287 21597
37288 21598
37289 21598
37290 21599
37291 21600
37292 21601
37293 21601
37294 21602
37295 21602
37296 21603
37297 21604
37298 21605
37299 21606
37300 21606
37301 21607
37302 21608
37303 21608
37304 21609
37305 21610
37306 21611
37307 21611
37308 21612
37309 21613
37310 21613
37311 21614
37312 21614
37313 21614
37314 21614
37315 21615
37316 21615
37317 21616
37318 21616
37319 21616
37320 21617
37321 21618
37322 21618
37323 21618
37324 21619
37325 21619
37326 21619
37327 21620
37328 21621
37329 21621
37330 21622
37331 21622
37332 21622
37333 21623
37334 21623
37335 21624
37336 21624
37337 21625
37338 21625
37339 21626
37340 21626
37341 21626
37342 21626
37343 21626
37344 21627
37345 21627
37346 21627
37347 21628
37348 21629
37349 21630
37350 21631
37351 21632
37352 21632
37353 21633
37354 21633
37355 21634
37356 21635
37357 21636
37358 21636
37359 21636
37360 21637
37361 21637
37362 21637
37363 21638
37364 21638
37365 21639
37366 21639
37367 21639
37368 21640
37369 21641
37370 21642
37371 21643
37372 21643
37373 21643
37374 21644
37375 21645
37376 21646
37377 21647
37378 21648
37379 21649
37380 21649
37381 21650
37382 21650
37383 21651
37384 21652
37385 21653
37386 21654
37387 21654
37388 21655
37389 21655
37390 21656
37391 21656
37392 21656
37393 21657
37394 21657
37395 21657
37396 21658
37397 21659
37398 21660
37399 21661
37400 21662
37401 21663
37402 21663
37403 21664
37404 21665
37405 21666
37406 21667
37407 21668
37408 21669
37409 21669
37410 21669
37411 21670
37412 21671
37413 21671
37414 21672
37415 21673
37416 21674
37417 21674
37418 21674
37419 21674
37420 21675
37421 21675
37422 21675
37423 21676
37424 21676
37425 21677
37426 21678
37427 21679
37428 21680
37429 21680
37430 21681
37431 21681
37432 21682
37433 21683
37434 21684
37435 21685
37436 21686
37437 21686
37438 21687
37439 21688
37440 21688
37441 21689
37442 21689
37443 21690
37444 21691
37445 21692
37446 21692
37447 21692
37448 21693
37449 21694
37450 21694
37451 21694
37452 21695
37453 21696
37454 21696
37455 21696
37456 21696
37457 21696
37458 21697
37459 21698
37460 21699
37461 21700
37462 21700
37463 21700
37464 21701
37465 21702
37466 21703
37467 21703
37468 21704
37469 21705
37470 21705
37471 21705
37472 21705
37473 21706
37474 21707
37475 21708
37476 21708
37477 21709
37478 21710
37479 21710
37480 21711
37481 21712
37482 21713
37483 21714
37484 21715
37485 21715
37486 21716
37487 21717
37488 21717
37489 21718
37490 21719
37491 21719
37492 21720
37493 21720
37494 21720
37495 21721
37496 21722
37497 21722
37498 21723
37499 21724
37500 21724
37501 21724
37502 21725
37503 21726
37504 21727
37505 21727
37506 21727
37507 21727
37508 21727
37509 21727
37510 21728
37511 21728
37512 21728
37513 21729
37514 21729
37515 21729
37516 21730
37517 21731
37518 21731
37519 21731
37520 21732
37521 21732
37522 21732
37523 21733
37524 21734
37525 21734
37526 21735
37527 21735
37528 21736
37529 21736
37530 21736
37531 21736
37532 21737
37533 21738
37534 21739
37535 21739
37536 21740
37537 21740
37538 21741
37539 21741
37540 21742
37541 21742
37542 21743
37543 21743
37544 21744
37545 21744
37546 21745
37547 21746
37548 21747
37549 21748
37550 21748
37551 21749
37552 21749
37553 21750
37554 21751
37555 21751
37556 21751
37557 21752
37558 21753
37559 21753
37560 21754
37561 21755
37562 21756
37563 21756
37564 21757
37565 21758
37566 21759
37567 21760
37568 21760
37569 21761
37570 21762
37571 21762
37572 21763
37573 21764
37574 21765
37575 21765
37576 21766
37577 21766
37578 21767
37579 21768
37580 21768
37581 21768
37582 21769
37583 21769
37584 21769
37585 21770
37586 21771
37587 21771
37588 21772
37589 21772
37590 21773
37591 21773
37592 21773
37593 21774
37594 21774
37595 21775
37596 21775
37597 21775
37598 21776
37599 21777
37600 21777
37601 21778
37602 21779
37603 21779
37604 21780
37605 21780
37606 21780
37607 21780
37608 21780
37609 21781
37610 21782
37611 21783
37612 21784
37613 21785
37614 21785
37615 21785
37616 21786
37617 21787
37618 21787
37619 21787
37620 21787
37621 21787
37622 21788
37623 21788
37624 21788
37625 21789
37626 21789
37627 21789
37628 21789
37629 21790
37630 21791
37631 21792
37632 21793
37633 21794
37634 21794
37635 21795
37636 21796
37637 21796
37638 21796
37639 21797
37640 21798
37641 21798
37642 21799
37643 21800
37644 21801
37645 21801
37646 21802
37647 21802
37648 21803
37649 21804
37650 21805
37651 21805
37652 21805
37653 21805
37654 21806
37655 21806
37656 21807
37657 21808
37658 21809
37659 21810
37660 21811
37661 21811
37662 21812
37663 21813
37664 21814
37665 21814
37666 21815
37667 21816
37668 21817
37669 21818
37670 21818
37671 21819
37672 21819
37673 21820
37674 21821
37675 21822
37676 21822
37677 21822
37678 21822
37679 21823
37680 21823
37681 21824
37682 21824
37683 21824
37684 21824
37685 21825
37686 21826
37687 21827
37688 21827
37689 21828
37690 21829
37691 21830
37692 21831
37693 21832
37694 21832
37695 21833
37696 21833
37697 21834
37698 21834
37699 21834
37700 21835
37701 21835
37702 21835
37703 21835
37704 21835
37705 21836
37706 21836
37707 21837
37708 21837
37709 21838
37710 21839
37711 21839
37712 21840
37713 21841
37714 21842
37715 21843
37716 21844
37717 21845
37718 21846
37719 21846
37720 21846
37721 21846
37722 21847
37723 21848
37724 21848
37725 21849
37726 21849
37727 21849
37728 21850
37729 21851
37730 21852
37731 21853
37732 21854
37733 21855
37734 21856
37735 21857
37736 21857
37737 21858
37738 21858
37739 21859
37740 21860
37741 21861
37742 21861
37743 21861
37744 21862
37745 21862
37746 21863
37747 21863
37748 21864
37749 21865
37750 21866
37751 21867
37752 21868
37753 21869
37754 21870
37755 21870
37756 21870
37757 21871
37758 21872
37759 21873
37760 21873
37761 21874
37762 21874
37763 21874
37764 21875
37765 21876
37766 21876
37767 21877
37768 21877
37769 21877
37770 21877
37771 21878
37772 21879
37773 21879
37774 21880
37775 21881
37776 21881
37777 21882
37778 21883
37779 21884
37780 21884
37781 21885
37782 21886
37783 21887
37784 21887
37785 21888
37786 21889
37787 21889
37788 21890
37789 21891
37790 21892
37791 21892
37792 21892
37793 21893
37794 21894
37795 21895
37796 21895
37797 21896
37798 21896
37799 21897
37800 21897
37801 21898
37802 21898
37803 21898
37804 21898
37805 21899
37806 21900
37807 21901
37808 21902
37809 21902
37810 21903
37811 21904
37812 21905
37813 21906
37814 21906
37815 21907
37816 21908
37817 21909
37818 21910
37819 21910
37820 21911
37821 21912
37822 21913
37823 21914
37824 21915
37825 21916
37826 21917
37827 21917
37828 21918
37829 21918
37830 21919
37831 21919
37832 21919
37833 21920
37834 21921
37835 21922
37836 21923
37837 21924
37838 21924
37839 21924
37840 21924
37841 21924
37842 21925
37843 21925
37844 21926
37845 21927
37846 21928
37847 21929
37848 21929
37849 21930
37850 21931
37851 21931
37852 21932
37853 21933
37854 21933
37855 21934
37856 21935
37857 21935
37858 21935
37859 21936
37860 21937
37861 21938
37862 21939
37863 21940
37864 21940
37865 21941
37866 21942
37867 21942
37868 21942
37869 21942
37870 21943
37871 21944
37872 21945
37873 21945
37874 21946
37875 21946
37876 21947
37877 21948
37878 21948
37879 21948
37880 21949
37881 21949
37882 21949
37883 21949
37884 21950
37885 21951
37886 21951
37887 21952
37888 21952
37889 21953
37890 21954
37891 21955
37892 21956
37893 21957
37894 21958
37895 21958
37896 21958
37897 21959
37898 21960
37899 21960
37900 21960
37901 21961
37902 21962
37903 21962
37904 21963
37905 21964
37906 21965
37907 21966
37908 21966
37909 21967
37910 21968
37911 21969
37912 21969
37913 21970
37914 21971
37915 21972
37916 21972
37917 21973
37918 21973
37919 21974
37920 21974
37921 21975
37922 21975
37923 21976
37924 21976
37925 21977
37926 21978
37927 21978
37928 21979
37929 21980
37930 21980
37931 21980
37932 21981
37933 21982
37934 21982
37935 21983
37936 21984
37937 21985
37938 21986
37939 21986
37940 21986
37941 21987
37942 21987
37943 21988
37944 21988
37945 21989
37946 21990
37947 21990
37948 21990
37949 21990
37950 21991
37951 21992
37952 21992
37953 21993
37954 21993
37955 21993
37956 21994
37957 21994
37958 21994
37959 21994
37960 21995
37961 21996
37962 21996
37963 21997
37964 21997
37965 21997
37966 21998
37967 21999
37968 22000
37969 22001
37970 22002
37971 22003
37972 22004
37973 22005
37974 22006
37975 22007
37976 22007
37977 22008
37978 22008
37979 22009
37980 22010
37981 22010
37982 22011
37983 22011
37984 22011
37985 22011
37986 22011
37987 22011
37988 22011
37989 22012
37990 22012
37991 22012
37992 22012
37993 22013
37994 22013
37995 22014
37996 22015
37997 22015
37998 22016
37999 22016
38000 22017
38001 22018
38002 22019
38003 22019
38004 22020
38005 22020
38006 22020
38007 22021
38008 22021
38009 22022
38010 22022
38011 22023
38012 22024
38013 22025
38014 22026
38015 22027
38016 22027
38017 22028
38018 22028
38019 22029
38020 22029
38021 22029
38022 22029
38023 22029
38024 22030
38025 22031
38026 22032
38027 22033
38028 22033
38029 22034
38030 22034
38031 22034
38032 22035
38033 22036
38034 22037
38035 22037
38036 22038
38037 22038
38038 22039
38039 22039
38040 22040
38041 22040
38042 22041
38043 22042
38044 22043
38045 22044
38046 22045
38047 22046
38048 22046
38049 22047
38050 22047
38051 22048
38052 22049
38053 22049
38054 22050
38055 22051
38056 22052
38057 22052
38058 22053
38059 22054
38060 22055
38061 22056
38062 22057
38063 22057
38064 22057
38065 22058
38066 22059
38067 22059
38068 22059
38069 22059
38070 22060
38071 22061
38072 22062
38073 22063
38074 22063
38075 22063
38076 22064
38077 22065
38078 22065
38079 22065
38080 22066
38081 22066
38082 22067
38083 22067
38084 22067
38085 22068
38086 22069
38087 22070
38088 22070
38089 22071
38090 22071
38091 22072
38092 22073
38093 22073
38094 22073
38095 22074
38096 22074
38097 22075
38098 22075
38099 22076
38100 22076
38101 22076
38102 22077
38103 22078
38104 22079
38105 22080
38106 22080
38107 22080
38108 22080
38109 22081
38110 22082
38111 22082
38112 22082
38113 22082
38114 22082
38115 22083
38116 22083
38117 22083
38118 22084
38119 22085
38120 22086
38121 22087
38122 22088
38123 22089
38124 22090
38125 22091
38126 22092
38127 22093
38128 22093
38129 22094
38130 22094
38131 22094
38132 22095
38133 22096
38134 22097
38135 22097
38136 22097
38137 22097
38138 22097
38139 22098
38140 22099
38141 22099
38142 22100
38143 22101
38144 22102
38145 22102
38146 22102
38147 22103
38148 22104
38149 22104
38150 22105
38151 22105
38152 22106
38153 22107
38154 22108
38155 22109
38156 22110
38157 22110
38158 22110
38159 22110
38160 22110
38161 22110
38162 22110
38163 22110
38164 22111
38165 22111
38166 22112
38167 22113
38168 22114
38169 22115
38170 22116
38171 22117
38172 22117
38173 22118
38174 22119
38175 22120
38176 22121
38177 22121
38178 22122
38179 22123
38180 22124
38181 22124
38182 22125
38183 22126
38184 22126
38185 22126
38186 22126
38187 22127
38188 22128
38189 22129
38190 22130
38191 22131
38192 22131
38193 22131
38194 22132
38195 22132
38196 22133
38197 22133
38198 22134
38199 22135
38200 22136
38201 22137
38202 22138
38203 22138
38204 22139
38205 22139
38206 22140
38207 22141
38208 22141
38209 22141
38210 22142
38211 22143
38212 22144
38213 22145
38214 22146
38215 22146
38216 22147
38217 22147
38218 22148
38219 22149
38220 22150
38221 22151
38222 22151
38223 22152
38224 22153
38225 22154
38226 22155
38227 22156
38228 22157
38229 22158
38230 22158
38231 22159
38232 22160
38233 22161
38234 22162
38235 22163
38236 22163
38237 22163
38238 22164
38239 22165
38240 22166
38241 22166
38242 22167
38243 22168
38244 22168
38245 22169
38246 22169
38247 22170
38248 22171
38249 22172
38250 22173
38251 22173
38252 22174
38253 22175
38254 22176
38255 22176
38256 22176
38257 22176
38258 22176
38259 22176
38260 22177
38261 22177
38262 22178
38263 22179
38264 22179
38265 22179
38266 22180
38267 22181
38268 22181
38269 22181
38270 22182
38271 22182
38272 22182
38273 22183
38274 22183
38275 22183
38276 22184
38277 22184
38278 22185
38279 22186
38280 22187
38281 22187
38282 22188
38283 22189
38284 22190
38285 22191
38286 22191
38287 22191
38288 22192
38289 22192
38290 22193
38291 22193
38292 22194
38293 22194
38294 22194
38295 22195
38296 22195
38297 22196
38298 22197
38299 22197
38300 22198
38301 22198
38302 22199
38303 22200
38304 22200
38305 22200
38306 22200
38307 22201
38308 22202
38309 22203
38310 22204
38311 22205
38312 22205
38313 22206
38314 22207
38315 22208
38316 22209
38317 22209
38318 22209
38319 22210
38320 22210
38321 22211
38322 22212
38323 22213
38324 22213
38325 22214
38326 22215
38327 22216
38328 22217
38329 22218
38330 22219
38331 22219
38332 22219
38333 22220
38334 22220
38335 22221
38336 22221
38337 22222
38338 22222
38339 22223
38340 22224
38341 22225
38342 22226
38343 22227
38344 22228
38345 22228
38346 22229
38347 22230
38348 22231
38349 22232
38350 22233
38351 22233
38352 22234
38353 22234
38354 22234
38355 22235
38356 22235
38357 22236
38358 22236
38359 22237
38360 22237
38361 22237
38362 22238
38363 22239
38364 22240
38365 22241
38366 22242
38367 22243
38368 22244
38369 22245
38370 22246
38371 22247
38372 22247
38373 22248
38374 22249
38375 22249
38376 22249
38377 22250
38378 22250
38379 22250
38380 22250
38381 22251
38382 22252
38383 22253
38384 22253
38385 22253
38386 22254
38387 22254
38388 22255
38389 22256
38390 22257
38391 22258
38392 22259
38393 22260
38394 22261
38395 22262
38396 22263
38397 22264
38398 22265
38399 22266
38400 22267
38401 22267
38402 22268
38403 22268
38404 22268
38405 22269
38406 22270
38407 22270
38408 22270
38409 22271
38410 22272
38411 22272
38412 22272
38413 22272
38414 22272
38415 22272
38416 22273
38417 22274
38418 22274
38419 22274
38420 22275
38421 22276
38422 22276
38423 22277
38424 22277
38425 22277
38426 22277
38427 22278
38428 22279
38429 22280
38430 22280
38431 22281
38432 22282
38433 22283
38434 22283
38435 22283
38436 22283
38437 22283
38438 22283
38439 22284
38440 22285
38441 22286
38442 22287
38443 22287
38444 22288
38445 22289
38446 22289
38447 22289
38448 22290
38449 22290
38450 22290
38451 22291
38452 22291
38453 22292
38454 22293
38455 22294
38456 22294
38457 22294
38458 22294
38459 22295
38460 22295
38461 22295
38462 22296
38463 22297
38464 22298
38465 22299
38466 22299
38467 22299
38468 22299
38469 22299
38470 22299
38471 22300
38472 22301
38473 22302
38474 22302
38475 22303
38476 22304
38477 22305
38478 22305
38479 22305
38480 22306
38481 22306
38482 22306
38483 22306
38484 22306
38485 22306
38486 22307
38487 22307
38488 22308
38489 22309
38490 22310
38491 22310
38492 22311
38493 22311
38494 22312
38495 22313
38496 22313
38497 22314
38498 22315
38499 22316
38500 22316
38501 22317
38502 22317
38503 22318
38504 22318
38505 22319
38506 22320
38507 22320
38508 22320
38509 22320
38510 22321
38511 22322
38512 22323
38513 22324
38514 22325
38515 22326
38516 22326
38517 22326
38518 22326
38519 22327
38520 22327
38521 22327
38522 22327
38523 22327
38524 22328
38525 22329
38526 22330
38527 22330
38528 22331
38529 22332
38530 22332
38531 22333
38532 22334
38533 22335
38534 22335
38535 22336
38536 22337
38537 22338
38538 22339
38539 22340
38540 22341
38541 22342
38542 22342
38543 22343
38544 22343
38545 22343
38546 22343
38547 22343
38548 22343
38549 22343
38550 22344
38551 22345
38552 22346
38553 22346
38554 22346
38555 22346
38556 22347
38557 22348
38558 22348
38559 22349
38560 22349
38561 22350
38562 22351
38563 22352
38564 22352
38565 22353
38566 22353
38567 22354
38568 22354
38569 22354
38570 22355
38571 22355
38572 22355
38573 22355
38574 22356
38575 22356
38576 22356
38577 22356
38578 22357
38579 22357
38580 22358
38581 22359
38582 22359
38583 22360
38584 22360
38585 22361
38586 22362
38587 22362
38588 22363
38589 22364
38590 22364
38591 22365
38592 22365
38593 22365
38594 22366
38595 22367
38596 22367
38597 22368
38598 22368
38599 22368
38600 22368
38601 22369
38602 22370
38603 22371
38604 22372
38605 22372
38606 22373
38607 22374
38608 22375
38609 22376
38610 22377
38611 22378
38612 22378
38613 22379
38614 22380
38615 22380
38616 22381
38617 22381
38618 22382
38619 22383
38620 22383
38621 22383
38622 22383
38623 22383
38624 22383
38625 22384
38626 22384
38627 22384
38628 22384
38629 22384
38630 22384
38631 22385
38632 22386
38633 22386
38634 22387
38635 22387
38636 22388
38637 22389
38638 22390
38639 22391
38640 22392
38641 22392
38642 22393
38643 22394
38644 22394
38645 22395
38646 22396
38647 22396
38648 22397
38649 22398
38650 22398
38651 22399
38652 22400
38653 22401
38654 22401
38655 22402
38656 22402
38657 22402
38658 22402
38659 22403
38660 22403
38661 22404
38662 22405
38663 22406
38664 22407
38665 22408
38666 22409
38667 22409
38668 22409
38669 22410
38670 22411
38671 22411
38672 22412
38673 22413
38674 22414
38675 22415
38676 22416
38677 22417
38678 22417
38679 22417
38680 22418
38681 22418
38682 22419
38683 22420
38684 22420
38685 22420
38686 22421
38687 22422
38688 22423
38689 22423
38690 22424
38691 22425
38692 22426
38693 22426
38694 22427
38695 22427
38696 22428
38697 22429
38698 22430
38699 22431
38700 22432
38701 22433
38702 22433
38703 22433
38704 22433
38705 22433
38706 22434
38707 22435
38708 22435
38709 22436
38710 22436
38711 22437
38712 22437
38713 22438
38714 22439
38715 22440
38716 22441
38717 22441
38718 22442
38719 22442
38720 22443
38721 22444
38722 22445
38723 22446
38724 22447
38725 22448
38726 22449
38727 22449
38728 22450
38729 22451
38730 22452
38731 22452
38732 22453
38733 22454
38734 22455
38735 22456
38736 22457
38737 22457
38738 22457
38739 22458
38740 22459
38741 22460
38742 22460
38743 22461
38744 22462
38745 22462
38746 22463
38747 22463
38748 22463
38749 22464
38750 22464
38751 22465
38752 22466
38753 22467
38754 22468
38755 22469
38756 22469
38757 22470
38758 22470
38759 22471
38760 22472
38761 22472
38762 22472
38763 22473
38764 22474
38765 22475
38766 22476
38767 22476
38768 22477
38769 22477
38770 22478
38771 22478
38772 22478
38773 22478
38774 22478
38775 22479
38776 22480
38777 22481
38778 22481
38779 22482
38780 22483
38781 22484
38782 22485
38783 22485
38784 22485
38785 22485
38786 22486
38787 22487
38788 22488
38789 22489
38790 22490
38791 22491
38792 22491
38793 22491
38794 22491
38795 22491
38796 22492
38797 22492
38798 22493
38799 22494
38800 22494
38801 22494
38802 22495
38803 22495
38804 22495
38805 22496
38806 22496
38807 22497
38808 22497
38809 22497
38810 22497
38811 22498
38812 22499
38813 22500
38814 22500
38815 22501
38816 22501
38817 22502
38818 22502
38819 22502
38820 22503
38821 22504
38822 22504
38823 22505
38824 22505
38825 22506
38826 22507
38827 22508
38828 22508
38829 22508
38830 22509
38831 22509
38832 22509
38833 22510
38834 22511
38835 22512
38836 22513
38837 22513
38838 22514
38839 22515
38840 22515
38841 22515
38842 22516
38843 22517
38844 22518
38845 22518
38846 22519
38847 22519
38848 22520
38849 22521
38850 22522
38851 22523
38852 22523
38853 22524
38854 22525
38855 22526
38856 22527
38857 22527
38858 22528
38859 22528
38860 22529
38861 22530
38862 22531
38863 22531
38864 22531
38865 22532
38866 22532
38867 22532
38868 22533
38869 22534
38870 22535
38871 22535
38872 22536
38873 22536
38874 22537
38875 22537
38876 22537
38877 22537
38878 22538
38879 22539
38880 22540
38881 22541
38882 22542
38883 22542
38884 22543
38885 22544
38886 22545
38887 22545
38888 22545
38889 22545
38890 22546
38891 22547
38892 22547
38893 22548
38894 22548
38895 22549
38896 22549
38897 22550
38898 22550
38899 22550
38900 22551
38901 22552
38902 22552
38903 22552
38904 22552
38905 22553
38906 22554
38907 22554
38908 22554
38909 22554
38910 22555
38911 22555
38912 22556
38913 22556
38914 22556
38915 22557
38916 22557
38917 22558
38918 22559
38919 22560
38920 22560
38921 22560
38922 22561
38923 22561
38924 22561
38925 22562
38926 22563
38927 22564
38928 22565
38929 22566
38930 22567
38931 22568
38932 22569
38933 22569
38934 22570
38935 22571
38936 22572
38937 22573
38938 22573
38939 22574
38940 22575
38941 22575
38942 22576
38943 22576
38944 22576
38945 22576
38946 22577
38947 22578
38948 22579
38949 22579
38950 22580
38951 22580
38952 22581
38953 22582
38954 22582
38955 22583
38956 22584
38957 22585
38958 22585
38959 22585
38960 22586
38961 22586
38962 22587
38963 22588
38964 22588
38965 22589
38966 22590
38967 22590
38968 22591
38969 22591
38970 22592
38971 22593
38972 22594
38973 22595
38974 22596
38975 22597
38976 22598
38977 22598
38978 22598
38979 22599
38980 22599
38981 22600
38982 22600
38983 22601
38984 22602
38985 22602
38986 22602
38987 22603
38988 22604
38989 22605
38990 22606
38991 22607
38992 22607
38993 22608
38994 22609
38995 22609
38996 22609
38997 22610
38998 22610
38999 22610
39000 22610
39001 22611
39002 22612
39003 22612
39004 22612
39005 22612
39006 22612
39007 22612
39008 22612
39009 22613
39010 22613
39011 22614
39012 22615
39013 22616
39014 22617
39015 22617
39016 22618
39017 22618
39018 22619
39019 22619
39020 22620
39021 22621
39022 22621
39023 22621
39024 22621
39025 22621
39026 22622
39027 22622
39028 22623
39029 22623
39030 22623
39031 22624
39032 22625
39033 22626
39034 22626
39035 22626
39036 22627
39037 22628
39038 22628
39039 22629
39040 22630
39041 22630
39042 22631
39043 22632
39044 22632
39045 22632
39046 22633
39047 22634
39048 22634
39049 22635
39050 22636
39051 22637
39052 22638
39053 22639
39054 22640
39055 22641
39056 22642
39057 22642
39058 22642
39059 22643
39060 22643
39061 22643
39062 22644
39063 22644
39064 22645
39065 22646
39066 22646
39067 22647
39068 22647
39069 22648
39070 22648
39071 22649
39072 22649
39073 22649
39074 22649
39075 22649
39076 22650
39077 22650
39078 22650
39079 22650
39080 22650
39081 22651
39082 22652
39083 22652
39084 22653
39085 22653
39086 22653
39087 22653
39088 22654
39089 22654
39090 22655
39091 22656
39092 22656
39093 22657
39094 22657
39095 22658
39096 22659
39097 22659
39098 22660
39099 22660
39100 22661
39101 22661
39102 22661
39103 22662
39104 22663
39105 22664
39106 22665
39107 22666
39108 22667
39109 22667
39110 22668
39111 22668
39112 22668
39113 22668
39114 22669
39115 22670
39116 22671
39117 22671
39118 22672
39119 22673
39120 22674
39121 22674
39122 22675
39123 22675
39124 22675
39125 22676
39126 22677
39127 22678
39128 22679
39129 22680
39130 22681
39131 22682
39132 22682
39133 22682
39134 22683
39135 22684
39136 22684
39137 22684
39138 22685
39139 22685
39140 22686
39141 22687
39142 22687
39143 22688
39144 22688
39145 22689
39146 22690
39147 22690
39148 22691
39149 22692
39150 22693
39151 22694
39152 22695
39153 22696
39154 22696
39155 22697
39156 22698
39157 22699
39158 22700
39159 22700
39160 22700
39161 22700
39162 22701
39163 22701
39164 22702
39165 22702
39166 22702
39167 22702
39168 22703
39169 22703
39170 22703
39171 22703
39172 22704
39173 22705
39174 22705
39175 22705
39176 22705
39177 22706
39178 22707
39179 22708
39180 22709
39181 22710
39182 22711
39183 22712
39184 22713
39185 22714
39186 22714
39187 22714
39188 22715
39189 22716
39190 22717
39191 22718
39192 22718
39193 22719
39194 22719
39195 22720
39196 22720
39197 22720
39198 22721
39199 22721
39200 22722
39201 22723
39202 22723
39203 22724
39204 22724
39205 22724
39206 22725
39207 22726
39208 22726
39209 22727
39210 22727
39211 22728
39212 22728
39213 22728
39214 22729
39215 22729
39216 22729
39217 22729
39218 22729
39219 22730
39220 22730
39221 22731
39222 22732
39223 22732
39224 22733
39225 22733
39226 22734
39227 22734
39228 22735
39229 22735
39230 22736
39231 22737
39232 22738
39233 22738
39234 22738
39235 22739
39236 22739
39237 22740
39238 22741
39239 22742
39240 22742
39241 22743
39242 22743
39243 22743
39244 22743
39245 22743
39246 22743
39247 22744
39248 22745
39249 22745
39250 22746
39251 22746
39252 22747
39253 22747
39254 22748
39255 22749
39256 22749
39257 22750
39258 22750
39259 22750
39260 22751
39261 22751
39262 22752
39263 22752
39264 22753
39265 22754
39266 22754
39267 22754
39268 22754
39269 22754
39270 22755
39271 22755
39272 22755
39273 22755
39274 22756
39275 22756
39276 22757
39277 22758
39278 22758
39279 22759
39280 22759
39281 22759
39282 22760
39283 22761
39284 22762
39285 22762
39286 22763
39287 22763
39288 22763
39289 22764
39290 22765
39291 22765
39292 22765
39293 22765
39294 22765
39295 22766
39296 22767
39297 22767
39298 22768
39299 22769
39300 22769
39301 22769
39302 22769
39303 22770
39304 22770
39305 22771
39306 22772
39307 22773
39308 22774
39309 22775
39310 22775
39311 22776
39312 22776
39313 22776
39314 22776
39315 22777
39316 22778
39317 22778
39318 22779
39319 22780
39320 22780
39321 22781
39322 22781
39323 22782
39324 22782
39325 22782
39326 22782
39327 22782
39328 22783
39329 22784
39330 22784
39331 22785
39332 22785
39333 22786
39334 22786
39335 22786
39336 22786
39337 22787
39338 22787
39339 22787
39340 22787
39341 22787
39342 22787
39343 22788
39344 22789
39345 22789
39346 22790
39347 22790
39348 22790
39349 22791
39350 22792
39351 22793
39352 22794
39353 22794
39354 22795
39355 22796
39356 22797
39357 22798
39358 22798
39359 22799
39360 22799
39361 22800
39362 22800
39363 22801
39364 22802
39365 22803
39366 22803
39367 22804
39368 22804
39369 22804
39370 22804
39371 22805
39372 22805
39373 22806
39374 22806
39375 22807
39376 22808
39377 22809
39378 22810
39379 22810
39380 22811
39381 22811
39382 22812
39383 22813
39384 22813
39385 22814
39386 22815
39387 22816
39388 22817
39389 22817
39390 22817
39391 22818
39392 22819
39393 22819
39394 22819
39395 22819
39396 22819
39397 22819
39398 22820
39399 22821
39400 22821
39401 22821
39402 22821
39403 22822
39404 22822
39405 22823
39406 22824
39407 22824
39408 22824
39409 22824
39410 22824
39411 22824
39412 22824
39413 22825
39414 22825
39415 22826
39416 22826
39417 22826
39418 22827
39419 22828
39420 22829
39421 22829
39422 22830
39423 22830
39424 22830
39425 22830
39426 22831
39427 22832
39428 22833
39429 22833
39430 22834
39431 22834
39432 22834
39433 22835
39434 22835
39435 22835
39436 22836
39437 22837
39438 22837
39439 22838
39440 22838
39441 22839
39442 22840
39443 22840
39444 22841
39445 22841
39446 22842
39447 22843
39448 22844
39449 22845
39450 22846
39451 22847
39452 22847
39453 22847
39454 22847
39455 22848
39456 22848
39457 22848
39458 22849
39459 22849
39460 22850
39461 22850
39462 22850
39463 22851
39464 22852
39465 22852
39466 22852
39467 22852
39468 22853
39469 22853
39470 22853
39471 22854
39472 22855
39473 22856
39474 22856
39475 22857
39476 22857
39477 22857
39478 22858
39479 22859
39480 22859
39481 22860
39482 22861
39483 22862
39484 22863
39485 22863
39486 22864
39487 22864
39488 22864
39489 22865
39490 22865
39491 22865
39492 22866
39493 22867
39494 22868
39495 22869
39496 22870
39497 22871
39498 22872
39499 22873
39500 22873
39501 22874
39502 22875
39503 22875
39504 22875
39505 22876
39506 22876
39507 22877
39508 22878
39509 22879
39510 22880
39511 22880
39512 22881
39513 22881
39514 22881
39515 22881
39516 22882
39517 22882
39518 22883
39519 22884
39520 22884
39521 22884
39522 22885
39523 22886
39524 22886
39525 22887
39526 22887
39527 22887
39528 22887
39529 22887
39530 22887
39531 22888
39532 22889
39533 22889
39534 22890
39535 22891
39536 22892
39537 22893
39538 22893
39539 22894
39540 22894
39541 22894
39542 22895
39543 22896
39544 22897
39545 22898
39546 22898
39547 22898
39548 22899
39549 22899
39550 22900
39551 22901
39552 22901
39553 22901
39554 22902
39555 22902
39556 22903
39557 22903
39558 22904
39559 22905
39560 22906
39561 22907
39562 22907
39563 22907
39564 22908
39565 22909
39566 22909
39567 22909
39568 22909
39569 22910
39570 22911
39571 22912
39572 22912
39573 22912
39574 22913
39575 22913
39576 22913
39577 22914
39578 22915
39579 22915
39580 22916
39581 22916
39582 22917
39583 22918
39584 22918
39585 22919
39586 22920
39587 22921
39588 22921
39589 22922
39590 22923
39591 22923
39592 22923
39593 22923
39594 22923
39595 22924
39596 22924
39597 22925
39598 22926
39599 22926
39600 22927
39601 22927
39602 22928
39603 22929
39604 22929
39605 22929
39606 22930
39607 22931
39608 22931
39609 22931
39610 22932
39611 22933
39612 22933
39613 22934
39614 22934
39615 22934
39616 22935
39617 22936
39618 22937
39619 22938
39620 22939
39621 22940
39622 22940
39623 22941
39624 22942
39625 22943
39626 22944
39627 22944
39628 22945
39629 22945
39630 22945
39631 22946
39632 22947
39633 22947
39634 22948
39635 22949
39636 22949
39637 22950
39638 22951
39639 22952
39640 22952
39641 22952
39642 22953
39643 22953
39644 22954
39645 22955
39646 22955
39647 22956
39648 22957
39649 22958
39650 22959
39651 22960
39652 22960
39653 22961
39654 22962
39655 22962
39656 22962
39657 22962
39658 22963
39659 22963
39660 22963
39661 22964
39662 22964
39663 22965
39664 22966
39665 22966
39666 22967
39667 22968
39668 22968
39669 22969
39670 22970
39671 22970
39672 22971
39673 22972
39674 22973
39675 22974
39676 22974
39677 22974
39678 22974
39679 22975
39680 22976
39681 22977
39682 22977
39683 22978
39684 22978
39685 22978
39686 22979
39687 22979
39688 22979
39689 22980
39690 22980
39691 22981
39692 22982
39693 22983
39694 22984
39695 22984
39696 22985
39697 22985
39698 22986
39699 22987
39700 22988
39701 22988
39702 22988
39703 22989
39704 22990
39705 22990
39706 22991
39707 22991
39708 22992
39709 22993
39710 22994
39711 22995
39712 22996
39713 22997
39714 22998
39715 22998
39716 22999
39717 22999
39718 23000
39719 23001
39720 23001
39721 23001
39722 23001
39723 23002
39724 23002
39725 23003
39726 23004
39727 23005
39728 23005
39729 23006
39730 23007
39731 23007
39732 23007
39733 23008
39734 23008
39735 23008
39736 23009
39737 23009
39738 23009
39739 23010
39740 23011
39741 23012
39742 23013
39743 23013
39744 23014
39745 23015
39746 23015
39747 23015
39748 23015
39749 23015
39750 23015
39751 23015
39752 23016
39753 23017
39754 23017
39755 23017
39756 23018
39757 23019
39758 23020
39759 23020
39760 23021
39761 23022
39762 23023
39763 23024
39764 23025
39765 23025
39766 23025
39767 23025
39768 23026
39769 23027
39770 23027
39771 23028
39772 23029
39773 23029
39774 23029
39775 23030
39776 23030
39777 23030
39778 23030
39779 23030
39780 23031
39781 23032
39782 23032
39783 23033
39784 23033
39785 23033
39786 23034
39787 23034
39788 23035
39789 23035
39790 23036
39791 23037
39792 23038
39793 23038
39794 23038
39795 23039
39796 23040
39797 23040
39798 23040
39799 23040
39800 23040
39801 23040
39802 23041
39803 23042
39804 23043
39805 23044
39806 23045
39807 23046
39808 23046
39809 23046
39810 23047
39811 23048
39812 23049
39813 23049
39814 23049
39815 23050
39816 23050
39817 23051
39818 23052
39819 23052
39820 23053
39821 23053
39822 23054
39823 23055
39824 23056
39825 23056
39826 23057
39827 23057
39828 23057
39829 23057
39830 23058
39831 23059
39832 23060
39833 23060
39834 23061
39835 23062
39836 23063
39837 23063
39838 23063
39839 23064
39840 23065
39841 23066
39842 23067
39843 23068
39844 23068
39845 23069
39846 23070
39847 23070
39848 23071
39849 23072
39850 23073
39851 23073
39852 23073
39853 23074
39854 23075
39855 23075
39856 23075
39857 23076
39858 23077
39859 23078
39860 23078
39861 23079
39862 23080
39863 23081
39864 23081
39865 23082
39866 23082
39867 23083
39868 23084
39869 23085
39870 23085
39871 23086
39872 23086
39873 23087
39874 23087
39875 23087
39876 23087
39877 23087
39878 23087
39879 23087
39880 23088
39881 23088
39882 23089
39883 23090
39884 23090
39885 23091
39886 23092
39887 23093
39888 23094
39889 23095
39890 23096
39891 23097
39892 23097
39893 23097
39894 23098
39895 23099
39896 23100
39897 23101
39898 23101
39899 23101
39900 23102
39901 23103
39902 23103
39903 23104
39904 23105
39905 23105
39906 23106
39907 23107
39908 23108
39909 23109
39910 23109
39911 23110
39912 23111
39913 23112
39914 23113
39915 23114
39916 23115
39917 23115
39918 23115
39919 23116
39920 23116
39921 23117
39922 23117
39923 23118
39924 23118
39925 23118
39926 23119
39927 23119
39928 23120
39929 23121
39930 23121
39931 23121
39932 23121
39933 23121
39934 23121
39935 23121
39936 23122
39937 23122
39938 23122
39939 23123
39940 23124
39941 23125
39942 23126
39943 23126
39944 23127
39945 23128
39946 23128
39947 23128
39948 23129
39949 23129
39950 23129
39951 23129
39952 23129
39953 23129
39954 23129
39955 23130
39956 23130
39957 23131
39958 23132
39959 23133
39960 23134
39961 23135
39962 23135
39963 23136
39964 23137
39965 23138
39966 23138
39967 23138
39968 23138
39969 23138
39970 23138
39971 23138
39972 23138
39973 23139
39974 23140
39975 23140
39976 23140
39977 23140
39978 23141
39979 23141
39980 23142
39981 23143
39982 23144
39983 23144
39984 23144
39985 23144
39986 23145
39987 23146
39988 23147
39989 23148
39990 23148
39991 23148
39992 23148
39993 23149
39994 23150
39995 23151
39996 23152
39997 23153
39998 23153
39999 23154
40000 23155
40001 23155
