
=== S(p) for all 41 minimal primes up to n=50000 ===
p    S(p)   (count of distinct minimal primes)
     2          4
     3          6
     5         12
     7         30
    11        124
    13        122
    17        418
    19         98
    23        220
    29        346
    31        308
    37       1274
    41       1144
    43        962
    47        556
    53       2512
    59       3526
    61       1382
    67       1856
    71       4618
    73        992
    79       3818
    83       7432
    89      12778
    97       5978
   101      26098
   103       2642
   107      23266
   109      10268
   113      19696
   127       6008
   131      34192
   137      22606
   139       5372
   149      37768
   151      13562
   157       9596
   163      22832
   173       7426
   193      48002
   211      43532

total distinct minimal primes up to 50000: 41

=== First-appearance order: (p, S(p)) ===
(2, 4)
(3, 6)
(5, 12)
(7, 30)
(19, 98)
(13, 122)
(11, 124)
(23, 220)
(31, 308)
(29, 346)
(17, 418)
(47, 556)
(43, 962)
(73, 992)
(41, 1144)
(37, 1274)
(61, 1382)
(67, 1856)
(53, 2512)
(103, 2642)
(59, 3526)
(79, 3818)
(71, 4618)
(139, 5372)
(97, 5978)
(127, 6008)
(173, 7426)
(83, 7432)
(157, 9596)
(109, 10268)
(89, 12778)
(151, 13562)
(113, 19696)
(137, 22606)
(163, 22832)
(107, 23266)
(101, 26098)
(131, 34192)
(149, 37768)
(211, 43532)
(193, 48002)

first_appearance_p = [2, 3, 5, 7, 19, 13, 11, 23, 31, 29, 17, 47, 43, 73, 41, 37, 61, 67, 53, 103, 59, 79, 71, 139, 97, 127, 173, 83, 157, 109, 89, 151, 113, 137, 163, 107, 101, 131, 149, 211, 193]
first_appearance_S = [4, 6, 12, 30, 98, 122, 124, 220, 308, 346, 418, 556, 962, 992, 1144, 1274, 1382, 1856, 2512, 2642, 3526, 3818, 4618, 5372, 5978, 6008, 7426, 7432, 9596, 10268, 12778, 13562, 19696, 22606, 22832, 23266, 26098, 34192, 37768, 43532, 48002]

=== Mod-3 breakdown (distinct minimal primes, n<=50000) ===
p ≡ 0 (mod 3): 1  (e.g. p=3 only for small primes)
p ≡ 1 (mod 3): 20
p ≡ 2 (mod 3): 20
S(p) mean for p≡1: 8931.7,  p≡2: 10237.1
S(p) max  for p≡1: 48002,  p≡2: 37768

=== Minimal primes p > 100: 16 total, 9 ≡1 mod 3, 7 ≡2 mod 3 ===
list (sorted): [101, 103, 107, 109, 113, 127, 131, 137, 139, 149, 151, 157, 163, 173, 193, 211]

=== r(n) terms (24999), n=4..50000 ===
[1, 1, 1, 2, 1, 2, 2, 2, 2, 3, 3, 3, 2, 3, 2, 4, 4, 2, 3, 4, 3, 4, 5, 4, 3, 5, 3, 4, 6, 3, 5, 6, 2, 5, 6, 5, 5, 7, 4, 5, 8, 5, 4, 9, 4, 5, 7, 3, 6, 8, 5, 6, 8, 6, 7, 10, 6, 6, 12, 4, 5, 10, 3, 7, 9, 6, 5, 8, 7, 8, 11, 6, 5, 12, 4, 8, 11, 5, 8, 10, 5, 6, 13, 9, 6, 11, 7, 7, 14, 6, 8, 13, 5, 8, 11, 7, 9, 13, 8, 9, 14, 7, 7, 19, 6, 8, 13, 7, 9, 11, 7, 7, 12, 9, 7, 15, 9, 9, 18, 8, 9, 16, 6, 9, 16, 9, 8, 14, 10, 9, 16, 8, 9, 19, 7, 11, 16, 7, 14, 16, 8, 12, 17, 10, 8, 19, 8, 11, 21, 9, 10, 15, 8, 12, 17, 9, 10, 15, 11, 11, 20, 7, 10, 24, 6, 11, 19, 9, 13, 17, 10, 9, 16, 13, 10, 20, 9, 10, 22, 8, 14, 18, 8, 14, 18, 10, 11, 22, 13, 10, 19, 12, 9, 27, 11, 11, 21, 7, 14, 17, 11, 13, 20, 13, 11, 21, 10, 11, 30, 11, 12, 21, 9, 14, 19, 13, 11, 21, 14, 13, 21, 12, 13, 27, 12, 12, 24, 9, 16, 28, 12, 13, 24, 15, 13, 23, 14, 11, 29, 11, 14, 23, 9, 19, 22, 13, 13, 23, 13, 15, 27, 15, 14, 32, 11, 14, 23, 11, 17, 24, 11, 15, 25, 14, 17, 22, 13, 14, 30, 10, 13, 30, 11, 19, 23, 11, 11, 23, 18, 14, 24, 13, 13, 31, 11, 16, 26, 12, 19, 25, 12, 13, 29, 16, 15, 27, 12, 15, 32, 12, 14, 27, 13, 20, 26, 15, 19, 26, 18, 17, 31, 12, 16, 41, 10, 14, 28, 15, 18, 25, 17, 16, 27, 21, 15, 29, 13, 19, 41, 14, 16, 31, 11, 21, 33, 15, 17, 28, 21, 16, 30, 16, 16, 39, 11, 19, 30, 14, 24, 31, 18, 19, 24, 16, 17, 37, 14, 15, 39, 14, 15, 31, 15, 21, 31, 15, 19, 29, 18, 19, 31, 18, 19, 39, 14, 17, 35, 15, 21, 30, 17, 17, 31, 26, 18, 32, 16, 15, 44, 14, 18, 30, 15, 22, 34, 17, 14, 38, 21, 16, 32, 16, 14, 39, 18, 20, 34, 17, 20, 29, 16, 21, 34, 22, 22, 33, 18, 17, 51, 18, 17, 32, 15, 25, 31, 20, 19, 39, 18, 17, 33, 17, 21, 46, 18, 19, 36, 14, 25, 39, 21, 18, 37, 23, 19, 34, 20, 19, 48, 15, 17, 34, 15, 31, 31, 20, 18, 35, 23, 20, 47, 18, 18, 43, 17, 20, 36, 18, 24, 34, 18, 20, 33, 25, 23, 37, 19, 22, 45, 16, 18, 45, 17, 27, 32, 17, 19, 35, 26, 17, 39, 20, 23, 52, 13, 25, 37, 17, 28, 36, 18, 18, 42, 25, 23, 39, 18, 20, 51, 18, 22, 42, 18, 25, 36, 21, 27, 40, 26, 22, 39, 19, 19, 57, 18, 24, 44, 19, 27, 37, 24, 24, 39, 25, 21, 40, 20, 27, 54, 20, 21, 39, 18, 26, 48, 23, 18, 40, 28, 24, 44, 25, 25, 54, 16, 23, 41, 22, 34, 47, 19, 23, 39, 26, 22, 49, 23, 20, 58, 18, 24, 38, 26, 27, 36, 19, 22, 42, 29, 25, 43, 24, 22, 58, 18, 22, 49, 19, 26, 40, 20, 20, 43, 33, 23, 45, 24, 24, 54, 19, 28, 43, 20, 32, 42, 22, 21, 49, 27, 25, 45, 22, 22, 55, 28, 25, 42, 18, 34, 44, 23, 26, 45, 28, 23, 51, 20, 21, 68, 22, 26, 42, 21, 27, 40, 26, 25, 42, 27, 26, 46, 22, 29, 60, 23, 26, 49, 20, 33, 53, 24, 24, 46, 30, 23, 46, 27, 26, 66, 21, 26, 53, 22, 41, 47, 25, 25, 45, 27, 27, 54, 25, 22, 60, 22, 21, 41, 24, 33, 44, 27, 27, 48, 28, 27, 47, 23, 27, 61, 20, 24, 59, 20, 30, 44, 24, 24, 45, 34, 27, 48, 23, 25, 58, 18, 30, 47, 20, 34, 41, 22, 23, 57, 35, 25, 50, 22, 23, 60, 27, 28, 45, 20, 36, 49, 26, 34, 48, 33, 29, 47, 25, 24, 73, 22, 30, 51, 26, 34, 52, 29, 25, 52, 31, 27, 50, 28, 32, 67, 27, 27, 51, 25, 33, 59, 23, 26, 56, 31, 27, 48, 28, 27, 69, 22, 32, 47, 26, 46, 46, 21, 30, 51, 31, 28, 62, 24, 25, 72, 29, 28, 51, 25, 38, 57, 23, 26, 47, 31, 34, 58, 28, 26, 71, 25, 27, 64, 24, 36, 53, 23, 30, 47, 42, 35, 53, 27, 32, 65, 24, 35, 55, 29, 40, 60, 27, 27, 67, 35, 27, 52, 26, 28, 76, 28, 31, 55, 27, 39, 54, 28, 34, 53, 37, 35, 56, 28, 31, 83, 24, 31, 56, 26, 37, 57, 32, 28, 52, 34, 30, 55, 30, 32, 78, 26, 27, 68, 21, 38, 64, 29, 31, 53, 36, 25, 55, 35, 33, 76, 25, 33, 55, 25, 48, 52, 27, 30, 55, 41, 29, 69, 32, 31, 73, 28, 27, 53, 33, 37, 59, 25, 30, 52, 36, 36, 66, 31, 27, 75, 31, 31, 72, 28, 36, 53, 28, 27, 53, 46, 27, 58, 33, 29, 76, 25, 34, 62, 28, 37, 54, 32, 28, 70, 38, 28, 54, 32, 29, 76, 34, 32, 53, 28, 43, 58, 30, 36, 61, 38, 33, 61, 30, 28, 91, 35, 32, 63, 33, 36, 55, 36, 30, 58, 36, 30, 66, 28, 35, 81, 30, 34, 58, 30, 39, 68, 28, 33, 65, 41, 30, 58, 34, 31, 83, 29, 35, 53, 27, 48, 56, 26, 29, 62, 38, 32, 71, 33, 32, 82, 30, 32, 58, 30, 42, 59, 27, 28, 56, 37, 44, 59, 35, 28, 84, 27, 35, 73, 28, 41, 59, 32, 32, 62, 49, 29, 64, 33, 33, 85, 30, 38, 75, 25, 42, 65, 34, 32, 75, 45, 33, 58, 34, 35, 82, 36, 33, 58, 27, 48, 59, 30, 39, 62, 46, 34, 62, 32, 32, 97, 31, 35, 71, 32, 41, 67, 34, 37, 63, 37, 33, 67, 31, 42, 82, 33, 35, 66, 29, 47, 81, 32, 36, 63, 43, 32, 64, 43, 37, 79, 34, 38, 67, 31, 52, 65, 31, 35, 68, 41, 34, 85, 34, 31, 82, 33, 34, 62, 34, 46, 60, 32, 35, 60, 47, 38, 68, 34, 29, 90, 35, 33, 78, 28, 41, 67, 32, 36, 58, 51, 35, 77, 33, 33, 86, 26, 44, 70, 32, 44, 75, 31, 38, 75, 41, 33, 61, 32, 36, 92, 38, 33, 68, 37, 47, 68, 32, 40, 63, 49, 32, 68, 34, 34, 114, 35, 40, 66, 38, 48, 67, 38, 35, 64, 43, 35, 68, 35, 38, 94, 34, 36, 76, 31, 45, 83, 41, 37, 62, 45, 33, 66, 44, 37, 92, 33, 38, 76, 32, 60, 67, 35, 38, 67, 44, 41, 84, 37, 37, 90, 37, 36, 72, 39, 50, 69, 37, 35, 78, 48, 41, 72, 32, 35, 94, 36, 38, 86, 31, 50, 75, 37, 40, 73, 56, 36, 71, 30, 39, 93, 35, 52, 69, 32, 57, 71, 39, 37, 87, 46, 39, 76, 38, 40, 94, 42, 41, 75, 33, 47, 68, 32, 46, 74, 45, 34, 72, 38, 37, 112, 35, 41, 68, 34, 55, 70, 41, 36, 70, 43, 38, 77, 36, 48, 99, 43, 41, 71, 31, 48, 82, 34, 37, 64, 44, 39, 86, 43, 36, 95, 36, 43, 73, 33, 60, 68, 35, 45, 71, 49, 36, 91, 35, 36, 98, 39, 37, 72, 45, 48, 77, 38, 35, 69, 46, 45, 76, 34, 34, 107, 29, 40, 81, 31, 54, 80, 35, 41, 70, 58, 44, 72, 37, 42, 97, 28, 48, 77, 36, 46, 74, 42, 41, 88, 48, 38, 75, 38, 42, 100, 44, 43, 87, 37, 52, 73, 39, 52, 78, 51, 42, 79, 39, 47, 128, 35, 42, 82, 37, 51, 79, 50, 42, 75, 56, 38, 86, 43, 46, 109, 38, 37, 72, 36, 55, 101, 40, 39, 68, 55, 43, 81, 44, 44, 104, 37, 45, 78, 39, 64, 72, 34, 44, 90, 51, 45, 97, 40, 39, 104, 43, 41, 76, 41, 52, 78, 40, 42, 89, 49, 49, 78, 41, 40, 110, 40, 42, 100, 38, 68, 78, 42, 41, 71, 64, 41, 76, 42, 40, 107, 37, 50, 90, 40, 60, 74, 45, 42, 94, 51, 47, 91, 41, 44, 99, 48, 44, 83, 39, 57, 80, 41, 60, 80, 52, 42, 82, 31, 45, 122, 37, 41, 87, 41, 59, 75, 44, 42, 82, 52, 38, 98, 35, 52, 116, 36, 49, 86, 34, 59, 95, 41, 44, 79, 58, 49, 84, 45, 46, 104, 40, 41, 78, 36, 69, 76, 44, 50, 85, 49, 42, 99, 43, 41, 110, 36, 48, 92, 43, 62, 93, 43, 44, 83, 50, 53, 78, 39, 47, 113, 38, 44, 102, 41, 58, 79, 41, 44, 83, 68, 47, 83, 37, 41, 109, 35, 59, 84, 48, 61, 92, 42, 46, 100, 48, 46, 82, 45, 41, 117, 44, 46, 85, 47, 57, 83, 37, 49, 80, 47, 44, 75, 46, 44, 138, 39, 45, 85, 42, 56, 85, 45, 44, 93, 52, 47, 83, 42, 52, 112, 40, 42, 87, 40, 66, 98, 43, 51, 90, 54, 40, 83, 45, 48, 110, 44, 42, 87, 37, 73, 80, 46, 43, 86, 58, 48, 112, 40, 46, 112, 38, 39, 82, 47, 59, 87, 44, 51, 76, 55, 52, 89, 44, 46, 110, 38, 47, 112, 44, 59, 86, 43, 47, 78, 67, 45, 90, 39, 45, 120, 41, 56, 93, 44, 56, 92, 44, 48, 107, 57, 49, 84, 48, 46, 116, 54, 44, 89, 42, 57, 84, 47, 52, 89, 57, 45, 94, 41, 55, 138, 43, 47, 105, 42, 62, 86, 52, 44, 89, 60, 45, 87, 40, 58, 115, 45, 48, 90, 45, 62, 105, 49, 52, 85, 67, 43, 87, 50, 50, 119, 43, 40, 84, 43, 74, 101, 46, 50, 89, 59, 48, 102, 42, 46, 120, 43, 47, 89, 57, 64, 87, 46, 42, 97, 56, 57, 91, 47, 46, 123, 45, 47, 105, 43, 59, 84, 48, 54, 103, 64, 54, 88, 40, 46, 123, 40, 51, 87, 44, 71, 92, 47, 50, 103, 58, 44, 96, 52, 49, 123, 62, 46, 94, 41, 60, 93, 43, 51, 91, 62, 59, 104, 47, 50, 154, 48, 50, 96, 47, 62, 80, 55, 54, 108, 60, 45, 88, 47, 58, 125, 48, 49, 90, 50, 66, 112, 52, 48, 95, 59, 48, 94, 58, 47, 136, 40, 50, 95, 45, 83, 92, 49, 52, 103, 58, 47, 115, 49, 47, 125, 46, 46, 102, 56, 58, 95, 54, 50, 97, 64, 60, 98, 50, 46, 124, 50, 47, 125, 42, 66, 97, 48, 56, 100, 78, 49, 93, 43, 56, 128, 50, 62, 98, 48, 61, 101, 48, 46, 116, 77, 44, 107, 46, 47, 123, 56, 42, 97, 49, 67, 112, 50, 58, 91, 73, 54, 103, 49, 48, 149, 51, 52, 96, 50, 63, 88, 55, 50, 100, 70, 46, 92, 55, 64, 130, 48, 49, 95, 44, 68, 124, 48, 52, 109, 67, 46, 100, 58, 57, 128, 49, 50, 98, 51, 87, 93, 52, 50, 98, 59, 47, 122, 51, 50, 133, 52, 53, 110, 54, 65, 97, 53, 53, 92, 65, 62, 109, 53, 50, 140, 43, 52, 117, 48, 75, 98, 53, 55, 93, 82, 48, 98, 53, 55, 136, 48, 57, 103, 54, 68, 99, 52, 52, 121, 66, 61, 100, 51, 53, 145, 55, 52, 107, 52, 72, 95, 52, 63, 111, 62, 53, 94, 54, 49, 163, 49, 52, 99, 47, 65, 106, 72, 52, 104, 65, 54, 108, 55, 66, 133, 43, 55, 114, 44, 80, 118, 54, 48, 99, 70, 51, 100, 63, 59, 125, 44, 55, 109, 44, 81, 97, 51, 54, 98, 74, 51, 122, 49, 51, 142, 57, 50, 108, 58, 65, 113, 51, 53, 102, 66, 61, 104, 53, 55, 139, 47, 61, 122, 55, 71, 96, 53, 50, 107, 82, 54, 113, 55, 56, 147, 52, 64, 100, 52, 70, 107, 54, 53, 138, 69, 57, 104, 55, 56, 137, 62, 47, 108, 52, 81, 106, 50, 72, 104, 64, 54, 102, 49, 53, 165, 54, 50, 105, 45, 66, 107, 62, 54, 116, 68, 56, 112, 53, 63, 137, 51, 55, 105, 57, 72, 122, 52, 59, 106, 75, 52, 105, 64, 53, 139, 51, 63, 105, 55, 85, 115, 55, 61, 115, 71, 59, 131, 56, 56, 165, 56, 48, 108, 62, 80, 102, 56, 58, 100, 68, 70, 106, 60, 58, 140, 49, 58, 124, 50, 72, 110, 60, 53, 109, 85, 61, 112, 52, 55, 143, 55, 65, 118, 50, 70, 102, 53, 60, 136, 76, 55, 102, 59, 60, 140, 65, 50, 117, 48, 73, 106, 55, 69, 106, 81, 58, 113, 51, 62, 171, 45, 49, 111, 49, 86, 113, 69, 54, 108, 70, 53, 105, 53, 70, 138, 50, 60, 125, 46, 77, 127, 61, 52, 105, 73, 59, 109, 73, 57, 147, 49, 57, 108, 48, 88, 107, 60, 61, 127, 71, 53, 132, 54, 64, 138, 52, 58, 101, 61, 90, 115, 55, 57, 101, 72, 77, 126, 57, 58, 149, 51, 57, 131, 54, 72, 107, 55, 55, 111, 90, 57, 131, 55, 58, 147, 52, 70, 111, 54, 72, 110, 50, 68, 129, 77, 52, 109, 54, 61, 158, 61, 57, 110, 59, 71, 112, 55, 67, 117, 72, 53, 114, 54, 57, 190, 54, 56, 110, 59, 77, 107, 68, 58, 107, 69, 65, 113, 59, 69, 151, 53, 59, 114, 59, 73, 136, 68, 56, 113, 74, 57, 122, 70, 57, 165, 54, 62, 127, 50, 95, 119, 56, 58, 114, 75, 57, 131, 61, 65, 148, 54, 55, 112, 60, 81, 109, 56, 59, 113, 78, 75, 119, 58, 57, 154, 58, 60, 139, 54, 83, 121, 60, 61, 122, 87, 59, 114, 54, 57, 147, 55, 79, 116, 56, 73, 108, 61, 59, 143, 78, 60, 127, 66, 58, 150, 64, 61, 114, 51, 85, 108, 60, 75, 128, 79, 62, 120, 58, 64, 189, 59, 63, 121, 58, 82, 114, 69, 58, 105, 74, 62, 114, 53, 68, 154, 70, 57, 114, 54, 73, 139, 53, 64, 109, 74, 63, 126, 69, 62, 149, 51, 60, 122, 53, 94, 123, 58, 65, 103, 75, 61, 150, 54, 57, 152, 60, 55, 117, 70, 84, 118, 62, 60, 105, 89, 73, 121, 57, 61, 167, 54, 64, 145, 55, 81, 112, 61, 70, 119, 92, 68, 115, 55, 61, 159, 58, 70, 117, 65, 84, 126, 60, 63, 144, 76, 56, 121, 63, 56, 154, 68, 67, 145, 63, 75, 119, 56, 79, 121, 82, 64, 116, 63, 70, 184, 59, 66, 115, 54, 80, 117, 76, 64, 122, 87, 61, 123, 61, 77, 176, 57, 58, 118, 51, 83, 159, 64, 61, 118, 82, 66, 120, 77, 68, 167, 56, 72, 130, 55, 101, 127, 65, 61, 122, 76, 65, 148, 64, 53, 167, 61, 65, 121, 69, 84, 123, 59, 61, 140, 76, 73, 121, 59, 60, 167, 59, 59, 144, 65, 90, 110, 69, 62, 121, 89, 69, 126, 61, 59, 159, 67, 71, 118, 64, 90, 130, 58, 61, 144, 75, 63, 132, 63, 60, 160, 73, 61, 131, 56, 85, 115, 63, 86, 119, 84, 64, 139, 57, 64, 198, 68, 62, 124, 61, 77, 116, 70, 59, 118, 85, 62, 120, 57, 84, 175, 60, 67, 115, 53, 87, 142, 63, 63, 112, 82, 72, 140, 77, 64, 163, 55, 62, 128, 58, 107, 122, 69, 64, 126, 86, 64, 138, 69, 69, 166, 65, 63, 138, 70, 83, 114, 59, 73, 122, 82, 77, 119, 61, 70, 166, 60, 64, 143, 57, 81, 132, 59, 68, 124, 102, 68, 132, 64, 68, 156, 63, 75, 128, 63, 86, 141, 58, 61, 139, 75, 67, 126, 63, 65, 169, 70, 87, 123, 54, 93, 121, 63, 75, 127, 85, 68, 135, 74, 64, 218, 55, 67, 129, 52, 82, 127, 84, 63, 144, 80, 65, 118, 65, 80, 164, 61, 67, 126, 60, 98, 149, 62, 68, 127, 88, 70, 130, 71, 73, 172, 66, 65, 134, 54, 103, 128, 65, 65, 138, 79, 70, 169, 72, 70, 173, 63, 67, 129, 70, 89, 126, 68, 75, 127, 81, 79, 133, 69, 71, 177, 60, 66, 163, 65, 93, 124, 67, 63, 124, 96, 64, 132, 64, 67, 198, 64, 79, 136, 56, 90, 120, 64, 67, 151, 83, 74, 125, 67, 64, 169, 79, 73, 130, 60, 86, 125, 73, 81, 140, 86, 70, 131, 65, 74, 204, 63, 67, 147, 64, 89, 128, 78, 64, 127, 84, 65, 145, 63, 89, 186, 62, 72, 132, 64, 87, 168, 66, 61, 127, 110, 66, 130, 77, 69, 174, 58, 73, 127, 61, 103, 143, 71, 79, 132, 84, 76, 162, 71, 69, 172, 64, 76, 136, 73, 87, 144, 61, 63, 128, 87, 78, 132, 75, 65, 167, 61, 64, 166, 70, 98, 130, 68, 63, 141, 97, 67, 147, 63, 65, 171, 69, 87, 129, 70, 101, 135, 65, 67, 150, 87, 70, 131, 76, 74, 191, 91, 68, 131, 66, 89, 128, 62, 80, 131, 87, 73, 157, 74, 69, 216, 67, 74, 140, 74, 98, 127, 79, 74, 132, 89, 76, 134, 71, 87, 182, 64, 74, 153, 71, 96, 161, 66, 65, 146, 87, 70, 139, 79, 73, 202, 67, 73, 133, 55, 107, 133, 73, 75, 138, 81, 77, 167, 75, 69, 177, 63, 73, 129, 75, 99, 132, 78, 72, 126, 87, 81, 140, 63, 72, 178, 62, 73, 195, 61, 92, 137, 69, 69, 146, 111, 66, 144, 68, 75, 173, 74, 84, 126, 65, 91, 151, 61, 65, 161, 99, 72, 140, 71, 77, 177, 76, 68, 132, 59, 98, 147, 68, 84, 138, 93, 70, 153, 72, 67, 222, 64, 79, 140, 61, 100, 132, 84, 68, 142, 99, 68, 132, 73, 95, 192, 64, 72, 141, 61, 91, 162, 71, 76, 152, 85, 69, 145, 81, 75, 190, 60, 76, 142, 66, 123, 154, 77, 71, 138, 81, 69, 163, 69, 71, 180, 72, 73, 132, 84, 91, 136, 69, 66, 119, 87, 86, 161, 75, 68, 195, 61, 83, 163, 72, 90, 148, 74, 79, 144, 109, 77, 135, 77, 74, 198, 66, 89, 140, 75, 95, 146, 68, 77, 159, 98, 73, 147, 72, 73, 218, 78, 71, 138, 69, 101, 138, 68, 80, 145, 108, 82, 143, 69, 77, 216, 69, 82, 137, 70, 101, 138, 96, 69, 150, 86, 77, 156, 65, 93, 185, 70, 75, 150, 61, 98, 161, 76, 81, 142, 95, 72, 140, 80, 88, 194, 71, 80, 144, 61, 130, 140, 73, 72, 138, 102, 78, 190, 72, 75, 191, 77, 78, 164, 80, 98, 156, 77, 69, 140, 96, 92, 146, 71, 71, 184, 72, 76, 187, 76, 94, 138, 74, 74, 150, 111, 67, 148, 74, 79, 183, 69, 91, 138, 73, 107, 145, 66, 76, 188, 95, 69, 163, 72, 72, 193, 82, 72, 149, 72, 109, 138, 76, 94, 151, 105, 78, 140, 64, 67, 241, 74, 75, 148, 66, 94, 145, 84, 79, 152, 97, 82, 166, 77, 83, 190, 69, 75, 141, 69, 101, 184, 71, 81, 137, 99, 78, 137, 85, 70, 202, 70, 78, 149, 89, 117, 142, 75, 73, 145, 91, 75, 177, 73, 76, 211, 70, 89, 138, 85, 97, 149, 79, 70, 142, 91, 105, 149, 73, 71, 218, 66, 72, 176, 69, 92, 142, 86, 69, 138, 114, 70, 151, 80, 78, 194, 69, 89, 165, 68, 108, 147, 76, 75, 177, 99, 81, 148, 77, 83, 187, 83, 69, 153, 75, 104, 145, 77, 89, 169, 105, 78, 149, 72, 79, 239, 71, 71, 151, 76, 95, 175, 101, 72, 144, 94, 82, 144, 79, 91, 188, 73, 77, 151, 71, 112, 172, 81, 78, 147, 95, 71, 141, 98, 74, 191, 71, 80, 159, 70, 122, 151, 81, 73, 162, 100, 81, 183, 79, 82, 195, 79, 78, 146, 88, 107, 152, 76, 76, 136, 93, 95, 166, 73, 77, 205, 78, 80, 170, 75, 99, 146, 77, 74, 144, 119, 77, 178, 73, 81, 192, 77, 97, 154, 80, 103, 162, 77, 83, 178, 117, 83, 151, 68, 77, 206, 100, 76, 148, 76, 99, 146, 77, 101, 154, 94, 78, 151, 67, 82, 268, 73, 73, 162, 70, 103, 160, 102, 79, 147, 100, 90, 162, 76, 94, 205, 73, 77, 157, 77, 115, 186, 92, 73, 145, 96, 79, 151, 95, 78, 206, 78, 82, 161, 72, 119, 150, 83, 84, 155, 96, 83, 180, 76, 87, 231, 72, 77, 157, 84, 121, 158, 79, 75, 168, 104, 93, 153, 75, 78, 210, 75, 75, 186, 72, 103, 171, 77, 75, 168, 113, 89, 162, 81, 79, 198, 71, 108, 157, 75, 108, 152, 79, 75, 195, 105, 83, 159, 93, 82, 204, 91, 82, 150, 67, 100, 154, 79, 94, 161, 107, 84, 166, 71, 89, 258, 72, 82, 154, 79, 123, 147, 87, 76, 145, 99, 82, 162, 76, 94, 200, 82, 87, 175, 77, 106, 193, 75, 74, 160, 107, 85, 163, 93, 76, 198, 78, 75, 147, 77, 126, 152, 78, 95, 150, 105, 80, 189, 79, 89, 206, 74, 83, 157, 98, 108, 167, 76, 80, 150, 104, 95, 176, 76, 86, 229, 73, 80, 183, 80, 103, 152, 78, 85, 153, 135, 88, 152, 77, 77, 203, 67, 102, 160, 81, 112, 164, 86, 83, 188, 112, 89, 172, 85, 80, 212, 82, 82, 174, 76, 101, 162, 85, 99, 158, 104, 81, 158, 80, 92, 254, 76, 83, 157, 77, 116, 157, 95, 82, 155, 106, 87, 155, 74, 106, 217, 75, 81, 156, 79, 108, 205, 81, 79, 147, 104, 84, 151, 98, 79, 236, 76, 86, 154, 77, 131, 150, 78, 80, 155, 99, 81, 191, 98, 82, 210, 74, 73, 167, 98, 98, 157, 79, 77, 176, 107, 110, 157, 77, 74, 214, 74, 81, 183, 78, 127, 163, 81, 86, 167, 116, 77, 152, 79, 86, 206, 84, 98, 160, 68, 103, 155, 91, 74, 191, 107, 83, 194, 84, 79, 209, 81, 81, 158, 73, 126, 157, 84, 106, 176, 104, 84, 161, 74, 76, 251, 82, 87, 182, 88, 107, 157, 93, 83, 161, 103, 97, 168, 77, 98, 250, 90, 85, 151, 74, 117, 190, 76, 86, 161, 105, 99, 159, 105, 94, 218, 79, 83, 170, 77, 132, 159, 84, 82, 168, 102, 83, 213, 81, 86, 224, 81, 81, 189, 97, 105, 163, 80, 88, 161, 114, 102, 166, 87, 86, 211, 83, 91, 204, 78, 110, 165, 77, 99, 158, 142, 81, 169, 83, 89, 223, 72, 107, 159, 86, 115, 192, 73, 79, 197, 116, 88, 169, 80, 86, 217, 87, 94, 162, 87, 119, 183, 78, 99, 168, 110, 86, 166, 86, 86, 267, 80, 95, 161, 82, 118, 164, 101, 85, 189, 119, 85, 163, 88, 98, 233, 80, 85, 160, 79, 126, 199, 84, 84, 164, 118, 84, 169, 108, 90, 225, 89, 84, 165, 77, 134, 158, 84, 90, 162, 105, 94, 233, 88, 82, 210, 71, 83, 183, 96, 112, 171, 96, 95, 178, 106, 104, 159, 79, 94, 220, 77, 86, 208, 87, 113, 159, 94, 84, 163, 121, 92, 166, 86, 86, 243, 78, 106, 167, 72, 133, 164, 80, 93, 197, 108, 100, 165, 87, 86, 216, 98, 93, 200, 85, 113, 170, 89, 99, 174, 114, 83, 167, 76, 86, 274, 85, 83, 185, 77, 122, 169, 99, 88, 170, 106, 80, 178, 77, 121, 219, 80, 90, 171, 75, 112, 200, 94, 85, 157, 125, 83, 186, 98, 79, 224, 70, 80, 169, 72, 140, 182, 82, 92, 175, 110, 89, 198, 91, 83, 212, 82, 101, 170, 98, 111, 167, 86, 91, 167, 112, 110, 172, 96, 90, 230, 76, 85, 200, 81, 116, 173, 82, 87, 184, 138, 91, 176, 91, 90, 227, 87, 108, 172, 82, 134, 185, 78, 89, 208, 113, 90, 157, 83, 87, 238, 104, 93, 163, 83, 125, 157, 91, 106, 182, 106, 92, 194, 79, 93, 292, 76, 97, 163, 84, 123, 160, 102, 95, 180, 104, 91, 169, 91, 100, 225, 86, 88, 167, 96, 112, 193, 86, 95, 171, 111, 97, 171, 105, 81, 251, 88, 82, 177, 81, 144, 175, 86, 94, 190, 100, 101, 207, 94, 93, 238, 83, 103, 174, 98, 114, 165, 106, 98, 166, 119, 107, 180, 81, 89, 219, 84, 85, 228, 82, 119, 188, 78, 96, 172, 145, 82, 183, 85, 101, 226, 88, 109, 195, 80, 117, 174, 83, 95, 202, 134, 90, 182, 92, 88, 228, 109, 83, 172, 76, 117, 184, 86, 100, 163, 118, 90, 169, 86, 108, 271, 80, 97, 177, 85, 132, 160, 102, 86, 182, 111, 88, 186, 97, 107, 228, 91, 86, 188, 87, 114, 214, 82, 93, 195, 130, 85, 171, 102, 84, 240, 80, 89, 176, 92, 158, 173, 94, 97, 182, 111, 87, 207, 90, 89, 232, 93, 98, 166, 105, 124, 195, 90, 83, 167, 114, 108, 195, 89, 84, 231, 78, 86, 215, 96, 125, 185, 89, 105, 169, 139, 85, 175, 92, 87, 247, 75, 114, 187, 100, 126, 171, 81, 96, 226, 113, 80, 180, 86, 87, 272, 94, 90, 185, 89, 116, 172, 89, 104, 166, 116, 109, 185, 94, 85, 282, 88, 92, 180, 93, 117, 166, 108, 95, 170, 106, 93, 176, 92, 108, 239, 95, 90, 198, 84, 117, 214, 87, 87, 191, 118, 88, 182, 107, 95, 251, 86, 92, 174, 83, 142, 171, 94, 91, 173, 125, 100, 229, 89, 90, 242, 96, 97, 181, 106, 132, 195, 88, 92, 168, 115, 112, 176, 95, 88, 239, 88, 101, 238, 99, 136, 182, 93, 96, 173, 138, 86, 180, 104, 95, 244, 88, 111, 175, 90, 114, 195, 91, 96, 244, 115, 91, 182, 95, 98, 236, 105, 92, 177, 91, 125, 179, 92, 125, 181, 124, 91, 195, 95, 87, 281, 102, 90, 181, 87, 126, 190, 93, 91, 175, 141, 93, 204, 83, 103, 244, 91, 102, 188, 90, 116, 211, 93, 118, 177, 121, 93, 194, 102, 93, 256, 89, 93, 182, 95, 148, 199, 91, 94, 180, 117, 88, 218, 93, 95, 262, 96, 93, 184, 114, 125, 178, 93, 95, 182, 120, 125, 182, 95, 92, 246, 87, 101, 226, 90, 129, 178, 104, 95, 173, 141, 90, 191, 96, 96, 273, 84, 104, 220, 89, 117, 178, 88, 91, 214, 127, 94, 191, 96, 101, 242, 110, 95, 202, 90, 133, 185, 96, 119, 183, 136, 99, 184, 89, 93, 303, 89, 93, 191, 92, 126, 203, 122, 96, 210, 120, 102, 177, 90, 115, 247, 98, 105, 182, 92, 128, 209, 101, 90, 193, 124, 96, 175, 123, 92, 241, 86, 93, 186, 90, 164, 194, 100, 98, 211, 123, 104, 227, 96, 89, 259, 98, 87, 199, 104, 136, 184, 94, 90, 190, 119, 110, 182, 96, 90, 245, 109, 96, 224, 96, 121, 188, 101, 98, 176, 150, 95, 211, 100, 102, 252, 87, 116, 189, 97, 122, 183, 93, 108, 215, 138, 97, 215, 88, 96, 249, 118, 99, 197, 102, 120, 184, 87, 112, 179, 133, 96, 189, 89, 94, 329, 96, 95, 204, 98, 129, 181, 116, 107, 186, 124, 103, 188, 96, 109, 252, 93, 97, 179, 91, 121, 254, 104, 95, 186, 116, 97, 183, 118, 93, 261, 86, 87, 209, 107, 155, 189, 91, 105, 189, 121, 97, 233, 107, 107, 249, 95, 100, 189, 123, 129, 182, 94, 94, 203, 148, 113, 194, 93, 95, 264, 95, 90, 229, 89, 120, 215, 96, 92, 182, 152, 99, 214, 108, 107, 243, 92, 123, 203, 100, 138, 183, 85, 95, 223, 125, 99, 199, 105, 96, 255, 115, 111, 188, 94, 126, 185, 104, 114, 225, 130, 98, 193, 96, 97, 298, 97, 108, 195, 102, 142, 199, 120, 91, 186, 128, 102, 197, 99, 113, 257, 106, 93, 213, 88, 145, 224, 94, 93, 187, 135, 100, 209, 117, 97, 253, 97, 105, 211, 86, 170, 199, 101, 109, 188, 123, 94, 232, 97, 104, 257, 104, 103, 202, 120, 130, 199, 104, 102, 193, 123, 121, 191, 94, 110, 295, 97, 98, 245, 90, 132, 194, 93, 94, 199, 159, 109, 221, 96, 97, 261, 77, 127, 197, 91, 137, 190, 117, 93, 234, 135, 100, 194, 93, 106, 264, 112, 97, 212, 91, 126, 191, 93, 124, 202, 123, 105, 192, 99, 114, 324, 101, 110, 194, 97, 140, 220, 119, 98, 191, 140, 101, 197, 96, 118, 284, 93, 101, 193, 106, 121, 254, 98, 104, 184, 134, 99, 192, 117, 102, 254, 96, 128, 195, 103, 161, 193, 103, 101, 196, 133, 101, 235, 113, 93, 286, 108, 99, 194, 124, 135, 185, 98, 90, 219, 132, 117, 191, 108, 99, 260, 103, 99, 230, 98, 151, 205, 102, 110, 200, 147, 118, 205, 95, 101, 258, 101, 118, 206, 94, 135, 206, 98, 100, 259, 124, 98, 219, 96, 91, 264, 129, 104, 196, 100, 130, 195, 103, 130, 202, 144, 104, 204, 86, 99, 316, 102, 104, 208, 110, 156, 200, 117, 101, 196, 146, 103, 214, 96, 118, 301, 98, 102, 211, 94, 134, 233, 100, 109, 223, 141, 112, 200, 122, 108, 266, 105, 103, 202, 103, 162, 200, 113, 113, 196, 126, 95, 248, 98, 105, 269, 113, 99, 217, 120, 139, 194, 93, 104, 195, 136, 135, 211, 103, 110, 269, 102, 98, 255, 99, 127, 197, 99, 92, 192, 191, 99, 209, 104, 99, 263, 93, 121, 194, 106, 139, 238, 104, 109, 235, 132, 97, 203, 105, 102, 256, 113, 109, 190, 99, 131, 218, 112, 119, 198, 137, 92, 198, 110, 96, 315, 99, 101, 208, 109, 136, 200, 120, 102, 241, 131, 100, 201, 109, 124, 254, 97, 116, 194, 96, 157, 244, 106, 100, 204, 124, 101, 194, 114, 109, 292, 111, 101, 214, 96, 162, 212, 107, 101, 204, 123, 98, 264, 124, 112, 271, 102, 112, 194, 122, 138, 199, 107, 118, 200, 130, 136, 196, 106, 105, 294, 98, 101, 234, 111, 132, 216, 100, 100, 213, 161, 118, 206, 103, 96, 304, 93, 135, 203, 102, 141, 203, 113, 104, 247, 136, 117, 200, 103, 104, 277, 113, 102, 216, 98, 156, 199, 109, 130, 215, 129, 103, 200, 98, 101, 330, 110, 108, 245, 107, 135, 218, 130, 115, 214, 133, 109, 202, 102, 138, 277, 108, 117, 209, 98, 141, 252, 97, 113, 194, 152, 113, 209, 116, 114, 281, 103, 106, 206, 94, 170, 231, 98, 98, 204, 141, 111, 291, 97, 103, 269, 114, 121, 212, 119, 139, 197, 106, 111, 196, 142, 125, 215, 118, 103, 279, 104, 100, 248, 98, 138, 201, 98, 112, 219, 166, 112, 218, 109, 110, 279, 98, 127, 205, 107, 164, 230, 100, 99, 245, 129, 112, 206, 103, 106, 274, 142, 108, 217, 113, 135, 194, 92, 134, 226, 137, 115, 237, 99, 105, 323, 102, 122, 216, 107, 139, 207, 119, 122, 210, 134, 109, 210, 110, 126, 302, 104, 116, 205, 110, 153, 255, 92, 98, 199, 135, 104, 205, 135, 106, 304, 100, 111, 211, 96, 172, 212, 108, 105, 208, 141, 130, 249, 100, 98, 263, 103, 110, 214, 121, 145, 225, 107, 109, 241, 137, 119, 218, 96, 103, 280, 95, 102, 290, 102, 144, 192, 108, 106, 200, 169, 113, 216, 103, 116, 280, 99, 129, 216, 105, 155, 212, 106, 105, 254, 155, 113, 204, 111, 118, 271, 121, 106, 216, 97, 138, 228, 103, 128, 203, 138, 113, 212, 105, 101, 340, 114, 115, 229, 106, 149, 200, 120, 116, 210, 148, 113, 205, 119, 139, 281, 105, 117, 208, 99, 141, 251, 107, 102, 239, 145, 107, 232, 125, 112, 285, 96, 110, 198, 102, 192, 205, 111, 113, 217, 142, 112, 256, 100, 102, 287, 117, 112, 201, 123, 156, 237, 102, 112, 214, 133, 126, 231, 111, 102, 289, 95, 111, 262, 110, 145, 231, 101, 130, 205, 173, 113, 205, 105, 101, 277, 104, 127, 211, 135, 140, 217, 107, 105, 255, 145, 111, 208, 99, 105, 311, 131, 115, 210, 104, 141, 231, 112, 143, 210, 139, 123, 232, 105, 111, 362, 111, 108, 216, 109, 138, 205, 139, 108, 208, 137, 109, 225, 118, 144, 288, 106, 107, 230, 97, 140, 266, 112, 107, 210, 133, 123, 226, 125, 118, 282, 115, 104, 219, 104, 170, 200, 108, 111, 242, 153, 103, 240, 108, 112, 287, 106, 107, 231, 120, 151, 231, 115, 109, 203, 139, 135, 210, 109, 114, 301, 104, 118, 251, 99, 162, 209, 103, 110, 222, 172, 109, 217, 121, 103, 291, 106, 135, 241, 105, 136, 220, 111, 118, 275, 141, 120, 224, 113, 108, 291, 134, 110, 213, 104, 159, 212, 98, 137, 229, 147, 112, 218, 106, 120, 350, 121, 122, 220, 106, 147, 209, 122, 104, 216, 145, 120, 263, 99, 123, 291, 106, 106, 216, 108, 132, 268, 107, 125, 226, 157, 107, 209, 138, 109, 279, 102, 104, 215, 115, 179, 215, 108, 120, 213, 155, 108, 257, 106, 106, 340, 109, 109, 218, 129, 148, 234, 108, 105, 218, 143, 144, 226, 102, 119, 286, 102, 117, 266, 118, 142, 218, 124, 120, 214, 174, 113, 216, 112, 101, 290, 108, 152, 246, 120, 146, 212, 106, 113, 252, 139, 112, 218, 110, 121, 321, 129, 109, 227, 105, 146, 238, 115, 127, 212, 163, 110, 216, 119, 113, 348, 106, 113, 231, 108, 148, 247, 130, 115, 220, 142, 137, 217, 109, 133, 292, 109, 125, 227, 114, 141, 256, 112, 111, 233, 155, 111, 206, 152, 112, 301, 108, 109, 222, 108, 174, 221, 115, 107, 237, 137, 109, 272, 115, 109, 289, 113, 114, 215, 133, 173, 214, 112, 122, 213, 140, 138, 234, 100, 112, 296, 110, 104, 279, 106, 148, 219, 116, 122, 220, 184, 112, 256, 116, 109, 288, 122, 131, 229, 113, 157, 223, 105, 126, 262, 148, 110, 225, 107, 116, 284, 133, 120, 242, 117, 147, 224, 115, 133, 214, 136, 117, 239, 110, 111, 393, 111, 117, 223, 110, 155, 225, 136, 115, 218, 161, 123, 211, 109, 131, 301, 108, 108, 218, 103, 158, 277, 130, 122, 217, 140, 113, 218, 127, 115, 300, 103, 104, 237, 113, 182, 240, 117, 118, 234, 147, 112, 264, 113, 123, 293, 105, 113, 218, 140, 158, 213, 110, 115, 226, 158, 143, 220, 111, 110, 285, 98, 116, 263, 108, 150, 247, 117, 116, 222, 164, 116, 222, 122, 108, 316, 105, 153, 236, 112, 147, 221, 105, 118, 277, 151, 122, 215, 128, 110, 319, 125, 115, 222, 107, 148, 235, 110, 135, 254, 152, 131, 220, 111, 115, 350, 112, 122, 230, 105, 160, 223, 135, 113, 250, 163, 113, 228, 114, 129, 295, 124, 120, 216, 119, 154, 258, 121, 109, 231, 138, 113, 246, 133, 117, 292, 113, 109, 224, 109, 191, 239, 117, 137, 215, 148, 116, 261, 103, 114, 294, 115, 112, 264, 142, 148, 221, 107, 116, 241, 145, 138, 218, 111, 114, 327, 121, 108, 270, 112, 168, 225, 121, 115, 218, 201, 122, 226, 109, 115, 291, 104, 153, 238, 116, 147, 228, 123, 116, 262, 153, 122, 253, 107, 119, 302, 131, 116, 251, 117, 159, 233, 108, 144, 229, 170, 116, 213, 113, 133, 379, 114, 113, 223, 107, 155, 225, 135, 123, 232, 166, 113, 236, 108, 144, 302, 115, 112, 246, 116, 152, 328, 115, 111, 221, 145, 115, 227, 133, 116, 297, 109, 123, 242, 120, 184, 227, 109, 121, 216, 148, 122, 280, 128, 115, 310, 111, 129, 229, 129, 167, 220, 114, 115, 255, 153, 137, 243, 117, 113, 341, 101, 111, 278, 118, 172, 215, 118, 112, 231, 178, 111, 227, 129, 117, 302, 129, 134, 250, 120, 157, 224, 110, 125, 292, 142, 129, 268, 113, 119, 301, 144, 123, 225, 116, 170, 224, 117, 165, 244, 155, 128, 231, 113, 123, 376, 112, 114, 229, 122, 163, 223, 141, 119, 237, 152, 124, 226, 125, 139, 348, 114, 122, 230, 114, 180, 278, 113, 121, 229, 146, 135, 222, 150, 118, 324, 108, 121, 242, 106, 179, 223, 128, 121, 220, 148, 115, 281, 116, 114, 308, 122, 135, 250, 123, 166, 242, 115, 119, 226, 155, 140, 235, 118, 145, 313, 106, 115, 274, 122, 164, 248, 117, 113, 229, 202, 121, 251, 106, 111, 300, 109, 140, 237, 115, 163, 268, 115, 124, 278, 167, 123, 247, 115, 123, 306, 135, 135, 231, 104, 158, 221, 122, 170, 235, 148, 122, 234, 133, 124, 363, 112, 116, 230, 113, 169, 255, 135, 117, 264, 163, 115, 219, 119, 136, 308, 108, 117, 247, 124, 176, 283, 124, 121, 240, 151, 120, 246, 141, 112, 312, 134, 129, 232, 112, 192, 240, 124, 129, 232, 158, 114, 302, 121, 123, 344, 121, 116, 232, 132, 158, 236, 119, 139, 233, 151, 159, 229, 119, 128, 317, 122, 117, 291, 132, 174, 246, 118, 125, 242, 176, 134, 235, 116, 116, 368, 116, 147, 259, 118, 157, 234, 121, 125, 320, 153, 134, 239, 118, 118, 311, 136, 122, 240, 112, 175, 229, 144, 162, 236, 149, 124, 238, 118, 122, 365, 112, 125, 279, 120, 164, 239, 158, 128, 229, 163, 118, 244, 115, 164, 308, 116, 118, 257, 111, 165, 296, 125, 119, 248, 186, 124, 254, 145, 115, 322, 125, 123, 248, 116, 197, 255, 116, 116, 229, 159, 128, 300, 115, 132, 328, 124, 140, 253, 142, 158, 251, 112, 115, 238, 158, 147, 254, 140, 124, 334, 105, 114, 302, 127, 173, 238, 119, 115, 261, 199, 128, 241, 126, 127, 346, 109, 138, 228, 121, 184, 232, 119, 140, 302, 153, 130, 240, 126, 118, 311, 152, 134, 233, 129, 153, 254, 114, 140, 241, 159, 130, 268, 124, 118, 392, 107, 124, 230, 145, 157, 223, 144, 143, 232, 152, 128, 258, 122, 148, 322, 116, 143, 234, 127, 156, 305, 126, 118, 241, 160, 124, 244, 142, 121, 386, 125, 120, 249, 118, 205, 251, 119, 131, 234, 158, 127, 285, 144, 120, 325, 118, 127, 243, 130, 165, 241, 135, 122, 237, 170, 162, 244, 129, 122, 328, 119, 118, 316, 116, 160, 237, 118, 128, 256, 188, 126, 262, 126, 151, 316, 117, 142, 243, 113, 167, 259, 137, 126, 298, 177, 132, 246, 126, 134, 324, 149, 126, 267, 117, 177, 259, 128, 151, 249, 156, 124, 242, 120, 124, 394, 125, 141, 269, 112, 156, 244, 153, 124, 259, 167, 133, 236, 138, 152, 344, 131, 127, 258, 112, 168, 286, 126, 129, 266, 172, 135, 232, 141, 130, 331, 119, 121, 247, 118, 237, 248, 119, 122, 251, 158, 123, 313, 118, 127, 359, 137, 126, 247, 140, 165, 245, 128, 123, 235, 179, 155, 261, 121, 125, 330, 116, 128, 288, 126, 168, 250, 114, 157, 255, 204, 128, 251, 126, 125, 322, 129, 149, 257, 133, 172, 264, 121, 125, 292, 173, 138, 245, 123, 125, 349, 152, 120, 266, 124, 174, 245, 114, 151, 229, 161, 141, 271, 132, 121, 391, 110, 141, 241, 121, 168, 246, 163, 131, 255, 163, 127, 249, 125, 149, 377, 131, 124, 275, 119, 168, 296, 126, 123, 248, 166, 126, 253, 164, 132, 321, 116, 136, 252, 127, 218, 236, 122, 120, 231, 171, 139, 296, 118, 127, 347, 119, 127, 263, 156, 172, 270, 129, 124, 274, 179, 154, 255, 126, 128, 340, 119, 133, 312, 120, 165, 262, 132, 127, 242, 193, 122, 242, 147, 128, 332, 120, 153, 264, 129, 188, 257, 121, 139, 335, 165, 127, 256, 127, 125, 334, 139, 135, 270, 124, 179, 261, 124, 149, 240, 180, 139, 246, 121, 117, 376, 155, 122, 242, 130, 164, 258, 147, 125, 254, 161, 129, 295, 124, 168, 321, 121, 131, 255, 120, 173, 299, 122, 138, 238, 172, 125, 269, 144, 135, 336, 124, 133, 247, 132, 207, 235, 128, 129, 242, 169, 133, 318, 129, 136, 370, 128, 127, 258, 139, 162, 263, 127, 141, 255, 164, 166, 261, 128, 129, 333, 109, 125, 335, 129, 181, 281, 132, 120, 255, 187, 123, 242, 134, 128, 330, 116, 152, 288, 128, 182, 249, 132, 124, 297, 169, 129, 240, 139, 142, 335, 145, 142, 248, 123, 175, 257, 133, 153, 244, 182, 124, 251, 124, 122, 433, 109, 125, 254, 123, 166, 279, 150, 127, 261, 156, 128, 250, 143, 147, 366, 114, 144, 263, 124, 176, 298, 133, 134, 256, 166, 156, 251, 169, 140, 344, 130, 130, 253, 124, 196, 237, 137, 125, 310, 160, 129, 313, 132, 131, 338, 127, 124, 252, 150, 184, 246, 143, 151, 249, 158, 165, 271, 124, 128, 363, 135, 129, 312, 120, 187, 255, 119, 134, 251, 206, 127, 302, 131, 128, 357, 123, 168, 283, 122, 170, 253, 122, 140, 305, 169, 139, 253, 127, 140, 348, 172, 133, 256, 157, 170, 240, 126, 162, 250, 165, 130, 253, 121, 136, 446, 129, 130, 258, 130, 187, 268, 150, 129, 248, 163, 141, 272, 137, 161, 343, 115, 132, 264, 125, 162, 292, 138, 146, 268, 182, 141, 252, 155, 133, 371, 122, 131, 280, 117, 208, 255, 117, 156, 270, 181, 133, 315, 136, 145, 356, 122, 134, 263, 156, 174, 282, 122, 133, 256, 190, 159, 289, 126, 139, 333, 121, 136, 311, 142, 173, 281, 119, 131, 248, 196, 133, 246, 131, 130, 333, 134, 189, 266, 131, 180, 277, 127, 132, 312, 176, 126, 261, 147, 132, 366, 155, 126, 267, 117, 178, 235, 129, 152, 282, 181, 133, 251, 140, 136, 408, 122, 137, 288, 121, 193, 253, 148, 127, 264, 164, 141, 271, 135, 169, 350, 143, 143, 258, 123, 186, 306, 129, 131, 277, 165, 135, 283, 157, 126, 339, 121, 134, 283, 117, 217, 249, 145, 146, 260, 167, 136, 308, 136, 136, 356, 128, 129, 259, 169, 190, 261, 132, 140, 270, 163, 154, 259, 134, 130, 379, 121, 141, 335, 121, 178, 256, 137, 133, 248, 207, 168, 278, 122, 130, 336, 132, 165, 257, 127, 175, 254, 140, 131, 316, 168, 129, 258, 142, 151, 355, 144, 130, 286, 123, 188, 256, 131, 155, 267, 175, 131, 273, 122, 149, 433, 122, 132, 260, 140, 166, 257, 149, 126, 251, 202, 126, 255, 136, 164, 346, 119, 137, 259, 121, 165, 336, 135, 157, 255, 168, 134, 266, 152, 138, 344, 132, 149, 262, 126, 206, 293, 130, 126, 247, 171, 138, 325, 135, 133, 342, 132, 132, 254, 161, 177, 279, 144, 131, 285, 172, 161, 258, 135, 138, 344, 129, 137, 311, 132, 200, 256, 130, 147, 263, 203, 138, 261, 131, 134, 382, 142, 155, 266, 118, 188, 280, 141, 130, 310, 183, 131, 295, 139, 135, 334, 154, 130, 266, 125, 174, 264, 133, 177, 277, 175, 145, 282, 123, 133, 425, 122, 133, 257, 143, 181, 253, 158, 142, 299, 162, 135, 270, 134, 168, 395, 142, 134, 262, 128, 174, 317, 143, 147, 261, 165, 152, 266, 162, 125, 352, 139, 153, 261, 128, 231, 253, 151, 141, 260, 182, 126, 315, 131, 128, 347, 139, 133, 343, 153, 179, 265, 132, 136, 262, 169, 161, 259, 140, 146, 340, 141, 126, 332, 142, 196, 254, 119, 141, 276, 240, 134, 270, 129, 143, 345, 135, 161, 267, 120, 186, 309, 129, 134, 317, 180, 135, 306, 133, 141, 347, 150, 153, 268, 122, 182, 253, 125, 161, 286, 193, 135, 262, 136, 134, 420, 125, 135, 287, 127, 194, 256, 162, 150, 297, 179, 142, 257, 141, 169, 347, 127, 138, 267, 124, 205, 348, 144, 142, 256, 170, 131, 268, 181, 136, 360, 148, 135, 271, 141, 212, 265, 127, 141, 266, 178, 141, 349, 140, 136, 402, 136, 151, 269, 162, 186, 281, 127, 157, 250, 170, 172, 268, 137, 144, 399, 121, 143, 317, 151, 184, 258, 134, 144, 251, 213, 138, 279, 146, 145, 408, 122, 166, 268, 151, 184, 263, 130, 134, 319, 176, 167, 276, 124, 146, 357, 160, 149, 272, 138, 180, 294, 165, 180, 293, 173, 133, 285, 132, 143, 439, 126, 138, 305, 129, 174, 266, 180, 142, 257, 168, 138, 295, 136, 187, 356, 137, 138, 279, 124, 213, 325, 128, 139, 264, 201, 131, 286, 159, 137, 353, 134, 134, 298, 128, 221, 299, 132, 147, 266, 179, 143, 340, 145, 133, 355, 141, 155, 290, 164, 196, 266, 131, 145, 265, 174, 179, 265, 142, 161, 366, 123, 132, 323, 128, 181, 276, 129, 137, 306, 216, 141, 295, 130, 144, 361, 141, 172, 279, 132, 194, 269, 131, 145, 311, 190, 147, 277, 141, 160, 358, 170, 133, 305, 130, 176, 261, 142, 184, 258, 177, 140, 310, 128, 143, 431, 126, 159, 276, 137, 195, 291, 168, 160, 280, 174, 145, 275, 130, 164, 359, 127, 137, 268, 157, 188, 351, 144, 146, 269, 182, 134, 273, 167, 134, 424, 124, 156, 266, 132, 238, 277, 137, 137, 296, 186, 154, 325, 140, 143, 383, 133, 139, 278, 149, 181, 280, 147, 142, 277, 179, 174, 274, 144, 148, 362, 128, 142, 371, 128, 188, 285, 139, 145, 276, 216, 152, 274, 139, 149, 366, 140, 171, 299, 142, 189, 266, 146, 133, 361, 200, 140, 284, 135, 144, 395, 161, 140, 274, 133, 190, 309, 161, 172, 286, 173, 154, 279, 136, 135, 447, 129, 172, 277, 138, 210, 265, 169, 154, 279, 184, 149, 264, 148, 169, 368, 132, 150, 315, 135, 196, 331, 141, 144, 304, 185, 139, 274, 164, 140, 396, 148, 145, 272, 134, 244, 297, 134, 146, 280, 200, 136, 341, 137, 156, 362, 154, 145, 278, 167, 195, 283, 140, 146, 283, 181, 157, 333, 131, 139, 367, 144, 135, 354, 149, 191, 263, 131, 162, 262, 250, 143, 289, 134, 145, 374, 136, 175, 287, 153, 181, 287, 133, 160, 330, 192, 149, 309, 135, 142, 417, 164, 143, 283, 141, 191, 295, 138, 179, 267, 188, 167, 270, 129, 142, 466, 134, 147, 277, 149, 198, 277, 183, 140, 271, 181, 146, 278, 143, 174, 374, 145, 153, 317, 140, 206, 337, 134, 149, 272, 177, 137, 290, 166, 163, 405, 141, 148, 297, 130, 230, 283, 141, 142, 281, 202, 147, 350, 143, 145, 380, 139, 148, 281, 155, 199, 321, 134, 144, 286, 184, 189, 278, 154, 137, 384, 145, 157, 342, 137, 192, 265, 149, 148, 304, 207, 137, 282, 165, 154, 384, 136, 178, 288, 143, 190, 289, 151, 144, 398, 183, 138, 284, 139, 151, 374, 166, 148, 279, 132, 233, 301, 144, 175, 293, 185, 148, 289, 150, 145, 421, 153, 158, 321, 137, 196, 287, 165, 142, 295, 197, 149, 313, 148, 182, 385, 145, 145, 283, 125, 199, 340, 144, 158, 284, 186, 148, 289, 166, 168, 410, 144, 149, 273, 145, 242, 284, 141, 152, 287, 180, 148, 384, 143, 143, 417, 142, 156, 305, 166, 191, 278, 138, 144, 293, 199, 195, 280, 140, 139, 396, 136, 148, 339, 149, 192, 283, 159, 152, 281, 231, 153, 292, 141, 142, 375, 130, 171, 305, 138, 200, 329, 142, 156, 348, 194, 152, 275, 138, 161, 373, 165, 148, 296, 150, 202, 292, 147, 188, 293, 219, 135, 288, 141, 142, 477, 148, 162, 290, 146, 194, 306, 168, 149, 275, 202, 145, 301, 134, 167, 418, 135, 165, 303, 149, 191, 334, 143, 149, 306, 190, 146, 311, 193, 152, 384, 137, 138, 283, 145, 232, 289, 148, 158, 319, 182, 160, 340, 146, 153, 377, 143, 154, 276, 175, 216, 280, 152, 145, 303, 192, 174, 322, 141, 152, 379, 167, 145, 335, 137, 186, 282, 150, 141, 278, 228, 146, 331, 151, 153, 383, 147, 179, 310, 147, 221, 290, 144, 159, 344, 186, 151, 289, 140, 153, 376, 157, 160, 337, 163, 219, 290, 150, 173, 286, 188, 145, 287, 148, 148, 517, 157, 156, 287, 133, 199, 306, 183, 152, 306, 177, 170, 288, 154, 190, 384, 138, 150, 290, 138, 189, 343, 158, 148, 302, 188, 133, 311, 176, 146, 379, 134, 151, 326, 139, 253, 280, 142, 152, 290, 198, 155, 357, 147, 165, 381, 142, 153, 300, 165, 212, 286, 135, 158, 288, 214, 169, 316, 155, 145, 384, 137, 141, 351, 145, 191, 351, 148, 154, 291, 235, 151, 288, 146, 147, 395, 139, 203, 276, 147, 216, 275, 146, 154, 349, 207, 149, 284, 165, 152, 386, 164, 173, 300, 140, 202, 286, 141, 182, 330, 184, 145, 294, 155, 156, 507, 141, 151, 285, 148, 223, 284, 175, 144, 286, 191, 150, 303, 155, 163, 386, 153, 164, 305, 144, 201, 377, 143, 144, 301, 198, 151, 318, 181, 151, 385, 135, 154, 288, 134, 244, 286, 156, 181, 332, 182, 144, 332, 151, 157, 394, 151, 151, 282, 186, 195, 296, 157, 156, 296, 204, 197, 296, 150, 146, 431, 147, 144, 356, 138, 222, 287, 150, 153, 289, 231, 162, 313, 143, 141, 419, 141, 172, 333, 133, 199, 289, 161, 150, 351, 198, 148, 309, 138, 165, 407, 180, 156, 324, 142, 196, 275, 140, 185, 293, 194, 141, 299, 136, 189, 459, 161, 151, 291, 141, 198, 284, 163, 153, 285, 221, 142, 322, 149, 179, 397, 132, 158, 323, 141, 193, 381, 139, 148, 296, 213, 153, 305, 181, 147, 396, 149, 175, 294, 133, 246, 285, 148, 162, 291, 190, 145, 344, 163, 157, 385, 155, 158, 305, 173, 196, 319, 149, 147, 341, 189, 184, 300, 150, 147, 401, 149, 149, 352, 155, 238, 279, 145, 148, 319, 236, 159, 304, 146, 145, 397, 150, 210, 294, 153, 195, 296, 151, 153, 373, 193, 162, 334, 150, 155, 428, 166, 148, 286, 141, 203, 280, 140, 203, 293, 190, 148, 302, 177, 160, 469, 152, 148, 297, 152, 196, 286, 171, 148, 293, 189, 158, 306, 141, 176, 460, 149, 161, 316, 147, 193, 353, 145, 150, 314, 191, 162, 300, 182, 141, 394, 133, 166, 296, 141, 242, 313, 174, 146, 305, 191, 156, 353, 148, 155, 392, 143, 154, 328, 181, 219, 293, 136, 158, 297, 207, 182, 318, 144, 161, 393, 144, 150, 397, 143, 208, 316, 150, 161, 284, 264, 161, 307, 148, 164, 391, 151, 186, 288, 151, 206, 329, 145, 157, 349, 185, 149, 326, 147, 168, 393, 177, 180, 311, 139, 199, 302, 152, 176, 294, 215, 149, 319, 153, 144, 477, 134, 160, 298, 148, 214, 301, 189, 153, 318, 210, 150, 314, 153, 185, 408, 142, 152, 292, 140, 237, 361, 162, 168, 303, 207, 158, 298, 186, 165, 386, 162, 159, 291, 144, 248, 322, 142, 150, 292, 191, 151, 413, 150, 149, 415, 153, 155, 292, 196, 215, 325, 154, 167, 300, 200, 179, 304, 153, 152, 404, 140, 169, 372, 180, 206, 281, 146, 147, 284, 231, 150, 296, 148, 157, 480, 138, 186, 304, 153, 221, 301, 150, 168, 348, 194, 169, 302, 162, 159, 394, 174, 158, 309, 142, 209, 295, 189, 181, 305, 195, 161, 321, 148, 152, 497, 149, 150, 346, 140, 196, 284, 177, 151, 348, 191, 152, 314, 144, 200, 426, 151, 164, 313, 141, 200, 361, 166, 155, 303, 216, 166, 305, 170, 152, 391, 151, 160, 308, 142, 276, 317, 147, 162, 302, 199, 157, 360, 162, 149, 395, 143, 171, 333, 170, 194, 287, 161, 155, 322, 197, 187, 303, 171, 159, 428, 173, 155, 361, 146, 204, 298, 146, 156, 326, 241, 167, 302, 166, 174, 404, 153, 199, 299, 149, 229, 299, 159, 155, 368, 218, 162, 323, 145, 156, 406, 195, 166, 315, 151, 207, 301, 140, 182, 302, 230, 156, 350, 147, 153, 490, 142, 165, 297, 151, 200, 316, 179, 191, 313, 201, 143, 306, 161, 191, 415, 156, 156, 304, 168, 202, 392, 149, 159, 299, 213, 153, 318, 194, 152, 457, 142, 161, 310, 154, 247, 304, 154, 158, 300, 218, 164, 386, 172, 147, 403, 152, 174, 321, 181, 202, 303, 169, 157, 307, 203, 190, 335, 145, 162, 445, 143, 141, 433, 157, 206, 295, 160, 148, 305, 238, 162, 319, 165, 186, 399, 154, 198, 300, 147, 200, 301, 160, 158, 355, 218, 165, 312, 153, 166, 404, 198, 166, 309, 161, 201, 345, 160, 187, 347, 199, 165, 305, 143, 167, 489, 158, 174, 332, 155, 204, 295, 203, 154, 299, 196, 152, 321, 178, 188, 452, 161, 160, 312, 146, 231, 357, 153, 165, 337, 219, 158, 309, 175, 155, 417, 148, 151, 334, 152, 277, 311, 164, 166, 293, 199, 153, 358, 155, 156, 411, 184, 163, 312, 185, 214, 298, 145, 161, 343, 205, 179, 346, 154, 173, 422, 156, 152, 375, 152, 214, 305, 143, 162, 308, 249, 168, 346, 148, 156, 414, 152, 199, 307, 169, 201, 327, 148, 161, 379, 219, 163, 296, 162, 152, 453, 195, 155, 303, 146, 202, 312, 161, 198, 291, 195, 177, 311, 156, 166, 530, 154, 170, 322, 158, 219, 323, 211, 149, 297, 188, 146, 311, 157, 181, 413, 144, 163, 335, 174, 194, 365, 168, 153, 322, 206, 144, 317, 176, 178, 415, 151, 188, 322, 163, 256, 317, 156, 154, 312, 226, 149, 376, 163, 164, 467, 155, 149, 310, 186, 207, 360, 154, 150, 321, 209, 185, 321, 176, 163, 409, 153, 193, 381, 165, 231, 320, 154, 172, 321, 241, 171, 313, 170, 157, 419, 153, 186, 315, 153, 209, 331, 150, 159, 444, 219, 145, 311, 163, 151, 399, 197, 162, 304, 165, 236, 318, 176, 197, 315, 211, 154, 336, 165, 154, 496, 177, 160, 318, 155, 232, 301, 190, 165, 328, 212, 151, 351, 157, 207, 419, 152, 160, 345, 152, 210, 376, 168, 173, 308, 209, 154, 324, 185, 159, 424, 184, 162, 330, 173, 255, 314, 152, 163, 318, 219, 169, 375, 162, 177, 449, 157, 167, 345, 178, 221, 313, 157, 165, 308, 232, 207, 346, 159, 163, 423, 149, 164, 380, 155, 228, 314, 173, 165, 323, 270, 166, 339, 159, 164, 414, 158, 187, 363, 143, 209, 320, 160, 165, 377, 205, 157, 310, 170, 177, 449, 184, 152, 311, 168, 210, 342, 158, 182, 334, 234, 164, 308, 152, 155, 516, 154, 162, 315, 192, 214, 346, 184, 163, 312, 213, 165, 314, 167, 192, 416, 156, 186, 321, 175, 203, 384, 147, 179, 338, 207, 160, 315, 229, 163, 471, 154, 162, 319, 161, 251, 322, 160, 152, 348, 214, 164, 421, 178, 170, 458, 157, 153, 310, 188, 229, 311, 167, 161, 318, 211, 209, 325, 165, 159, 418, 178, 165, 373, 163, 224, 322, 162, 166, 357, 243, 159, 371, 156, 162, 413, 160, 206, 332, 167, 231, 313, 171, 177, 373, 210, 161, 346, 179, 160, 432, 191, 163, 313, 171, 226, 332, 167, 190, 352, 214, 157, 318, 165, 155, 571, 165, 179, 349, 152, 214, 327, 192, 170, 327, 214, 187, 324, 182, 190, 411, 170, 161, 321, 159, 206, 382, 178, 169, 323, 227, 163, 319, 188, 182, 427, 163, 172, 363, 159, 256, 314, 157, 161, 324, 223, 152, 447, 150, 175, 433, 163, 158, 337, 183, 216, 323, 170, 162, 321, 259, 187, 321, 161, 168, 450, 152, 159, 387, 161, 217, 349, 166, 166, 331, 272, 164, 325, 161, 164, 442, 168, 208, 320, 155, 216, 351, 160, 155, 404, 216, 158, 328, 186, 169, 422, 200, 153, 344, 173, 208, 317, 163, 195, 366, 218, 152, 325, 160, 160, 520, 158, 185, 331, 155, 255, 330, 205, 160, 306, 215, 153, 322, 163, 192, 460, 181, 165, 311, 152, 214, 377, 184, 158, 310, 208, 152, 359, 216, 167, 431, 159, 166, 302, 157, 272, 334, 170, 176, 356, 199, 186, 388, 161, 172, 416, 160, 160, 344, 215, 219, 328, 169, 165, 364, 216, 214, 329, 161, 162, 492, 164, 160, 396, 161, 215, 324, 178, 158, 321, 250, 189, 337, 176, 158, 423, 154, 198, 324, 170, 241, 321, 176, 164, 380, 222, 151, 321, 154, 160, 460, 191, 155, 385, 159, 210, 317, 154, 206, 317, 220, 166, 329, 159, 184, 516, 167, 186, 337, 161, 224, 316, 192, 160, 316, 241, 156, 338, 159, 214, 422, 162, 162, 306, 167, 218, 429, 169, 159, 300, 210, 179, 359, 184, 167, 440, 166, 182, 334, 158, 265, 353, 159, 168, 326, 229, 165, 375, 182, 173, 434, 159, 160, 329, 208, 230, 318, 163, 190, 339, 208, 186, 326, 163, 174, 428, 151, 168, 395, 161, 250, 355, 163, 156, 331, 267, 172, 334, 160, 157, 421, 175, 190, 323, 176, 216, 307, 169, 164, 384, 212, 167, 372, 173, 158, 438, 196, 173, 327, 154, 231, 331, 159, 226, 311, 210, 168, 320, 173, 174, 559, 157, 173, 332, 175, 212, 316, 197, 162, 319, 214, 167, 317, 178, 196, 486, 161, 166, 321, 156, 203, 397, 164, 161, 342, 213, 204, 316, 201, 162, 424, 164, 170, 347, 165, 261, 343, 170, 161, 362, 225, 160, 379, 164, 172, 429, 157, 168, 364, 185, 228, 319, 169, 170, 324, 223, 195, 336, 169, 193, 421, 163, 165, 392, 155, 244, 305, 176, 150, 324, 278, 166, 326, 163, 155, 424, 162, 213, 375, 155, 225, 368, 162, 164, 425, 231, 170, 328, 164, 166, 429, 224, 187, 322, 154, 211, 323, 165, 200, 328, 215, 177, 343, 178, 176, 539, 155, 163, 324, 155, 223, 320, 196, 156, 366, 206, 176, 366, 168, 210, 447, 171, 162, 331, 163, 242, 399, 163, 167, 324, 253, 169, 327, 195, 153, 491, 175, 165, 311, 159, 265, 323, 158, 174, 330, 214, 171, 437, 171, 167, 434, 162, 174, 316, 216, 218, 364, 157, 177, 323, 236, 202, 348, 172, 166, 435, 164, 157, 381, 207, 228, 335, 164, 174, 346, 258, 181, 323, 161, 164, 489, 154, 221, 331, 166, 222, 353, 163, 166, 401, 225, 190, 362, 161, 167, 480, 188, 178, 327, 170, 209, 327, 193, 207, 326, 234, 168, 333, 180, 169, 537, 176, 164, 383, 166, 221, 320, 203, 169, 331, 239, 188, 335, 169, 226, 451, 164, 176, 325, 161, 237, 408, 168, 162, 358, 245, 165, 361, 198, 173, 438, 168, 175, 350, 168, 264, 363, 181, 162, 357, 229, 168, 396, 172, 173, 449, 159, 185, 339, 192, 252, 320, 164, 165, 335, 213, 202, 326, 189, 167, 434, 177, 170, 421, 156, 222, 346, 167, 166, 371, 256, 174, 340, 159, 170, 443, 176, 212, 347, 171, 245, 333, 170, 157, 397, 213, 168, 332, 172, 179, 441, 219, 172, 347, 163, 242, 350, 169, 197, 336, 225, 171, 418, 162, 166, 551, 168, 174, 320, 166, 223, 319, 207, 189, 340, 248, 172, 336, 170, 200, 445, 159, 168, 328, 194, 241, 389, 170, 184, 360, 224, 157, 327, 214, 180, 489, 167, 167, 329, 154, 271, 365, 165, 171, 328, 220, 207, 418, 178, 167, 430, 173, 168, 367, 215, 221, 337, 183, 165, 344, 218, 197, 331, 177, 160, 447, 161, 177, 446, 159, 229, 340, 181, 165, 330, 279, 165, 326, 169, 187, 526, 157, 216, 333, 166, 225, 342, 161, 168, 389, 247, 184, 321, 185, 178, 458, 192, 183, 339, 175, 210, 371, 173, 194, 339, 212, 189, 339, 170, 167, 558, 165, 183, 338, 175, 217, 329, 214, 174, 357, 225, 165, 330, 187, 213, 453, 164, 163, 335, 180, 219, 434, 191, 167, 365, 231, 176, 337, 201, 180, 477, 166, 174, 335, 164, 329, 337, 173, 203, 336, 216, 178, 408, 166, 169, 443, 196, 181, 371, 192, 236, 333, 172, 175, 330, 239, 203, 405, 173, 176, 458, 179, 167, 405, 168, 223, 335, 167, 182, 345, 266, 174, 356, 172, 177, 460, 186, 203, 341, 185, 226, 335, 173, 159, 411, 225, 181, 373, 170, 182, 512, 209, 169, 345, 163, 237, 338, 174, 209, 366, 257, 188, 335, 167, 176, 527, 181, 175, 334, 155, 220, 352, 231, 188, 368, 219, 168, 361, 178, 206, 455, 169, 172, 392, 167, 240, 440, 173, 172, 332, 239, 179, 339, 218, 192, 455, 169, 177, 337, 175, 305, 340, 170, 167, 333, 259, 177, 412, 181, 165, 466, 171, 201, 338, 208, 221, 375, 187, 162, 339, 226, 200, 364, 176, 177, 497, 163, 181, 427, 177, 224, 365, 169, 169, 351, 283, 174, 342, 212, 166, 450, 163, 204, 329, 165, 232, 345, 161, 166, 459, 232, 200, 339, 180, 176, 467, 194, 181, 344, 155, 266, 340, 184, 199, 389, 220, 178, 352, 175, 187, 541, 184, 178, 345, 171, 239, 349, 219, 171, 338, 214, 161, 391, 184, 211, 477, 172, 174, 366, 164, 244, 404, 174, 200, 343, 225, 168, 362, 208, 171, 454, 168, 195, 367, 181, 274, 345, 175, 176, 341, 229, 178, 411, 167, 180, 524, 183, 172, 343, 223, 248, 343, 171, 162, 344, 234, 239, 348, 176, 187, 447, 167, 180, 416, 177, 233, 357, 184, 169, 328, 279, 177, 378, 183, 176, 483, 172, 217, 386, 165, 218, 363, 174, 186, 415, 255, 166, 343, 175, 193, 464, 204, 178, 340, 178, 227, 364, 177, 227, 348, 261, 179, 346, 166, 178, 554, 166, 184, 349, 175, 233, 425, 205, 183, 331, 228, 168, 374, 181, 216, 471, 169, 186, 338, 195, 232, 403, 170, 172, 339, 227, 178, 372, 226, 192, 464, 157, 188, 353, 177, 273, 347, 185, 172, 376, 219, 165, 422, 176, 177, 495, 202, 179, 350, 206, 249, 353, 171, 174, 344, 220, 211, 353, 187, 182, 480, 188, 166, 467, 184, 245, 336, 167, 170, 338, 273, 189, 393, 190, 167, 451, 171, 201, 348, 165, 247, 344, 179, 211, 457, 238, 180, 347, 177, 179, 460, 206, 183, 359, 182, 248, 337, 211, 209, 357, 231, 178, 343, 182, 168, 615, 182, 187, 357, 167, 260, 333, 195, 175, 371, 230, 193, 341, 181, 209, 453, 168, 183, 391, 172, 224, 426, 195, 176, 360, 232, 186, 342, 204, 175, 454, 186, 164, 381, 174, 276, 368, 169, 179, 363, 235, 172, 419, 184, 209, 457, 182, 191, 345, 198, 242, 340, 172, 166, 347, 272, 221, 390, 171, 175, 497, 175, 171, 410, 177, 233, 375, 170, 183, 353, 314, 182, 363, 173, 190, 456, 177, 250, 339, 163, 241, 343, 163, 194, 420, 231, 169, 352, 199, 177, 466, 204, 171, 387, 182, 235, 391, 181, 206, 396, 227, 177, 344, 186, 173, 547, 171, 191, 344, 190, 267, 369, 223, 182, 360, 234, 184, 357, 190, 221, 467, 187, 194, 343, 172, 249, 440, 174, 187, 352, 233, 179, 391, 216, 173, 490, 168, 179, 344, 182, 281, 348, 174, 182, 339, 254, 175, 425, 191, 171, 502, 179, 178, 352, 234, 233, 351, 173, 180, 347, 229, 242, 391, 172, 174, 521, 179, 171, 432, 179, 226, 346, 183, 182, 368, 279, 201, 351, 170, 191, 476, 181, 216, 369, 177, 255, 349, 217, 191, 416, 248, 186, 349, 177, 179, 481, 219, 174, 388, 164, 248, 346, 178, 214, 363, 229, 174, 385, 186, 198, 573, 189, 186, 414, 176, 223, 356, 215, 178, 353, 254, 177, 346, 174, 225, 491, 204, 176, 354, 174, 245, 482, 175, 170, 348, 237, 170, 357, 214, 193, 472, 181, 199, 348, 160, 297, 342, 195, 180, 353, 240, 170, 458, 199, 191, 475, 179, 179, 365, 198, 232, 356, 175, 175, 435, 248, 209, 353, 177, 194, 488, 165, 175, 429, 180, 266, 354, 195, 199, 353, 280, 196, 349, 191, 180, 450, 195, 211, 369, 178, 240, 383, 164, 170, 420, 232, 182, 391, 200, 182, 503, 208, 177, 348, 191, 240, 378, 175, 234, 355, 227, 191, 366, 180, 183, 605, 179, 200, 349, 194, 236, 378, 203, 190, 361, 241, 181, 355, 178, 214, 573, 176, 193, 357, 181, 255, 422, 173, 177, 337, 264, 199, 350, 234, 179, 476, 182, 189, 357, 190, 281, 348, 186, 182, 355, 239, 195, 430, 184, 195, 471, 173, 176, 391, 218, 226, 379, 174, 181, 403, 226, 219, 375, 172, 198, 478, 190, 173, 454, 174, 243, 358, 200, 193, 354, 318, 188, 361, 180, 173, 474, 175, 227, 394, 172, 266, 412, 188, 189, 420, 254, 180, 371, 191, 190, 470, 221, 209, 388, 181, 245, 362, 185, 224, 356, 254, 200, 389, 198, 191, 578, 196, 187, 364, 181, 244, 357, 217, 177, 405, 237, 174, 362, 189, 244, 502, 182, 185, 375, 180, 261, 436, 179, 182, 349, 228, 180, 394, 221, 183, 475, 206, 185, 353, 182, 289, 356, 178, 184, 361, 252, 188, 476, 194, 184, 467, 173, 186, 381, 209, 250, 349, 176, 224, 349, 249, 218, 362, 182, 182, 506, 195, 187, 458, 217, 256, 398, 180, 177, 360, 296, 185, 392, 178, 185, 527, 183, 222, 366, 184, 237, 369, 187, 171, 424, 239, 195, 369, 191, 192, 473, 232, 193, 349, 169, 248, 350, 202, 215, 390, 241, 178, 355, 182, 202, 635, 188, 193, 413, 177, 277, 360, 220, 177, 362, 232, 188, 364, 210, 250, 482, 171, 191, 371, 177, 237, 426, 185, 179, 391, 261, 192, 374, 242, 175, 473, 179, 184, 347, 178, 293, 399, 180, 186, 384, 232, 190, 445, 198, 177, 541, 177, 209, 355, 223, 237, 383, 195, 181, 384, 236, 229, 361, 202, 179, 487, 175, 207, 433, 178, 272, 363, 194, 188, 415, 300, 193, 373, 185, 186, 489, 173, 221, 396, 193, 272, 395, 181, 190, 441, 249, 173, 365, 187, 184, 481, 263, 182, 351, 174, 239, 380, 184, 213, 374, 267, 181, 418, 183, 201, 568, 187, 188, 370, 179, 254, 350, 217, 210, 358, 249, 187, 415, 172, 235, 507, 169, 181, 366, 208, 248, 433, 178, 178, 384, 278, 193, 363, 216, 174, 553, 188, 192, 392, 176, 303, 373, 183, 217, 358, 248, 215, 494, 201, 172, 495, 187, 187, 385, 219, 249, 396, 221, 186, 355, 257, 229, 372, 192, 191, 479, 180, 189, 500, 191, 251, 366, 191, 172, 375, 284, 191, 360, 189, 203, 506, 200, 252, 362, 183, 241, 384, 183, 178, 454, 279, 185, 364, 191, 176, 565, 213, 176, 389, 178, 250, 403, 185, 222, 356, 240, 174, 376, 202, 193, 591, 187, 226, 366, 187, 254, 368, 235, 197, 380, 224, 210, 364, 198, 232, 498, 177, 193, 377, 188, 245, 435, 207, 186, 447, 253, 180, 364, 212, 190, 515, 183, 195, 370, 181, 333, 370, 204, 185, 389, 249, 189, 469, 186, 186, 486, 208, 187, 392, 206, 286, 353, 173, 185, 366, 242, 239, 406, 182, 189, 493, 198, 198, 497, 193, 250, 357, 181, 210, 362, 290, 198, 373, 189, 190, 501, 199, 225, 372, 198, 266, 380, 171, 201, 450, 253, 194, 374, 192, 199, 573, 219, 193, 389, 186, 247, 378, 184, 215, 395, 241, 203, 402, 187, 198, 601, 189, 203, 361, 179, 246, 360, 252, 199, 359, 260, 184, 383, 199, 223, 502, 183, 199, 424, 193, 241, 450, 186, 195, 358, 245, 187, 364, 221, 206, 490, 182, 196, 366, 183, 311, 430, 178, 191, 372, 274, 180, 449, 186, 179, 481, 188, 187, 363, 240, 258, 440, 180, 197, 393, 235, 232, 370, 197, 187, 506, 185, 226, 435, 185, 243, 365, 187, 193, 363, 334, 186, 381, 203, 184, 553, 175, 223, 376, 182, 261, 398, 177, 192, 474, 251, 188, 410, 212, 194, 491, 210, 189, 373, 181, 283, 365, 192, 210, 377, 237, 208, 368, 177, 222, 596, 216, 185, 388, 178, 247, 386, 227, 186, 403, 243, 184, 417, 178, 231, 493, 199, 207, 376, 191, 252, 456, 228, 201, 372, 253, 186, 371, 222, 191, 490, 185, 194, 393, 202, 338, 386, 184, 189, 388, 246, 205, 444, 191, 184, 580, 201, 200, 410, 226, 269, 370, 186, 191, 384, 261, 261, 394, 199, 189, 523, 196, 186, 452, 181, 253, 364, 228, 202, 372, 285, 183, 377, 188, 213, 497, 180, 240, 423, 186, 255, 379, 189, 179, 484, 250, 195, 402, 184, 212, 479, 234, 190, 392, 178, 258, 380, 193, 245, 391, 295, 201, 380, 181, 192, 611, 188, 196, 385, 184, 252, 413, 209, 198, 389, 251, 193, 407, 195, 231, 494, 180, 217, 372, 183, 260, 478, 186, 197, 367, 265, 190, 384, 240, 186, 535, 179, 204, 353, 196, 308, 387, 189, 199, 433, 229, 186, 437, 196, 200, 496, 190, 221, 369, 218, 303, 372, 177, 188, 372, 258, 240, 387, 180, 198, 564, 193, 197, 474, 204, 255, 372, 186, 194, 386, 300, 189, 437, 199, 190, 496, 190, 228, 402, 198, 258, 414, 192, 214, 442, 259, 201, 393, 193, 198, 503, 237, 212, 374, 207, 257, 377, 197, 247, 427, 242, 204, 383, 183, 193, 671, 192, 205, 362, 192, 266, 385, 233, 184, 379, 261, 204, 399, 193, 231, 510, 191, 205, 380, 195, 276, 493, 219, 196, 387, 246, 191, 392, 232, 188, 514, 186, 193, 466, 175, 302, 360, 187, 202, 370, 266, 185, 484, 188, 241, 507, 211, 195, 379, 218, 274, 374, 176, 205, 384, 273, 231, 406, 186, 233, 514, 198, 190, 452, 193, 275, 428, 188, 202, 383, 300, 189, 416, 188, 196, 511, 187, 263, 435, 190, 249, 375, 184, 186, 444, 275, 201, 385, 218, 198, 506, 228, 198, 374, 185, 270, 378, 201, 247, 415, 254, 197, 383, 199, 199, 625, 200, 198, 397, 185, 301, 432, 235, 190, 370, 252, 205, 384, 193, 246, 514, 196, 202, 378, 199, 252, 461, 193, 202, 406, 259, 181, 421, 220, 206, 550, 179, 225, 378, 190, 317, 387, 192, 214, 375, 248, 206, 468, 189, 201, 540, 205, 200, 396, 260, 267, 375, 189, 189, 373, 245, 241, 396, 215, 198, 565, 190, 189, 470, 189, 254, 374, 184, 200, 393, 302, 234, 371, 179, 198, 571, 181, 235, 379, 187, 256, 390, 211, 198, 504, 243, 201, 413, 190, 204, 513, 229, 204, 424, 174, 262, 384, 207, 230, 388, 242, 191, 381, 186, 210, 603, 188, 202, 380, 197, 283, 390, 225, 188, 370, 277, 187, 384, 189, 243, 517, 203, 197, 416, 182, 288, 530, 199, 194, 383, 252, 197, 376, 233, 197, 522, 199, 222, 376, 177, 316, 382, 210, 209, 439, 254, 194, 462, 229, 213, 506, 203, 202, 380, 222, 269, 400, 190, 195, 427, 261, 227, 413, 197, 210, 501, 193, 211, 459, 188, 296, 397, 193, 192, 381, 330, 192, 435, 197, 206, 519, 207, 250, 386, 170, 269, 390, 196, 211, 476, 272, 202, 426, 190, 216, 518, 230, 197, 401, 188, 264, 432, 192, 254, 397, 250, 201, 384, 179, 197, 625, 207, 196, 409, 217, 263, 385, 228, 204, 375, 274, 196, 408, 185, 240, 571, 194, 215, 411, 191, 265, 457, 198, 199, 394, 287, 226, 376, 225, 208, 561, 192, 197, 385, 188, 333, 388, 210, 195, 398, 244, 197, 463, 210, 206, 506, 190, 199, 462, 229, 262, 381, 199, 210, 411, 255, 255, 386, 190, 218, 518, 195, 200, 468, 184, 262, 409, 197, 185, 453, 354, 189, 412, 198, 215, 515, 189, 238, 378, 187, 273, 437, 215, 205, 471, 263, 226, 393, 186, 205, 528, 238, 214, 389, 194, 293, 373, 185, 237, 393, 260, 193, 401, 228, 211, 670, 181, 211, 417, 193, 263, 388, 237, 203, 435, 251, 203, 387, 200, 246, 569, 212, 193, 396, 215, 300, 453, 194, 195, 387, 250, 209, 412, 231, 219, 518, 215, 211, 395, 177, 311, 425, 190, 212, 401, 267, 196, 560, 206, 190, 510, 194, 212, 398, 243, 263, 375, 198, 222, 378, 292, 238, 428, 201, 205, 521, 207, 206, 479, 214, 275, 421, 199, 210, 384, 313, 202, 393, 189, 200, 571, 212, 242, 399, 187, 263, 425, 205, 217, 483, 265, 223, 385, 199, 209, 520, 231, 209, 399, 218, 284, 384, 204, 241, 398, 279, 197, 404, 186, 201, 641, 192, 222, 455, 190, 260, 377, 244, 200, 423, 253, 207, 428, 204, 281, 604, 204, 200, 410, 198, 283, 457, 196, 211, 405, 290, 194, 404, 262, 215, 537, 193, 205, 387, 195, 316, 452, 200, 199, 387, 260, 210, 480, 204, 202, 535, 235, 242, 388, 235, 267, 416, 201, 206, 436, 258, 241, 403, 224, 214, 520, 205, 197, 492, 196, 262, 415, 223, 195, 459, 304, 192, 382, 195, 201, 520, 196, 243, 388, 200, 351, 404, 202, 187, 471, 286, 195, 382, 203, 201, 503, 269, 223, 437, 189, 273, 391, 209, 256, 397, 261, 192, 459, 191, 211, 642, 210, 200, 408, 189, 270, 384, 234, 217, 423, 273, 203, 392, 196, 274, 532, 192, 202, 429, 209, 268, 480, 196, 199, 404, 253, 200, 440, 235, 206, 588, 196, 208, 408, 200, 317, 391, 211, 214, 393, 283, 216, 471, 221, 202, 535, 196, 195, 385, 222, 273, 410, 223, 223, 386, 244, 261, 384, 205, 207, 575, 199, 200, 534, 197, 283, 449, 193, 204, 397, 311, 201, 408, 207, 222, 572, 187, 249, 416, 224, 262, 416, 182, 203, 485, 297, 181, 418, 200, 205, 543, 224, 223, 386, 206, 270, 443, 201, 242, 402, 263, 183, 420, 194, 207, 690, 184, 226, 397, 202, 275, 412, 234, 212, 406, 258, 216, 392, 232, 251, 543, 202, 196, 393, 200, 283, 476, 208, 217, 442, 264, 214, 413, 234, 214, 527, 193, 202, 408, 187, 349, 412, 200, 198, 435, 286, 193, 494, 214, 206, 531, 239, 199, 383, 233, 270, 384, 215, 202, 390, 245, 254, 466, 199, 192, 532, 198, 196, 485, 200, 303, 406, 202, 226, 401, 320, 205, 394, 191, 208, 538, 203, 251, 430, 207, 274, 398, 200, 203, 524, 251, 202, 389, 198, 204, 575, 278, 202, 384, 185, 270, 407, 196, 259, 426, 257, 216, 399, 204, 222, 635, 198, 217, 422, 203, 277, 400, 281, 198, 394, 262, 201, 439, 204, 245, 533, 195, 216, 459, 191, 294, 463, 205, 198, 392, 289, 194, 397, 241, 221, 556, 203, 190, 399, 188, 331, 428, 207, 228, 404, 285, 200, 501, 203, 192, 531, 202, 208, 397, 241, 266, 490, 181, 208, 423, 277, 251, 398, 202, 205, 533, 197, 219, 469, 225, 275, 401, 203, 208, 394, 320, 229, 436, 224, 215, 537, 196, 265, 386, 212, 288, 405, 191, 203, 538, 256, 201, 385, 217, 204, 581, 234, 209, 430, 190, 288, 390, 193, 243, 408, 268, 199, 401, 216, 199, 673, 220, 217, 399, 204, 264, 399, 258, 211, 401, 275, 232, 430, 205, 238, 523, 195, 229, 414, 202, 271, 482, 201, 229, 427, 264, 221, 398, 236, 226, 543, 205, 216, 424, 229, 324, 411, 200, 203, 409, 288, 201, 496, 198, 194, 624, 210, 198, 406, 236, 294, 430, 196, 199, 423, 264, 262, 381, 199, 202, 554, 202, 220, 551, 217, 280, 415, 228, 208, 396, 310, 208, 416, 189, 202, 532, 219, 234, 470, 188, 272, 400, 194, 213, 491, 300, 215, 416, 203, 260, 512, 259, 214, 396, 187, 273, 406, 193, 239, 393, 303, 207, 504, 196, 213, 652, 193, 204, 396, 215, 262, 429, 230, 203, 390, 291, 203, 407, 198, 263, 555, 223, 244, 407, 190, 268, 469, 199, 220, 404, 268, 215, 426, 280, 203, 524, 206, 212, 401, 204, 351, 441, 200, 216, 450, 272, 195, 503, 210, 205, 513, 200, 206, 447, 262, 314, 392, 207, 203, 438, 269, 233, 407, 204, 210, 535, 218, 215, 485, 200, 291, 398, 209, 204, 417, 324, 191, 451, 234, 205, 579, 195, 239, 416, 204, 279, 401, 209, 220, 485, 275, 212, 397, 210, 200, 550, 248, 223, 413, 207, 275, 425, 195, 243, 447, 266, 225, 433, 194, 208, 719, 198, 218, 400, 207, 294, 420, 245, 208, 465, 261, 243, 399, 206, 257, 551, 198, 205, 417, 206, 257, 484, 244, 217, 405, 284, 205, 409, 255, 206, 543, 195, 217, 450, 191, 353, 422, 202, 213, 405, 262, 201, 493, 202, 238, 571, 213, 210, 444, 239, 272, 403, 201, 209, 412, 308, 233, 403, 201, 205, 581, 217, 204, 509, 201, 263, 463, 215, 206, 395, 333, 203, 412, 200, 233, 556, 195, 280, 413, 212, 268, 407, 205, 209, 508, 273, 206, 457, 219, 212, 515, 234, 225, 400, 199, 281, 443, 207, 267, 447, 304, 217, 403, 207, 212, 665, 216, 214, 404, 201, 309, 411, 247, 251, 405, 264, 204, 408, 194, 246, 584, 239, 211, 414, 200, 271, 535, 194, 213, 434, 295, 200, 446, 247, 207, 542, 201, 203, 412, 238, 340, 416, 207, 247, 405, 276, 214, 513, 212, 200, 546, 207, 250, 408, 276, 288, 399, 195, 222, 412, 281, 253, 415, 200, 226, 665, 207, 200, 491, 212, 270, 408, 214, 207, 405, 338, 221, 451, 226, 210, 547, 202, 253, 416, 205, 273, 418, 229, 197, 478, 271, 232, 406, 206, 208, 565, 254, 208, 505, 212, 283, 410, 211, 259, 437, 255, 205, 418, 207, 224, 677, 212, 218, 400, 209, 311, 412, 274, 206, 404, 298, 226, 434, 203, 243, 551, 206, 224, 412, 204, 298, 538, 220, 209, 418, 268, 201, 396, 253, 200, 562, 213, 235, 442, 211, 340, 413, 199, 211, 443, 265, 212, 497, 253, 215, 538, 228, 207, 431, 245, 278, 399, 200, 204, 453, 262, 259, 441, 205, 227, 566, 207, 210, 487, 204, 307, 415, 204, 207, 406, 336, 216, 469, 213, 221, 559, 228, 264, 448, 205, 283, 437, 209, 207, 499, 301, 207, 462, 204, 202, 578, 255, 206, 415, 205, 293, 423, 208, 307, 421, 295, 211, 408, 209, 216, 673, 220, 233, 398, 232, 276, 454, 219, 214, 414, 268, 220, 416, 209, 252, 625, 199, 205, 419, 251, 270, 518, 201, 210, 408, 280, 213, 390, 249, 191, 570, 211, 231, 448, 205, 332, 442, 233, 206, 403, 273, 206, 499, 211, 217, 614, 207, 214, 468, 243, 276, 405, 228, 220, 411, 270, 247, 415, 235, 253, 551, 220, 217, 498, 217, 271, 414, 215, 214, 409, 385, 240, 412, 199, 202, 549, 202, 253, 450, 211, 280, 464, 208, 205, 522, 268, 207, 446, 211, 212, 604, 260, 230, 443, 207, 294, 408, 227, 247, 403, 292, 216, 425, 233, 223, 667, 204, 218, 418, 212, 304, 424, 248, 238, 465, 291, 216, 420, 206, 255, 564, 220, 210, 461, 216, 309, 499, 215, 229, 420, 269, 204, 412, 248, 205, 565, 254, 211, 444, 197, 326, 427, 214, 209, 413, 281, 218, 582, 201, 227, 546, 203, 222, 420, 236, 315, 432, 210, 234, 443, 276, 253, 463, 209, 213, 558, 228, 205, 514, 235, 283, 403, 225, 216, 423, 373, 203, 433, 200, 215, 627, 212, 263, 434, 196, 305, 436, 209, 235, 544, 275, 243, 418, 216, 215, 558, 246, 221, 425, 212, 291, 442, 237, 251, 460, 285, 208, 432, 203, 214, 667, 208, 208, 458, 220, 267, 420, 254, 213, 427, 269, 205, 422, 240, 289, 563, 222, 227, 434, 205, 294, 495, 209, 221, 424, 306, 207, 405, 250, 210, 651, 205, 236, 418, 199, 348, 481, 205, 220, 415, 275, 221, 517, 233, 207, 569, 211, 257, 413, 252, 290, 438, 208, 222, 426, 280, 280, 424, 243, 208, 582, 194, 211, 513, 226, 283, 421, 211, 214, 509, 342, 205, 424, 207, 214, 555, 199, 248, 427, 206, 321, 473, 230, 215, 495, 286, 213, 439, 206, 222, 559, 267, 213, 413, 209, 317, 404, 208, 279, 417, 301, 220, 470, 214, 211, 675, 209, 226, 481, 201, 292, 411, 245, 241, 421, 286, 213, 432, 206, 255, 568, 229, 221, 427, 230, 279, 505, 229, 215, 438, 277, 223, 457, 275, 246, 614, 214, 215, 412, 216, 337, 416, 210, 228, 411, 296, 247, 553, 210, 232, 570, 219, 219, 427, 247, 295, 451, 228, 216, 415, 283, 250, 431, 220, 227, 620, 225, 216, 586, 206, 290, 424, 220, 236, 411, 331, 219, 446, 211, 265, 559, 209, 269, 462, 216, 287, 481, 204, 214, 504, 313, 211, 417, 219, 218, 549, 251, 233, 425, 224, 313, 481, 213, 278, 425, 275, 213, 429, 201, 216, 672, 209, 270, 416, 215, 294, 421, 268, 224, 426, 265, 222, 466, 237, 272, 648, 208, 216, 430, 216, 293, 499, 216, 209, 493, 272, 205, 432, 284, 231, 572, 218, 222, 416, 208, 378, 424, 210, 244, 424, 267, 263, 517, 204, 218, 620, 240, 224, 424, 258, 301, 415, 214, 226, 466, 264, 273, 485, 220, 216, 568, 216, 213, 512, 201, 300, 421, 225, 253, 439, 332, 230, 431, 209, 227, 618, 211, 257, 427, 227, 325, 413, 200, 225, 551, 283, 215, 425, 216, 218, 636, 260, 235, 472, 217, 293, 442, 212, 282, 432, 293, 245, 448, 223, 216, 694, 221, 261, 420, 225, 298, 422, 280, 214, 405, 275, 221, 439, 209, 287, 577, 221, 213, 471, 209, 292, 587, 212, 217, 415, 303, 217, 480, 258, 244, 573, 204, 215, 446, 210, 363, 422, 214, 242, 430, 357, 202, 512, 221, 208, 573, 224, 220, 444, 241, 281, 483, 199, 245, 429, 297, 273, 434, 204, 247, 569, 209, 241, 509, 221, 295, 476, 226, 229, 416, 343, 235, 468, 232, 223, 575, 203, 266, 459, 223, 288, 428, 212, 213, 572, 294, 224, 436, 205, 234, 570, 243, 248, 433, 219, 340, 417, 234, 257, 434, 278, 210, 437, 198, 230, 738, 255, 225, 448, 212, 285, 419, 250, 211, 455, 288, 222, 506, 238, 269, 556, 205, 228, 456, 208, 284, 562, 212, 234, 451, 282, 222, 427, 262, 221, 607, 223, 231, 424, 228, 390, 423, 215, 222, 469, 292, 218, 514, 214, 215, 631, 212, 215, 405, 257, 288, 434, 249, 220, 428, 279, 294, 417, 225, 225, 587, 210, 202, 537, 207, 316, 419, 241, 225, 456, 338, 221, 441, 205, 231, 592, 208, 277, 519, 202, 295, 442, 222, 219, 523, 300, 227, 459, 212, 236, 590, 265, 227, 422, 211, 290, 456, 226, 252, 430, 310, 219, 434, 208, 250, 682, 220, 221, 426, 212, 288, 459, 250, 214, 447, 275, 219, 485, 212, 262, 616, 216, 251, 437, 221, 325, 523, 220, 232, 431, 320, 228, 422, 281, 222, 572, 205, 229, 420, 213, 349, 436, 218, 254, 517, 302, 201, 531, 214, 221, 589, 215, 220, 430, 283, 329, 466, 202, 219, 435, 282, 257, 434, 211, 229, 579, 232, 212, 514, 231, 290, 464, 209, 227, 419, 357, 236, 485, 202, 221, 568, 207, 301, 459, 214, 306, 435, 206, 261, 536, 281, 224, 436, 215, 223, 637, 289, 231, 433, 230, 300, 450, 213, 261, 435, 298, 226, 467, 233, 223, 768, 218, 225, 417, 220, 295, 425, 262, 221, 460, 298, 271, 457, 217, 265, 587, 216, 223, 441, 213, 305, 510, 239, 230, 462, 287, 223, 444, 259, 265, 573, 217, 230, 480, 199, 353, 436, 235, 230, 433, 300, 214, 531, 216, 259, 576, 229, 224, 465, 245, 327, 434, 218, 234, 448, 320, 263, 431, 213, 222, 597, 217, 218, 610, 217, 302, 471, 245, 212, 432, 335, 218, 456, 210, 240, 580, 237, 302, 465, 227, 328, 440, 220, 223, 526, 283, 237, 439, 242, 263, 590, 243, 219, 430, 196, 298, 434, 241, 263, 511, 292, 234, 476, 207, 219, 740, 212, 224, 449, 218, 321, 423, 247, 223, 460, 312, 217, 436, 218, 268, 596, 242, 223, 455, 228, 298, 539, 219, 240, 436, 294, 239, 506, 246, 226, 580, 209, 224, 427, 210, 370, 489, 231, 274, 436, 283, 224, 572, 231, 230, 570, 222, 232, 438, 307, 293, 439, 214, 228, 451, 282, 272, 470, 212, 223, 694, 209, 236, 526, 204, 308, 434, 225, 217, 416, 333, 266, 442, 223, 225, 636, 214, 292, 446, 218, 312, 437, 252, 223, 512, 291, 212, 434, 251, 231, 594, 260, 221, 489, 224, 317, 443, 230, 277, 443, 312, 241, 452, 231, 242, 708, 218, 214, 441, 230, 290, 469, 273, 231, 498, 318, 223, 446, 209, 268, 585, 217, 221, 444, 224, 294, 599, 226, 237, 452, 294, 217, 453, 286, 235, 583, 219, 251, 437, 219, 403, 421, 222, 225, 444, 307, 226, 539, 241, 226, 582, 222, 241, 478, 257, 310, 445, 219, 229, 495, 285, 271, 464, 204, 225, 604, 232, 229, 515, 230, 326, 462, 221, 220, 430, 338, 241, 445, 209, 263, 636, 239, 285, 445, 210, 303, 454, 235, 215, 526, 308, 227, 532, 210, 218, 584, 270, 227, 442, 205, 305, 451, 229, 315, 444, 325, 232, 436, 210, 239, 698, 220, 228, 467, 236, 292, 455, 271, 247, 434, 277, 229, 439, 221, 273, 663, 221, 228, 462, 222, 318, 565, 222, 232, 435, 283, 239, 441, 272, 229, 579, 212, 225, 457, 226, 372, 436, 281, 234, 476, 287, 224, 524, 225, 231, 604, 218, 239, 493, 247, 303, 433, 217, 228, 492, 279, 279, 459, 226, 244, 655, 215, 227, 529, 233, 309, 448, 224, 219, 435, 392, 253, 445, 228, 235, 606, 211, 266, 448, 231, 291, 496, 213, 212, 530, 313, 242, 441, 223, 231, 578, 249, 243, 479, 226, 293, 455, 214, 277, 502, 291, 240, 452, 239, 236, 748, 213, 241, 454, 221, 308, 437, 293, 255, 496, 286, 237, 442, 213, 273, 596, 216, 256, 446, 229, 361, 523, 217, 232, 441, 307, 243, 458, 262, 230, 605, 245, 236, 497, 232, 371, 438, 220, 223, 480, 291, 227, 629, 221, 218, 599, 258, 233, 438, 267, 291, 481, 213, 253, 437, 297, 276, 462, 224, 245, 608, 230, 222, 527, 237, 316, 432, 228, 250, 445, 363, 234, 523, 230, 237, 683, 233, 276, 456, 228, 302, 442, 225, 238, 573, 338, 249, 447, 223, 227, 594, 260, 224, 451, 211, 322, 441, 248, 296, 443, 279, 227, 500, 246, 242, 718, 217, 237, 501, 210, 295, 481, 272, 226, 443, 296, 246, 457, 235, 316, 593, 221, 240, 449, 246, 312, 537, 221, 222, 459, 346, 218, 467, 284, 235, 607, 237, 253, 452, 216, 360, 559, 220, 228, 455, 313, 224, 538, 235, 230, 684, 222, 254, 469, 265, 304, 436, 230, 229, 440, 311, 273, 454, 286, 244, 596, 222, 224, 542, 221, 328, 454, 227, 225, 517, 353, 247, 466, 216, 235, 605, 219, 286, 447, 226, 343, 432, 262, 218, 585, 279, 229, 438, 229, 233, 602, 303, 231, 467, 209, 302, 443, 243, 277, 499, 303, 233, 511, 225, 230, 756, 221, 229, 454, 225, 325, 451, 295, 244, 449, 303, 252, 451, 220, 285, 575, 220, 237, 512, 251, 302, 526, 227, 232, 481, 295, 249, 450, 296, 237, 669, 227, 240, 458, 211, 377, 452, 237, 223, 467, 300, 246, 545, 231, 254, 685, 230, 223, 457, 275, 303, 473, 250, 239, 457, 300, 264, 491, 227, 229, 612, 221, 244, 601, 231, 318, 442, 231, 237, 466, 384, 223, 467, 216, 258, 580, 211, 278, 461, 242, 328, 463, 226, 265, 544, 328, 219, 461, 239, 233, 596, 259, 238, 436, 233, 318, 580, 240, 269, 444, 299, 230, 483, 220, 229, 734, 230, 258, 459, 237, 309, 457, 273, 248, 444, 317, 241, 453, 253, 286, 604, 225, 252, 453, 229, 303, 577, 237, 230, 494, 313, 225, 439, 271, 225, 658, 230, 239, 489, 217, 424, 448, 241, 225, 450, 294, 231, 591, 250, 223, 615, 251, 219, 458, 275, 322, 447, 225, 225, 490, 299, 309, 515, 223, 234, 617, 226, 227, 557, 225, 304, 453, 230, 274, 502, 363, 235, 453, 232, 237, 618, 243, 271, 475, 271, 303, 443, 249, 233, 550, 300, 233, 462, 228, 225, 664, 276, 248, 486, 221, 342, 464, 230, 280, 486, 299, 251, 498, 221, 226, 710, 231, 251, 519, 228, 331, 498, 314, 230, 448, 285, 232, 464, 236, 276, 611, 258, 233, 499, 226, 320, 547, 233, 231, 449, 328, 230, 459, 260, 280, 625, 220, 249, 446, 221, 374, 470, 226, 235, 493, 348, 227, 600, 236, 248, 614, 232, 235, 458, 268, 311, 483, 227, 234, 456, 331, 301, 457, 232, 232, 640, 232, 250, 579, 232, 303, 479, 213, 254, 463, 368, 232, 467, 268, 242, 610, 218, 270, 447, 217, 315, 496, 248, 227, 605, 298, 219, 476, 230, 244, 670, 268, 243, 451, 241, 360, 455, 231, 286, 448, 317, 266, 459, 229, 233, 755, 242, 276, 466, 232, 315, 442, 281, 232, 465, 296, 224, 520, 234, 287, 698, 214, 248, 466, 248, 315, 541, 226, 258, 437, 297, 222, 466, 299, 240, 670, 224, 243, 470, 267, 373, 498, 232, 239, 450, 299, 255, 567, 240, 231, 661, 232, 231, 444, 277, 301, 450, 231, 282, 498, 295, 322, 457, 231, 233, 630, 224, 228, 552, 224, 294, 448, 283, 234, 464, 389, 233, 491, 227, 238, 633, 235, 285, 528, 239, 332, 443, 229, 228, 562, 310, 227, 481, 231, 257, 592, 284, 227, 498, 237, 321, 455, 225, 282, 481, 338, 244, 458, 215, 251, 728, 254, 237, 462, 223, 330, 518, 265, 233, 458, 309, 237, 472, 227, 311, 617, 247, 268, 477, 229, 303, 553, 222, 233, 495, 311, 238, 497, 287, 237, 617, 227, 252, 497, 212, 384, 484, 240, 252, 523, 342, 222, 554, 236, 230, 601, 237, 236, 457, 265, 378, 464, 229, 251, 478, 307, 283, 473, 221, 228, 607, 246, 244, 605, 232, 315, 501, 243, 233, 462, 362, 234, 512, 232, 225, 626, 230, 271, 445, 243, 306, 485, 236, 282, 583, 310, 241, 438, 231, 233, 602, 261, 258, 460, 238, 316, 469, 231, 290, 462, 318, 240, 470, 223, 237, 905, 225, 224, 466, 232, 313, 457, 295, 234, 461, 293, 259, 458, 264, 289, 616, 231, 231, 464, 231, 321, 563, 253, 234, 452, 302, 249, 489, 254, 229, 671, 220, 236, 531, 229, 363, 464, 243, 228, 513, 293, 236, 551, 228, 266, 618, 234, 253, 459, 268, 336, 483, 261, 244, 460, 351, 268, 459, 234, 237, 644, 218, 236, 568, 237, 363, 510, 231, 235, 450, 367, 247, 484, 244, 242, 612, 221, 321, 515, 228, 321, 502, 240, 231, 567, 315, 238, 462, 251, 245, 653, 302, 234, 476, 243, 314, 496, 237, 301, 518, 306, 222, 470, 218, 264, 745, 239, 241, 481, 243, 343, 460, 284, 235, 460, 328, 230, 503, 235, 300, 629, 262, 237, 488, 224, 296, 557, 240, 253, 457, 324, 237, 553, 269, 231, 624, 235, 233, 449, 221, 381, 464, 246, 286, 490, 324, 227, 582, 248, 260, 622, 242, 240, 471, 309, 334, 507, 233, 233, 464, 293, 283, 477, 235, 236, 717, 267, 228, 555, 245, 306, 454, 228, 233, 477, 392, 276, 472, 228, 250, 603, 242, 318, 491, 229, 329, 476, 256, 259, 551, 306, 222, 473, 240, 244, 666, 293, 233, 519, 222, 338, 456, 237, 282, 473, 304, 241, 492, 251, 259, 768, 242, 228, 484, 240, 314, 461, 288, 231, 471, 332, 261, 466, 244, 275, 628, 229, 227, 476, 238, 308, 603, 232, 236, 559, 307, 233, 493, 269, 246, 625, 227, 284, 455, 227, 386, 459, 259, 248, 483, 319, 246, 575, 257, 246, 612, 225, 253, 466, 279, 354, 505, 236, 245, 518, 307, 295, 466, 264, 230, 624, 225, 234, 606, 245, 359, 454, 231, 239, 462, 410, 245, 461, 222, 239, 660, 284, 284, 474, 224, 313, 466, 239, 243, 562, 318, 239, 544, 235, 288, 604, 271, 250, 505, 232, 325, 473, 243, 322, 468, 312, 238, 523, 234, 244, 753, 236, 225, 487, 274, 296, 468, 277, 232, 453, 339, 250, 471, 232, 287, 714, 221, 231, 473, 232, 319, 612, 242, 264, 464, 330, 253, 460, 288, 233, 618, 230, 238, 473, 244, 384, 519, 268, 256, 474, 333, 242, 575, 232, 234, 638, 251, 232, 540, 305, 306, 454, 230, 237, 474, 336, 270, 498, 228, 256, 669, 232, 259, 569, 225, 309, 467, 240, 235, 478, 414, 238, 496, 230, 242, 677, 233, 297, 490, 262, 337, 525, 236, 225, 544, 306, 242, 485, 251, 262, 613, 282, 263, 497, 229, 329, 462, 251, 318, 487, 315, 260, 476, 269, 241, 727, 240, 247, 492, 231, 312, 465, 298, 237, 575, 313, 241, 495, 239, 293, 652, 234, 234, 515, 240, 348, 578, 285, 233, 450, 301, 227, 456, 288, 231, 621, 280, 251, 465, 239, 435, 461, 230, 247, 474, 318, 240, 636, 234, 245, 638, 231, 237, 504, 286, 336, 496, 260, 265, 475, 308, 281, 469, 234, 247, 643, 255, 240, 577, 274, 317, 454, 245, 241, 531, 366, 240, 492, 242, 263, 717, 226, 283, 462, 226, 320, 475, 232, 238, 569, 318, 283, 509, 249, 232, 659, 277, 233, 471, 236, 326, 493, 260, 289, 467, 329, 247, 466, 256, 246, 768, 227, 254, 520, 237, 307, 475, 283, 267, 500, 324, 242, 474, 248, 319, 667, 229, 251, 472, 237, 312, 655, 235, 229, 474, 343, 252, 477, 278, 224, 626, 234, 253, 487, 241, 388, 539, 246, 247, 473, 349, 226, 572, 232, 223, 644, 233, 287, 476, 298, 305, 464, 243, 260, 507, 321, 288, 477, 265, 260, 698, 237, 245, 563, 249, 325, 506, 242, 237, 522, 367, 236, 475, 260, 245, 628, 235, 310, 529, 236, 359, 498, 242, 244, 586, 326, 273, 473, 229, 236, 632, 332, 240, 474, 239, 340, 467, 250, 290, 517, 356, 250, 547, 243, 251, 762, 223, 243, 480, 246, 309, 499, 326, 266, 479, 327, 256, 528, 242, 276, 671, 232, 249, 516, 259, 347, 577, 239, 250, 476, 321, 241, 486, 279, 246, 739, 231, 245, 525, 226, 392, 468, 246, 250, 497, 322, 284, 580, 241, 249, 634, 274, 241, 490, 309, 332, 477, 263, 254, 491, 321, 288, 487, 248, 271, 653, 233, 244, 675, 248, 311, 478, 240, 244, 467, 380, 250, 539, 250, 272, 638, 237, 289, 501, 235, 340, 471, 245, 238, 575, 392, 240, 522, 240, 236, 617, 294, 244, 503, 230, 328, 525, 257, 310, 494, 326, 233, 506, 247, 245, 767, 236, 266, 492, 235, 332, 506, 280, 237, 516, 304, 241, 497, 267, 293, 641, 227, 247, 499, 262, 340, 566, 258, 240, 533, 313, 250, 479, 300, 256, 625, 243, 264, 465, 230, 426, 474, 231, 239, 523, 318, 242, 586, 264, 243, 690, 250, 232, 482, 290, 315, 489, 232, 251, 474, 323, 287, 536, 274, 240, 696, 241, 237, 578, 227, 334, 486, 245, 259, 483, 393, 275, 479, 243, 265, 640, 240, 330, 491, 266, 330, 473, 237, 251, 653, 333, 253, 482, 229, 252, 717, 285, 239, 480, 250, 336, 504, 282, 286, 485, 311, 268, 490, 247, 249, 763, 234, 244, 480, 235, 351, 510, 323, 259, 484, 323, 243, 500, 228, 288, 687, 237, 242, 605, 230, 325, 564, 255, 260, 504, 329, 248, 478, 291, 280, 643, 264, 243, 480, 231, 390, 479, 248, 245, 474, 380, 234, 584, 236, 265, 662, 225, 234, 527, 281, 317, 553, 241, 259, 472, 331, 307, 569, 243, 266, 627, 256, 267, 577, 250, 325, 484, 255, 239, 479, 416, 248, 491, 258, 272, 637, 240, 284, 508, 245, 327, 484, 258, 261, 669, 320, 248, 464, 241, 242, 647, 305, 249, 471, 245, 373, 530, 251, 299, 465, 322, 242, 504, 245, 242, 818, 260, 251, 500, 262, 342, 466, 301, 236, 482, 315, 250, 521, 248, 287, 642, 225, 272, 483, 256, 357, 576, 257, 261, 502, 328, 241, 482, 287, 250, 723, 242, 249, 487, 259, 383, 507, 254, 267, 497, 312, 247, 599, 258, 238, 726, 248, 234, 522, 263, 316, 493, 241, 251, 505, 319, 356, 509, 233, 246, 648, 236, 244, 576, 245, 317, 468, 279, 239, 536, 363, 283, 488, 238, 254, 648, 263, 309, 523, 243, 320, 486, 255, 244, 583, 311, 257, 500, 267, 265, 654, 289, 240, 469, 241, 378, 482, 246, 314, 506, 360, 243, 488, 241, 258, 819, 250, 246, 539, 248, 316, 530, 289, 241, 506, 312, 259, 511, 243, 297, 653, 257, 307, 487, 230, 323, 562, 244, 262, 486, 325, 245, 492, 340, 261, 686, 229, 248, 476, 247, 434, 497, 254, 244, 543, 310, 238, 642, 245, 259, 657, 241, 279, 500, 277, 359, 512, 237, 259, 478, 367, 300, 487, 254, 254, 676, 269, 245, 582, 243, 310, 524, 249, 289, 478, 393, 257, 537, 247, 244, 638, 239, 294, 477, 241, 330, 558, 246, 273, 577, 370, 264, 488, 251, 248, 638, 290, 247, 504, 288, 342, 483, 243, 291, 484, 339, 246, 525, 256, 275, 862, 240, 256, 494, 224, 322, 471, 291, 257, 490, 333, 269, 522, 252, 320, 710, 243, 262, 528, 238, 331, 588, 299, 240, 482, 339, 235, 495, 318, 254, 647, 260, 257, 549, 227, 383, 498, 257, 255, 484, 320, 281, 596, 259, 286, 688, 243, 242, 528, 280, 331, 486, 243, 261, 541, 372, 327, 499, 245, 253, 665, 251, 239, 598, 240, 355, 555, 267, 261, 484, 402, 259, 511, 256, 262, 675, 240, 343, 488, 233, 372, 491, 262, 242, 601, 327, 254, 494, 265, 251, 658, 299, 234, 542, 249, 331, 485, 241, 286, 603, 321, 251, 500, 242, 260, 808, 261, 257, 492, 254, 383, 498, 314, 268, 514, 309, 268, 514, 250, 330, 646, 269, 250, 499, 234, 337, 598, 253, 259, 483, 326, 255, 619, 320, 240, 653, 241, 256, 495, 239, 406, 494, 244, 280, 486, 354, 246, 621, 266, 253, 697, 274, 243, 497, 329, 332, 495, 250, 273, 489, 344, 296, 498, 247, 251, 726, 240, 265, 585, 248, 360, 546, 247, 248, 475, 403, 269, 510, 253, 274, 658, 232, 312, 521, 290, 339, 537, 275, 250, 641, 327, 243, 497, 247, 233, 660, 286, 264, 580, 229, 324, 529, 245, 305, 490, 343, 259, 513, 259, 272, 857, 242, 245, 518, 244, 344, 497, 301, 277, 495, 355, 268, 502, 276, 309, 674, 253, 242, 516, 261, 355, 657, 250, 256, 483, 360, 268, 505, 300, 252, 660, 256, 284, 495, 245, 393, 513, 256, 242, 540, 323, 264, 671, 280, 256, 675, 255, 244, 496, 279, 351, 490, 281, 259, 564, 342, 300, 495, 249, 277, 658, 243, 248, 617, 239, 423, 480, 246, 244, 491, 411, 256, 491, 257, 272, 652, 282, 302, 532, 249, 337, 519, 254, 257, 600, 356, 245, 535, 272, 253, 674, 327, 259, 566, 241, 337, 503, 263, 327, 486, 338, 257, 521, 235, 275, 801, 248, 250, 506, 256, 355, 521, 320, 250, 498, 331, 251, 562, 253, 300, 743, 255, 262, 489, 237, 338, 603, 265, 250, 497, 360, 300, 504, 306, 261, 663, 247, 260, 501, 223, 407, 492, 281, 296, 516, 312, 256, 596, 249, 247, 736, 248, 240, 566, 285, 341, 534, 253, 259, 524, 334, 330, 507, 254, 280, 673, 228, 255, 616, 294, 348, 489, 243, 250, 531, 451, 265, 499, 272, 281, 685, 232, 330, 507, 247, 331, 560, 259, 266, 603, 329, 249, 503, 235, 262, 765, 303, 294, 512, 243, 337, 491, 250, 313, 505, 344, 255, 535, 306, 261, 816, 257, 269, 499, 240, 342, 500, 300, 263, 541, 324, 273, 503, 249, 307, 706, 273, 258, 507, 262, 376, 619, 251, 267, 548, 321, 269, 523, 290, 245, 677, 267, 263, 496, 235, 443, 524, 271, 263, 522, 329, 259, 671, 266, 247, 661, 235, 240, 522, 296, 371, 513, 243, 308, 523, 339, 328, 512, 246, 248, 686, 254, 260, 671, 277, 333, 481, 246, 250, 496, 429, 251, 487, 256, 259, 733, 274, 309, 508, 245, 340, 519, 249, 266, 597, 344, 284, 551, 252, 276, 669, 300, 274, 526, 234, 356, 501, 288, 296, 492, 328, 262, 561, 238, 276, 812, 256, 258, 589, 236, 333, 526, 301, 254, 521, 372, 257, 506, 250, 357, 668, 263, 255, 510, 261, 336, 616, 253, 280, 495, 384, 261, 510, 290, 259, 671, 240, 254, 556, 236, 417, 611, 255, 260, 505, 339, 264, 602, 249, 272, 685, 256, 283, 509, 349, 358, 501, 251, 260, 490, 339, 295, 508, 291, 262, 678, 261, 272, 629, 244, 336, 520, 279, 253, 559, 401, 258, 520, 252, 267, 749, 251, 305, 500, 254, 385, 517, 274, 264, 649, 327, 250, 501, 255, 251, 690, 335, 259, 522, 256, 352, 525, 256, 302, 494, 310, 320, 588, 247, 261, 798, 252, 266, 508, 261, 342, 509, 309, 289, 536, 351, 261, 512, 290, 317, 745, 253, 258, 512, 282, 361, 622, 268, 265, 504, 328, 276, 521, 309, 252, 791, 243, 261, 535, 247, 466, 534, 262, 262, 509, 340, 287, 617, 265, 261, 661, 245, 267, 550, 305, 347, 515, 277, 277, 498, 323, 316, 497, 260, 275, 674, 283, 251, 692, 268, 351, 493, 260, 260, 489, 384, 254, 554, 256, 314, 664, 254, 303, 544, 258, 340, 542, 264, 247, 592, 378, 258, 550, 250, 255, 668, 322, 256, 502, 269, 364, 556, 245, 341, 520, 359, 271, 513, 255, 271, 859, 260, 305, 507, 252, 372, 490, 316, 282, 500, 367, 261, 506, 274, 306, 687, 262, 264, 519, 259, 349, 699, 246, 281, 605, 349, 259, 549, 324, 260, 698, 261, 270, 506, 273, 462, 506, 259, 262, 514, 341, 270, 599, 267, 270, 700, 295, 297, 505, 291, 343, 521, 258, 273, 502, 329, 310, 563, 255, 256, 765, 270, 276, 624, 263, 352, 512, 249, 294, 549, 408, 254, 508, 275, 261, 677, 249, 311, 572, 281, 364, 541, 251, 269, 609, 334, 275, 548, 252, 252, 753, 293, 280, 510, 248, 370, 509, 249, 303, 571, 361, 289, 506, 253, 266, 809, 245, 277, 539, 250, 375, 514, 384, 265, 545, 356, 265, 505, 273, 323, 677, 248, 250, 583, 245, 388, 625, 242, 261, 564, 339, 244, 511, 299, 270, 689, 245, 257, 605, 245, 419, 505, 259, 263, 530, 387, 277, 629, 254, 254, 677, 271, 268, 509, 307, 337, 583, 269, 278, 507, 330, 329, 522, 278, 294, 689, 257, 276, 615, 245, 341, 511, 243, 253, 505, 410, 294, 569, 276, 263, 737, 241, 300, 523, 267, 341, 506, 254, 267, 693, 365, 244, 523, 266, 272, 734, 315, 268, 504, 244, 381, 526, 255, 357, 493, 357, 251, 551, 248, 264, 838, 279, 258, 522, 280, 351, 547, 321, 257, 494, 331, 251, 576, 256, 312, 675, 265, 264, 503, 283, 369, 646, 269, 314, 513, 342, 258, 531, 307, 260, 700, 251, 280, 500, 267, 404, 515, 255, 281, 515, 365, 264, 672, 273, 267, 820, 267, 244, 505, 297, 346, 531, 261, 279, 517, 360, 347, 525, 280, 263, 686, 273, 260, 634, 260, 343, 554, 291, 263, 506, 409, 281, 550, 259, 258, 693, 247, 296, 576, 249, 353, 521, 282, 259, 675, 352, 264, 545, 263, 333, 740, 311, 267, 514, 246, 355, 497, 291, 304, 548, 370, 262, 519, 252, 274, 837, 268, 271, 518, 262, 377, 568, 319, 262, 511, 333, 259, 514, 272, 308, 679, 266, 290, 597, 256, 354, 614, 274, 274, 520, 334, 267, 520, 341, 257, 707, 288, 297, 524, 259, 456, 512, 269, 265, 568, 338, 273, 620, 263, 283, 701, 250, 274, 511, 308, 395, 567, 274, 273, 519, 333, 320, 562, 273, 269, 690, 274, 258, 635, 253, 356, 519, 261, 263, 552, 476, 261, 589, 260, 260, 674, 269, 316, 548, 250, 363, 525, 272, 326, 631, 351, 279, 524, 256, 283, 705, 297, 243, 529, 284, 351, 582, 256, 316, 545, 341, 258, 530, 292, 262, 908, 247, 257, 544, 285, 351, 542, 309, 272, 512, 341, 299, 523, 263, 311, 721, 259, 321, 551, 258, 346, 626, 309, 272, 493, 344, 269, 515, 310, 264, 772, 249, 291, 595, 246, 422, 514, 266, 268, 508, 350, 278, 636, 280, 289, 681, 273, 277, 531, 349, 344, 520, 261, 258, 516, 386, 348, 520, 264, 274, 748, 266, 261, 661, 259, 377, 635, 263, 268, 562, 418, 267, 510, 254, 277, 722, 269, 372, 525, 274, 371, 514, 282, 281, 625, 344, 280, 527, 293, 263, 698, 288, 254, 526, 254, 394, 523, 267, 340, 561, 366, 264, 547, 265, 280, 843, 247, 264, 584, 276, 394, 507, 344, 258, 507, 352, 275, 593, 267, 335, 699, 321, 260, 522, 252, 348, 623, 264, 274, 521, 328, 258, 626, 324, 299, 704, 264, 268, 511, 262, 416, 555, 257, 293, 521, 341, 271, 687, 251, 269, 694, 272, 283, 532, 344, 389, 523, 253, 280, 550, 373, 312, 540, 261, 261, 787, 266, 268, 665, 244, 338, 527, 259, 291, 552, 423, 303, 529, 275, 262, 696, 242, 344, 502, 258, 376, 565, 280, 277, 616, 358, 267, 517, 282, 265, 701, 304, 250, 601, 283, 349, 558, 275, 312, 519, 356, 268, 533, 270, 303, 845, 261, 310, 566, 248, 353, 526, 313, 267, 561, 403, 286, 531, 264, 326, 738, 260, 267, 525, 254, 359, 741, 261, 265, 512, 346, 288, 533, 338, 266, 701, 265, 294, 524, 256, 427, 514, 266, 266, 561, 362, 296, 644, 308, 279, 701, 256, 275, 505, 303, 349, 533, 273, 272, 657, 350, 324, 520, 262, 279, 786, 271, 262, 614, 246, 395, 515, 281, 275, 517, 405, 274, 526, 273, 276, 705, 273, 358, 562, 258, 382, 530, 260, 284, 631, 339, 274, 588, 252, 262, 705, 291, 270, 566, 272, 378, 529, 293, 362, 536, 361, 259, 542, 264, 282, 839, 296, 280, 530, 284, 349, 541, 311, 267, 559, 347, 275, 538, 271, 359, 765, 263, 260, 533, 264, 343, 672, 255, 289, 549, 341, 297, 579, 310, 254, 755, 267, 277, 544, 251, 440, 531, 294, 265, 534, 402, 273, 626, 253, 265, 699, 259, 280, 591, 316, 384, 516, 257, 293, 529, 340, 322, 563, 260, 302, 723, 265, 263, 639, 267, 362, 567, 264, 276, 514, 479, 292, 552, 260, 294, 696, 269, 326, 521, 290, 358, 584, 271, 278, 637, 345, 256, 571, 250, 271, 708, 334, 337, 559, 259, 356, 527, 251, 324, 538, 363, 257, 537, 291, 265, 936, 260, 269, 584, 258, 352, 543, 319, 266, 594, 337, 302, 523, 280, 338, 715, 261, 273, 540, 256, 439, 659, 277, 270, 524, 344, 282, 531, 313, 274, 729, 295, 278, 528, 258, 426, 513, 282, 270, 620, 341, 271, 699, 255, 270, 718, 263, 272, 524, 328, 355, 508, 300, 312, 558, 361, 324, 575, 284, 267, 705, 266, 271, 658, 280, 414, 538, 265, 278, 550, 415, 288, 545, 267, 260, 784, 261, 340, 574, 264, 383, 515, 265, 269, 637, 345, 301, 519, 283, 272, 754, 335, 274, 541, 253, 367, 558, 296, 317, 522, 363, 273, 520, 269, 293, 884, 265, 257, 584, 257, 359, 546, 305, 258, 509, 385, 290, 584, 271, 377, 686, 265, 298, 529, 262, 358, 676, 265, 273, 526, 418, 256, 545, 304, 275, 721, 263, 278, 528, 270, 442, 583, 275, 303, 538, 345, 260, 648, 272, 284, 710, 263, 291, 560, 305, 354, 606, 273, 280, 527, 335, 327, 549, 305, 271, 708, 263, 282, 621, 286, 350, 524, 308, 282, 593, 426, 278, 557, 254, 272, 709, 249, 353, 530, 258, 390, 546, 255, 278, 636, 382, 289, 536, 252, 266, 808, 351, 272, 527, 266, 377, 536, 262, 311, 529, 358, 287, 622, 272, 280, 900, 263, 262, 565, 256, 355, 528, 312, 315, 543, 348, 297, 549, 265, 337, 710, 270, 280, 528, 309, 356, 636, 255, 272, 573, 377, 274, 530, 312, 276, 810, 306, 273, 532, 257, 430, 514, 287, 287, 528, 364, 307, 628, 279, 275, 708, 253, 274, 576, 308, 393, 523, 302, 275, 558, 335, 345, 574, 277, 281, 715, 264, 283, 775, 263, 392, 526, 257, 276, 537, 439, 259, 553, 265, 307, 724, 302, 336, 528, 263, 349, 524, 280, 273, 648, 389, 280, 555, 260, 290, 709, 320, 262, 527, 252, 388, 600, 264, 323, 573, 361, 279, 598, 264, 264, 880, 259, 304, 529, 262, 361, 525, 336, 276, 587, 372, 294, 559, 304, 335, 730, 263, 267, 560, 273, 351, 662, 265, 295, 603, 351, 268, 563, 361, 274, 726, 265, 279, 538, 257, 492, 609, 267, 264, 530, 333, 287, 644, 282, 298, 760, 284, 289, 537, 339, 356, 517, 260, 272, 523, 351, 340, 603, 283, 283, 721, 249, 316, 656, 276, 378, 571, 266, 294, 531, 439, 269, 543, 269, 270, 801, 274, 324, 528, 312, 373, 527, 263, 266, 634, 365, 290, 558, 291, 269, 786, 322, 270, 541, 272, 373, 587, 266, 326, 535, 353, 325, 538, 259, 289, 880, 267, 284, 532, 264, 375, 547, 365, 289, 593, 368, 282, 541, 270, 327, 726, 267, 276, 659, 254, 369, 640, 286, 274, 560, 381, 270, 535, 334, 294, 712, 255, 284, 542, 262, 468, 533, 280, 266, 561, 400, 272, 690, 269, 280, 718, 260, 281, 580, 311, 352, 597, 279, 283, 522, 354, 339, 539, 278, 305, 710, 293, 304, 671, 260, 358, 546, 283, 266, 533, 418, 292, 559, 293, 330, 762, 287, 323, 524, 265, 370, 539, 278, 267, 713, 358, 280, 583, 283, 273, 705, 318, 277, 586, 297, 423, 529, 302, 324, 530, 371, 279, 547, 259, 274, 898, 285, 272, 543, 263, 401, 526, 323, 318, 534, 334, 285, 588, 276, 318, 769, 269, 270, 545, 260, 394, 716, 288, 297, 543, 362, 266, 583, 332, 280, 728, 272, 279, 533, 317, 430, 548, 278, 282, 571, 356, 270, 645, 272, 269, 830, 283, 292, 551, 307, 363, 568, 260, 291, 538, 370, 391, 543, 289, 272, 801, 269, 273, 641, 264, 375, 560, 303, 277, 532, 417, 279, 532, 310, 273, 730, 259, 336, 601, 259, 362, 556, 292, 274, 703, 355, 304, 570, 272, 290, 763, 343, 278, 553, 261, 369, 538, 271, 337, 605, 408, 278, 538, 285, 277, 850, 258, 311, 540, 259, 365, 575, 343, 284, 550, 359, 296, 559, 261, 348, 736, 282, 327, 549, 278, 411, 645, 271, 273, 538, 375, 269, 564, 370, 282, 726, 259, 270, 601, 288, 445, 614, 281, 279, 618, 361, 275, 644, 268, 277, 703, 296, 278, 570, 333, 419, 575, 275, 291, 535, 382, 339, 539, 260, 294, 732, 303, 281, 668, 265, 373, 533, 267, 277, 575, 468, 299, 698, 278, 284, 719, 251, 314, 546, 283, 359, 551, 284, 311, 642, 406, 272, 586, 286, 285, 721, 336, 277, 576, 310, 364, 556, 270, 377, 537, 367, 282, 545, 267, 297, 980, 263, 276, 561, 258, 364, 599, 350, 283, 529, 386, 319, 583, 273, 351, 724, 293, 287, 540, 283, 370, 653, 313, 271, 542, 358, 287, 578, 316, 298, 734, 272, 313, 643, 268, 458, 560, 274, 281, 548, 362, 268, 659, 279, 313, 827, 263, 284, 560, 320, 410, 567, 280, 291, 545, 387, 339, 562, 335, 278, 732, 269, 280, 668, 293, 370, 612, 285, 273, 540, 425, 297, 558, 279, 277, 729, 265, 357, 568, 276, 377, 557, 276, 300, 748, 373, 271, 548, 309, 282, 737, 314, 276, 575, 272, 379, 549, 308, 343, 595, 365, 294, 574, 276, 293, 902, 254, 275, 548, 284, 418, 538, 343, 280, 539, 360, 277, 555, 306, 335, 747, 329, 287, 606, 258, 365, 629, 296, 274, 564, 363, 293, 618, 323, 283, 786, 295, 278, 563, 273, 478, 541, 270, 314, 553, 360, 282, 654, 262, 297, 770, 272, 289, 538, 353, 376, 543, 255, 280, 570, 378, 321, 604, 275, 299, 824, 272, 291, 676, 291, 365, 525, 266, 283, 518, 482, 315, 564, 287, 290, 740, 264, 356, 546, 267, 370, 610, 296, 301, 660, 357, 278, 546, 283, 275, 747, 357, 293, 611, 275, 380, 590, 284, 359, 546, 378, 288, 565, 277, 319, 878, 275, 266, 578, 280, 374, 607, 325, 271, 564, 434, 282, 562, 279, 346, 756, 274, 300, 569, 269, 363, 746, 273, 282, 553, 364, 272, 596, 334, 268, 813, 284, 341, 554, 285, 456, 557, 286, 266, 531, 374, 282, 677, 338, 333, 750, 265, 274, 539, 322, 368, 562, 274, 277, 621, 378, 369, 539, 296, 267, 735, 282, 287, 726, 274, 424, 558, 278, 281, 625, 432, 290, 557, 280, 274, 750, 299, 340, 617, 276, 366, 543, 326, 282, 678, 376, 269, 608, 294, 272, 753, 326, 279, 556, 270, 446, 561, 290, 378, 557, 373, 314, 582, 287, 275, 879, 291, 283, 612, 317, 381, 563, 362, 281, 549, 366, 285, 540, 271, 336, 869, 304, 274, 561, 276, 394, 651, 290, 280, 591, 372, 327, 553, 331, 306, 727, 271, 278, 559, 290, 452, 549, 309, 286, 581, 374, 300, 763, 267, 280, 736, 266, 269, 614, 322, 371, 552, 284, 307, 561, 416, 347, 565, 299, 311, 747, 291, 280, 663, 259, 403, 563, 287, 284, 559, 484, 279, 589, 291, 281, 793, 281, 331, 563, 269, 366, 677, 290, 279, 706, 378, 258, 546, 301, 271, 739, 352, 334, 561, 301, 382, 539, 269, 337, 557, 377, 271, 558, 312, 289, 899, 275, 316, 554, 292, 385, 579, 354, 296, 608, 377, 278, 549, 271, 335, 834, 275, 291, 547, 282, 432, 724, 295, 278, 587, 378, 293, 551, 348, 302, 748, 315, 288, 561, 270, 451, 551, 294, 301, 575, 355, 314, 769, 292, 276, 728, 287, 274, 567, 326, 372, 556, 294, 315, 600, 413, 331, 567, 278, 279, 733, 279, 283, 688, 299, 384, 576, 301, 272, 575, 451, 286, 608, 277, 274, 862, 269, 334, 553, 269, 406, 595, 285, 280, 662, 370, 300, 576, 292, 308, 726, 317, 285, 618, 275, 392, 560, 323, 377, 551, 388, 266, 560, 293, 284, 886, 325, 293, 626, 263, 371, 553, 343, 272, 569, 369, 285, 546, 280, 436, 738, 299, 277, 588, 292, 366, 665, 286, 287, 562, 407, 278, 621, 332, 289, 767, 287, 287, 578, 262, 480, 608, 279, 297, 586, 392, 286, 670, 287, 283, 750, 269, 303, 593, 310, 385, 552, 311, 307, 557, 360, 331, 565, 323, 275, 805, 266, 288, 680, 276, 368, 605, 272, 274, 668, 451, 294, 558, 279, 282, 744, 273, 358, 568, 302, 427, 541, 282, 279, 652, 396, 284, 583, 272, 271, 814, 376, 305, 568, 285, 378, 546, 293, 335, 548, 384, 278, 631, 289, 281, 965, 292, 274, 596, 293, 379, 572, 333, 315, 556, 366, 297, 567, 284, 341, 789, 277, 275, 576, 322, 367, 681, 263, 311, 565, 384, 323, 555, 346, 278, 854, 272, 318, 556, 263, 454, 555, 288, 279, 599, 371, 318, 706, 296, 286, 749, 264, 280, 578, 358, 371, 549, 346, 284, 535, 360, 338, 566, 287, 292, 760, 277, 277, 755, 274, 412, 606, 287, 288, 568, 450, 291, 584, 293, 317, 747, 273, 340, 646, 287, 398, 569, 281, 305, 688, 409, 285, 579, 299, 279, 743, 365, 282, 579, 278, 397, 623, 292, 330, 610, 393, 289, 569, 274, 309, 906, 270, 312, 558, 266, 390, 564, 342, 290, 576, 381, 282, 659, 350, 355, 742, 270, 290, 561, 279, 373, 650, 280, 292, 625, 409, 284, 569, 337, 294, 742, 284, 316, 548, 274, 501, 605, 288, 311, 568, 373, 294, 689, 269, 279, 740, 329, 286, 564, 342, 371, 643, 287, 286, 558, 393, 328, 644, 278, 284, 742, 285, 282, 695, 307, 378, 556, 295, 314, 554, 490, 295, 548, 279, 292, 750, 285, 372, 584, 308, 393, 554, 300, 278, 671, 379, 280, 555, 279, 309, 895, 327, 290, 553, 268, 376, 566, 309, 350, 608, 370, 308, 577, 309, 294, 927, 274, 281, 604, 265, 366, 562, 387, 281, 608, 356, 316, 571, 281, 327, 756, 282, 291, 639, 261, 369, 687, 293, 312, 629, 382, 304, 555, 335, 321, 779, 294, 306, 556, 275, 449, 556, 312, 286, 568, 407, 310, 672, 304, 303, 760, 279, 297, 572, 335, 431, 614, 299, 276, 542, 374, 339, 576, 284, 288, 838, 286, 305, 776, 276, 383, 557, 278, 289, 589, 452, 292, 592, 322, 292, 722, 296, 372, 597, 292, 394, 591, 288, 291, 750, 386, 295, 563, 275, 319, 777, 339, 290, 578, 296, 435, 551, 290, 362, 558, 372, 282, 634, 287, 299, 913, 305, 294, 575, 287, 397, 595, 337, 285, 572, 431, 302, 677, 287, 337, 755, 274, 286, 566, 289, 384, 679, 293, 371, 557, 359, 292, 575, 331, 283, 749, 307, 293, 589, 324, 467, 643, 282, 301, 558, 406, 295, 709, 301, 275, 851, 275, 284, 573, 377, 403, 562, 289, 287, 560, 370, 389, 615, 283, 279, 761, 275, 314, 723, 286, 365, 582, 326, 288, 583, 445, 282, 577, 283, 325, 821, 279, 342, 647, 282, 393, 563, 277, 274, 668, 370, 284, 588, 336, 314, 762, 374, 285, 569, 285, 381, 561, 301, 328, 560, 422, 308, 597, 277, 294, 943, 276, 306, 617, 280, 388, 631, 343, 279, 615, 381, 297, 579, 277, 345, 745, 302, 324, 558, 277, 434, 711, 318, 282, 559, 373, 278, 596, 391, 284, 761, 273, 287, 554, 276, 504, 581, 321, 293, 623, 387, 293, 668, 311, 287, 778, 265, 307, 633, 325, 436, 560, 287, 305, 599, 385, 345, 579, 297, 298, 760, 337, 294, 704, 299, 374, 595, 293, 282, 590, 450, 311, 642, 290, 325, 742, 281, 337, 625, 275, 396, 581, 294, 300, 674, 388, 296, 636, 309, 294, 761, 342, 283, 616, 311, 383, 565, 309, 353, 568, 419, 299, 573, 301, 291, 1079, 284, 290, 563, 285, 369, 562, 364, 326, 564, 389, 353, 595, 299, 349, 755, 286, 313, 577, 298, 383, 747, 312, 291, 570, 383, 286, 607, 350, 281, 841, 274, 298, 630, 324, 454, 576, 287, 292, 556, 380, 302, 688, 304, 316, 789, 286, 324, 561, 365, 391, 607, 286, 304, 570, 426, 353, 577, 287, 294, 831, 268, 289, 701, 287, 390, 648, 282, 330, 555, 460, 312, 583, 313, 292, 779, 299, 371, 576, 281, 373, 614, 278, 279, 688, 424, 327, 619, 312, 280, 796, 336, 288, 580, 290, 375, 593, 295, 344, 708, 375, 290, 619, 286, 300, 929, 311, 278, 579, 266, 437, 569, 391, 289, 595, 394, 299, 567, 280, 371, 761, 309, 295, 607, 277, 437, 691, 289, 273, 574, 390, 277, 652, 353, 275, 772, 302, 297, 610, 287, 490, 587, 294, 345, 603, 414, 305, 697, 294, 279, 743, 307, 302, 624, 374, 378, 567, 291, 275, 558, 398, 360, 569, 291, 318, 852, 291, 295, 734, 295, 411, 584, 290, 288, 585, 451, 325, 638, 293, 290, 759, 266, 380, 596, 274, 399, 581, 337, 286, 696, 423, 318, 592, 277, 284, 774, 345, 306, 642, 283, 396, 619, 290, 391, 610, 397, 294, 577, 291, 327, 900, 298, 293, 586, 296, 386, 613, 350, 281, 588, 438, 320, 574, 296, 346, 764, 286, 290, 580, 298, 402, 776, 279, 289, 590, 381, 284, 605, 375, 310, 799, 294, 343, 566, 287, 458, 595, 289, 298, 572, 391, 292, 686, 338, 283, 887, 288, 293, 606, 357, 385, 571, 297, 285, 642, 372, 370, 605, 307, 300, 762, 293, 309, 684, 290, 429, 588, 313, 285, 555, 458, 333, 583, 294, 303, 767, 305, 354, 605, 299, 378, 594, 301, 288, 753, 388, 322, 648, 309, 288, 762, 339, 297, 573, 280, 404, 646, 331, 401, 570, 381, 310, 591, 273, 300, 999, 297, 302, 595, 321, 433, 564, 347, 303, 588, 391, 298, 570, 294, 378, 861, 283, 292, 646, 290, 402, 691, 290, 285, 565, 406, 334, 593, 352, 298, 783, 321, 295, 580, 294, 458, 570, 346, 305, 570, 375, 284, 743, 289, 319, 831, 295, 288, 657, 323, 389, 593, 305, 289, 554, 386, 364, 687, 318, 348, 835, 277, 295, 696, 291, 374, 575, 295, 289, 582, 546, 318, 591, 278, 281, 783, 321, 350, 584, 291, 398, 644, 290, 330, 712, 376, 281, 583, 301, 301, 768, 355, 311, 621, 278, 436, 627, 295, 349, 599, 381, 296, 599, 325, 306, 914, 293, 308, 571, 314, 422, 592, 345, 291, 674, 396, 291, 561, 297, 366, 779, 282, 310, 584, 281, 429, 687, 308, 278, 612, 386, 302, 562, 369, 292, 848, 335, 299, 601, 284, 496, 615, 292, 303, 627, 393, 295, 805, 327, 300, 799, 269, 312, 585, 340, 392, 569, 288, 328, 581, 391, 411, 581, 305, 294, 770, 297, 295, 697, 349, 401, 613, 269, 299, 645, 489, 315, 578, 324, 294, 869, 286, 346, 575, 283, 403, 582, 314, 286, 701, 417, 328, 581, 285, 288, 831, 346, 292, 630, 277, 440, 596, 316, 355, 585, 391, 288, 581, 284, 312, 951, 282, 313, 742, 283, 401, 579, 361, 303, 596, 382, 319, 589, 288, 383, 782, 308, 293, 630, 294, 385, 730, 299, 280, 603, 420, 285, 578, 349, 301, 779, 284, 283, 601, 298, 459, 704, 302, 303, 565, 393, 302, 764, 303, 291, 774, 290, 332, 576, 347, 408, 564, 296, 323, 568, 440, 393, 595, 324, 291, 798, 286, 299, 707, 293, 385, 595, 286, 325, 638, 481, 287, 580, 292, 293, 819, 289, 360, 593, 292, 460, 641, 302, 297, 682, 389, 294, 621, 294, 293, 780, 373, 304, 617, 330, 397, 576, 309, 351, 591, 403, 298, 656, 304, 305, 927, 297, 322, 605, 288, 384, 609, 360, 359, 609, 389, 313, 594, 286, 348, 855, 306, 288, 574, 315, 392, 738, 298, 283, 578, 386, 301, 629, 391, 300, 902, 300, 290, 637, 290, 489, 604, 300, 308, 592, 402, 359, 708, 291, 306, 763, 305, 295, 594, 349, 410, 590, 322, 303, 620, 380, 361, 576, 296, 289, 774, 301, 300, 772, 293, 421, 588, 352, 295, 577, 467, 317, 579, 303, 323, 779, 277, 338, 584, 274, 419, 589, 291, 299, 780, 446, 305, 610, 284, 289, 813, 349, 273, 659, 290, 395, 654, 289, 368, 594, 384, 335, 614, 319, 287, 936, 306, 324, 591, 305, 394, 575, 360, 317, 580, 371, 320, 601, 353, 385, 782, 297, 306, 596, 270, 394, 697, 288, 299, 645, 378, 289, 642, 364, 302, 824, 321, 309, 592, 296, 525, 603, 280, 301, 584, 434, 293, 703, 298, 296, 782, 328, 291, 623, 343, 391, 583, 282, 335, 624, 417, 352, 647, 304, 308, 808, 283, 285, 720, 300, 396, 661, 281, 341, 571, 465, 298, 581, 311, 298, 837, 287, 356, 594, 350, 400, 620, 293, 292, 709, 391, 300, 578, 303, 299, 888, 354, 323, 636, 291, 394, 596, 312, 383, 576, 405, 336, 583, 305, 305, 1029, 285, 300, 589, 293, 387, 587, 411, 291, 580, 425, 300, 578, 325, 355, 808, 313, 315, 692, 282, 380, 742, 296, 303, 593, 400, 349, 644, 376, 320, 804, 289, 303, 600, 281, 466, 625, 300, 293, 627, 453, 317, 704, 302, 315, 848, 291, 308, 600, 336, 397, 637, 319, 321, 577, 378, 351, 628, 308, 301, 817, 311, 313, 724, 332, 436, 601, 293, 288, 598, 471, 285, 596, 336, 302, 758, 296, 361, 716, 313, 391, 589, 308, 314, 771, 399, 304, 628, 298, 315, 786, 381, 309, 579, 303, 457, 583, 329, 358, 596, 385, 297, 618, 290, 317, 952, 331, 309, 603, 291, 403, 609, 401, 291, 583, 401, 305, 716, 305, 353, 801, 299, 299, 588, 293, 391, 719, 299, 335, 641, 424, 300, 590, 375, 299, 794, 294, 306, 584, 333, 521, 602, 309, 314, 615, 397, 309, 717, 313, 297, 897, 286, 288, 607, 357, 400, 686, 311, 315, 619, 399, 408, 585, 333, 295, 800, 297, 292, 717, 320, 395, 647, 321, 316, 574, 470, 316, 589, 328, 305, 828, 290, 391, 674, 301, 385, 611, 306, 292, 729, 392, 300, 588, 298, 331, 861, 349, 335, 596, 290, 406, 596, 335, 356, 595, 461, 300, 606, 333, 297, 943, 287, 297, 591, 305, 377, 684, 346, 305, 597, 397, 322, 612, 301, 352, 819, 294, 337, 622, 298, 412, 768, 286, 316, 650, 430, 309, 598, 401, 301, 783, 301, 307, 600, 286, 504, 611, 330, 339, 654, 391, 315, 736, 312, 316, 816, 302, 320, 599, 352, 501, 589, 299, 289, 605, 426, 362, 592, 312, 292, 781, 357, 295, 826, 312, 389, 609, 301, 298, 598, 490, 313, 738, 316, 290, 784, 310, 348, 596, 310, 411, 605, 326, 334, 764, 424, 316, 585, 299, 343, 793, 374, 299, 604, 313, 401, 606, 291, 358, 580, 398, 322, 681, 289, 307, 1070, 311, 316, 597, 307, 403, 590, 336, 304, 575, 438, 351, 593, 317, 355, 854, 298, 297, 643, 299, 391, 722, 341, 328, 586, 405, 294, 587, 368, 309, 788, 309, 332, 659, 316, 528, 656, 310, 310, 596, 395, 320, 752, 311, 329, 790, 298, 299, 635, 395, 412, 599, 315, 324, 592, 447, 365, 588, 303, 293, 802, 304, 325, 735, 301, 403, 683, 293, 307, 622, 483, 314, 656, 309, 298, 880, 292, 404, 624, 296, 402, 584, 281, 300, 717, 396, 320, 590, 373, 300, 832, 361, 297, 585, 307, 416, 618, 301, 372, 672, 384, 330, 595, 320, 304, 963, 297, 312, 613, 306, 473, 595, 351, 299, 658, 418, 306, 634, 304, 384, 879, 338, 300, 607, 290, 413, 719, 330, 291, 630, 393, 314, 669, 371, 305, 818, 289, 323, 621, 292, 560, 603, 298, 339, 593, 408, 308, 744, 331, 288, 802, 297, 302, 653, 421, 414, 590, 282, 311, 593, 404, 379, 599, 328, 298, 902, 336, 320, 713, 303, 393, 655, 306, 298, 594, 485, 337, 620, 303, 336, 795, 296, 348, 593, 285, 413, 678, 326, 318, 738, 399, 292, 643, 305, 314, 789, 363, 310, 698, 298, 400, 607, 304, 367, 613, 495, 317, 612, 298, 363, 984, 295, 306, 618, 301, 415, 607, 369, 320, 622, 446, 300, 658, 307, 387, 799, 317, 297, 633, 282, 415, 850, 315, 304, 586, 410, 317, 608, 356, 327, 800, 295, 349, 658, 302, 493, 605, 310, 305, 603, 403, 317, 730, 345, 296, 867, 313, 321, 605, 363, 409, 597, 325, 315, 705, 400, 370, 614, 302, 311, 880, 314, 306, 780, 301, 432, 621, 304, 314, 587, 495, 340, 609, 332, 331, 802, 328, 360, 627, 304, 445, 625, 313, 314, 716, 402, 322, 676, 304, 283, 863, 365, 309, 625, 298, 419, 611, 334, 401, 646, 407, 307, 589, 305, 317, 981, 308, 296, 604, 340, 401, 625, 422, 311, 688, 420, 308, 624, 305, 362, 892, 293, 324, 625, 306, 451, 739, 316, 332, 590, 396, 358, 598, 365, 301, 792, 308, 326, 674, 302, 496, 635, 348, 298, 595, 391, 322, 767, 329, 304, 819, 326, 306, 678, 353, 415, 642, 317, 313, 598, 403, 388, 599, 308, 381, 890, 309, 316, 743, 286, 432, 613, 321, 317, 598, 529, 316, 673, 302, 305, 807, 308, 394, 670, 312, 448, 705, 292, 302, 713, 449, 300, 607, 312, 295, 810, 361, 349, 613, 337, 413, 617, 302, 406, 648, 389, 314, 616, 338, 307, 970, 304, 294, 623, 296, 414, 704, 357, 320, 682, 396, 303, 606, 327, 375, 814, 309, 314, 657, 351, 473, 739, 315, 340, 597, 414, 319, 618, 403, 311, 810, 336, 372, 639, 310, 486, 614, 313, 311, 617, 425, 305, 864, 306, 305, 883, 298, 317, 620, 359, 407, 662, 308, 328, 604, 419, 386, 645, 351, 300, 827, 308, 292, 738, 334, 449, 613, 297, 309, 613, 516, 352, 614, 319, 322, 932, 309, 386, 624, 290, 424, 629, 303, 323, 783, 411, 337, 631, 317, 342, 819, 388, 312, 603, 283, 422, 631, 368, 367, 607, 411, 314, 632, 321, 314, 1004, 309, 287, 766, 297, 453, 647, 377, 296, 610, 400, 315, 597, 323, 399, 828, 307, 309, 671, 299, 441, 731, 331, 308, 619, 462, 314, 589, 376, 326, 805, 331, 318, 616, 294, 496, 675, 330, 313, 602, 395, 318, 739, 316, 344, 845, 312, 340, 633, 352, 405, 605, 323, 300, 641, 395, 389, 676, 360, 322, 867, 301, 315, 744, 314, 416, 609, 295, 307, 678, 544, 342, 630, 296, 318, 884, 293, 383, 625, 328, 460, 597, 310, 335, 740, 420, 310, 657, 330, 316, 816, 402, 313, 638, 299, 414, 676, 316, 414, 643, 410, 315, 704, 301, 314, 1052, 305, 309, 631, 324, 423, 612, 354, 330, 627, 415, 335, 648, 317, 362, 817, 323, 356, 618, 330, 443, 741, 311, 310, 612, 412, 300, 623, 371, 301, 982, 329, 316, 596, 325, 495, 626, 308, 316, 626, 421, 348, 750, 340, 318, 840, 296, 297, 628, 358, 429, 673, 335, 316, 599, 405, 421, 615, 314, 314, 840, 298, 325, 864, 315, 399, 614, 301, 318, 728, 489, 327, 611, 312, 337, 832, 311, 383, 616, 310, 417, 608, 327, 307, 728, 516, 319, 642, 331, 315, 810, 372, 307, 637, 312, 450, 712, 306, 406, 615, 416, 321, 665, 310, 325, 1009, 318, 362, 701, 303, 413, 622, 371, 323, 639, 435, 317, 638, 348, 391, 828, 338, 311, 644, 306, 433, 798, 326, 313, 680, 412, 323, 618, 374, 339, 816, 322, 314, 608, 295, 549, 642, 309, 314, 616, 429, 329, 814, 324, 308, 816, 346, 305, 686, 373, 431, 665, 311, 305, 609, 465, 376, 681, 328, 338, 827, 312, 297, 762, 321, 451, 608, 314, 383, 635, 494, 318, 636, 308, 305, 814, 304, 373, 664, 334, 433, 699, 357, 330, 739, 403, 319, 618, 310, 299, 926, 369, 309, 611, 320, 444, 628, 333, 382, 667, 420, 354, 624, 319, 316, 990, 302, 348, 613, 312, 405, 601, 439, 331, 574, 412, 367, 620, 334, 377, 923, 323, 312, 702, 320, 408, 738, 294, 305, 610, 428, 320, 632, 451, 336, 881, 299, 317, 647, 296, 481, 657, 322, 311, 619, 452, 343, 772, 303, 306, 885, 299, 309, 635, 392, 410, 685, 324, 311, 692, 426, 371, 609, 314, 336, 823, 318, 374, 754, 297, 412, 616, 345, 335, 615, 524, 321, 612, 333, 315, 814, 285, 364, 635, 339, 453, 615, 327, 302, 837, 415, 320, 666, 313, 319, 826, 381, 314, 690, 293, 469, 677, 305, 361, 623, 428, 322, 614, 306, 309, 1053, 384, 312, 617, 312, 408, 624, 378, 334, 627, 411, 348, 708, 310, 422, 872, 308, 301, 627, 299, 451, 768, 309, 358, 593, 432, 315, 697, 357, 314, 793, 298, 312, 623, 332, 494, 655, 312, 311, 650, 463, 313, 811, 315, 306, 900, 327, 300, 634, 348, 418, 620, 310, 354, 625, 418, 425, 620, 357, 337, 835, 303, 327, 758, 299, 413, 691, 346, 308, 641, 491, 314, 611, 343, 325, 820, 318, 407, 695, 326, 422, 629, 317, 308, 747, 417, 304, 634, 326, 354, 836, 376, 360, 673, 311, 445, 647, 321, 367, 630, 466, 334, 660, 316, 317, 1083, 312, 324, 628, 325, 451, 693, 362, 313, 602, 444, 321, 634, 342, 368, 879, 312, 356, 627, 293, 424, 724, 336, 312, 621, 421, 357, 628, 414, 322, 837, 307, 313, 646, 306, 504, 631, 313, 308, 797, 416, 312, 741, 324, 313, 842, 319, 318, 663, 386, 464, 619, 343, 328, 627, 431, 418, 626, 313, 325, 842, 336, 328, 768, 316, 451, 622, 327, 317, 636, 471, 319, 690, 331, 318, 830, 292, 398, 689, 313, 426, 644, 325, 346, 759, 426, 322, 628, 302, 301, 895, 405, 299, 635, 344, 428, 634, 297, 387, 623, 439, 325, 681, 301, 335, 1172, 303, 337, 648, 317, 421, 636, 373, 334, 609, 404, 345, 667, 323, 380, 851, 315, 319, 627, 340, 425, 735, 352, 307, 608, 444, 326, 628, 402, 309, 820, 324, 322, 710, 320, 496, 661, 328, 369, 635, 409, 324, 727, 342, 356, 843, 305, 317, 622, 364, 413, 695, 316, 336, 613, 452, 372, 668, 321, 312, 830, 302, 311, 761, 328, 436, 751, 308, 308, 631, 535, 331, 662, 308, 312, 836, 331, 452, 651, 315, 411, 627, 319, 325, 757, 417, 326, 666, 326, 323, 931, 352, 316, 609, 310, 458, 663, 333, 393, 684, 433, 334, 614, 340, 331, 1007, 323, 327, 617, 302, 466, 613, 400, 325, 694, 407, 337, 641, 331, 368, 850, 368, 320, 636, 320, 429, 752, 315, 309, 679, 414, 314, 698, 411, 314, 868, 328, 325, 674, 317, 508, 638, 340, 348, 635, 427, 314, 771, 325, 307, 851, 324, 346, 648, 424, 477, 638, 308, 348, 630, 413, 377, 617, 333, 311, 948, 320, 318, 825, 304, 418, 671, 341, 319, 642, 515, 364, 623, 309, 310, 840, 363, 397, 624, 309, 430, 625, 341, 305, 833, 445, 320, 635, 311, 345, 859, 376, 317, 731, 304, 448, 620, 324, 363, 655, 427, 349, 708, 310, 391, 995, 336, 308, 637, 315, 415, 644, 379, 322, 612, 520, 315, 622, 340, 360, 841, 303, 329, 675, 299, 416, 858, 305, 352, 629, 409, 341, 632, 383, 326, 915, 308, 352, 629, 305, 516, 688, 332, 331, 614, 436, 328, 782, 364, 330, 865, 313, 332, 609, 404, 416, 651, 312, 316, 688, 426, 408, 631, 314, 335, 842, 310, 355, 803, 335, 453, 642, 323, 320, 612, 498, 309, 626, 320, 300, 969, 365, 391, 632, 317, 422, 686, 316, 323, 738, 400, 329, 704, 369, 321, 844, 371, 301, 651, 328, 444, 628, 321, 439, 615, 426, 366, 641, 325, 327, 1008, 313, 309, 651, 368, 429, 629, 375, 340, 681, 448, 339, 654, 310, 403, 940, 315, 326, 659, 310, 437, 741, 341, 321, 630, 410, 362, 765, 399, 317, 836, 312, 319, 633, 304, 547, 626, 343, 319, 650, 412, 337, 765, 317, 331, 837, 330, 322, 764, 357, 440, 659, 317, 330, 647, 421, 386, 663, 322, 360, 857, 366, 330, 756, 318, 451, 638, 319, 318, 647, 574, 331, 625, 336, 335, 848, 318, 375, 663, 320, 417, 703, 312, 316, 798, 433, 315, 689, 326, 324, 851, 384, 365, 631, 296, 465, 653, 319, 383, 654, 466, 325, 625, 372, 322, 1035, 321, 326, 630, 307, 427, 648, 402, 346, 689, 406, 325, 637, 328, 403, 867, 309, 361, 643, 303, 497, 849, 336, 333, 668, 416, 324, 638, 381, 315, 856, 350, 316, 642, 333, 509, 674, 349, 327, 629, 420, 348, 866, 311, 320, 839, 313, 353, 647, 366, 428, 636, 324, 360, 676, 438, 392, 661, 362, 311, 980, 310, 331, 755, 350, 430, 637, 319, 326, 624, 497, 341, 657, 347, 336, 998, 316, 374, 636, 309, 430, 656, 292, 341, 776, 434, 385, 640, 314, 317, 859, 376, 344, 688, 312, 435, 638, 356, 386, 697, 427, 333, 629, 316, 332, 1024, 316, 333, 718, 335, 451, 622, 439, 331, 655, 413, 325, 632, 309, 437, 834, 302, 339, 641, 317, 466, 815, 308, 314, 670, 486, 347, 654, 365, 325, 839, 312, 323, 704, 327, 508, 739, 329, 354, 662, 429, 326, 779, 326, 319, 892, 357, 378, 660, 369, 427, 649, 313, 328, 630, 452, 388, 632, 346, 353, 861, 315, 315, 835, 343, 414, 640, 326, 314, 682, 514, 329, 734, 314, 336, 865, 322, 385, 657, 308, 499, 644, 322, 341, 738, 459, 320, 661, 310, 337, 879, 429, 330, 680, 293, 432, 634, 339, 434, 615, 448, 322, 750, 309, 317, 1045, 324, 331, 678, 314, 433, 691, 387, 351, 617, 417, 355, 642, 324, 385, 841, 373, 324, 678, 383, 444, 783, 328, 323, 659, 431, 338, 643, 381, 318, 956, 319, 371, 645, 313, 574, 636, 342, 331, 624, 417, 362, 764, 338, 313, 957, 328, 316, 627, 378, 432, 642, 372, 320, 647, 431, 404, 671, 361, 318, 871, 329, 310, 844, 304, 418, 636, 305, 322, 700, 508, 357, 644, 345, 374, 858, 315, 397, 647, 310, 457, 667, 320, 319, 827, 473, 360, 628, 331, 325, 841, 383, 355, 648, 305, 430, 691, 344, 410, 641, 417, 316, 635, 375, 310, 1011, 320, 346, 629, 311, 473, 683, 378, 326, 625, 415, 333, 676, 347, 380, 929, 311, 331, 715, 317, 425, 826, 324, 331, 714, 451, 334, 688, 389, 323, 881, 344, 355, 648, 316, 587, 635, 328, 341, 624, 429, 328, 776, 335, 382, 859, 346, 329, 649, 391, 432, 624, 318, 333, 637, 432, 418, 776, 325, 328, 861, 316, 338, 819, 318, 415, 664, 351, 361, 635, 554, 334, 626, 337, 335, 885, 315, 390, 658, 337, 428, 630, 336, 384, 779, 438, 330, 641, 324, 325, 988, 386, 316, 632, 309, 422, 702, 322, 384, 646, 463, 370, 632, 312, 335, 1045, 305, 340, 651, 356, 459, 665, 439, 337, 663, 438, 332, 694, 316, 389, 901, 315, 352, 731, 308, 429, 767, 321, 320, 634, 437, 322, 632, 390, 381, 924, 349, 329, 641, 333, 526, 654, 315, 338, 634, 475, 336, 788, 349, 327, 851, 342, 322, 671, 377, 433, 725, 325, 350, 687, 428, 435, 657, 347, 319, 844, 320, 381, 824, 326, 442, 641, 325, 316, 716, 504, 324, 676, 363, 328, 869, 313, 417, 649, 320, 468, 674, 347, 340, 832, 427, 323, 643, 337, 325, 891, 400, 339, 697, 320, 517, 671, 357, 385, 626, 455, 327, 623, 326, 320, 1038, 341, 337, 696, 322, 458, 651, 393, 333, 679, 414, 326, 714, 341, 398, 849, 341, 324, 691, 340, 446, 759, 322, 352, 675, 409, 343, 637, 379, 383, 879, 313, 328, 633, 344, 516, 667, 330, 324, 644, 420, 339, 850, 366, 324, 960, 338, 330, 645, 400, 474, 638, 311, 337, 627, 463, 430, 653, 318, 340, 920, 328, 331, 784, 330, 437, 658, 359, 361, 625, 520, 323, 670, 326, 320, 878, 307, 417, 746, 332, 436, 774, 325, 317, 761, 433, 322, 690, 306, 351, 861, 403, 312, 661, 355, 437, 659, 326, 393, 665, 501, 327, 649, 314, 315, 1048, 318, 371, 652, 296, 451, 791, 402, 337, 644, 444, 334, 647, 333, 429, 946, 327, 358, 645, 324, 445, 772, 329, 339, 629, 410, 338, 640, 492, 322, 858, 329, 337, 689, 314, 526, 671, 335, 337, 710, 437, 369, 763, 328, 331, 848, 312, 335, 654, 383, 495, 669, 339, 342, 693, 425, 403, 713, 321, 330, 920, 352, 326, 803, 312, 438, 622, 347, 340, 657, 509, 358, 734, 342, 390, 854, 316, 397, 650, 317, 494, 659, 350, 359, 774, 423, 321, 666, 336, 333, 898, 417, 339, 728, 337, 424, 681, 347, 395, 656, 439, 321, 652, 324, 326, 1152, 344, 324, 678, 328, 425, 658, 390, 348, 640, 433, 375, 657, 341, 424, 908, 327, 333, 672, 314, 486, 762, 361, 347, 664, 438, 345, 707, 399, 329, 882, 326, 325, 733, 330, 531, 653, 334, 346, 641, 477, 325, 865, 321, 359, 878, 334, 340, 641, 363, 440, 652, 329, 343, 697, 486, 393, 686, 325, 323, 872, 380, 340, 771, 331, 450, 785, 323, 337, 649, 513, 370, 669, 314, 316, 861, 319, 446, 641, 342, 466, 656, 334, 341, 802, 440, 333, 662, 401, 335, 873, 372, 337, 657, 303, 438, 650, 336, 384, 770, 446, 307, 657, 320, 334, 1205, 322, 331, 637, 321, 497, 637, 385, 329, 665, 423, 321, 656, 385, 424, 880, 349, 350, 657, 314, 439, 780, 328, 331, 679, 453, 366, 729, 381, 319, 859, 320, 347, 638, 351, 528, 672, 325, 364, 692, 435, 331, 785, 320, 336, 894, 348, 315, 676, 424, 431, 736, 351, 335, 648, 448, 409, 661, 340, 305, 986, 307, 341, 786, 315, 482, 652, 321, 364, 633, 545, 401, 651, 329, 327, 871, 344, 403, 723, 329, 449, 644, 367, 329, 763, 453, 333, 658, 339, 352, 860, 417, 322, 730, 329, 445, 650, 330, 391, 660, 450, 336, 690, 323, 407, 1059, 320, 338, 692, 324, 447, 697, 382, 329, 650, 487, 333, 744, 336, 416, 867, 329, 321, 656, 329, 428, 885, 346, 343, 650, 462, 309, 656, 387, 326, 873, 345, 385, 675, 305, 581, 656, 344, 361, 680, 420, 338, 789, 379, 330, 878, 310, 331, 690, 409, 448, 714, 343, 329, 722, 417, 390, 632, 349, 339, 938, 319, 332, 812, 384, 536, 653, 331, 332, 647, 514, 330, 661, 328, 354, 878, 353, 417, 666, 328, 440, 692, 364, 334, 786, 445, 334, 725, 316, 337, 966, 388, 326, 686, 322, 457, 675, 340, 453, 677, 435, 354, 646, 359, 351, 1050, 327, 322, 655, 369, 449, 702, 393, 330, 674, 431, 398, 713, 337, 395, 984, 324, 360, 652, 326, 454, 804, 333, 339, 712, 433, 360, 653, 417, 329, 885, 334, 331, 656, 321, 539, 656, 417, 346, 668, 416, 342, 809, 354, 321, 986, 336, 332, 715, 393, 503, 659, 332, 336, 654, 433, 418, 644, 347, 381, 876, 312, 347, 887, 324, 450, 677, 329, 355, 694, 583, 326, 676, 313, 326, 906, 345, 407, 672, 346, 468, 724, 323, 348, 783, 433, 352, 641, 341, 375, 873, 410, 350, 670, 319, 449, 690, 326, 395, 639, 430, 333, 732, 354, 351, 1047, 319, 340, 665, 326, 452, 639, 401, 361, 780, 489, 334, 688, 332, 404, 852, 331, 333, 668, 307, 497, 851, 337, 341, 652, 457, 347, 662, 403, 325, 878, 340, 351, 648, 312, 527, 717, 335, 329, 648, 478, 343, 938, 332, 346, 866, 315, 323, 655, 428, 454, 655, 348, 368, 650, 460, 409, 669, 345, 377, 884, 313, 364, 795, 357, 451, 649, 330, 331, 660, 529, 343, 663, 327, 343, 1061, 342, 392, 724, 321, 453, 661, 311, 327, 793, 442, 393, 682, 352, 332, 868, 381, 311, 718, 325, 442, 671, 390, 396, 660, 436, 376, 685, 344, 344, 1080, 317, 324, 733, 310, 483, 647, 399, 333, 727, 443, 345, 651, 335, 448, 864, 342, 316, 689, 335, 446, 783, 386, 334, 640, 497, 323, 683, 410, 317, 935, 330, 341, 669, 325, 591, 737, 344, 335, 736, 437, 339, 827, 321, 336, 873, 328, 370, 706, 410, 432, 661, 334, 333, 677, 455, 436, 639, 354, 360, 858, 355, 333, 804, 325, 462, 669, 323, 381, 743, 519, 356, 658, 359, 367, 902, 337, 409, 653, 334, 500, 651, 344, 334, 779, 443, 333, 759, 327, 335, 979, 442, 339, 696, 304, 455, 653, 346, 401, 670, 485, 338, 732, 327, 341, 1078, 337, 343, 670, 317, 459, 702, 392, 418, 687, 436, 335, 652, 327, 417, 883, 347, 332, 669, 382, 477, 883, 328, 330, 687, 447, 343, 655, 392, 351, 979, 322, 326, 665, 334, 540, 699, 325, 347, 722, 431, 378, 790, 327, 334, 876, 314, 387, 661, 401, 439, 656, 395, 352, 665, 442, 408, 648, 342, 334, 970, 330, 320, 886, 323, 429, 669, 338, 344, 657, 566, 329, 675, 357, 378, 925, 330, 427, 697, 345, 441, 660, 341, 318, 791, 482, 361, 722, 330, 339, 880, 415, 343, 672, 307, 436, 803, 337, 431, 739, 437, 354, 663, 328, 360, 1055, 330, 368, 677, 340, 458, 654, 432, 359, 658, 451, 340, 677, 370, 411, 909, 375, 354, 668, 328, 505, 803, 324, 342, 730, 443, 339, 683, 396, 366, 929, 331, 345, 774, 326, 609, 690, 350, 332, 699, 426, 345, 796, 330, 329, 887, 402, 345, 714, 393, 478, 675, 338, 348, 665, 433, 405, 741, 335, 362, 891, 341, 354, 799, 319, 446, 703, 394, 396, 670, 539, 339, 726, 344, 337, 895, 337, 410, 673, 361, 448, 652, 346, 336, 840, 506, 349, 668, 331, 342, 1017, 409, 319, 673, 330, 445, 661, 352, 446, 649, 455, 407, 697, 333, 348, 1128, 328, 336, 699, 344, 442, 720, 444, 325, 654, 432, 339, 672, 354, 417, 889, 341, 334, 751, 372, 456, 801, 331, 339, 653, 444, 358, 681, 396, 377, 965, 323, 381, 683, 327, 528, 682, 331, 343, 659, 495, 348, 819, 342, 335, 983, 343, 370, 685, 408, 455, 750, 325, 337, 707, 431, 396, 718, 380, 354, 869, 329, 364, 813, 353, 465, 659, 324, 335, 670, 516, 369, 747, 392, 333, 892, 339, 415, 654, 339, 443, 725, 336, 344, 972, 442, 344, 693, 342, 341, 912, 402, 331, 664, 342, 551, 668, 375, 444, 672, 445, 361, 675, 339, 347, 1060, 368, 350, 687, 330, 517, 646, 396, 347, 711, 489, 353, 738, 345, 405, 888, 324, 341, 730, 331, 441, 806, 347, 355, 681, 478, 340, 729, 428, 334, 904, 366, 326, 681, 361, 545, 700, 335, 335, 675, 457, 346, 850, 336, 398, 998, 330, 360, 671, 384, 457, 664, 339, 346, 684, 440, 451, 735, 337, 363, 896, 348, 338, 836, 333, 438, 709, 372, 346, 686, 579, 338, 673, 352, 339, 915, 323, 399, 807, 334, 451, 666, 348, 367, 808, 485, 346, 668, 328, 372, 892, 403, 339, 674, 336, 483, 734, 343, 411, 678, 493, 337, 686, 324, 381, 1123, 327, 341, 679, 359, 453, 738, 435, 346, 675, 439, 335, 673, 335, 408, 907, 329, 399, 705, 320, 447, 791, 351, 346, 742, 431, 357, 657, 434, 334, 1003, 314, 341, 665, 329, 540, 725, 362, 333, 749, 446, 371, 802, 377, 350, 898, 342, 337, 673, 393, 504, 669, 334, 339, 655, 455, 480, 653, 392, 347, 909, 374, 346, 812, 324, 480, 665, 341, 351, 765, 555, 340, 729, 329, 337, 1017, 323, 406, 689, 315, 456, 688, 358, 387, 783, 465, 335, 692, 335, 342, 911, 397, 386, 672, 388, 508, 664, 329, 412, 678, 463, 349, 714, 324, 354, 1175, 309, 341, 724, 355, 458, 666, 421, 352, 660, 466, 381, 681, 325, 431, 884, 371, 365, 727, 346, 452, 868, 377, 349, 651, 442, 344, 737, 401, 375, 925, 334, 339, 785, 333, 555, 678, 339, 367, 676, 450, 340, 878, 335, 385, 890, 358, 361, 674, 410, 460, 680, 337, 353, 712, 569, 423, 661, 344, 340, 893, 331, 342, 819, 340, 480, 763, 337, 380, 665, 531, 337, 735, 329, 360, 905, 336, 456, 659, 339, 474, 735, 334, 360, 857, 446, 339, 681, 366, 361, 895, 420, 336, 663, 366, 459, 691, 352, 417, 767, 453, 337, 704, 357, 338, 1128, 341, 385, 687, 319, 503, 702, 413, 337, 668, 448, 347, 674, 347, 400, 968, 384, 365, 729, 324, 499, 826, 354, 335, 661, 436, 350, 763, 445, 368, 892, 334, 341, 705, 326, 605, 719, 354, 380, 667, 454, 393, 835, 349, 341, 895, 351, 338, 679, 447, 441, 685, 347, 350, 732, 486, 417, 661, 360, 332, 1030, 330, 337, 823, 339, 450, 716, 360, 371, 730, 544, 395, 688, 350, 361, 909, 337, 396, 681, 351, 508, 680, 377, 333, 818, 464, 359, 702, 336, 366, 913, 407, 334, 872, 325, 465, 674, 364, 409, 695, 437, 354, 677, 350, 401, 1071, 354, 356, 679, 327, 453, 693, 446, 329, 689, 499, 358, 696, 333, 458, 935, 324, 340, 679, 326, 454, 917, 346, 326, 661, 456, 366, 767, 404, 348, 978, 337, 413, 694, 342, 566, 674, 334, 362, 671, 521, 326, 823, 378, 332, 988, 328, 342, 688, 435, 469, 681, 324, 396, 736, 441, 434, 699, 353, 352, 917, 339, 344, 825, 366, 508, 808, 345, 340, 710, 549, 352, 683, 333, 345, 889, 390, 414, 706, 370, 457, 681, 338, 377, 818, 442, 341, 775, 348, 334, 920, 396, 360, 678, 333, 445, 685, 348, 478, 719, 486, 357, 726, 358, 357, 1187, 331, 337, 693, 369, 467, 675, 392, 341, 680, 448, 356, 753, 383, 415, 1016, 351, 353, 676, 342, 461, 819, 357, 345, 700, 442, 436, 680, 428, 363, 930, 335, 341, 720, 335, 601, 664, 396, 344, 759, 463, 352, 805, 349, 361, 904, 379, 350, 759, 393, 455, 707, 371, 342, 719, 449, 427, 666, 359, 387, 899, 332, 351, 898, 339, 487, 686, 340, 356, 693, 604, 358, 693, 358, 362, 976, 327, 413, 757, 346, 514, 774, 346, 351, 811, 447, 360, 686, 342, 351, 909, 437, 408, 681, 346, 458, 673, 349, 419, 674, 448, 345, 683, 358, 394, 1129, 331, 335, 693, 370, 465, 710, 422, 347, 794, 454, 339, 756, 329, 403, 896, 346, 341, 689, 338, 490, 835, 344, 356, 673, 529, 371, 730, 404, 356, 947, 386, 356, 723, 328, 554, 685, 335, 376, 690, 450, 365, 923, 368, 371, 904, 337, 369, 706, 410, 488, 771, 356, 385, 697, 458, 408, 674, 342, 352, 974, 351, 376, 869, 404, 462, 683, 338, 364, 688, 553, 359, 705, 372, 353, 1000, 337, 471, 705, 333, 464, 689, 353, 351, 839, 463, 380, 692, 351, 374, 992, 416, 338, 711, 385, 460, 728, 378, 407, 683, 454, 383, 671, 378, 354, 1123, 347, 334, 782, 342, 459, 736, 405, 345, 693, 462, 389, 660, 345, 486, 993, 331, 348, 682, 345, 481, 832, 350, 368, 753, 519, 352, 680, 431, 354, 907, 340, 352, 689, 343, 554, 768, 419, 347, 680, 469, 352, 848, 332, 362, 915, 338, 389, 696, 402, 487, 701, 340, 372, 692, 466, 413, 737, 394, 365, 976, 334, 339, 897, 356, 462, 700, 351, 364, 754, 546, 348, 725, 358, 378, 940, 373, 448, 672, 345, 511, 681, 357, 367, 838, 444, 344, 674, 331, 374, 912, 509, 333, 685, 321, 467, 679, 349, 424, 684, 446, 341, 862, 343, 351, 1097, 364, 359, 756, 345, 506, 687, 426, 414, 682, 497, 353, 700, 356, 418, 918, 359, 347, 687, 393, 494, 817, 353, 384, 758, 479, 370, 695, 422, 345, 1033, 341, 342, 694, 320, 539, 759, 369, 354, 731, 459, 392, 818, 375, 346, 917, 354, 354, 680, 443, 461, 705, 387, 349, 736, 486, 408, 686, 354, 342, 912, 328, 414, 933, 339, 465, 692, 350, 339, 685, 601, 378, 702, 342, 399, 992, 350, 410, 691, 345, 473, 759, 346, 333, 881, 513, 343, 694, 404, 357, 951, 414, 326, 734, 337, 455, 774, 360, 431, 685, 503, 391, 707, 342, 357, 1186, 341, 382, 690, 342, 480, 664, 412, 363, 764, 450]
