1 0
2 0
3 0
4 0
5 2
6 2
7 2
8 2
9 2
10 2
11 6
12 3
13 5
14 3
15 5
16 3
17 11
18 6
19 6
20 14
21 10
22 9
23 8
24 12
25 11
26 13
27 11
28 11
29 12
30 18
31 11
32 10
33 13
34 12
35 13
36 17
37 15
38 15
39 19
40 16
41 22
42 14
43 20
44 14
45 23
46 17
47 18
48 30
49 21
50 20
51 27
52 22
53 22
54 18
55 29
56 25
57 23
58 29
59 25
60 35
61 30
62 28
63 24
64 28
65 26
66 35
67 25
68 25
69 27
70 37
71 37
72 26
73 36
74 32
75 32
76 47
77 33
78 36
79 38
80 35
81 37
82 35
83 38
84 38
85 44
86 48
87 46
88 44
89 45
90 44
91 45
92 44
93 47
94 43
95 47
96 43
97 45
98 50
99 45
100 46
101 43
102 45
103 49
104 42
105 48
106 40
107 47
108 57
109 51
110 54
111 47
112 54
113 62
114 55
115 51
116 51
117 49
118 67
119 59
120 61
121 51
122 59
123 61
124 60
125 58
126 58
127 65
128 56
129 64
130 58
131 61
132 57
133 70
134 65
135 68
136 66
137 69
138 57
139 63
140 66
141 69
142 69
143 71
144 64
145 68
146 56
147 73
148 80
149 69
150 78
151 70
152 66
153 69
154 59
155 75
156 62
157 70
158 68
159 67
160 79
161 71
162 71
163 74
164 83
165 76
166 82
167 74
168 82
169 77
170 88
171 86
172 81
173 73
174 98
175 80
176 80
177 101
178 89
179 87
180 87
181 82
182 88
183 82
184 92
185 81
186 90
187 76
188 88
189 108
190 90
191 89
192 86
193 93
194 80
195 95
196 94
197 98
198 98
199 97
200 106
201 98
202 114
203 95
204 100
205 93
206 103
207 95
208 99
209 103
210 90
211 86
212 93
213 96
214 88
215 120
216 109
217 102
218 95
219 97
220 113
221 100
222 110
223 100
224 116
225 107
226 105
227 119
228 106
229 112
230 101
231 113
232 114
233 118
234 108
235 119
236 124
237 111
238 117
239 122
240 108
241 115
242 114
243 118
244 133
245 117
246 115
247 118
248 130
249 130
250 117
251 117
252 123
253 127
254 129
255 118
256 124
257 136
258 128
259 136
260 128
261 120
262 128
263 135
264 133
265 132
266 124
267 132
268 122
269 124
270 138
271 137
272 133
273 118
274 125
275 111
276 143
277 139
278 137
279 121
280 130
281 137
282 116
283 144
284 150
285 140
286 139
287 140
288 141
289 136
290 136
291 151
292 156
293 133
294 140
295 149
296 145
297 139
298 127
299 132
300 148
301 152
302 152
303 145
304 142
305 130
306 145
307 149
308 129
309 149
310 141
311 159
312 153
313 151
314 145
315 153
316 151
317 135
318 140
319 143
320 143
321 147
322 156
323 158
324 157
325 144
326 163
327 166
328 162
329 169
330 164
331 155
332 165
333 173
334 160
335 160
336 161
337 163
338 176
339 157
340 149
341 145
342 179
343 177
344 160
345 170
346 160
347 152
348 171
349 150
350 168
351 185
352 169
353 158
354 174
355 171
356 184
357 203
358 179
359 177
360 170
361 173
362 203
363 167
364 184
365 191
366 181
367 191
368 156
369 180
370 185
371 167
372 173
373 179
374 177
375 188
376 182
377 184
378 178
379 182
380 200
381 178
382 201
383 192
384 188
385 170
386 183
387 217
388 193
389 199
390 186
391 173
392 199
393 199
394 186
395 203
396 193
397 199
398 198
399 200
400 216
401 204
402 201
403 189
404 191
405 177
406 207
407 207
408 195
409 210
410 222
411 202
412 199
413 233
414 211
415 216
416 201
417 203
418 202
419 202
420 214
421 216
422 200
423 192
424 212
425 190
426 185
427 189
428 205
429 194
430 216
431 213
432 228
433 214
434 209
435 213
436 192
437 236
438 201
439 220
440 201
441 225
442 216
443 213
444 222
445 221
446 227
447 195
448 225
449 220
450 228
451 215
452 215
453 223
454 218
455 214
456 241
457 225
458 201
459 253
460 224
461 215
462 199
463 230
464 217
465 224
466 226
467 249
468 240
469 229
470 219
471 247
472 230
473 227
474 216
475 235
476 206
477 222
478 240
479 247
480 229
481 219
482 232
483 239
484 239
485 241
486 249
487 241
488 223
489 256
490 229
491 225
492 242
493 242
494 228
495 241
496 264
497 267
498 243
499 250
500 239
501 249
502 241
503 239
504 259
505 258
506 247
507 257
508 254
509 254
510 249
511 259
512 267
513 242
514 256
515 261
516 230
517 270
518 253
519 257
520 269
521 262
522 270
523 255
524 244
525 246
526 250
527 258
528 263
529 265
530 244
531 251
532 274
533 250
534 277
535 263
536 277
537 241
538 257
539 273
540 242
541 284
542 266
543 270
544 272
545 270
546 277
547 259
548 278
549 269
550 275
551 278
552 270
553 282
554 284
555 265
556 267
557 274
558 291
559 268
560 268
561 280
562 276
563 269
564 287
565 263
566 282
567 257
568 302
569 295
570 282
571 289
572 266
573 272
574 295
575 312
576 277
577 289
578 286
579 291
580 271
581 293
582 272
583 303
584 282
585 284
586 284
587 299
588 287
589 280
590 309
591 283
592 271
593 260
594 280
595 320
596 274
597 278
598 281
599 291
600 285
601 302
602 283
603 296
604 282
605 296
606 305
607 291
608 305
609 341
610 302
611 316
612 302
613 312
614 289
615 297
616 317
617 311
618 307
619 282
620 324
621 297
622 311
623 319
624 314
625 304
626 282
627 307
628 298
629 307
630 311
631 321
632 321
633 305
634 292
635 306
636 324
637 345
638 299
639 302
640 323
641 304
642 313
643 326
644 316
645 312
646 325
647 310
648 300
649 333
650 314
651 326
652 323
653 301
654 318
655 298
656 315
657 292
658 334
659 307
660 344
661 336
662 326
663 312
664 350
665 316
666 321
667 321
668 346
669 322
670 336
671 336
672 321
673 320
674 332
675 348
676 332
677 319
678 323
679 337
680 312
681 335
682 318
683 350
684 331
685 312
686 343
687 314
688 329
689 339
690 346
691 353
692 343
693 343
694 362
695 346
696 341
697 337
698 373
699 351
700 337
701 357
702 350
703 343
704 339
705 350
706 353
707 354
708 330
709 368
710 357
711 345
712 340
713 350
714 346
715 369
716 356
717 339
718 351
719 346
720 367
721 360
722 336
723 371
724 343
725 334
726 385
727 333
728 338
729 359
730 362
731 365
732 360
733 369
734 375
735 351
736 369
737 359
738 376
739 367
740 371
741 365
742 350
743 366
744 364
745 370
746 362
747 381
748 369
749 364
750 349
751 384
752 366
753 372
754 370
755 369
756 390
757 385
758 374
759 384
760 373
761 375
762 374
763 362
764 329
765 358
766 376
767 362
768 376
769 341
770 379
771 426
772 365
773 355
774 363
775 393
776 354
777 384
778 371
779 405
780 399
781 407
782 388
783 379
784 404
785 385
786 396
787 384
788 397
789 419
790 372
791 393
792 413
793 385
794 404
795 384
796 415
797 399
798 392
799 397
800 397
801 389
802 413
803 402
804 407
805 407
806 409
807 384
808 429
809 401
810 413
811 397
812 399
813 394
814 410
815 402
816 397
817 409
818 398
819 413
820 405
821 392
822 368
823 420
824 398
825 433
826 381
827 420
828 401
829 414
830 412
831 391
832 414
833 428
834 419
835 398
836 413
837 411
838 409
839 402
840 405
841 444
842 419
843 421
844 425
845 415
846 434
847 411
848 414
849 426
850 424
851 448
852 437
853 396
854 413
855 434
856 410
857 423
858 417
859 420
860 435
861 431
862 432
863 416
864 426
865 415
866 444
867 433
868 425
869 424
870 435
871 411
872 441
873 442
874 437
875 445
876 411
877 441
878 456
879 409
880 458
881 437
882 432
883 449
884 450
885 431
886 452
887 414
888 441
889 443
890 407
891 427
892 434
893 441
894 455
895 451
896 442
897 438
898 451
899 443
900 408
901 445
902 426
903 459
904 425
905 428
906 461
907 459
908 445
909 463
910 462
911 447
912 451
913 447
914 443
915 456
916 472
917 436
918 453
919 437
920 440
921 457
922 431
923 471
924 441
925 457
926 461
927 462
928 477
929 441
930 449
931 466
932 441
933 434
934 456
935 497
936 426
937 441
938 449
939 464
940 490
941 470
942 473
943 453
944 462
945 462
946 482
947 473
948 460
949 462
950 485
951 458
952 445
953 447
954 481
955 484
956 494
957 485
958 477
959 458
960 489
961 497
962 481
963 434
964 460
965 505
966 482
967 496
968 483
969 468
970 491
971 466
972 483
973 507
974 460
975 483
976 515
977 494
978 477
979 472
980 490
981 497
982 476
983 509
984 482
985 480
986 501
987 484
988 454
989 463
990 505
991 469
992 491
993 487
994 494
995 488
996 486
997 484
998 508
999 501
1000 489
1001 496
1002 495
1003 507
1004 522
1005 463
1006 509
1007 495
1008 512
1009 515
1010 512
1011 481
1012 501
1013 491
1014 496
1015 536
1016 524
1017 518
1018 481
1019 520
1020 498
1021 517
1022 474
1023 510
1024 503
1025 498
1026 491
1027 505
1028 525
1029 520
1030 550
1031 519
1032 488
1033 507
1034 519
1035 515
1036 549
1037 517
1038 523
1039 498
1040 516
1041 517
1042 509
1043 506
1044 520
1045 525
1046 497
1047 491
1048 520
1049 514
1050 553
1051 528
1052 499
1053 520
1054 506
1055 518
1056 542
1057 534
1058 527
1059 504
1060 529
1061 512
1062 545
1063 519
1064 543
1065 543
1066 525
1067 528
1068 541
1069 512
1070 534
1071 534
1072 517
1073 528
1074 527
1075 551
1076 543
1077 549
1078 525
1079 553
1080 543
1081 529
1082 535
1083 553
1084 557
1085 549
1086 515
1087 565
1088 534
1089 547
1090 531
1091 561
1092 520
1093 545
1094 530
1095 578
1096 562
1097 545
1098 564
1099 540
1100 552
1101 561
1102 563
1103 534
1104 579
1105 531
1106 519
1107 548
1108 556
1109 530
1110 559
1111 554
1112 538
1113 541
1114 547
1115 535
1116 535
1117 536
1118 535
1119 521
1120 521
1121 565
1122 542
1123 547
1124 535
1125 567
1126 535
1127 546
1128 545
1129 558
1130 563
1131 569
1132 579
1133 561
1134 585
1135 562
1136 553
1137 573
1138 578
1139 578
1140 583
1141 598
1142 586
1143 566
1144 601
1145 586
1146 566
1147 583
1148 552
1149 559
1150 576
1151 572
1152 586
1153 592
1154 583
1155 591
1156 605
1157 578
1158 570
1159 582
1160 567
1161 586
1162 575
1163 562
1164 574
1165 584
1166 576
1167 588
1168 557
1169 595
1170 591
1171 550
1172 575
1173 588
1174 586
1175 575
1176 577
1177 583
1178 578
1179 583
1180 563
1181 609
1182 607
1183 588
1184 560
1185 599
1186 577
1187 606
1188 573
1189 577
1190 557
1191 565
1192 583
1193 584
1194 589
1195 608
1196 593
1197 602
1198 604
1199 555
1200 625
1201 583
1202 615
1203 621
1204 598
1205 605
1206 626
1207 623
1208 604
1209 614
1210 621
1211 584
1212 556
1213 623
1214 596
1215 598
1216 625
1217 593
1218 580
1219 599
1220 573
1221 616
1222 589
1223 590
1224 612
1225 612
1226 603
1227 617
1228 598
1229 609
1230 628
1231 608
1232 614
1233 627
1234 613
1235 653
1236 630
1237 598
1238 630
1239 592
1240 632
1241 609
1242 601
1243 595
1244 619
1245 624
1246 606
1247 625
1248 657
1249 626
1250 641
1251 626
1252 644
1253 622
1254 643
1255 625
1256 644
1257 619
1258 622
1259 604
1260 619
1261 601
1262 627
1263 619
1264 617
1265 632
1266 620
1267 621
1268 603
1269 626
1270 629
1271 647
1272 613
1273 648
1274 618
1275 663
1276 671
1277 635
1278 617
1279 639
1280 625
1281 620
1282 595
1283 642
1284 630
1285 614
1286 619
1287 633
1288 621
1289 648
1290 660
1291 617
1292 669
1293 654
1294 653
1295 643
1296 670
1297 665
1298 657
1299 628
1300 650
1301 645
1302 641
1303 663
1304 630
1305 652
1306 675
1307 650
1308 630
1309 665
1310 651
1311 647
1312 677
1313 693
1314 655
1315 667
1316 662
1317 656
1318 647
1319 647
1320 630
1321 643
1322 659
1323 669
1324 663
1325 668
1326 644
1327 667
1328 659
1329 670
1330 656
1331 652
1332 645
1333 678
1334 663
1335 673
1336 668
1337 672
1338 677
1339 678
1340 667
1341 691
1342 666
1343 680
1344 658
1345 692
1346 639
1347 701
1348 689
1349 664
1350 659
1351 678
1352 696
1353 684
1354 674
1355 653
1356 671
1357 691
1358 720
1359 691
1360 670
1361 655
1362 677
1363 668
1364 680
1365 676
1366 674
1367 669
1368 659
1369 664
1370 693
1371 692
1372 692
1373 708
1374 689
1375 698
1376 688
1377 695
1378 664
1379 666
1380 702
1381 690
1382 661
1383 723
1384 672
1385 706
1386 703
1387 730
1388 666
1389 670
1390 710
1391 695
1392 689
1393 693
1394 705
1395 711
1396 687
1397 696
1398 689
1399 706
1400 693
1401 718
1402 684
1403 703
1404 755
1405 695
1406 696
1407 709
1408 717
1409 697
1410 665
1411 699
1412 701
1413 700
1414 679
1415 705
1416 712
1417 728
1418 685
1419 696
1420 673
1421 696
1422 695
1423 708
1424 680
1425 728
1426 664
1427 728
1428 677
1429 701
1430 729
1431 666
1432 676
1433 682
1434 730
1435 682
1436 719
1437 717
1438 729
1439 680
1440 725
1441 682
1442 714
1443 712
1444 684
1445 735
1446 697
1447 715
1448 710
1449 665
1450 739
1451 695
1452 741
1453 709
1454 725
1455 685
1456 740
1457 705
1458 746
1459 758
1460 735
1461 740
1462 690
1463 738
1464 749
1465 681
1466 749
1467 734
1468 734
1469 737
1470 743
1471 714
1472 711
1473 736
1474 711
1475 724
1476 716
1477 747
1478 774
1479 728
1480 754
1481 754
1482 763
1483 734
1484 751
1485 768
1486 727
1487 713
1488 738
1489 745
1490 725
1491 749
1492 769
1493 742
1494 730
1495 738
1496 763
1497 721
1498 790
1499 728
1500 772
1501 772
1502 749
1503 761
1504 744
1505 731
1506 764
1507 744
1508 763
1509 786
1510 743
1511 733
1512 772
1513 760
1514 751
1515 697
1516 764
1517 727
1518 788
1519 741
1520 788
1521 730
1522 808
1523 749
1524 751
1525 768
1526 741
1527 766
1528 738
1529 782
1530 753
1531 790
1532 767
1533 756
1534 776
1535 724
1536 738
1537 752
1538 778
1539 757
1540 777
1541 789
1542 721
1543 756
1544 765
1545 798
1546 773
1547 786
1548 782
1549 739
1550 767
1551 753
1552 764
1553 787
1554 756
1555 809
1556 764
1557 782
1558 765
1559 788
1560 794
1561 785
1562 783
1563 789
1564 759
1565 795
1566 776
1567 778
1568 783
1569 765
1570 799
1571 760
1572 788
1573 778
1574 779
1575 784
1576 763
1577 777
1578 784
1579 802
1580 803
1581 773
1582 789
1583 794
1584 766
1585 765
1586 788
1587 780
1588 778
1589 789
1590 792
1591 792
1592 769
1593 776
1594 806
1595 781
1596 787
1597 806
1598 795
1599 805
1600 740
1601 786
1602 795
1603 787
1604 781
1605 809
1606 790
1607 794
1608 824
1609 797
1610 793
1611 796
1612 807
1613 819
1614 793
1615 789
1616 817
1617 800
1618 840
1619 825
1620 820
1621 808
1622 772
1623 793
1624 821
1625 806
1626 778
1627 788
1628 823
1629 809
1630 818
1631 821
1632 777
1633 825
1634 808
1635 834
1636 827
1637 827
1638 802
1639 817
1640 806
1641 820
1642 820
1643 826
1644 804
1645 836
1646 796
1647 794
1648 764
1649 791
1650 844
1651 835
1652 820
1653 785
1654 825
1655 837
1656 815
1657 806
1658 807
1659 821
1660 787
1661 835
1662 808
1663 819
1664 817
1665 830
1666 838
1667 819
1668 810
1669 855
1670 837
1671 845
1672 822
1673 834
1674 825
1675 845
1676 841
1677 834
1678 803
1679 860
1680 786
1681 792
1682 840
1683 811
1684 853
1685 811
1686 855
1687 861
1688 822
1689 830
1690 867
1691 885
1692 823
1693 880
1694 886
1695 843
1696 834
1697 857
1698 844
1699 848
1700 849
1701 852
1702 839
1703 863
1704 838
1705 863
1706 824
1707 850
1708 855
1709 824
1710 842
1711 866
1712 879
1713 871
1714 856
1715 871
1716 883
1717 860
1718 874
1719 877
1720 835
1721 827
1722 884
1723 883
1724 877
1725 878
1726 840
1727 875
1728 859
1729 838
1730 841
1731 846
1732 870
1733 897
1734 878
1735 867
1736 871
1737 902
1738 872
1739 877
1740 891
1741 826
1742 861
1743 881
1744 877
1745 896
1746 862
1747 859
1748 876
1749 871
1750 857
1751 900
1752 900
1753 900
1754 828
1755 879
1756 896
1757 872
1758 845
1759 865
1760 850
1761 892
1762 870
1763 902
1764 891
1765 835
1766 869
1767 857
1768 860
1769 865
1770 873
1771 880
1772 889
1773 860
1774 899
1775 916
1776 922
1777 921
1778 899
1779 900
1780 887
1781 889
1782 901
1783 887
1784 914
1785 883
1786 884
1787 885
1788 878
1789 868
1790 919
1791 915
1792 891
1793 902
1794 902
1795 922
1796 875
1797 887
1798 900
1799 893
1800 909
1801 869
1802 902
1803 919
1804 891
1805 888
1806 879
1807 912
1808 919
1809 918
1810 885
1811 906
1812 902
1813 884
1814 882
1815 918
1816 898
1817 891
1818 923
1819 914
1820 913
1821 897
1822 915
1823 922
1824 885
1825 898
1826 931
1827 941
1828 905
1829 886
1830 912
1831 898
1832 892
1833 924
1834 884
1835 887
1836 877
1837 919
1838 913
1839 917
1840 951
1841 894
1842 942
1843 883
1844 934
1845 888
1846 929
1847 880
1848 902
1849 972
1850 897
1851 888
1852 917
1853 883
1854 918
1855 897
1856 911
1857 912
1858 936
1859 923
1860 897
1861 967
1862 926
1863 939
1864 940
1865 924
1866 919
1867 932
1868 872
1869 956
1870 910
1871 896
1872 954
1873 958
1874 937
1875 945
1876 883
1877 949
1878 932
1879 966
1880 888
1881 924
1882 908
1883 961
1884 947
1885 926
1886 923
1887 955
1888 935
1889 955
1890 932
1891 933
1892 963
1893 899
1894 959
1895 951
1896 941
1897 949
1898 917
1899 929
1900 951
1901 925
1902 920
1903 911
1904 944
1905 966
1906 934
1907 945
1908 916
1909 971
1910 955
1911 968
1912 964
1913 971
1914 944
1915 968
1916 957
1917 979
1918 949
1919 964
1920 946
1921 941
1922 956
1923 969
1924 920
1925 944
1926 956
1927 954
1928 976
1929 961
1930 967
1931 957
1932 977
1933 931
1934 950
1935 955
1936 944
1937 956
1938 968
1939 956
1940 934
1941 949
1942 940
1943 943
1944 952
1945 963
1946 975
1947 957
1948 958
1949 987
1950 977
1951 949
1952 955
1953 975
1954 1012
1955 951
1956 1005
1957 993
1958 1006
1959 959
1960 959
1961 981
1962 975
1963 990
1964 1005
1965 1015
1966 995
1967 1005
1968 967
1969 990
1970 947
1971 947
1972 1016
1973 1002
1974 970
1975 1000
1976 990
1977 983
1978 973
1979 943
1980 988
1981 985
1982 1004
1983 959
1984 935
1985 971
1986 996
1987 979
1988 971
1989 969
1990 1007
1991 1015
1992 1011
1993 980
1994 1003
1995 1035
1996 965
1997 1016
1998 1027
1999 1006
2000 1001
2001 993
2002 1048
2003 1007
2004 1001
2005 996
2006 987
2007 1002
2008 994
2009 997
2010 977
2011 975
2012 1002
2013 993
2014 959
2015 1009
2016 998
2017 1010
2018 1033
2019 1013
2020 1036
2021 1036
2022 971
2023 1034
2024 1016
2025 1008
2026 1010
2027 1005
2028 1016
2029 1019
2030 1016
2031 1004
2032 999
2033 985
2034 1022
2035 1015
2036 956
2037 984
2038 1039
2039 989
2040 1011
2041 1021
2042 971
2043 1034
2044 1045
2045 987
2046 1021
2047 984
2048 1014
2049 1002
2050 993
2051 980
2052 1037
2053 1014
2054 996
2055 1054
2056 1024
2057 1000
2058 1037
2059 1017
2060 1044
2061 1025
2062 1073
2063 1013
2064 1018
2065 1001
2066 1027
2067 1038
2068 1067
2069 1008
2070 1027
2071 1013
2072 1027
2073 1029
2074 1038
2075 1053
2076 1039
2077 1000
2078 1016
2079 1024
2080 1055
2081 1052
2082 1045
2083 1053
2084 1061
2085 1024
2086 1051
2087 1006
2088 1031
2089 1037
2090 1045
2091 1039
2092 1066
2093 1030
2094 1030
2095 1004
2096 1012
2097 1043
2098 1052
2099 1042
2100 1017
2101 1064
2102 1003
2103 1048
2104 1020
2105 1043
2106 1064
2107 1056
2108 998
2109 1089
2110 1112
2111 1067
2112 1064
2113 1026
2114 1096
2115 1020
2116 1063
2117 1052
2118 1032
2119 1032
2120 1050
2121 1047
2122 1038
2123 1041
2124 1060
2125 1035
2126 1045
2127 1091
2128 1060
2129 1022
2130 1063
2131 1058
2132 1103
2133 1075
2134 1048
2135 1111
2136 1055
2137 1027
2138 1097
2139 1050
2140 1094
2141 1040
2142 1072
2143 1074
2144 1100
2145 1102
2146 1107
2147 1046
2148 1072
2149 1086
2150 1043
2151 1114
2152 1082
2153 1045
2154 1067
2155 1074
2156 1098
2157 1052
2158 1050
2159 1131
2160 1060
2161 1094
2162 1040
2163 1071
2164 1074
2165 1094
2166 1080
2167 1104
2168 1088
2169 1089
2170 1064
2171 1094
2172 1009
2173 1112
2174 1066
2175 1042
2176 1050
2177 1067
2178 1057
2179 1114
2180 1115
2181 1095
2182 1019
2183 1051
2184 1093
2185 1093
2186 1071
2187 1114
2188 1075
2189 1056
2190 1098
2191 1058
2192 1061
2193 1093
2194 1070
2195 1055
2196 1109
2197 1069
2198 1112
2199 1134
2200 1070
2201 1064
2202 1070
2203 1079
2204 1114
2205 1086
2206 1088
2207 1124
2208 1054
2209 1056
2210 1062
2211 1042
2212 1100
2213 1079
2214 1096
2215 1110
2216 1070
2217 1095
2218 1060
2219 1127
2220 1079
2221 1103
2222 1105
2223 1072
2224 1146
2225 1108
2226 1110
2227 1124
2228 1111
2229 1038
2230 1104
2231 1130
2232 1084
2233 1069
2234 1113
2235 1147
2236 1152
2237 1117
2238 1146
2239 1113
2240 1104
2241 1141
2242 1095
2243 1089
2244 1116
2245 1149
2246 1104
2247 1106
2248 1086
2249 1153
2250 1104
2251 1133
2252 1124
2253 1093
2254 1109
2255 1117
2256 1117
2257 1152
2258 1088
2259 1143
2260 1118
2261 1126
2262 1141
2263 1116
2264 1164
2265 1127
2266 1132
2267 1135
2268 1113
2269 1147
2270 1126
2271 1120
2272 1134
2273 1137
2274 1166
2275 1110
2276 1127
2277 1129
2278 1116
2279 1119
2280 1192
2281 1169
2282 1133
2283 1115
2284 1117
2285 1145
2286 1138
2287 1111
2288 1149
2289 1134
2290 1148
2291 1124
2292 1106
2293 1145
2294 1133
2295 1113
2296 1161
2297 1188
2298 1158
2299 1167
2300 1150
2301 1145
2302 1140
2303 1106
2304 1171
2305 1158
2306 1140
2307 1115
2308 1171
2309 1195
2310 1140
2311 1159
2312 1132
2313 1126
2314 1113
2315 1181
2316 1138
2317 1138
2318 1182
2319 1149
2320 1168
2321 1152
2322 1136
2323 1140
2324 1192
2325 1146
2326 1217
2327 1120
2328 1155
2329 1155
2330 1167
2331 1189
2332 1151
2333 1152
2334 1148
2335 1150
2336 1165
2337 1185
2338 1145
2339 1186
2340 1142
2341 1172
2342 1204
2343 1148
2344 1174
2345 1117
2346 1156
2347 1184
2348 1165
2349 1183
2350 1203
2351 1149
2352 1167
2353 1148
2354 1193
2355 1185
2356 1171
2357 1182
2358 1211
2359 1164
2360 1190
2361 1207
2362 1220
2363 1168
2364 1181
2365 1169
2366 1210
2367 1171
2368 1174
2369 1176
2370 1217
2371 1165
2372 1207
2373 1201
2374 1229
2375 1166
2376 1207
2377 1168
2378 1172
2379 1174
2380 1206
2381 1181
2382 1155
2383 1197
2384 1198
2385 1147
2386 1201
2387 1183
2388 1170
2389 1163
2390 1210
2391 1241
2392 1200
2393 1193
2394 1217
2395 1163
2396 1225
2397 1168
2398 1227
2399 1206
2400 1234
2401 1152
2402 1179
2403 1212
2404 1171
2405 1216
2406 1176
2407 1218
2408 1158
2409 1203
2410 1212
2411 1233
2412 1199
2413 1200
2414 1173
2415 1192
2416 1197
2417 1219
2418 1227
2419 1192
2420 1233
2421 1158
2422 1148
2423 1191
2424 1179
2425 1214
2426 1180
2427 1168
2428 1227
2429 1175
2430 1219
2431 1197
2432 1211
2433 1176
2434 1215
2435 1249
2436 1202
2437 1187
2438 1188
2439 1173
2440 1206
2441 1253
2442 1219
2443 1228
2444 1205
2445 1199
2446 1272
2447 1203
2448 1239
2449 1248
2450 1213
2451 1217
2452 1208
2453 1231
2454 1224
2455 1206
2456 1287
2457 1192
2458 1209
2459 1275
2460 1191
2461 1252
2462 1206
2463 1225
2464 1274
2465 1229
2466 1240
2467 1185
2468 1256
2469 1232
2470 1241
2471 1190
2472 1202
2473 1247
2474 1228
2475 1225
2476 1291
2477 1230
2478 1228
2479 1169
2480 1217
2481 1211
2482 1248
2483 1210
2484 1251
2485 1226
2486 1233
2487 1231
2488 1262
2489 1279
2490 1250
2491 1249
2492 1260
2493 1215
2494 1283
2495 1222
2496 1244
2497 1279
2498 1211
2499 1223
2500 1262
2501 1191
2502 1275
2503 1244
2504 1225
2505 1281
2506 1254
2507 1261
2508 1269
2509 1264
2510 1241
2511 1258
2512 1283
2513 1262
2514 1271
2515 1231
2516 1235
2517 1298
2518 1268
2519 1252
2520 1270
2521 1314
2522 1254
2523 1227
2524 1244
2525 1291
2526 1233
2527 1219
2528 1261
2529 1263
2530 1239
2531 1237
2532 1279
2533 1217
2534 1270
2535 1173
2536 1286
2537 1277
2538 1279
2539 1283
2540 1296
2541 1294
2542 1303
2543 1283
2544 1276
2545 1261
2546 1268
2547 1270
2548 1231
2549 1226
2550 1284
2551 1252
2552 1231
2553 1304
2554 1269
2555 1274
2556 1279
2557 1314
2558 1249
2559 1291
2560 1273
2561 1237
2562 1257
2563 1248
2564 1275
2565 1247
2566 1247
2567 1302
2568 1273
2569 1255
2570 1341
2571 1260
2572 1288
2573 1248
2574 1292
2575 1306
2576 1304
2577 1336
2578 1307
2579 1278
2580 1291
2581 1285
2582 1299
2583 1314
2584 1216
2585 1283
2586 1280
2587 1273
2588 1259
2589 1273
2590 1288
2591 1276
2592 1265
2593 1311
2594 1265
2595 1283
2596 1268
2597 1274
2598 1280
2599 1272
2600 1293
2601 1277
2602 1283
2603 1293
2604 1282
2605 1292
2606 1321
2607 1324
2608 1305
2609 1279
2610 1318
2611 1279
2612 1324
2613 1305
2614 1288
2615 1318
2616 1289
2617 1313
2618 1317
2619 1385
2620 1277
2621 1302
2622 1314
2623 1308
2624 1315
2625 1276
2626 1355
2627 1274
2628 1316
2629 1375
2630 1277
2631 1316
2632 1295
2633 1309
2634 1371
2635 1295
2636 1307
2637 1315
2638 1314
2639 1324
2640 1297
2641 1284
2642 1304
2643 1248
2644 1318
2645 1324
2646 1327
2647 1323
2648 1284
2649 1307
2650 1330
2651 1347
2652 1274
2653 1335
2654 1323
2655 1355
2656 1312
2657 1303
2658 1367
2659 1347
2660 1360
2661 1355
2662 1309
2663 1280
2664 1349
2665 1351
2666 1355
2667 1371
2668 1301
2669 1307
2670 1364
2671 1332
2672 1352
2673 1320
2674 1386
2675 1357
2676 1331
2677 1300
2678 1354
2679 1308
2680 1342
2681 1346
2682 1330
2683 1331
2684 1316
2685 1342
2686 1342
2687 1328
2688 1330
2689 1316
2690 1357
2691 1346
2692 1361
2693 1326
2694 1299
2695 1344
2696 1331
2697 1301
2698 1365
2699 1350
2700 1350
2701 1362
2702 1372
2703 1375
2704 1342
2705 1357
2706 1374
2707 1319
2708 1351
2709 1350
2710 1337
2711 1366
2712 1358
2713 1342
2714 1300
2715 1356
2716 1385
2717 1365
2718 1276
2719 1331
2720 1330
2721 1343
2722 1362
2723 1328
2724 1354
2725 1351
2726 1374
2727 1326
2728 1356
2729 1324
2730 1335
2731 1329
2732 1328
2733 1404
2734 1322
2735 1340
2736 1366
2737 1389
2738 1364
2739 1398
2740 1397
2741 1350
2742 1403
2743 1376
2744 1392
2745 1361
2746 1357
2747 1410
2748 1367
2749 1398
2750 1357
2751 1394
2752 1382
2753 1404
2754 1376
2755 1359
2756 1372
2757 1345
2758 1382
2759 1335
2760 1362
2761 1414
2762 1352
2763 1389
2764 1312
2765 1408
2766 1440
2767 1365
2768 1377
2769 1381
2770 1341
2771 1305
2772 1408
2773 1341
2774 1393
2775 1354
2776 1385
2777 1409
2778 1398
2779 1347
2780 1367
2781 1428
2782 1376
2783 1387
2784 1333
2785 1393
2786 1454
2787 1432
2788 1358
2789 1352
2790 1388
2791 1373
2792 1336
2793 1336
2794 1348
2795 1457
2796 1351
2797 1412
2798 1410
2799 1354
2800 1383
2801 1414
2802 1389
2803 1399
2804 1375
2805 1458
2806 1449
2807 1387
2808 1425
2809 1388
2810 1355
2811 1398
2812 1427
2813 1363
2814 1362
2815 1431
2816 1349
2817 1405
2818 1351
2819 1369
2820 1372
2821 1399
2822 1391
2823 1384
2824 1407
2825 1340
2826 1371
2827 1418
2828 1427
2829 1442
2830 1385
2831 1393
2832 1414
2833 1446
2834 1375
2835 1352
2836 1416
2837 1430
2838 1405
2839 1411
2840 1419
2841 1449
2842 1382
2843 1465
2844 1426
2845 1423
2846 1421
2847 1423
2848 1472
2849 1406
2850 1413
2851 1392
2852 1417
2853 1449
2854 1441
2855 1406
2856 1435
2857 1419
2858 1459
2859 1425
2860 1450
2861 1428
2862 1396
2863 1428
2864 1438
2865 1442
2866 1419
2867 1423
2868 1408
2869 1395
2870 1383
2871 1400
2872 1427
2873 1444
2874 1420
2875 1497
2876 1470
2877 1412
2878 1441
2879 1446
2880 1438
2881 1428
2882 1462
2883 1439
2884 1415
2885 1471
2886 1498
2887 1400
2888 1420
2889 1449
2890 1420
2891 1415
2892 1422
2893 1471
2894 1430
2895 1439
2896 1454
2897 1448
2898 1453
2899 1451
2900 1444
2901 1459
2902 1416
2903 1428
2904 1466
2905 1437
2906 1380
2907 1466
2908 1435
2909 1407
2910 1446
2911 1481
2912 1464
2913 1408
2914 1491
2915 1482
2916 1465
2917 1451
2918 1429
2919 1410
2920 1472
2921 1422
2922 1491
2923 1449
2924 1503
2925 1420
2926 1481
2927 1466
2928 1467
2929 1442
2930 1512
2931 1478
2932 1464
2933 1422
2934 1448
2935 1446
2936 1420
2937 1500
2938 1443
2939 1472
2940 1452
2941 1475
2942 1454
2943 1474
2944 1395
2945 1447
2946 1460
2947 1436
2948 1427
2949 1489
2950 1466
2951 1472
2952 1487
2953 1452
2954 1433
2955 1499
2956 1488
2957 1493
2958 1461
2959 1438
2960 1492
2961 1450
2962 1439
2963 1477
2964 1467
2965 1484
2966 1507
2967 1468
2968 1465
2969 1441
2970 1499
2971 1508
2972 1462
2973 1494
2974 1487
2975 1496
2976 1447
2977 1541
2978 1504
2979 1498
2980 1487
2981 1513
2982 1463
2983 1457
2984 1511
2985 1507
2986 1461
2987 1438
2988 1496
2989 1499
2990 1450
2991 1482
2992 1477
2993 1477
2994 1519
2995 1490
2996 1468
2997 1516
2998 1485
2999 1495
3000 1481
3001 1475
3002 1444
3003 1526
3004 1544
3005 1561
3006 1490
3007 1486
3008 1467
3009 1510
3010 1513
3011 1522
3012 1477
3013 1529
3014 1490
3015 1456
3016 1542
3017 1504
3018 1452
3019 1517
3020 1496
3021 1526
3022 1501
3023 1510
3024 1556
3025 1512
3026 1511
3027 1531
3028 1475
3029 1433
3030 1513
3031 1537
3032 1489
3033 1517
3034 1508
3035 1451
3036 1477
3037 1452
3038 1517
3039 1554
3040 1485
3041 1498
3042 1476
3043 1539
3044 1524
3045 1470
3046 1546
3047 1442
3048 1472
3049 1486
3050 1525
3051 1506
3052 1554
3053 1453
3054 1511
3055 1449
3056 1554
3057 1506
3058 1537
3059 1522
3060 1508
3061 1511
3062 1554
3063 1506
3064 1541
3065 1525
3066 1506
3067 1536
3068 1572
3069 1504
3070 1518
3071 1518
3072 1537
3073 1502
3074 1511
3075 1520
3076 1526
3077 1553
3078 1536
3079 1513
3080 1498
3081 1537
3082 1517
3083 1542
3084 1560
3085 1536
3086 1533
3087 1444
3088 1535
3089 1533
3090 1514
3091 1545
3092 1552
3093 1521
3094 1530
3095 1572
3096 1540
3097 1556
3098 1548
3099 1530
3100 1611
3101 1499
3102 1520
3103 1569
3104 1572
3105 1518
3106 1538
3107 1565
3108 1505
3109 1575
3110 1587
3111 1549
3112 1595
3113 1528
3114 1576
3115 1550
3116 1546
3117 1543
3118 1545
3119 1564
3120 1544
3121 1554
3122 1566
3123 1565
3124 1588
3125 1580
3126 1575
3127 1570
3128 1551
3129 1559
3130 1554
3131 1576
3132 1575
3133 1571
3134 1567
3135 1565
3136 1539
3137 1538
3138 1620
3139 1587
3140 1640
3141 1574
3142 1606
3143 1591
3144 1558
3145 1504
3146 1566
3147 1559
3148 1590
3149 1591
3150 1615
3151 1561
3152 1567
3153 1598
3154 1534
3155 1615
3156 1539
3157 1563
3158 1599
3159 1576
3160 1564
3161 1626
3162 1576
3163 1572
3164 1566
3165 1602
3166 1591
3167 1543
3168 1583
3169 1505
3170 1562
3171 1571
3172 1607
3173 1649
3174 1549
3175 1649
3176 1575
3177 1617
3178 1565
3179 1584
3180 1634
3181 1540
3182 1577
3183 1582
3184 1580
3185 1630
3186 1552
3187 1563
3188 1565
3189 1585
3190 1602
3191 1616
3192 1626
3193 1561
3194 1551
3195 1603
3196 1618
3197 1592
3198 1581
3199 1578
3200 1573
3201 1604
3202 1651
3203 1592
3204 1581
3205 1565
3206 1635
3207 1574
3208 1601
3209 1571
3210 1601
3211 1588
3212 1603
3213 1630
3214 1576
3215 1552
3216 1652
3217 1614
3218 1596
3219 1572
3220 1600
3221 1636
3222 1557
3223 1595
3224 1685
3225 1622
3226 1578
3227 1629
3228 1592
3229 1583
3230 1567
3231 1587
3232 1616
3233 1659
3234 1601
3235 1631
3236 1662
3237 1538
3238 1610
3239 1647
3240 1604
3241 1549
3242 1585
3243 1614
3244 1603
3245 1607
3246 1594
3247 1571
3248 1606
3249 1622
3250 1597
3251 1616
3252 1690
3253 1589
3254 1622
3255 1627
3256 1624
3257 1625
3258 1581
3259 1547
3260 1669
3261 1635
3262 1674
3263 1617
3264 1663
3265 1607
3266 1657
3267 1630
3268 1599
3269 1640
3270 1608
3271 1593
3272 1607
3273 1601
3274 1673
3275 1610
3276 1644
3277 1649
3278 1690
3279 1626
3280 1620
3281 1607
3282 1653
3283 1640
3284 1633
3285 1600
3286 1646
3287 1624
3288 1619
3289 1657
3290 1642
3291 1604
3292 1651
3293 1620
3294 1645
3295 1599
3296 1624
3297 1663
3298 1625
3299 1636
3300 1598
3301 1695
3302 1668
3303 1641
3304 1654
3305 1689
3306 1695
3307 1675
3308 1661
3309 1623
3310 1647
3311 1637
3312 1615
3313 1662
3314 1623
3315 1684
3316 1635
3317 1709
3318 1684
3319 1652
3320 1674
3321 1613
3322 1687
3323 1654
3324 1695
3325 1659
3326 1642
3327 1684
3328 1681
3329 1671
3330 1671
3331 1680
3332 1690
3333 1661
3334 1625
3335 1707
3336 1681
3337 1630
3338 1657
3339 1707
3340 1682
3341 1624
3342 1667
3343 1654
3344 1693
3345 1635
3346 1642
3347 1667
3348 1678
3349 1667
3350 1677
3351 1686
3352 1702
3353 1666
3354 1629
3355 1688
3356 1679
3357 1770
3358 1685
3359 1725
3360 1687
3361 1674
3362 1734
3363 1642
3364 1686
3365 1712
3366 1635
3367 1662
3368 1676
3369 1650
3370 1685
3371 1679
3372 1641
3373 1691
3374 1696
3375 1667
3376 1755
3377 1688
3378 1699
3379 1695
3380 1641
3381 1697
3382 1651
3383 1648
3384 1706
3385 1716
3386 1646
3387 1639
3388 1662
3389 1639
3390 1719
3391 1676
3392 1640
3393 1680
3394 1681
3395 1674
3396 1714
3397 1666
3398 1697
3399 1678
3400 1671
3401 1714
3402 1687
3403 1639
3404 1685
3405 1673
3406 1649
3407 1640
3408 1664
3409 1708
3410 1701
3411 1680
3412 1692
3413 1682
3414 1622
3415 1672
3416 1659
3417 1703
3418 1706
3419 1638
3420 1685
3421 1699
3422 1699
3423 1705
3424 1703
3425 1719
3426 1714
3427 1685
3428 1721
3429 1734
3430 1730
3431 1683
3432 1687
3433 1680
3434 1724
3435 1716
3436 1682
3437 1632
3438 1671
3439 1635
3440 1655
3441 1715
3442 1755
3443 1748
3444 1719
3445 1718
3446 1681
3447 1778
3448 1676
3449 1719
3450 1717
3451 1730
3452 1675
3453 1684
3454 1692
3455 1678
3456 1682
3457 1710
3458 1739
3459 1734
3460 1640
3461 1749
3462 1718
3463 1740
3464 1772
3465 1753
3466 1733
3467 1677
3468 1688
3469 1686
3470 1706
3471 1776
3472 1730
3473 1729
3474 1696
3475 1636
3476 1764
3477 1778
3478 1715
3479 1694
3480 1648
3481 1709
3482 1777
3483 1696
3484 1683
3485 1759
3486 1702
3487 1690
3488 1723
3489 1756
3490 1789
3491 1711
3492 1742
3493 1741
3494 1771
3495 1755
3496 1765
3497 1764
3498 1733
3499 1765
3500 1734
3501 1750
3502 1799
3503 1763
3504 1744
3505 1797
3506 1779
3507 1740
3508 1755
3509 1793
3510 1715
3511 1776
3512 1755
3513 1754
3514 1752
3515 1737
3516 1698
3517 1797
3518 1754
3519 1811
3520 1746
3521 1762
3522 1756
3523 1756
3524 1763
3525 1734
3526 1786
3527 1748
3528 1735
3529 1736
3530 1745
3531 1772
3532 1762
3533 1728
3534 1728
3535 1733
3536 1793
3537 1708
3538 1743
3539 1786
3540 1780
3541 1760
3542 1784
3543 1789
3544 1806
3545 1789
3546 1824
3547 1813
3548 1779
3549 1836
3550 1821
3551 1794
3552 1792
3553 1758
3554 1792
3555 1782
3556 1781
3557 1778
3558 1764
3559 1816
3560 1792
3561 1732
3562 1818
3563 1797
3564 1734
3565 1771
3566 1773
3567 1772
3568 1772
3569 1753
3570 1767
3571 1746
3572 1814
3573 1816
3574 1794
3575 1739
3576 1803
3577 1812
3578 1769
3579 1814
3580 1804
3581 1770
3582 1817
3583 1791
3584 1775
3585 1760
3586 1797
3587 1806
3588 1745
3589 1784
3590 1771
3591 1787
3592 1765
3593 1732
3594 1782
3595 1800
3596 1817
3597 1799
3598 1781
3599 1782
3600 1745
3601 1758
3602 1742
3603 1827
3604 1735
3605 1806
3606 1786
3607 1774
3608 1742
3609 1765
3610 1788
3611 1783
3612 1759
3613 1758
3614 1743
3615 1850
3616 1811
3617 1830
3618 1767
3619 1782
3620 1814
3621 1795
3622 1816
3623 1858
3624 1810
3625 1762
3626 1863
3627 1800
3628 1823
3629 1860
3630 1765
3631 1830
3632 1820
3633 1800
3634 1832
3635 1830
3636 1847
3637 1813
3638 1841
3639 1799
3640 1834
3641 1837
3642 1807
3643 1826
3644 1801
3645 1813
3646 1788
3647 1765
3648 1762
3649 1815
3650 1807
3651 1837
3652 1850
3653 1835
3654 1807
3655 1842
3656 1816
3657 1823
3658 1772
3659 1849
3660 1809
3661 1785
3662 1834
3663 1822
3664 1811
3665 1856
3666 1877
3667 1861
3668 1887
3669 1830
3670 1819
3671 1873
3672 1814
3673 1817
3674 1792
3675 1840
3676 1811
3677 1841
3678 1836
3679 1818
3680 1811
3681 1849
3682 1802
3683 1836
3684 1880
3685 1852
3686 1854
3687 1873
3688 1887
3689 1846
3690 1844
3691 1846
3692 1890
3693 1864
3694 1820
3695 1871
3696 1861
3697 1838
3698 1890
3699 1862
3700 1844
3701 1827
3702 1883
3703 1877
3704 1829
3705 1872
3706 1797
3707 1875
3708 1787
3709 1882
3710 1815
3711 1844
3712 1819
3713 1825
3714 1811
3715 1846
3716 1866
3717 1851
3718 1812
3719 1828
3720 1847
3721 1873
3722 1890
3723 1864
3724 1824
3725 1809
3726 1839
3727 1810
3728 1873
3729 1862
3730 1840
3731 1834
3732 1868
3733 1831
3734 1821
3735 1887
3736 1886
3737 1878
3738 1835
3739 1903
3740 1867
3741 1828
3742 1828
3743 1865
3744 1879
3745 1842
3746 1883
3747 1915
3748 1809
3749 1866
3750 1840
3751 1884
3752 1886
3753 1898
3754 1873
3755 1892
3756 1914
3757 1863
3758 1896
3759 1856
3760 1858
3761 1865
3762 1905
3763 1918
3764 1874
3765 1893
3766 1878
3767 1871
3768 1904
3769 1872
3770 1918
3771 1919
3772 1830
3773 1928
3774 1934
3775 1880
3776 1857
3777 1856
3778 1885
3779 1873
3780 1955
3781 1889
3782 1875
3783 1910
3784 1943
3785 1890
3786 1907
3787 1935
3788 1957
3789 1806
3790 1946
3791 1893
3792 1931
3793 1895
3794 1858
3795 1883
3796 1889
3797 1895
3798 1891
3799 1925
3800 1857
3801 1947
3802 1898
3803 1898
3804 1831
3805 1907
3806 1881
3807 1867
3808 1877
3809 1886
3810 1869
3811 1877
3812 1903
3813 1936
3814 1911
3815 1906
3816 1962
3817 1876
3818 1901
3819 1906
3820 1902
3821 1899
3822 1938
3823 1922
3824 1931
3825 1883
3826 1931
3827 1964
3828 1912
3829 1896
3830 1894
3831 1903
3832 1899
3833 1924
3834 1920
3835 1824
3836 1928
3837 1921
3838 1909
3839 1887
3840 1938
3841 1952
3842 1965
3843 1904
3844 1909
3845 1913
3846 1926
3847 1919
3848 1892
3849 1873
3850 1925
3851 1937
3852 1896
3853 1984
3854 1937
3855 1866
3856 1876
3857 1907
3858 1885
3859 1833
3860 1923
3861 1913
3862 1921
3863 1905
3864 1882
3865 1964
3866 1863
3867 1885
3868 1871
3869 1960
3870 1928
3871 1970
3872 1946
3873 1887
3874 1905
3875 1886
3876 1893
3877 1987
3878 1945
3879 1943
3880 1880
3881 1931
3882 1958
3883 1893
3884 1952
3885 1893
3886 1988
3887 1878
3888 1905
3889 1970
3890 1911
3891 1963
3892 1912
3893 1979
3894 1900
3895 1956
3896 1929
3897 1970
3898 1979
3899 1926
3900 1941
3901 1957
3902 1931
3903 1907
3904 1967
3905 1949
3906 1910
3907 1981
3908 1938
3909 1916
3910 1976
3911 1941
3912 1975
3913 1943
3914 1992
3915 1902
3916 1967
3917 1987
3918 1933
3919 1961
3920 1972
3921 1922
3922 1892
3923 1965
3924 1946
3925 1965
3926 1977
3927 1975
3928 1953
3929 1963
3930 1957
3931 1987
3932 1966
3933 1937
3934 1995
3935 1986
3936 1933
3937 1948
3938 1932
3939 1987
3940 2014
3941 1938
3942 1949
3943 1984
3944 2026
3945 1914
3946 1925
3947 1974
3948 1913
3949 2082
3950 1953
3951 2035
3952 1942
3953 1998
3954 1996
3955 1987
3956 1950
3957 1911
3958 1966
3959 1966
3960 1951
3961 1992
3962 1998
3963 2017
3964 1938
3965 1982
3966 1955
3967 1986
3968 1974
3969 1948
3970 1955
3971 1998
3972 2000
3973 1977
3974 1965
3975 1934
3976 1960
3977 1978
3978 2008
3979 2021
3980 1964
3981 1976
3982 1976
3983 1973
3984 2028
3985 2010
3986 1983
3987 1987
3988 1975
3989 1977
3990 1979
3991 1977
3992 1984
3993 1948
3994 1962
3995 2037
3996 1998
3997 1997
3998 1985
3999 2045
4000 2048
4001 1973
4002 2015
4003 1980
4004 2010
4005 1985
4006 1965
4007 2032
4008 2025
4009 1978
4010 1973
4011 2021
4012 2028
4013 2044
4014 2070
4015 2042
4016 2002
4017 1993
4018 2012
4019 2003
4020 1947
4021 2011
4022 1996
4023 1972
4024 1989
4025 2029
4026 1994
4027 2057
4028 1982
4029 2031
4030 2051
4031 1964
4032 2042
4033 2044
4034 1986
4035 2002
4036 2001
4037 2058
4038 1994
4039 2018
4040 1976
4041 2033
4042 1981
4043 2033
4044 2027
4045 2037
4046 2046
4047 1972
4048 2088
4049 2026
4050 2033
4051 2022
4052 2017
4053 2043
4054 2036
4055 2012
4056 2035
4057 2020
4058 1996
4059 2023
4060 2008
4061 2023
4062 2037
4063 2002
4064 2045
4065 1989
4066 2007
4067 2041
4068 1988
4069 2083
4070 2088
4071 2026
4072 2030
4073 2038
4074 2015
4075 2071
4076 2035
4077 1990
4078 2053
4079 2029
4080 2010
4081 2045
4082 2069
4083 2029
4084 2052
4085 1992
4086 2013
4087 2025
4088 2002
4089 1972
4090 2068
4091 2015
4092 2067
4093 2043
4094 2012
4095 2043
4096 2046
4097 2007
4098 2093
4099 2048
4100 2101
4101 2089
4102 2070
4103 2008
4104 2035
4105 2026
4106 2041
4107 2094
4108 2038
4109 2039
4110 2043
4111 2044
4112 2096
4113 2034
4114 2081
4115 2003
4116 2075
4117 2103
4118 2092
4119 2021
4120 2055
4121 2109
4122 2069
4123 1993
4124 2067
4125 2012
4126 2067
4127 2042
4128 2038
4129 2111
4130 2067
4131 2144
4132 2042
4133 2079
4134 2018
4135 2090
4136 2042
4137 2051
4138 2082
4139 2036
4140 2050
4141 2100
4142 2050
4143 2088
4144 2054
4145 2029
4146 2048
4147 1990
4148 2066
4149 2028
4150 2118
4151 2010
4152 2074
4153 2082
4154 2085
4155 2043
4156 2093
4157 2081
4158 2097
4159 2114
4160 2084
4161 2046
4162 2107
4163 2075
4164 2083
4165 2062
4166 2102
4167 2006
4168 2055
4169 2036
4170 2124
4171 2115
4172 2039
4173 2081
4174 2093
4175 2052
4176 2089
4177 2102
4178 2058
4179 2097
4180 2019
4181 2096
4182 2060
4183 2093
4184 2097
4185 2142
4186 2103
4187 2118
4188 2124
4189 2076
4190 2128
4191 2057
4192 2034
4193 2097
4194 2038
4195 2087
4196 2112
4197 2133
4198 2116
4199 2089
4200 2039
4201 2110
4202 2075
4203 2099
4204 2070
4205 2114
4206 2076
4207 2074
4208 2048
4209 2058
4210 2117
4211 2083
4212 2062
4213 2059
4214 2068
4215 2098
4216 2105
4217 2071
4218 2104
4219 2112
4220 2117
4221 2160
4222 2119
4223 2158
4224 2103
4225 2040
4226 2146
4227 2108
4228 2121
4229 2104
4230 2118
4231 2162
4232 2135
4233 2094
4234 2113
4235 2094
4236 2169
4237 2132
4238 2121
4239 2097
4240 2093
4241 2102
4242 2104
4243 2089
4244 2071
4245 2136
4246 2123
4247 2120
4248 2109
4249 2149
4250 2096
4251 2130
4252 2030
4253 2127
4254 2089
4255 2058
4256 2109
4257 2074
4258 2127
4259 2122
4260 2112
4261 2122
4262 2126
4263 2077
4264 2136
4265 2108
4266 2076
4267 2102
4268 2116
4269 2114
4270 2115
4271 2097
4272 2127
4273 2094
4274 2097
4275 2175
4276 2074
4277 2103
4278 2030
4279 2074
4280 2155
4281 2096
4282 2123
4283 2108
4284 2095
4285 2044
4286 2143
4287 2160
4288 2142
4289 2099
4290 2107
4291 2178
4292 2123
4293 2155
4294 2182
4295 2158
4296 2143
4297 2182
4298 2206
4299 2136
4300 2215
4301 2117
4302 2061
4303 2117
4304 2162
4305 2129
4306 2134
4307 2088
4308 2218
4309 2122
4310 2093
4311 2075
4312 2101
4313 2135
4314 2164
4315 2149
4316 2178
4317 2205
4318 2134
4319 2181
4320 2144
4321 2131
4322 2133
4323 2233
4324 2154
4325 2166
4326 2163
4327 2146
4328 2124
4329 2150
4330 2153
4331 2129
4332 2203
4333 2201
4334 2157
4335 2134
4336 2115
4337 2127
4338 2179
4339 2151
4340 2113
4341 2228
4342 2165
4343 2169
4344 2192
4345 2123
4346 2163
4347 2183
4348 2167
4349 2174
4350 2161
4351 2128
4352 2166
4353 2186
4354 2161
4355 2158
4356 2105
4357 2117
4358 2158
4359 2136
4360 2199
4361 2148
4362 2174
4363 2160
4364 2168
4365 2086
4366 2147
4367 2133
4368 2159
4369 2131
4370 2245
4371 2127
4372 2155
4373 2220
4374 2139
4375 2142
4376 2154
4377 2183
4378 2201
4379 2243
4380 2242
4381 2194
4382 2142
4383 2148
4384 2269
4385 2213
4386 2204
4387 2187
4388 2230
4389 2178
4390 2198
4391 2190
4392 2187
4393 2235
4394 2219
4395 2253
4396 2202
4397 2171
4398 2165
4399 2137
4400 2145
4401 2183
4402 2255
4403 2207
4404 2167
4405 2205
4406 2209
4407 2176
4408 2229
4409 2215
4410 2253
4411 2248
4412 2163
4413 2252
4414 2217
4415 2237
4416 2192
4417 2198
4418 2203
4419 2239
4420 2217
4421 2215
4422 2260
4423 2234
4424 2137
4425 2212
4426 2187
4427 2150
4428 2166
4429 2199
4430 2212
4431 2202
4432 2239
4433 2213
4434 2167
4435 2186
4436 2216
4437 2258
4438 2188
4439 2222
4440 2205
4441 2186
4442 2207
4443 2132
4444 2187
4445 2204
4446 2169
4447 2231
4448 2228
4449 2226
4450 2277
4451 2184
4452 2262
4453 2205
4454 2197
4455 2185
4456 2181
4457 2241
4458 2196
4459 2240
4460 2256
4461 2230
4462 2227
4463 2185
4464 2284
4465 2245
4466 2260
4467 2236
4468 2191
4469 2228
4470 2234
4471 2262
4472 2285
4473 2250
4474 2226
4475 2225
4476 2273
4477 2265
4478 2202
4479 2279
4480 2259
4481 2192
4482 2275
4483 2271
4484 2247
4485 2207
4486 2249
4487 2212
4488 2274
4489 2227
4490 2212
4491 2276
4492 2172
4493 2275
4494 2200
4495 2182
4496 2269
4497 2242
4498 2179
4499 2265
4500 2302
4501 2231
4502 2197
4503 2321
4504 2260
4505 2200
4506 2307
4507 2272
4508 2242
4509 2296
4510 2231
4511 2306
4512 2258
4513 2267
4514 2278
4515 2269
4516 2234
4517 2235
4518 2245
4519 2204
4520 2307
4521 2202
4522 2247
4523 2259
4524 2244
4525 2278
4526 2219
4527 2287
4528 2258
4529 2227
4530 2223
4531 2194
4532 2247
4533 2195
4534 2277
4535 2219
4536 2249
4537 2306
4538 2265
4539 2243
4540 2196
4541 2277
4542 2279
4543 2220
4544 2226
4545 2307
4546 2265
4547 2281
4548 2275
4549 2264
4550 2285
4551 2265
4552 2297
4553 2243
4554 2284
4555 2319
4556 2285
4557 2278
4558 2270
4559 2233
4560 2322
4561 2282
4562 2288
4563 2280
4564 2304
4565 2323
4566 2254
4567 2245
4568 2284
4569 2279
4570 2276
4571 2232
4572 2291
4573 2307
4574 2278
4575 2260
4576 2318
4577 2252
4578 2278
4579 2201
4580 2279
4581 2254
4582 2223
4583 2320
4584 2311
4585 2261
4586 2263
4587 2255
4588 2276
4589 2236
4590 2317
4591 2315
4592 2269
4593 2295
4594 2273
4595 2326
4596 2283
4597 2298
4598 2274
4599 2266
4600 2263
4601 2338
4602 2342
4603 2276
4604 2297
4605 2272
4606 2319
4607 2322
4608 2299
4609 2289
4610 2340
4611 2288
4612 2245
4613 2322
4614 2263
4615 2303
4616 2290
4617 2331
4618 2348
4619 2286
4620 2324
4621 2304
4622 2355
4623 2370
4624 2321
4625 2326
4626 2285
4627 2232
4628 2266
4629 2359
4630 2311
4631 2337
4632 2325
4633 2292
4634 2272
4635 2263
4636 2325
4637 2270
4638 2315
4639 2305
4640 2359
4641 2348
4642 2326
4643 2319
4644 2347
4645 2338
4646 2349
4647 2333
4648 2301
4649 2273
4650 2288
4651 2237
4652 2299
4653 2349
4654 2274
4655 2344
4656 2338
4657 2332
4658 2325
4659 2343
4660 2353
4661 2331
4662 2270
4663 2311
4664 2273
4665 2315
4666 2344
4667 2331
4668 2321
4669 2393
4670 2347
4671 2327
4672 2295
4673 2307
4674 2417
4675 2343
4676 2264
4677 2368
4678 2326
4679 2348
4680 2315
4681 2326
4682 2298
4683 2310
4684 2323
4685 2326
4686 2362
4687 2352
4688 2292
4689 2386
4690 2375
4691 2343
4692 2372
4693 2340
4694 2293
4695 2384
4696 2354
4697 2322
4698 2326
4699 2341
4700 2325
4701 2313
4702 2385
4703 2391
4704 2305
4705 2347
4706 2322
4707 2345
4708 2386
4709 2318
4710 2337
4711 2330
4712 2356
4713 2335
4714 2348
4715 2385
4716 2309
4717 2335
4718 2317
4719 2374
4720 2358
4721 2355
4722 2356
4723 2334
4724 2401
4725 2320
4726 2332
4727 2404
4728 2310
4729 2378
4730 2298
4731 2398
4732 2383
4733 2377
4734 2349
4735 2398
4736 2372
4737 2409
4738 2420
4739 2365
4740 2333
4741 2340
4742 2390
4743 2352
4744 2403
4745 2345
4746 2383
4747 2375
4748 2416
4749 2323
4750 2362
4751 2309
4752 2394
4753 2268
4754 2433
4755 2318
4756 2305
4757 2397
4758 2396
4759 2394
4760 2350
4761 2363
4762 2359
4763 2391
4764 2373
4765 2405
4766 2412
4767 2372
4768 2378
4769 2360
4770 2340
4771 2407
4772 2385
4773 2410
4774 2350
4775 2367
4776 2322
4777 2401
4778 2377
4779 2332
4780 2446
4781 2403
4782 2391
4783 2355
4784 2372
4785 2391
4786 2391
4787 2374
4788 2390
4789 2410
4790 2427
4791 2341
4792 2395
4793 2411
4794 2401
4795 2397
4796 2320
4797 2392
4798 2463
4799 2427
4800 2356
4801 2403
4802 2432
4803 2431
4804 2285
4805 2394
4806 2396
4807 2397
4808 2382
4809 2460
4810 2356
4811 2400
4812 2427
4813 2366
4814 2380
4815 2352
4816 2395
4817 2428
4818 2416
4819 2443
4820 2380
4821 2426
4822 2444
4823 2423
4824 2393
4825 2430
4826 2393
4827 2444
4828 2425
4829 2399
4830 2419
4831 2413
4832 2418
4833 2432
4834 2450
4835 2406
4836 2424
4837 2456
4838 2385
4839 2386
4840 2406
4841 2383
4842 2398
4843 2452
4844 2408
4845 2421
4846 2488
4847 2430
4848 2436
4849 2406
4850 2418
4851 2413
4852 2404
4853 2411
4854 2444
4855 2468
4856 2399
4857 2418
4858 2433
4859 2368
4860 2391
4861 2428
4862 2465
4863 2397
4864 2431
4865 2394
4866 2404
4867 2404
4868 2445
4869 2437
4870 2439
4871 2415
4872 2381
4873 2381
4874 2452
4875 2433
4876 2483
4877 2436
4878 2418
4879 2481
4880 2465
4881 2444
4882 2507
4883 2427
4884 2462
4885 2439
4886 2481
4887 2442
4888 2439
4889 2472
4890 2437
4891 2477
4892 2441
4893 2415
4894 2382
4895 2476
4896 2422
4897 2486
4898 2528
4899 2459
4900 2418
4901 2476
4902 2449
4903 2448
4904 2522
4905 2469
4906 2448
4907 2427
4908 2486
4909 2460
4910 2452
4911 2439
4912 2453
4913 2443
4914 2410
4915 2468
4916 2403
4917 2433
4918 2453
4919 2393
4920 2477
4921 2440
4922 2501
4923 2479
4924 2430
4925 2429
4926 2481
4927 2439
4928 2526
4929 2443
4930 2423
4931 2448
4932 2485
4933 2391
4934 2441
4935 2560
4936 2467
4937 2545
4938 2416
4939 2474
4940 2499
4941 2496
4942 2479
4943 2473
4944 2435
4945 2459
4946 2504
4947 2479
4948 2516
4949 2438
4950 2470
4951 2494
4952 2447
4953 2457
4954 2434
4955 2541
4956 2431
4957 2469
4958 2465
4959 2473
4960 2447
4961 2505
4962 2499
4963 2388
4964 2486
4965 2462
4966 2505
4967 2431
4968 2484
4969 2483
4970 2440
4971 2438
4972 2496
4973 2515
4974 2525
4975 2498
4976 2508
4977 2504
4978 2497
4979 2542
4980 2457
4981 2556
4982 2451
4983 2541
4984 2478
4985 2502
4986 2445
4987 2519
4988 2520
4989 2421
4990 2442
4991 2456
4992 2508
4993 2482
4994 2478
4995 2562
4996 2487
4997 2479
4998 2503
4999 2488
5000 2444
5001 2443
5002 2490
5003 2453
5004 2508
5005 2539
5006 2508
5007 2551
5008 2519
5009 2492
5010 2504
5011 2493
5012 2499
5013 2507
5014 2542
5015 2491
5016 2531
5017 2490
5018 2467
5019 2495
5020 2494
5021 2511
5022 2533
5023 2461
5024 2455
5025 2516
5026 2490
5027 2536
5028 2554
5029 2529
5030 2523
5031 2549
5032 2481
5033 2529
5034 2525
5035 2545
5036 2500
5037 2516
5038 2479
5039 2466
5040 2480
5041 2430
5042 2494
5043 2505
5044 2525
5045 2538
5046 2485
5047 2539
5048 2474
5049 2560
5050 2496
5051 2503
5052 2502
5053 2525
5054 2538
5055 2487
5056 2530
5057 2553
5058 2459
5059 2514
5060 2482
5061 2570
5062 2560
5063 2481
5064 2494
5065 2482
5066 2536
5067 2538
5068 2521
5069 2571
5070 2539
5071 2544
5072 2501
5073 2566
5074 2520
5075 2477
5076 2523
5077 2556
5078 2433
5079 2520
5080 2526
5081 2484
5082 2566
5083 2483
5084 2536
5085 2609
5086 2531
5087 2568
5088 2553
5089 2548
5090 2540
5091 2522
5092 2553
5093 2484
5094 2611
5095 2595
5096 2581
5097 2565
5098 2517
5099 2499
5100 2594
5101 2563
5102 2561
5103 2568
5104 2553
5105 2570
5106 2542
5107 2565
5108 2596
5109 2542
5110 2544
5111 2603
5112 2539
5113 2547
5114 2594
5115 2564
5116 2609
5117 2552
5118 2563
5119 2562
5120 2513
5121 2542
5122 2545
5123 2579
5124 2505
5125 2551
5126 2563
5127 2555
5128 2497
5129 2625
5130 2603
5131 2561
5132 2566
5133 2548
5134 2595
5135 2496
5136 2640
5137 2615
5138 2570
5139 2570
5140 2597
5141 2557
5142 2540
5143 2537
5144 2593
5145 2573
5146 2573
5147 2545
5148 2580
5149 2612
5150 2518
5151 2551
5152 2626
5153 2595
5154 2569
5155 2572
5156 2574
5157 2578
5158 2479
5159 2576
5160 2565
5161 2599
5162 2536
5163 2520
5164 2569
5165 2597
5166 2527
5167 2545
5168 2523
5169 2560
5170 2585
5171 2622
5172 2547
5173 2589
5174 2535
5175 2564
5176 2575
5177 2544
5178 2582
5179 2638
5180 2592
5181 2617
5182 2577
5183 2578
5184 2588
5185 2579
5186 2593
5187 2600
5188 2590
5189 2557
5190 2572
5191 2529
5192 2616
5193 2571
5194 2594
5195 2573
5196 2558
5197 2592
5198 2625
5199 2633
5200 2562
5201 2550
5202 2585
5203 2623
5204 2603
5205 2586
5206 2604
5207 2589
5208 2618
5209 2556
5210 2582
5211 2612
5212 2616
5213 2576
5214 2654
5215 2587
5216 2539
5217 2726
5218 2578
5219 2580
5220 2598
5221 2616
5222 2629
5223 2660
5224 2607
5225 2636
5226 2638
5227 2569
5228 2657
5229 2600
5230 2602
5231 2575
5232 2541
5233 2569
5234 2660
5235 2570
5236 2638
5237 2605
5238 2636
5239 2605
5240 2644
5241 2653
5242 2638
5243 2558
5244 2616
5245 2608
5246 2636
5247 2584
5248 2545
5249 2577
5250 2639
5251 2644
5252 2655
5253 2577
5254 2649
5255 2607
5256 2571
5257 2593
5258 2580
5259 2628
5260 2663
5261 2630
5262 2570
5263 2595
5264 2608
5265 2569
5266 2632
5267 2636
5268 2614
5269 2663
5270 2572
5271 2646
5272 2617
5273 2625
5274 2669
5275 2658
5276 2667
5277 2634
5278 2666
5279 2711
5280 2620
5281 2613
5282 2633
5283 2691
5284 2660
5285 2636
5286 2564
5287 2613
5288 2582
5289 2607
5290 2581
5291 2590
5292 2700
5293 2641
5294 2601
5295 2692
5296 2639
5297 2641
5298 2666
5299 2655
5300 2673
5301 2656
5302 2584
5303 2684
5304 2657
5305 2579
5306 2665
5307 2680
5308 2675
5309 2656
5310 2672
5311 2687
5312 2636
5313 2656
5314 2584
5315 2637
5316 2668
5317 2643
5318 2687
5319 2651
5320 2627
5321 2640
5322 2678
5323 2616
5324 2668
5325 2739
5326 2689
5327 2655
5328 2663
5329 2620
5330 2629
5331 2634
5332 2704
5333 2687
5334 2633
5335 2572
5336 2626
5337 2630
5338 2663
5339 2715
5340 2608
5341 2655
5342 2712
5343 2738
5344 2669
5345 2679
5346 2674
5347 2656
5348 2766
5349 2681
5350 2675
5351 2647
5352 2704
5353 2688
5354 2674
5355 2665
5356 2652
5357 2758
5358 2676
5359 2706
5360 2667
5361 2655
5362 2649
5363 2726
5364 2594
5365 2624
5366 2725
5367 2659
5368 2626
5369 2745
5370 2692
5371 2728
5372 2696
5373 2672
5374 2665
5375 2622
5376 2653
5377 2771
5378 2707
5379 2617
5380 2663
5381 2623
5382 2803
5383 2615
5384 2680
5385 2708
5386 2729
5387 2680
5388 2627
5389 2637
5390 2712
5391 2709
5392 2661
5393 2703
5394 2701
5395 2678
5396 2744
5397 2648
5398 2717
5399 2651
5400 2712
5401 2736
5402 2705
5403 2668
5404 2729
5405 2666
5406 2696
5407 2636
5408 2710
5409 2729
5410 2698
5411 2690
5412 2723
5413 2745
5414 2681
5415 2749
5416 2675
5417 2752
5418 2654
5419 2706
5420 2688
5421 2669
5422 2731
5423 2729
5424 2698
5425 2711
5426 2682
5427 2749
5428 2646
5429 2722
5430 2755
5431 2667
5432 2675
5433 2605
5434 2704
5435 2733
5436 2686
5437 2749
5438 2653
5439 2747
5440 2686
5441 2730
5442 2668
5443 2710
5444 2680
5445 2738
5446 2719
5447 2716
5448 2760
5449 2711
5450 2684
5451 2795
5452 2708
5453 2672
5454 2725
5455 2712
5456 2753
5457 2701
5458 2744
5459 2808
5460 2718
5461 2694
5462 2698
5463 2648
5464 2807
5465 2681
5466 2681
5467 2761
5468 2679
5469 2767
5470 2739
5471 2734
5472 2736
5473 2780
5474 2717
5475 2698
5476 2714
5477 2726
5478 2746
5479 2761
5480 2739
5481 2724
5482 2678
5483 2719
5484 2806
5485 2717
5486 2754
5487 2768
5488 2735
5489 2726
5490 2711
5491 2676
5492 2782
5493 2720
5494 2753
5495 2775
5496 2640
5497 2718
5498 2752
5499 2660
5500 2694
5501 2781
5502 2795
5503 2699
5504 2724
5505 2764
5506 2695
5507 2766
5508 2713
5509 2752
5510 2714
5511 2685
5512 2804
5513 2770
5514 2802
5515 2802
5516 2738
5517 2742
5518 2794
5519 2786
5520 2747
5521 2760
5522 2777
5523 2746
5524 2789
5525 2768
5526 2780
5527 2840
5528 2741
5529 2798
5530 2765
5531 2732
5532 2727
5533 2771
5534 2733
5535 2831
5536 2813
5537 2802
5538 2777
5539 2775
5540 2748
5541 2772
5542 2755
5543 2782
5544 2749
5545 2797
5546 2768
5547 2850
5548 2732
5549 2737
5550 2780
5551 2748
5552 2728
5553 2823
5554 2785
5555 2800
5556 2762
5557 2778
5558 2825
5559 2732
5560 2811
5561 2740
5562 2753
5563 2747
5564 2761
5565 2738
5566 2828
5567 2814
5568 2804
5569 2730
5570 2850
5571 2779
5572 2785
5573 2790
5574 2819
5575 2735
5576 2760
5577 2773
5578 2795
5579 2819
5580 2764
5581 2881
5582 2799
5583 2807
5584 2782
5585 2835
5586 2806
5587 2821
5588 2787
5589 2832
5590 2769
5591 2804
5592 2798
5593 2864
5594 2783
5595 2771
5596 2778
5597 2836
5598 2859
5599 2800
5600 2742
5601 2802
5602 2764
5603 2770
5604 2748
5605 2773
5606 2827
5607 2841
5608 2797
5609 2782
5610 2800
5611 2834
5612 2779
5613 2826
5614 2842
5615 2828
5616 2861
5617 2809
5618 2727
5619 2763
5620 2797
5621 2863
5622 2810
5623 2796
5624 2817
5625 2805
5626 2759
5627 2736
5628 2787
5629 2821
5630 2824
5631 2736
5632 2795
5633 2815
5634 2818
5635 2786
5636 2809
5637 2870
5638 2805
5639 2813
5640 2786
5641 2848
5642 2769
5643 2837
5644 2837
5645 2823
5646 2832
5647 2812
5648 2841
5649 2834
5650 2874
5651 2823
5652 2868
5653 2808
5654 2872
5655 2834
5656 2693
5657 2864
5658 2781
5659 2934
5660 2796
5661 2781
5662 2843
5663 2764
5664 2863
5665 2794
5666 2838
5667 2809
5668 2787
5669 2777
5670 2849
5671 2777
5672 2838
5673 2811
5674 2788
5675 2803
5676 2879
5677 2826
5678 2736
5679 2844
5680 2830
5681 2889
5682 2914
5683 2888
5684 2798
5685 2910
5686 2858
5687 2835
5688 2917
5689 2808
5690 2853
5691 2816
5692 2825
5693 2835
5694 2802
5695 2791
5696 2793
5697 2737
5698 2813
5699 2836
5700 2873
5701 2824
5702 2850
5703 2859
5704 2884
5705 2892
5706 2824
5707 2895
5708 2890
5709 2855
5710 2807
5711 2949
5712 2823
5713 2845
5714 2818
5715 2795
5716 2859
5717 2880
5718 2800
5719 2879
5720 2822
5721 2802
5722 2858
5723 2848
5724 2854
5725 2859
5726 2848
5727 2863
5728 2896
5729 2820
5730 2868
5731 2858
5732 2867
5733 2863
5734 2840
5735 2894
5736 2824
5737 2833
5738 2888
5739 2836
5740 2826
5741 2889
5742 2825
5743 2901
5744 2811
5745 2874
5746 2859
5747 2824
5748 2936
5749 2880
5750 2883
5751 2887
5752 2823
5753 2893
5754 2900
5755 3001
5756 2871
5757 2820
5758 2850
5759 2894
5760 2854
5761 2853
5762 2915
5763 2873
5764 2881
5765 2872
5766 2898
5767 2912
5768 2871
5769 2821
5770 2874
5771 2825
5772 2893
5773 2851
5774 2902
5775 2984
5776 2878
5777 2855
5778 2873
5779 2849
5780 2830
5781 2884
5782 2874
5783 2808
5784 2849
5785 2951
5786 2850
5787 2895
5788 2852
5789 2938
5790 2906
5791 2870
5792 2839
5793 2893
5794 2899
5795 2900
5796 2851
5797 2902
5798 2848
5799 2932
5800 2982
5801 2939
5802 2875
5803 2941
5804 2884
5805 2861
5806 2898
5807 2948
5808 2910
5809 2838
5810 2936
5811 2861
5812 2854
5813 2921
5814 2919
5815 2864
5816 2882
5817 2885
5818 2879
5819 2920
5820 2905
5821 2869
5822 2938
5823 2873
5824 2895
5825 2944
5826 2931
5827 2909
5828 2924
5829 2912
5830 2894
5831 2917
5832 2911
5833 2868
5834 2892
5835 2869
5836 2945
5837 2912
5838 2932
5839 2914
5840 2938
5841 2887
5842 2886
5843 2962
5844 2916
5845 2894
5846 2897
5847 2936
5848 2920
5849 2901
5850 2917
5851 2915
5852 2919
5853 2911
5854 2984
5855 2946
5856 2940
5857 2876
5858 2973
5859 2953
5860 2925
5861 2943
5862 2926
5863 2923
5864 2880
5865 3004
5866 2928
5867 2848
5868 2962
5869 2877
5870 2940
5871 2891
5872 3035
5873 2961
5874 2847
5875 2946
5876 2998
5877 2899
5878 2908
5879 2888
5880 2946
5881 2938
5882 2927
5883 2992
5884 2985
5885 2994
5886 2871
5887 3028
5888 2894
5889 2907
5890 2957
5891 2927
5892 3006
5893 2915
5894 2921
5895 2927
5896 3000
5897 2900
5898 2915
5899 2948
5900 2933
5901 2901
5902 2863
5903 3010
5904 2984
5905 2912
5906 2878
5907 2936
5908 2955
5909 2961
5910 2945
5911 2955
5912 2981
5913 2948
5914 2962
5915 2954
5916 3013
5917 2912
5918 2975
5919 2957
5920 3011
5921 2985
5922 2993
5923 2960
5924 2954
5925 2935
5926 2990
5927 3003
5928 2973
5929 2972
5930 2928
5931 3072
5932 2940
5933 3003
5934 2958
5935 2958
5936 2959
5937 2960
5938 2890
5939 2997
5940 2971
5941 2972
5942 2955
5943 2971
5944 2986
5945 2952
5946 2973
5947 2955
5948 3019
5949 2972
5950 2992
5951 3000
5952 3013
5953 2901
5954 3031
5955 2954
5956 2982
5957 2956
5958 2894
5959 2976
5960 2964
5961 2942
5962 3053
5963 2934
5964 3013
5965 2973
5966 3016
5967 2895
5968 3005
5969 2969
5970 3028
5971 2948
5972 2958
5973 2903
5974 2956
5975 2983
5976 2960
5977 2960
5978 2976
5979 2990
5980 2951
5981 3008
5982 2957
5983 2969
5984 2964
5985 2938
5986 2986
5987 2954
5988 3000
5989 3002
5990 2972
5991 2926
5992 3011
5993 2943
5994 2985
5995 3065
5996 2983
5997 2999
5998 2943
5999 2979
6000 2990
6001 2984
6002 2980
6003 2915
6004 2978
6005 3015
6006 2932
6007 3075
6008 2955
6009 3012
6010 3002
6011 3009
6012 2898
6013 2985
6014 2984
6015 3018
6016 2991
6017 3011
6018 3019
6019 2977
6020 2963
6021 2998
6022 2877
6023 3025
6024 3023
6025 2971
6026 3021
6027 2971
6028 2957
6029 2975
6030 2996
6031 3003
6032 2938
6033 3002
6034 3017
6035 2999
6036 3052
6037 2929
6038 2911
6039 3067
6040 3058
6041 3022
6042 3041
6043 3072
6044 3008
6045 3029
6046 3013
6047 3006
6048 3024
6049 2970
6050 3018
6051 2997
6052 3016
6053 3027
6054 2966
6055 2968
6056 3002
6057 3012
6058 3029
6059 2993
6060 3015
6061 3086
6062 3004
6063 3066
6064 2990
6065 3004
6066 3055
6067 3063
6068 3022
6069 3042
6070 3103
6071 3009
6072 3033
6073 3062
6074 3027
6075 3074
6076 3011
6077 2979
6078 3049
6079 3072
6080 2961
6081 3103
6082 2997
6083 3079
6084 2914
6085 3026
6086 3019
6087 3043
6088 3013
6089 3003
6090 3086
6091 3053
6092 3055
6093 3048
6094 3111
6095 3056
6096 3068
6097 3091
6098 3105
6099 3073
6100 3026
6101 2959
6102 2987
6103 3052
6104 3026
6105 2970
6106 3018
6107 3053
6108 3039
6109 3031
6110 3042
6111 3008
6112 3039
6113 3061
6114 3033
6115 3041
6116 3023
6117 3023
6118 2982
6119 2964
6120 3082
6121 3068
6122 3022
6123 3033
6124 3010
6125 3035
6126 3036
6127 3076
6128 3065
6129 3064
6130 3138
6131 3033
6132 3015
6133 3059
6134 3027
6135 2995
6136 3068
6137 3101
6138 3010
6139 3054
6140 3104
6141 3032
6142 3046
6143 3006
6144 3109
6145 3050
6146 3123
6147 3038
6148 3071
6149 3006
6150 3093
6151 3097
6152 3021
6153 3067
6154 3052
6155 3091
6156 3102
6157 3107
6158 3072
6159 3052
6160 3116
6161 3121
6162 3057
6163 3045
6164 3127
6165 3050
6166 3082
6167 3101
6168 3090
6169 3092
6170 3135
6171 3116
6172 3113
6173 3193
6174 3043
6175 3079
6176 3029
6177 3113
6178 3090
6179 3075
6180 3042
6181 3084
6182 3041
6183 3065
6184 3111
6185 3099
6186 3097
6187 3082
6188 3078
6189 3049
6190 3136
6191 3154
6192 3099
6193 3119
6194 3171
6195 3048
6196 3135
6197 3102
6198 3161
6199 3131
6200 3074
6201 3100
6202 3084
6203 3186
6204 3150
6205 3115
6206 3037
6207 3087
6208 2999
6209 3116
6210 3084
6211 3117
6212 3082
6213 3041
6214 3109
6215 3108
6216 3114
6217 3133
6218 3177
6219 3127
6220 3095
6221 3095
6222 3059
6223 3060
6224 3146
6225 3135
6226 3113
6227 3133
6228 3053
6229 3079
6230 3200
6231 3106
6232 3099
6233 3123
6234 3111
6235 3186
6236 3094
6237 3120
6238 3142
6239 3163
6240 3125
6241 3084
6242 3053
6243 3168
6244 3110
6245 3177
6246 3158
6247 3094
6248 3142
6249 3052
6250 3129
6251 3144
6252 3134
6253 3069
6254 3076
6255 3075
6256 3076
6257 3162
6258 3120
6259 3125
6260 3109
6261 3084
6262 3110
6263 3064
6264 3116
6265 3166
6266 3094
6267 3168
6268 3143
6269 3139
6270 3167
6271 3098
6272 3161
6273 3099
6274 3199
6275 3081
6276 3154
6277 3131
6278 3104
6279 3177
6280 3055
6281 3055
6282 3138
6283 3139
6284 3166
6285 3131
6286 3159
6287 3117
6288 3158
6289 3164
6290 3151
6291 3099
6292 3075
6293 3247
6294 3110
6295 3130
6296 3142
6297 3182
6298 3158
6299 3201
6300 3042
6301 3153
6302 3103
6303 3151
6304 3128
6305 3152
6306 3127
6307 3114
6308 3154
6309 3245
6310 3090
6311 3199
6312 3184
6313 3114
6314 3141
6315 3131
6316 3189
6317 3160
6318 3196
6319 3164
6320 3158
6321 3152
6322 3128
6323 3173
6324 3137
6325 3188
6326 3112
6327 3217
6328 3174
6329 3185
6330 3183
6331 3141
6332 3212
6333 3171
6334 3192
6335 3175
6336 3182
6337 3179
6338 3116
6339 3157
6340 3182
6341 3140
6342 3211
6343 3168
6344 3199
6345 3117
6346 3098
6347 3152
6348 3171
6349 3183
6350 3166
6351 3136
6352 3076
6353 3175
6354 3198
6355 3184
6356 3127
6357 3251
6358 3238
6359 3106
6360 3208
6361 3208
6362 3134
6363 3158
6364 3241
6365 3226
6366 3157
6367 3137
6368 3185
6369 3195
6370 3284
6371 3171
6372 3172
6373 3221
6374 3128
6375 3161
6376 3239
6377 3166
6378 3170
6379 3246
6380 3148
6381 3173
6382 3146
6383 3222
6384 3202
6385 3215
6386 3225
6387 3153
6388 3177
6389 3179
6390 3110
6391 3171
6392 3209
6393 3239
6394 3167
6395 3171
6396 3101
6397 3243
6398 3173
6399 3264
6400 3208
6401 3173
6402 3228
6403 3213
6404 3189
6405 3125
6406 3225
6407 3230
6408 3152
6409 3176
6410 3219
6411 3201
6412 3134
6413 3232
6414 3158
6415 3174
6416 3222
6417 3222
6418 3136
6419 3223
6420 3211
6421 3224
6422 3223
6423 3217
6424 3221
6425 3181
6426 3218
6427 3280
6428 3182
6429 3254
6430 3158
6431 3222
6432 3141
6433 3187
6434 3227
6435 3225
6436 3145
6437 3235
6438 3143
6439 3243
6440 3219
6441 3260
6442 3224
6443 3247
6444 3207
6445 3264
6446 3217
6447 3240
6448 3264
6449 3140
6450 3303
6451 3221
6452 3194
6453 3173
6454 3199
6455 3221
6456 3268
6457 3234
6458 3170
6459 3195
6460 3195
6461 3242
6462 3233
6463 3131
6464 3202
6465 3234
6466 3193
6467 3238
6468 3213
6469 3244
6470 3220
6471 3170
6472 3134
6473 3185
6474 3232
6475 3208
6476 3321
6477 3240
6478 3221
6479 3214
6480 3233
6481 3256
6482 3261
6483 3223
6484 3217
6485 3226
6486 3212
6487 3227
6488 3279
6489 3204
6490 3238
6491 3254
6492 3230
6493 3222
6494 3231
6495 3228
6496 3300
6497 3169
6498 3341
6499 3259
6500 3266
6501 3275
6502 3192
6503 3244
6504 3205
6505 3277
6506 3228
6507 3321
6508 3248
6509 3246
6510 3227
6511 3272
6512 3260
6513 3276
6514 3204
6515 3272
6516 3286
6517 3243
6518 3302
6519 3258
6520 3217
6521 3214
6522 3245
6523 3278
6524 3285
6525 3206
6526 3191
6527 3281
6528 3268
6529 3344
6530 3223
6531 3282
6532 3277
6533 3266
6534 3223
6535 3314
6536 3289
6537 3236
6538 3220
6539 3190
6540 3318
6541 3265
6542 3251
6543 3345
6544 3269
6545 3306
6546 3271
6547 3312
6548 3280
6549 3248
6550 3183
6551 3240
6552 3251
6553 3268
6554 3343
6555 3319
6556 3282
6557 3280
6558 3316
6559 3343
6560 3251
6561 3270
6562 3269
6563 3326
6564 3240
6565 3286
6566 3308
6567 3235
6568 3324
6569 3279
6570 3234
6571 3248
6572 3379
6573 3257
6574 3333
6575 3336
6576 3345
6577 3375
6578 3228
6579 3271
6580 3268
6581 3266
6582 3224
6583 3286
6584 3272
6585 3306
6586 3284
6587 3310
6588 3301
6589 3301
6590 3218
6591 3288
6592 3235
6593 3379
6594 3243
6595 3332
6596 3262
6597 3345
6598 3312
6599 3283
6600 3279
6601 3391
6602 3293
6603 3237
6604 3266
6605 3253
6606 3227
6607 3296
6608 3265
6609 3340
6610 3295
6611 3280
6612 3259
6613 3326
6614 3189
6615 3327
6616 3314
6617 3372
6618 3386
6619 3263
6620 3323
6621 3206
6622 3325
6623 3261
6624 3330
6625 3282
6626 3344
6627 3288
6628 3309
6629 3325
6630 3285
6631 3228
6632 3292
6633 3291
6634 3295
6635 3309
6636 3318
6637 3251
6638 3249
6639 3281
6640 3342
6641 3383
6642 3290
6643 3304
6644 3300
6645 3346
6646 3356
6647 3347
6648 3301
6649 3394
6650 3259
6651 3338
6652 3263
6653 3390
6654 3298
6655 3382
6656 3338
6657 3302
6658 3366
6659 3340
6660 3319
6661 3330
6662 3333
6663 3350
6664 3401
6665 3419
6666 3356
6667 3382
6668 3279
6669 3339
6670 3260
6671 3338
6672 3362
6673 3327
6674 3381
6675 3356
6676 3387
6677 3309
6678 3300
6679 3347
6680 3266
6681 3328
6682 3312
6683 3359
6684 3414
6685 3427
6686 3386
6687 3310
6688 3316
6689 3246
6690 3334
6691 3373
6692 3363
6693 3361
6694 3325
6695 3290
6696 3273
6697 3273
6698 3407
6699 3302
6700 3336
6701 3418
6702 3329
6703 3347
6704 3339
6705 3363
6706 3335
6707 3301
6708 3357
6709 3311
6710 3312
6711 3361
6712 3368
6713 3433
6714 3393
6715 3326
6716 3398
6717 3278
6718 3317
6719 3428
6720 3396
6721 3346
6722 3309
6723 3378
6724 3295
6725 3311
6726 3410
6727 3325
6728 3379
6729 3340
6730 3336
6731 3319
6732 3447
6733 3321
6734 3411
6735 3346
6736 3379
6737 3372
6738 3357
6739 3333
6740 3428
6741 3336
6742 3306
6743 3339
6744 3407
6745 3307
6746 3375
6747 3420
6748 3407
6749 3388
6750 3370
6751 3416
6752 3365
6753 3324
6754 3273
6755 3315
6756 3374
6757 3424
6758 3357
6759 3343
6760 3440
6761 3308
6762 3318
6763 3420
6764 3434
6765 3311
6766 3284
6767 3432
6768 3416
6769 3353
6770 3384
6771 3422
6772 3424
6773 3399
6774 3492
6775 3421
6776 3380
6777 3365
6778 3407
6779 3404
6780 3334
6781 3387
6782 3449
6783 3435
6784 3386
6785 3381
6786 3389
6787 3449
6788 3333
6789 3369
6790 3389
6791 3382
6792 3389
6793 3337
6794 3399
6795 3406
6796 3371
6797 3345
6798 3360
6799 3448
6800 3370
6801 3458
6802 3428
6803 3407
6804 3431
6805 3315
6806 3429
6807 3434
6808 3332
6809 3396
6810 3437
6811 3370
6812 3348
6813 3378
6814 3413
6815 3399
6816 3383
6817 3357
6818 3337
6819 3393
6820 3304
6821 3403
6822 3347
6823 3464
6824 3421
6825 3375
6826 3424
6827 3402
6828 3363
6829 3457
6830 3401
6831 3443
6832 3435
6833 3392
6834 3357
6835 3324
6836 3486
6837 3411
6838 3367
6839 3368
6840 3387
6841 3475
6842 3483
6843 3407
6844 3425
6845 3383
6846 3358
6847 3443
6848 3382
6849 3402
6850 3352
6851 3354
6852 3408
6853 3451
6854 3401
6855 3394
6856 3361
6857 3341
6858 3372
6859 3371
6860 3499
6861 3399
6862 3449
6863 3448
6864 3438
6865 3394
6866 3420
6867 3429
6868 3469
6869 3511
6870 3397
6871 3417
6872 3412
6873 3427
6874 3401
6875 3429
6876 3399
6877 3440
6878 3422
6879 3348
6880 3451
6881 3463
6882 3414
6883 3463
6884 3405
6885 3396
6886 3459
6887 3374
6888 3466
6889 3440
6890 3365
6891 3371
6892 3400
6893 3384
6894 3358
6895 3530
6896 3416
6897 3397
6898 3521
6899 3445
6900 3406
6901 3472
6902 3430
6903 3376
6904 3445
6905 3444
6906 3437
6907 3460
6908 3462
6909 3452
6910 3462
6911 3495
6912 3437
6913 3453
6914 3450
6915 3524
6916 3421
6917 3426
6918 3508
6919 3508
6920 3500
6921 3424
6922 3387
6923 3508
6924 3431
6925 3400
6926 3474
6927 3445
6928 3607
6929 3475
6930 3412
6931 3509
6932 3498
6933 3431
6934 3483
6935 3461
6936 3470
6937 3467
6938 3399
6939 3546
6940 3432
6941 3456
6942 3538
6943 3427
6944 3518
6945 3472
6946 3518
6947 3475
6948 3399
6949 3531
6950 3511
6951 3486
6952 3528
6953 3452
6954 3452
6955 3414
6956 3507
6957 3390
6958 3420
6959 3492
6960 3539
6961 3444
6962 3481
6963 3500
6964 3503
6965 3455
6966 3530
6967 3580
6968 3473
6969 3525
6970 3477
6971 3505
6972 3525
6973 3485
6974 3419
6975 3484
6976 3451
6977 3524
6978 3468
6979 3460
6980 3493
6981 3473
6982 3434
6983 3425
6984 3453
6985 3409
6986 3511
6987 3560
6988 3454
6989 3439
6990 3481
6991 3531
6992 3537
6993 3464
6994 3444
6995 3513
6996 3499
6997 3472
6998 3552
6999 3468
7000 3533
7001 3451
7002 3444
7003 3489
7004 3521
7005 3430
7006 3458
7007 3456
7008 3539
7009 3556
7010 3478
7011 3466
7012 3484
7013 3517
7014 3455
7015 3470
7016 3582
7017 3536
7018 3470
7019 3439
7020 3518
7021 3508
7022 3528
7023 3540
7024 3510
7025 3519
7026 3507
7027 3517
7028 3496
7029 3588
7030 3543
7031 3520
7032 3493
7033 3561
7034 3506
7035 3450
7036 3469
7037 3595
7038 3546
7039 3525
7040 3517
7041 3528
7042 3448
7043 3433
7044 3553
7045 3479
7046 3530
7047 3555
7048 3534
7049 3508
7050 3567
7051 3520
7052 3462
7053 3484
7054 3524
7055 3536
7056 3563
7057 3532
7058 3444
7059 3569
7060 3549
7061 3548
7062 3520
7063 3548
7064 3516
7065 3557
7066 3549
7067 3498
7068 3565
7069 3478
7070 3471
7071 3489
7072 3562
7073 3522
7074 3515
7075 3502
7076 3501
7077 3498
7078 3603
7079 3529
7080 3588
7081 3498
7082 3586
7083 3467
7084 3508
7085 3581
7086 3560
7087 3540
7088 3493
7089 3581
7090 3491
7091 3485
7092 3523
7093 3546
7094 3506
7095 3553
7096 3572
7097 3592
7098 3572
7099 3428
7100 3509
7101 3643
7102 3498
7103 3519
7104 3561
7105 3607
7106 3572
7107 3537
7108 3618
7109 3580
7110 3497
7111 3512
7112 3516
7113 3530
7114 3610
7115 3489
7116 3579
7117 3559
7118 3566
7119 3558
7120 3544
7121 3544
7122 3630
7123 3549
7124 3548
7125 3561
7126 3538
7127 3511
7128 3530
7129 3533
7130 3526
7131 3481
7132 3626
7133 3492
7134 3581
7135 3525
7136 3512
7137 3610
7138 3531
7139 3601
7140 3489
7141 3526
7142 3509
7143 3544
7144 3549
7145 3512
7146 3537
7147 3464
7148 3542
7149 3609
7150 3573
7151 3585
7152 3608
7153 3579
7154 3653
7155 3551
7156 3547
7157 3521
7158 3606
7159 3665
7160 3626
7161 3597
7162 3637
7163 3575
7164 3609
7165 3573
7166 3625
7167 3543
7168 3567
7169 3557
7170 3566
7171 3581
7172 3537
7173 3599
7174 3547
7175 3637
7176 3605
7177 3561
7178 3556
7179 3640
7180 3630
7181 3506
7182 3569
7183 3630
7184 3555
7185 3622
7186 3581
7187 3657
7188 3629
7189 3528
7190 3531
7191 3569
7192 3582
7193 3552
7194 3564
7195 3581
7196 3601
7197 3600
7198 3551
7199 3631
7200 3647
7201 3624
7202 3577
7203 3607
7204 3614
7205 3567
7206 3580
7207 3544
7208 3686
7209 3600
7210 3606
7211 3614
7212 3621
7213 3558
7214 3654
7215 3565
7216 3565
7217 3602
7218 3583
7219 3593
7220 3616
7221 3584
7222 3660
7223 3718
7224 3634
7225 3624
7226 3599
7227 3624
7228 3609
7229 3625
7230 3674
7231 3580
7232 3620
7233 3612
7234 3611
7235 3541
7236 3664
7237 3628
7238 3556
7239 3692
7240 3621
7241 3581
7242 3578
7243 3638
7244 3614
7245 3653
7246 3573
7247 3643
7248 3677
7249 3621
7250 3558
7251 3676
7252 3612
7253 3626
7254 3634
7255 3588
7256 3691
7257 3583
7258 3677
7259 3611
7260 3631
7261 3595
7262 3617
7263 3568
7264 3599
7265 3514
7266 3590
7267 3630
7268 3606
7269 3660
7270 3567
7271 3599
7272 3626
7273 3656
7274 3553
7275 3638
7276 3573
7277 3674
7278 3623
7279 3615
7280 3702
7281 3617
7282 3615
7283 3713
7284 3583
7285 3604
7286 3659
7287 3647
7288 3666
7289 3603
7290 3669
7291 3646
7292 3599
7293 3667
7294 3648
7295 3622
7296 3642
7297 3668
7298 3687
7299 3675
7300 3626
7301 3631
7302 3663
7303 3679
7304 3641
7305 3649
7306 3593
7307 3642
7308 3645
7309 3577
7310 3649
7311 3655
7312 3644
7313 3556
7314 3590
7315 3683
7316 3694
7317 3591
7318 3658
7319 3638
7320 3684
7321 3639
7322 3556
7323 3720
7324 3683
7325 3608
7326 3666
7327 3638
7328 3644
7329 3631
7330 3646
7331 3687
7332 3653
7333 3729
7334 3642
7335 3734
7336 3721
7337 3733
7338 3661
7339 3691
7340 3646
7341 3659
7342 3578
7343 3695
7344 3615
7345 3552
7346 3650
7347 3687
7348 3638
7349 3663
7350 3701
7351 3732
7352 3674
7353 3650
7354 3690
7355 3705
7356 3740
7357 3678
7358 3634
7359 3652
7360 3714
7361 3765
7362 3705
7363 3601
7364 3631
7365 3610
7366 3742
7367 3700
7368 3787
7369 3691
7370 3712
7371 3632
7372 3658
7373 3725
7374 3624
7375 3602
7376 3642
7377 3686
7378 3670
7379 3705
7380 3729
7381 3656
7382 3782
7383 3724
7384 3712
7385 3607
7386 3626
7387 3681
7388 3612
7389 3638
7390 3700
7391 3660
7392 3721
7393 3658
7394 3625
7395 3707
7396 3692
7397 3691
7398 3711
7399 3725
7400 3629
7401 3676
7402 3647
7403 3702
7404 3711
7405 3625
7406 3739
7407 3643
7408 3683
7409 3729
7410 3678
7411 3675
7412 3715
7413 3669
7414 3770
7415 3752
7416 3684
7417 3648
7418 3644
7419 3742
7420 3690
7421 3786
7422 3745
7423 3647
7424 3768
7425 3761
7426 3652
7427 3720
7428 3800
7429 3700
7430 3715
7431 3741
7432 3671
7433 3713
7434 3725
7435 3681
7436 3730
7437 3772
7438 3752
7439 3767
7440 3716
7441 3773
7442 3790
7443 3702
7444 3681
7445 3705
7446 3637
7447 3668
7448 3695
7449 3747
7450 3735
7451 3760
7452 3694
7453 3752
7454 3807
7455 3739
7456 3755
7457 3648
7458 3721
7459 3750
7460 3676
7461 3735
7462 3765
7463 3688
7464 3768
7465 3763
7466 3708
7467 3731
7468 3766
7469 3639
7470 3660
7471 3718
7472 3673
7473 3765
7474 3690
7475 3679
7476 3751
7477 3757
7478 3664
7479 3762
7480 3730
7481 3718
7482 3758
7483 3723
7484 3793
7485 3773
7486 3820
7487 3766
7488 3807
7489 3790
7490 3797
7491 3752
7492 3712
7493 3744
7494 3769
7495 3715
7496 3747
7497 3801
7498 3774
7499 3765
7500 3726
7501 3715
7502 3774
7503 3785
7504 3692
7505 3711
7506 3737
7507 3724
7508 3846
7509 3774
7510 3760
7511 3795
7512 3798
7513 3723
7514 3619
7515 3719
7516 3833
7517 3726
7518 3771
7519 3715
7520 3763
7521 3760
7522 3839
7523 3772
7524 3854
7525 3739
7526 3760
7527 3729
7528 3746
7529 3742
7530 3722
7531 3819
7532 3786
7533 3687
7534 3708
7535 3761
7536 3801
7537 3844
7538 3766
7539 3785
7540 3746
7541 3818
7542 3704
7543 3677
7544 3670
7545 3835
7546 3824
7547 3771
7548 3826
7549 3753
7550 3788
7551 3824
7552 3778
7553 3744
7554 3764
7555 3754
7556 3776
7557 3780
7558 3752
7559 3783
7560 3746
7561 3671
7562 3762
7563 3787
7564 3772
7565 3805
7566 3779
7567 3779
7568 3781
7569 3795
7570 3818
7571 3868
7572 3852
7573 3759
7574 3780
7575 3845
7576 3761
7577 3735
7578 3769
7579 3738
7580 3807
7581 3766
7582 3790
7583 3760
7584 3844
7585 3729
7586 3848
7587 3813
7588 3759
7589 3770
7590 3768
7591 3803
7592 3750
7593 3872
7594 3767
7595 3753
7596 3806
7597 3770
7598 3807
7599 3812
7600 3788
7601 3762
7602 3861
7603 3881
7604 3799
7605 3669
7606 3829
7607 3790
7608 3812
7609 3742
7610 3752
7611 3814
7612 3755
7613 3719
7614 3915
7615 3805
7616 3758
7617 3748
7618 3755
7619 3773
7620 3759
7621 3853
7622 3785
7623 3742
7624 3727
7625 3868
7626 3842
7627 3858
7628 3731
7629 3827
7630 3825
7631 3822
7632 3829
7633 3872
7634 3821
7635 3851
7636 3783
7637 3831
7638 3829
7639 3807
7640 3869
7641 3762
7642 3828
7643 3880
7644 3821
7645 3860
7646 3790
7647 3803
7648 3833
7649 3843
7650 3824
7651 3878
7652 3836
7653 3862
7654 3776
7655 3822
7656 3784
7657 3841
7658 3757
7659 3858
7660 3772
7661 3852
7662 3802
7663 3778
7664 3829
7665 3799
7666 3831
7667 3893
7668 3878
7669 3762
7670 3825
7671 3831
7672 3761
7673 3836
7674 3773
7675 3828
7676 3818
7677 3882
7678 3819
7679 3770
7680 3804
7681 3793
7682 3808
7683 3762
7684 3890
7685 3805
7686 3825
7687 3797
7688 3979
7689 3813
7690 3905
7691 3853
7692 3822
7693 3798
7694 3855
7695 3846
7696 3767
7697 3886
7698 3819
7699 3829
7700 3859
7701 3829
7702 3766
7703 3796
7704 3844
7705 3871
7706 3900
7707 3829
7708 3902
7709 3839
7710 3815
7711 3918
7712 3893
7713 3842
7714 3881
7715 3871
7716 3820
7717 3909
7718 3796
7719 3807
7720 3822
7721 3869
7722 3846
7723 3871
7724 3877
7725 3867
7726 3939
7727 3792
7728 3799
7729 3881
7730 3848
7731 3898
7732 3847
7733 3816
7734 3958
7735 3916
7736 3902
7737 3833
7738 3801
7739 3788
7740 3847
7741 3861
7742 3892
7743 3890
7744 3872
7745 3879
7746 3872
7747 3902
7748 3775
7749 3918
7750 3851
7751 3818
7752 3867
7753 3832
7754 3857
7755 3946
7756 3941
7757 3888
7758 3874
7759 3890
7760 3912
7761 3896
7762 3984
7763 3903
7764 3935
7765 3901
7766 3879
7767 3894
7768 3837
7769 3912
7770 3905
7771 3867
7772 3859
7773 3865
7774 3852
7775 3860
7776 3907
7777 3945
7778 3894
7779 3814
7780 3945
7781 3846
7782 3902
7783 3850
7784 3817
7785 3842
7786 3973
7787 3917
7788 3887
7789 3927
7790 3897
7791 3889
7792 3878
7793 3876
7794 3894
7795 3820
7796 3810
7797 3917
7798 3846
7799 3821
7800 3911
7801 3863
7802 3879
7803 3911
7804 3951
7805 3911
7806 3967
7807 3857
7808 3907
7809 3880
7810 3902
7811 3844
7812 3896
7813 3931
7814 3881
7815 3985
7816 3860
7817 3909
7818 3827
7819 3954
7820 3798
7821 3938
7822 3836
7823 3914
7824 3920
7825 3927
7826 3886
7827 3993
7828 3950
7829 3899
7830 3943
7831 3986
7832 3877
7833 3982
7834 3878
7835 3943
7836 3894
7837 3893
7838 3934
7839 3849
7840 3906
7841 3918
7842 3957
7843 3968
7844 3936
7845 3947
7846 3914
7847 3894
7848 3988
7849 3890
7850 3876
7851 3922
7852 3922
7853 3928
7854 3868
7855 3897
7856 3860
7857 3811
7858 3970
7859 3907
7860 3928
7861 3933
7862 3969
7863 3882
7864 3957
7865 3989
7866 4018
7867 3926
7868 3937
7869 3941
7870 3855
7871 3901
7872 3969
7873 3950
7874 3966
7875 3966
7876 3974
7877 3966
7878 3975
7879 3920
7880 3920
7881 3912
7882 3944
7883 3888
7884 3892
7885 3900
7886 3872
7887 3987
7888 3948
7889 3926
7890 3949
7891 3919
7892 3935
7893 3962
7894 3917
7895 3858
7896 3929
7897 3953
7898 3956
7899 3928
7900 3889
7901 4036
7902 4039
7903 3904
7904 3911
7905 3975
7906 3940
7907 4003
7908 3971
7909 3985
7910 3876
7911 4011
7912 4012
7913 3876
7914 3988
7915 3930
7916 4034
7917 3932
7918 3928
7919 3924
7920 3941
7921 3956
7922 3971
7923 3985
7924 3918
7925 3940
7926 3983
7927 3888
7928 3898
7929 3986
7930 3958
7931 3894
7932 3935
7933 4086
7934 3981
7935 3977
7936 3907
7937 3918
7938 3934
7939 4017
7940 3937
7941 3933
7942 3965
7943 3959
7944 3928
7945 4029
7946 4026
7947 3952
7948 3926
7949 3886
7950 4016
7951 4038
7952 3931
7953 3990
7954 4041
7955 3863
7956 3981
7957 3968
7958 3958
7959 3877
7960 4016
7961 3954
7962 3988
7963 4016
7964 3936
7965 3930
7966 3948
7967 4024
7968 3918
7969 3982
7970 4029
7971 3913
7972 3892
7973 4011
7974 4037
7975 4011
7976 4001
7977 4021
7978 4011
7979 3873
7980 4003
7981 4006
7982 3984
7983 3918
7984 4006
7985 4034
7986 3941
7987 3930
7988 4002
7989 3996
7990 3960
7991 3898
7992 4024
7993 4073
7994 3963
7995 3902
7996 3943
7997 4068
7998 3937
7999 3958
8000 3961
8001 4001
8002 3982
8003 4023
8004 3925
8005 4116
8006 4040
8007 3958
8008 3965
8009 4050
8010 4039
8011 3994
8012 4044
8013 3988
8014 3943
8015 4131
8016 3989
8017 4058
8018 4048
8019 4045
8020 3994
8021 4019
8022 3946
8023 4059
8024 4063
8025 4097
8026 3986
8027 4007
8028 4040
8029 4034
8030 4013
8031 3965
8032 3969
8033 3957
8034 4002
8035 3996
8036 3995
8037 4027
8038 3975
8039 3983
8040 3998
8041 4030
8042 4023
8043 4002
8044 4067
8045 3948
8046 3994
8047 4034
8048 4047
8049 4027
8050 3984
8051 4037
8052 4114
8053 4026
8054 4053
8055 4086
8056 3988
8057 4031
8058 3988
8059 4070
8060 4011
8061 3930
8062 4115
8063 4077
8064 4068
8065 4070
8066 3942
8067 4034
8068 4033
8069 4068
8070 3978
8071 4066
8072 3943
8073 4013
8074 3974
8075 4046
8076 4080
8077 4145
8078 4015
8079 3977
8080 3968
8081 4012
8082 4027
8083 4094
8084 4065
8085 4039
8086 4046
8087 3973
8088 4049
8089 4073
8090 4077
8091 4054
8092 3988
8093 4094
8094 4141
8095 4072
8096 4043
8097 4043
8098 4105
8099 3991
8100 4025
8101 4064
8102 4070
8103 4083
8104 4031
8105 3978
8106 4108
8107 3929
8108 4016
8109 4047
8110 4156
8111 4061
8112 4057
8113 4085
8114 4138
8115 4111
8116 4076
8117 4102
8118 4106
8119 4087
8120 4079
8121 4004
8122 4028
8123 4057
8124 3987
8125 4090
8126 4059
8127 4020
8128 4114
8129 4058
8130 4058
8131 4121
8132 4046
8133 4115
8134 4116
8135 4072
8136 4054
8137 4064
8138 4015
8139 4045
8140 4074
8141 4017
8142 4116
8143 4113
8144 4056
8145 4049
8146 4141
8147 4035
8148 3915
8149 4048
8150 4066
8151 4018
8152 4093
8153 4143
8154 4050
8155 4003
8156 4089
8157 4105
8158 4087
8159 4071
8160 4071
8161 4078
8162 4110
8163 4081
8164 4012
8165 4062
8166 4063
8167 4011
8168 4089
8169 4024
8170 3982
8171 4086
8172 4067
8173 4084
8174 4073
8175 4081
8176 4061
8177 4059
8178 4110
8179 4113
8180 4136
8181 4161
8182 4069
8183 4124
8184 4115
8185 4050
8186 4071
8187 4035
8188 4071
8189 4028
8190 4067
8191 4138
8192 4076
8193 4179
8194 4062
8195 4139
8196 4071
8197 4098
8198 4050
8199 4106
8200 4076
8201 4090
8202 4135
8203 4118
8204 4024
8205 4172
8206 4102
8207 4095
8208 4174
8209 4153
8210 4114
8211 4136
8212 4107
8213 4132
8214 4122
8215 4067
8216 4106
8217 4110
8218 4064
8219 3987
8220 4091
8221 4198
8222 4175
8223 4081
8224 4118
8225 4074
8226 4051
8227 4056
8228 4121
8229 4078
8230 4069
8231 4118
8232 4076
8233 4040
8234 4178
8235 4147
8236 4073
8237 4090
8238 4088
8239 4128
8240 4144
8241 4193
8242 4075
8243 4198
8244 4104
8245 4116
8246 4106
8247 4074
8248 4148
8249 4097
8250 4088
8251 4041
8252 4144
8253 4120
8254 4175
8255 4108
8256 4161
8257 4125
8258 4095
8259 4088
8260 4017
8261 4107
8262 4142
8263 4166
8264 4175
8265 4193
8266 4174
8267 4172
8268 4135
8269 4070
8270 4115
8271 4133
8272 4189
8273 4125
8274 4126
8275 4127
8276 4115
8277 4053
8278 4231
8279 4209
8280 4149
8281 4092
8282 4111
8283 4179
8284 4229
8285 4190
8286 4165
8287 4140
8288 4207
8289 4134
8290 4162
8291 4157
8292 4140
8293 4064
8294 4092
8295 4133
8296 4235
8297 4181
8298 4135
8299 4103
8300 4155
8301 4151
8302 4198
8303 4112
8304 4146
8305 4109
8306 4144
8307 4142
8308 4155
8309 4164
8310 4125
8311 4138
8312 4122
8313 4164
8314 4082
8315 4082
8316 4145
8317 4163
8318 4210
8319 4085
8320 4216
8321 4226
8322 4203
8323 4140
8324 4184
8325 4158
8326 4051
8327 4165
8328 4093
8329 4136
8330 4187
8331 4131
8332 4082
8333 4159
8334 4209
8335 4112
8336 4146
8337 4165
8338 4182
8339 4113
8340 4150
8341 4138
8342 4206
8343 4184
8344 4233
8345 4209
8346 4220
8347 4200
8348 4236
8349 4177
8350 4128
8351 4118
8352 4246
8353 4158
8354 4199
8355 4128
8356 4169
8357 4120
8358 4125
8359 4106
8360 4112
8361 4202
8362 4161
8363 4127
8364 4173
8365 4243
8366 4133
8367 4145
8368 4184
8369 4168
8370 4209
8371 4170
8372 4168
8373 4216
8374 4199
8375 4139
8376 4234
8377 4241
8378 4225
8379 4165
8380 4230
8381 4199
8382 4213
8383 4220
8384 4190
8385 4170
8386 4207
8387 4211
8388 4173
8389 4219
8390 4185
8391 4085
8392 4219
8393 4174
8394 4126
8395 4115
8396 4177
8397 4119
8398 4074
8399 4282
8400 4210
8401 4115
8402 4142
8403 4225
8404 4123
8405 4205
8406 4181
8407 4166
8408 4158
8409 4302
8410 4192
8411 4272
8412 4232
8413 4212
8414 4215
8415 4190
8416 4141
8417 4127
8418 4278
8419 4198
8420 4167
8421 4228
8422 4175
8423 4151
8424 4283
8425 4236
8426 4241
8427 4213
8428 4218
8429 4233
8430 4177
8431 4223
8432 4291
8433 4263
8434 4207
8435 4158
8436 4196
8437 4146
8438 4198
8439 4186
8440 4237
8441 4198
8442 4246
8443 4285
8444 4154
8445 4274
8446 4218
8447 4209
8448 4194
8449 4215
8450 4213
8451 4242
8452 4109
8453 4225
8454 4314
8455 4158
8456 4143
8457 4168
8458 4189
8459 4120
8460 4214
8461 4257
8462 4208
8463 4222
8464 4209
8465 4241
8466 4205
8467 4191
8468 4247
8469 4205
8470 4306
8471 4209
8472 4246
8473 4225
8474 4318
8475 4162
8476 4246
8477 4130
8478 4232
8479 4193
8480 4193
8481 4267
8482 4284
8483 4221
8484 4280
8485 4232
8486 4205
8487 4187
8488 4373
8489 4201
8490 4251
8491 4152
8492 4154
8493 4206
8494 4271
8495 4265
8496 4238
8497 4159
8498 4147
8499 4266
8500 4202
8501 4211
8502 4354
8503 4284
8504 4278
8505 4288
8506 4249
8507 4331
8508 4196
8509 4147
8510 4219
8511 4315
8512 4340
8513 4230
8514 4261
8515 4277
8516 4294
8517 4285
8518 4229
8519 4243
8520 4210
8521 4274
8522 4225
8523 4187
8524 4217
8525 4209
8526 4225
8527 4349
8528 4195
8529 4274
8530 4176
8531 4269
8532 4302
8533 4252
8534 4332
8535 4298
8536 4192
8537 4244
8538 4395
8539 4233
8540 4282
8541 4338
8542 4334
8543 4264
8544 4330
8545 4226
8546 4364
8547 4240
8548 4232
8549 4301
8550 4300
8551 4294
8552 4224
8553 4264
8554 4257
8555 4242
8556 4230
8557 4365
8558 4198
8559 4355
8560 4231
8561 4329
8562 4280
8563 4289
8564 4248
8565 4180
8566 4245
8567 4341
8568 4344
8569 4292
8570 4322
8571 4312
8572 4269
8573 4285
8574 4281
8575 4330
8576 4303
8577 4246
8578 4267
8579 4297
8580 4367
8581 4202
8582 4264
8583 4317
8584 4328
8585 4247
8586 4291
8587 4271
8588 4330
8589 4287
8590 4278
8591 4262
8592 4344
8593 4366
8594 4364
8595 4189
8596 4225
8597 4350
8598 4285
8599 4268
8600 4332
8601 4234
8602 4366
8603 4351
8604 4210
8605 4234
8606 4199
8607 4247
8608 4203
8609 4383
8610 4282
8611 4333
8612 4223
8613 4219
8614 4351
8615 4270
8616 4306
8617 4251
8618 4276
8619 4345
8620 4231
8621 4190
8622 4319
8623 4404
8624 4330
8625 4265
8626 4304
8627 4349
8628 4296
8629 4286
8630 4277
8631 4266
8632 4380
8633 4325
8634 4324
8635 4358
8636 4291
8637 4337
8638 4325
8639 4294
8640 4269
8641 4334
8642 4257
8643 4307
8644 4278
8645 4353
8646 4328
8647 4355
8648 4287
8649 4300
8650 4281
8651 4391
8652 4328
8653 4266
8654 4371
8655 4311
8656 4359
8657 4257
8658 4333
8659 4305
8660 4293
8661 4325
8662 4247
8663 4379
8664 4322
8665 4411
8666 4279
8667 4264
8668 4359
8669 4341
8670 4266
8671 4335
8672 4354
8673 4337
8674 4374
8675 4287
8676 4278
8677 4245
8678 4289
8679 4339
8680 4368
8681 4346
8682 4321
8683 4405
8684 4277
8685 4316
8686 4346
8687 4350
8688 4355
8689 4367
8690 4310
8691 4276
8692 4389
8693 4304
8694 4221
8695 4293
8696 4316
8697 4369
8698 4339
8699 4266
8700 4380
8701 4271
8702 4274
8703 4399
8704 4255
8705 4308
8706 4326
8707 4366
8708 4250
8709 4274
8710 4320
8711 4376
8712 4346
8713 4303
8714 4329
8715 4321
8716 4324
8717 4316
8718 4335
8719 4376
8720 4329
8721 4318
8722 4348
8723 4343
8724 4377
8725 4353
8726 4268
8727 4403
8728 4326
8729 4271
8730 4382
8731 4337
8732 4328
8733 4276
8734 4341
8735 4376
8736 4357
8737 4376
8738 4256
8739 4367
8740 4384
8741 4361
8742 4348
8743 4393
8744 4314
8745 4355
8746 4404
8747 4361
8748 4364
8749 4450
8750 4378
8751 4389
8752 4383
8753 4480
8754 4312
8755 4345
8756 4333
8757 4372
8758 4404
8759 4405
8760 4339
8761 4380
8762 4401
8763 4373
8764 4514
8765 4290
8766 4360
8767 4383
8768 4435
8769 4264
8770 4434
8771 4348
8772 4358
8773 4328
8774 4416
8775 4448
8776 4454
8777 4449
8778 4335
8779 4391
8780 4392
8781 4336
8782 4412
8783 4415
8784 4420
8785 4382
8786 4390
8787 4424
8788 4362
8789 4352
8790 4382
8791 4449
8792 4328
8793 4416
8794 4407
8795 4443
8796 4242
8797 4390
8798 4429
8799 4315
8800 4354
8801 4361
8802 4312
8803 4504
8804 4375
8805 4363
8806 4392
8807 4331
8808 4336
8809 4370
8810 4312
8811 4448
8812 4399
8813 4328
8814 4411
8815 4386
8816 4302
8817 4448
8818 4408
8819 4352
8820 4415
8821 4520
8822 4416
8823 4468
8824 4402
8825 4447
8826 4361
8827 4388
8828 4422
8829 4454
8830 4443
8831 4358
8832 4466
8833 4502
8834 4402
8835 4424
8836 4444
8837 4385
8838 4302
8839 4362
8840 4444
8841 4422
8842 4404
8843 4435
8844 4392
8845 4417
8846 4400
8847 4471
8848 4465
8849 4387
8850 4398
8851 4411
8852 4398
8853 4464
8854 4354
8855 4409
8856 4321
8857 4380
8858 4454
8859 4430
8860 4345
8861 4357
8862 4446
8863 4450
8864 4447
8865 4386
8866 4445
8867 4449
8868 4448
8869 4418
8870 4375
8871 4358
8872 4507
8873 4438
8874 4434
8875 4467
8876 4370
8877 4360
8878 4464
8879 4490
8880 4384
8881 4419
8882 4388
8883 4491
8884 4496
8885 4429
8886 4476
8887 4462
8888 4424
8889 4411
8890 4323
8891 4510
8892 4481
8893 4425
8894 4390
8895 4477
8896 4410
8897 4527
8898 4463
8899 4490
8900 4434
8901 4406
8902 4502
8903 4401
8904 4489
8905 4449
8906 4417
8907 4471
8908 4403
8909 4439
8910 4367
8911 4500
8912 4453
8913 4388
8914 4473
8915 4388
8916 4505
8917 4475
8918 4502
8919 4391
8920 4505
8921 4484
8922 4481
8923 4451
8924 4462
8925 4402
8926 4451
8927 4514
8928 4444
8929 4448
8930 4379
8931 4516
8932 4461
8933 4383
8934 4497
8935 4497
8936 4516
8937 4490
8938 4417
8939 4438
8940 4490
8941 4467
8942 4479
8943 4462
8944 4422
8945 4465
8946 4516
8947 4497
8948 4487
8949 4467
8950 4506
8951 4445
8952 4400
8953 4436
8954 4524
8955 4555
8956 4558
8957 4525
8958 4516
8959 4504
8960 4471
8961 4563
8962 4483
8963 4528
8964 4497
8965 4541
8966 4496
8967 4469
8968 4530
8969 4515
8970 4561
8971 4411
8972 4473
8973 4557
8974 4498
8975 4404
8976 4455
8977 4525
8978 4485
8979 4540
8980 4401
8981 4450
8982 4456
8983 4456
8984 4562
8985 4482
8986 4541
8987 4437
8988 4564
8989 4491
8990 4460
8991 4546
8992 4362
8993 4448
8994 4524
8995 4569
8996 4486
8997 4520
8998 4430
8999 4438
9000 4528
9001 4408
9002 4476
9003 4518
9004 4436
9005 4538
9006 4564
9007 4503
9008 4467
9009 4544
9010 4490
9011 4584
9012 4513
9013 4393
9014 4506
9015 4496
9016 4558
9017 4573
9018 4496
9019 4513
9020 4478
9021 4527
9022 4556
9023 4445
9024 4484
9025 4543
9026 4521
9027 4462
9028 4460
9029 4518
9030 4488
9031 4422
9032 4532
9033 4557
9034 4457
9035 4522
9036 4566
9037 4564
9038 4495
9039 4609
9040 4542
9041 4522
9042 4537
9043 4489
9044 4628
9045 4522
9046 4402
9047 4427
9048 4562
9049 4465
9050 4544
9051 4565
9052 4571
9053 4420
9054 4460
9055 4464
9056 4519
9057 4503
9058 4492
9059 4513
9060 4532
9061 4527
9062 4560
9063 4539
9064 4478
9065 4491
9066 4480
9067 4518
9068 4585
9069 4528
9070 4529
9071 4595
9072 4576
9073 4529
9074 4487
9075 4525
9076 4478
9077 4585
9078 4530
9079 4568
9080 4507
9081 4609
9082 4581
9083 4457
9084 4528
9085 4625
9086 4456
9087 4530
9088 4470
9089 4523
9090 4512
9091 4570
9092 4624
9093 4599
9094 4567
9095 4608
9096 4545
9097 4570
9098 4488
9099 4458
9100 4472
9101 4626
9102 4536
9103 4598
9104 4530
9105 4498
9106 4510
9107 4537
9108 4563
9109 4659
9110 4635
9111 4493
9112 4579
9113 4577
9114 4634
9115 4544
9116 4572
9117 4483
9118 4616
9119 4531
9120 4521
9121 4451
9122 4630
9123 4669
9124 4633
9125 4586
9126 4515
9127 4584
9128 4518
9129 4604
9130 4497
9131 4597
9132 4566
9133 4524
9134 4552
9135 4570
9136 4553
9137 4557
9138 4570
9139 4555
9140 4543
9141 4631
9142 4470
9143 4456
9144 4596
9145 4609
9146 4650
9147 4558
9148 4526
9149 4593
9150 4592
9151 4536
9152 4487
9153 4489
9154 4546
9155 4585
9156 4523
9157 4618
9158 4613
9159 4688
9160 4606
9161 4611
9162 4592
9163 4571
9164 4544
9165 4535
9166 4565
9167 4521
9168 4605
9169 4568
9170 4688
9171 4615
9172 4633
9173 4589
9174 4557
9175 4561
9176 4595
9177 4543
9178 4617
9179 4542
9180 4629
9181 4624
9182 4650
9183 4550
9184 4511
9185 4569
9186 4605
9187 4607
9188 4633
9189 4602
9190 4597
9191 4568
9192 4529
9193 4662
9194 4584
9195 4492
9196 4640
9197 4612
9198 4639
9199 4589
9200 4570
9201 4574
9202 4543
9203 4589
9204 4638
9205 4636
9206 4657
9207 4643
9208 4580
9209 4614
9210 4554
9211 4557
9212 4576
9213 4613
9214 4602
9215 4555
9216 4566
9217 4713
9218 4550
9219 4639
9220 4657
9221 4530
9222 4623
9223 4693
9224 4667
9225 4593
9226 4591
9227 4594
9228 4591
9229 4579
9230 4560
9231 4569
9232 4619
9233 4576
9234 4586
9235 4549
9236 4613
9237 4654
9238 4598
9239 4534
9240 4599
9241 4622
9242 4606
9243 4697
9244 4606
9245 4636
9246 4555
9247 4678
9248 4557
9249 4617
9250 4515
9251 4557
9252 4490
9253 4558
9254 4547
9255 4719
9256 4629
9257 4619
9258 4567
9259 4651
9260 4660
9261 4634
9262 4660
9263 4606
9264 4616
9265 4622
9266 4661
9267 4580
9268 4611
9269 4685
9270 4615
9271 4571
9272 4587
9273 4651
9274 4529
9275 4676
9276 4664
9277 4685
9278 4670
9279 4695
9280 4621
9281 4643
9282 4583
9283 4610
9284 4477
9285 4601
9286 4732
9287 4559
9288 4576
9289 4563
9290 4693
9291 4678
9292 4685
9293 4712
9294 4625
9295 4592
9296 4629
9297 4687
9298 4728
9299 4650
9300 4638
9301 4580
9302 4657
9303 4657
9304 4658
9305 4641
9306 4584
9307 4652
9308 4699
9309 4605
9310 4604
9311 4811
9312 4677
9313 4637
9314 4592
9315 4629
9316 4539
9317 4666
9318 4679
9319 4641
9320 4603
9321 4638
9322 4629
9323 4791
9324 4631
9325 4656
9326 4638
9327 4702
9328 4657
9329 4623
9330 4603
9331 4724
9332 4639
9333 4647
9334 4676
9335 4688
9336 4692
9337 4652
9338 4653
9339 4677
9340 4762
9341 4705
9342 4690
9343 4649
9344 4621
9345 4800
9346 4684
9347 4680
9348 4627
9349 4759
9350 4664
9351 4660
9352 4608
9353 4732
9354 4704
9355 4619
9356 4618
9357 4713
9358 4808
9359 4696
9360 4665
9361 4759
9362 4611
9363 4686
9364 4752
9365 4638
9366 4701
9367 4699
9368 4745
9369 4698
9370 4677
9371 4762
9372 4684
9373 4756
9374 4727
9375 4702
9376 4698
9377 4748
9378 4691
9379 4699
9380 4595
9381 4701
9382 4604
9383 4683
9384 4645
9385 4651
9386 4590
9387 4661
9388 4741
9389 4723
9390 4626
9391 4710
9392 4698
9393 4736
9394 4684
9395 4677
9396 4660
9397 4734
9398 4743
9399 4707
9400 4718
9401 4659
9402 4690
9403 4638
9404 4715
9405 4736
9406 4693
9407 4717
9408 4733
9409 4731
9410 4647
9411 4717
9412 4715
9413 4704
9414 4707
9415 4676
9416 4749
9417 4695
9418 4693
9419 4733
9420 4678
9421 4667
9422 4674
9423 4756
9424 4729
9425 4829
9426 4762
9427 4701
9428 4795
9429 4668
9430 4679
9431 4783
9432 4666
9433 4727
9434 4728
9435 4755
9436 4673
9437 4697
9438 4703
9439 4700
9440 4727
9441 4681
9442 4688
9443 4768
9444 4593
9445 4716
9446 4776
9447 4704
9448 4693
9449 4808
9450 4650
9451 4655
9452 4739
9453 4714
9454 4759
9455 4778
9456 4819
9457 4662
9458 4705
9459 4717
9460 4708
9461 4751
9462 4696
9463 4681
9464 4752
9465 4666
9466 4783
9467 4724
9468 4750
9469 4783
9470 4699
9471 4752
9472 4693
9473 4695
9474 4746
9475 4728
9476 4624
9477 4706
9478 4709
9479 4733
9480 4722
9481 4781
9482 4679
9483 4606
9484 4658
9485 4846
9486 4709
9487 4691
9488 4823
9489 4658
9490 4775
9491 4767
9492 4743
9493 4778
9494 4740
9495 4719
9496 4745
9497 4732
9498 4702
9499 4845
9500 4833
9501 4756
9502 4698
9503 4757
9504 4788
9505 4732
9506 4757
9507 4744
9508 4749
9509 4812
9510 4763
9511 4711
9512 4696
9513 4781
9514 4710
9515 4752
9516 4762
9517 4808
9518 4833
9519 4764
9520 4707
9521 4756
9522 4727
9523 4768
9524 4708
9525 4762
9526 4772
9527 4714
9528 4813
9529 4815
9530 4720
9531 4727
9532 4724
9533 4827
9534 4826
9535 4736
9536 4775
9537 4799
9538 4784
9539 4732
9540 4728
9541 4801
9542 4820
9543 4708
9544 4802
9545 4823
9546 4741
9547 4752
9548 4921
9549 4812
9550 4731
9551 4740
9552 4760
9553 4825
9554 4803
9555 4811
9556 4687
9557 4790
9558 4825
9559 4786
9560 4732
9561 4797
9562 4856
9563 4850
9564 4821
9565 4725
9566 4783
9567 4764
9568 4765
9569 4685
9570 4757
9571 4767
9572 4796
9573 4869
9574 4720
9575 4765
9576 4834
9577 4738
9578 4814
9579 4811
9580 4766
9581 4774
9582 4842
9583 4775
9584 4806
9585 4758
9586 4785
9587 4861
9588 4774
9589 4785
9590 4758
9591 4799
9592 4746
9593 4821
9594 4790
9595 4840
9596 4755
9597 4767
9598 4829
9599 4790
9600 4729
9601 4752
9602 4774
9603 4747
9604 4760
9605 4748
9606 4717
9607 4954
9608 4874
9609 4881
9610 4828
9611 4781
9612 4804
9613 4736
9614 4843
9615 4870
9616 4737
9617 4867
9618 4809
9619 4763
9620 4844
9621 4789
9622 4832
9623 4750
9624 4918
9625 4743
9626 4784
9627 4806
9628 4774
9629 4724
9630 4758
9631 4774
9632 4759
9633 4861
9634 4828
9635 4769
9636 4713
9637 4812
9638 4848
9639 4923
9640 4786
9641 4880
9642 4857
9643 4705
9644 4784
9645 4900
9646 4817
9647 4790
9648 4757
9649 4807
9650 4737
9651 4822
9652 4825
9653 4822
9654 4756
9655 4780
9656 4799
9657 4786
9658 4762
9659 4863
9660 4849
9661 4860
9662 4850
9663 4764
9664 4857
9665 4851
9666 4837
9667 4921
9668 4764
9669 4787
9670 4954
9671 4841
9672 4942
9673 4872
9674 4829
9675 4883
9676 4771
9677 4798
9678 4878
9679 4759
9680 4775
9681 4812
9682 4862
9683 4852
9684 4757
9685 4742
9686 4832
9687 4859
9688 4846
9689 4796
9690 4825
9691 4881
9692 4800
9693 4815
9694 4825
9695 4803
9696 4803
9697 4882
9698 4788
9699 4832
9700 4910
9701 4849
9702 4735
9703 4882
9704 4853
9705 4805
9706 4847
9707 4885
9708 4810
9709 4855
9710 4894
9711 4822
9712 4794
9713 4875
9714 4862
9715 4899
9716 4904
9717 4857
9718 4875
9719 4845
9720 4946
9721 4858
9722 4926
9723 4856
9724 4944
9725 4781
9726 4940
9727 4869
9728 4849
9729 4909
9730 4910
9731 4833
9732 4838
9733 4831
9734 4808
9735 4910
9736 4909
9737 4768
9738 4869
9739 4886
9740 4914
9741 4884
9742 4876
9743 4943
9744 4813
9745 4844
9746 4860
9747 4913
9748 4876
9749 4910
9750 4837
9751 4891
9752 4904
9753 4899
9754 4870
9755 4866
9756 4875
9757 4870
9758 4878
9759 4964
9760 4905
9761 4882
9762 4871
9763 4916
9764 4837
9765 4773
9766 4927
9767 4908
9768 4850
9769 4961
9770 4922
9771 4921
9772 4904
9773 4902
9774 4890
9775 4930
9776 5005
9777 4863
9778 4854
9779 4966
9780 4835
9781 4899
9782 4864
9783 4829
9784 4923
9785 4842
9786 4889
9787 4964
9788 4923
9789 4880
9790 4883
9791 4882
9792 4883
9793 4885
9794 4942
9795 4863
9796 4855
9797 4909
9798 4891
9799 4912
9800 4878
9801 4879
9802 4844
9803 4886
9804 4837
9805 4964
9806 4844
9807 4988
9808 4909
9809 5024
9810 4959
9811 4869
9812 4864
9813 4923
9814 4881
9815 4867
9816 4876
9817 4917
9818 4922
9819 4893
9820 4865
9821 5072
9822 4905
9823 4928
9824 4852
9825 4929
9826 4802
9827 4910
9828 4988
9829 4918
9830 4847
9831 4927
9832 4978
9833 4785
9834 4869
9835 4890
9836 4929
9837 4930
9838 4898
9839 4884
9840 4905
9841 4921
9842 4918
9843 4914
9844 4906
9845 4978
9846 4962
9847 4954
9848 4915
9849 4900
9850 4948
9851 4995
9852 4894
9853 4948
9854 4925
9855 4907
9856 4966
9857 4963
9858 5039
9859 4931
9860 4888
9861 5010
9862 4987
9863 4990
9864 4866
9865 5051
9866 4899
9867 4972
9868 4957
9869 4910
9870 5045
9871 4928
9872 4910
9873 5049
9874 4908
9875 4952
9876 4891
9877 4945
9878 5017
9879 4877
9880 4880
9881 4995
9882 5005
9883 4909
9884 4986
9885 4988
9886 4895
9887 4872
9888 4864
9889 4973
9890 4991
9891 4957
9892 4931
9893 4863
9894 4981
9895 5033
9896 4932
9897 4946
9898 4926
9899 4871
9900 4945
9901 4981
9902 4976
9903 4935
9904 4895
9905 4992
9906 4951
9907 4927
9908 4921
9909 4921
9910 4978
9911 5077
9912 4960
9913 4946
9914 5000
9915 4913
9916 4945
9917 4919
9918 4999
9919 4995
9920 4986
9921 4947
9922 4933
9923 4951
9924 4972
9925 4884
9926 4992
9927 4972
9928 4874
9929 5007
9930 4866
9931 4954
9932 4923
9933 4950
9934 4999
9935 4971
9936 4922
9937 5049
9938 4907
9939 5066
9940 5026
9941 4953
9942 4900
9943 4971
9944 4906
9945 4861
9946 5065
9947 4959
9948 4930
9949 4986
9950 4977
9951 4988
9952 4955
9953 4963
9954 4997
9955 5007
9956 5029
9957 4938
9958 4991
9959 4958
9960 5006
9961 4977
9962 5009
9963 5008
9964 4980
9965 5004
9966 5069
9967 5055
9968 4948
9969 4875
9970 4823
9971 4977
9972 4990
9973 4982
9974 4938
9975 4914
9976 5086
9977 4983
9978 4945
9979 4925
9980 5028
9981 5028
9982 5012
9983 4956
9984 4985
9985 4935
9986 4956
9987 5001
9988 5065
9989 5053
9990 4938
9991 5014
9992 4921
9993 5027
9994 4935
9995 4997
9996 5077
9997 5004
9998 5006
9999 4971
10000 4992
10001 5074
10002 4998
10003 5000
10004 4964
10005 5034
10006 5053
10007 4980
10008 4943
10009 4920
10010 5018
10011 4893
10012 4961
10013 5011
10014 5104
10015 4944
10016 4978
10017 5077
10018 4992
10019 4968
10020 4950
10021 5002
10022 4985
10023 5015
10024 5063
10025 5028
10026 5008
10027 4990
10028 4996
10029 5023
10030 4993
10031 4986
10032 4990
10033 4975
10034 5018
10035 4965
10036 4998
10037 4987
10038 5068
10039 4985
10040 4921
10041 4940
10042 5000
10043 5040
10044 5048
10045 4885
10046 5016
10047 4982
10048 4961
10049 5032
10050 4985
10051 5067
10052 5080
10053 5018
10054 5014
10055 5072
10056 5088
10057 5066
10058 4969
10059 4993
10060 4959
10061 5048
10062 5008
10063 5053
10064 5047
10065 4979
10066 5011
10067 4984
10068 5061
10069 5019
10070 4928
10071 4967
10072 5099
10073 5143
10074 5036
10075 4992
10076 5040
10077 5065
10078 5036
10079 5076
10080 5104
10081 5005
10082 5021
10083 4947
10084 4994
10085 5057
10086 5065
10087 4981
10088 5032
10089 5003
10090 5019
10091 4986
10092 4968
10093 5027
10094 4986
10095 5021
10096 5116
10097 5092
10098 5103
10099 4957
10100 5089
10101 4979
10102 5037
10103 5047
10104 5020
10105 4980
10106 5021
10107 5120
10108 5049
10109 4986
10110 5110
10111 5042
10112 5032
10113 5021
10114 5100
10115 5079
10116 4956
10117 5070
10118 5034
10119 5074
10120 5045
10121 5061
10122 5062
10123 4980
10124 5030
10125 4999
10126 4990
10127 4983
10128 4976
10129 5022
10130 4993
10131 5064
10132 5079
10133 4986
10134 5106
10135 4965
10136 4982
10137 5032
10138 4989
10139 4983
10140 5095
10141 5108
10142 5049
10143 4992
10144 5092
10145 5006
10146 5063
10147 5156
10148 5068
10149 5115
10150 5121
10151 5006
10152 5148
10153 5047
10154 5051
10155 4997
10156 5097
10157 5127
10158 5079
10159 5079
10160 5072
10161 5024
10162 5029
10163 5015
10164 5134
10165 5016
10166 5101
10167 5078
10168 5011
10169 5055
10170 5173
10171 4954
10172 5172
10173 5201
10174 5106
10175 5001
10176 5075
10177 5030
10178 5115
10179 5114
10180 5049
10181 5006
10182 4996
10183 5083
10184 5027
10185 5126
10186 5009
10187 5048
10188 5052
10189 5011
10190 5027
10191 5092
10192 5150
10193 5131
10194 5097
10195 5095
10196 5096
10197 5120
10198 5049
10199 5076
10200 5016
10201 5127
10202 5061
10203 5180
10204 5102
10205 5063
10206 5082
10207 5158
10208 5042
10209 5150
10210 5161
10211 5046
10212 5150
10213 5089
10214 5053
10215 5074
10216 5121
10217 5106
10218 5163
10219 5090
10220 5038
10221 5139
10222 5153
10223 5046
10224 5138
10225 5088
10226 5091
10227 5126
10228 5069
10229 4970
10230 5047
10231 5127
10232 5175
10233 5153
10234 5166
10235 5106
10236 5064
10237 5139
10238 5162
10239 5097
10240 5099
10241 5095
10242 5092
10243 5147
10244 5095
10245 5153
10246 5181
10247 5157
10248 5159
10249 5108
10250 5134
10251 5082
10252 5140
10253 5018
10254 5153
10255 5173
10256 5092
10257 5097
10258 5136
10259 5082
10260 5064
10261 5125
10262 5057
10263 5095
10264 5128
10265 5156
10266 5121
10267 5212
10268 5175
10269 5082
10270 5158
10271 5167
10272 5152
10273 5136
10274 5066
10275 5115
10276 5102
10277 5080
10278 5208
10279 5208
10280 5052
10281 5186
10282 5162
10283 5119
10284 5166
10285 5154
10286 5097
10287 5110
10288 5125
10289 5133
10290 5186
10291 5158
10292 5114
10293 5044
10294 5146
10295 5089
10296 5096
10297 5108
10298 5262
10299 5150
10300 5094
10301 5141
10302 5206
10303 5201
10304 5116
10305 5103
10306 5218
10307 5135
10308 5147
10309 5223
10310 5019
10311 5234
10312 5142
10313 5140
10314 5099
10315 5177
10316 5130
10317 5069
10318 5208
10319 5135
10320 5193
10321 5138
10322 5117
10323 5160
10324 5226
10325 5219
10326 5174
10327 5105
10328 5122
10329 5162
10330 5176
10331 5116
10332 5178
10333 5153
10334 5157
10335 5084
10336 5075
10337 5208
10338 5131
10339 5206
10340 5161
10341 5221
10342 5181
10343 5092
10344 5152
10345 5083
10346 5072
10347 5073
10348 5210
10349 5212
10350 5146
10351 5130
10352 5155
10353 5215
10354 5056
10355 5200
10356 5214
10357 5178
10358 5136
10359 5141
10360 5206
10361 5146
10362 5075
10363 5098
10364 5228
10365 5140
10366 5180
10367 5256
10368 5206
10369 5222
10370 5150
10371 5253
10372 5155
10373 5219
10374 5211
10375 5180
10376 5206
10377 5164
10378 5135
10379 5268
10380 5079
10381 5160
10382 5241
10383 5193
10384 5154
10385 5134
10386 5270
10387 5164
10388 5250
10389 5171
10390 5182
10391 5180
10392 5262
10393 5215
10394 5295
10395 5168
10396 5243
10397 5162
10398 5093
10399 5156
10400 5247
10401 5211
10402 5123
10403 5182
10404 5155
10405 5152
10406 5178
10407 5286
10408 5124
10409 5150
10410 5140
10411 5168
10412 5205
10413 5147
10414 5264
10415 5272
10416 5205
10417 5240
10418 5203
10419 5237
10420 5168
10421 5225
10422 5249
10423 5203
10424 5178
10425 5268
10426 5136
10427 5065
10428 5203
10429 5188
10430 5168
10431 5240
10432 5196
10433 5243
10434 5316
10435 5326
10436 5284
10437 5145
10438 5209
10439 5249
10440 5243
10441 5188
10442 5198
10443 5207
10444 5151
10445 5308
10446 5287
10447 5197
10448 5274
10449 5256
10450 5090
10451 5277
10452 5208
10453 5256
10454 5324
10455 5212
10456 5228
10457 5233
10458 5285
10459 5280
10460 5258
10461 5205
10462 5237
10463 5321
10464 5183
10465 5123
10466 5233
10467 5240
10468 5206
10469 5223
10470 5307
10471 5223
10472 5212
10473 5307
10474 5182
10475 5243
10476 5240
10477 5225
10478 5282
10479 5312
10480 5228
10481 5249
10482 5258
10483 5286
10484 5309
10485 5258
10486 5234
10487 5203
10488 5298
10489 5205
10490 5210
10491 5226
10492 5279
10493 5214
10494 5232
10495 5249
10496 5253
10497 5228
10498 5275
10499 5217
10500 5256
10501 5269
10502 5199
10503 5283
10504 5268
10505 5231
10506 5295
10507 5312
10508 5275
10509 5276
10510 5232
10511 5277
10512 5201
10513 5223
10514 5218
10515 5287
10516 5331
10517 5286
10518 5246
10519 5283
10520 5343
10521 5189
10522 5238
10523 5234
10524 5265
10525 5270
10526 5329
10527 5259
10528 5313
10529 5266
10530 5229
10531 5240
10532 5171
10533 5277
10534 5300
10535 5285
10536 5293
10537 5338
10538 5270
10539 5282
10540 5274
10541 5286
10542 5226
10543 5264
10544 5264
10545 5340
10546 5224
10547 5272
10548 5257
10549 5234
10550 5210
10551 5292
10552 5245
10553 5259
10554 5294
10555 5327
10556 5227
10557 5309
10558 5285
10559 5269
10560 5221
10561 5249
10562 5264
10563 5263
10564 5288
10565 5269
10566 5154
10567 5262
10568 5228
10569 5247
10570 5267
10571 5232
10572 5226
10573 5308
10574 5360
10575 5363
10576 5399
10577 5162
10578 5229
10579 5312
10580 5240
10581 5261
10582 5289
10583 5232
10584 5231
10585 5240
10586 5204
10587 5379
10588 5285
10589 5176
10590 5338
10591 5195
10592 5313
10593 5334
10594 5363
10595 5260
10596 5236
10597 5332
10598 5255
10599 5366
10600 5264
10601 5307
10602 5266
10603 5261
10604 5313
10605 5271
10606 5363
10607 5285
10608 5355
10609 5292
10610 5317
10611 5255
10612 5281
10613 5289
10614 5320
10615 5335
10616 5251
10617 5295
10618 5334
10619 5268
10620 5231
10621 5378
10622 5270
10623 5333
10624 5211
10625 5254
10626 5180
10627 5400
10628 5309
10629 5286
10630 5373
10631 5358
10632 5262
10633 5292
10634 5349
10635 5391
10636 5339
10637 5386
10638 5241
10639 5306
10640 5392
10641 5379
10642 5402
10643 5332
10644 5307
10645 5339
10646 5338
10647 5350
10648 5337
10649 5281
10650 5347
10651 5306
10652 5368
10653 5376
10654 5345
10655 5330
10656 5332
10657 5301
10658 5365
10659 5316
10660 5331
10661 5335
10662 5329
10663 5355
10664 5387
10665 5336
10666 5336
10667 5372
10668 5272
10669 5314
10670 5309
10671 5413
10672 5349
10673 5489
10674 5302
10675 5386
10676 5394
10677 5345
10678 5362
10679 5347
10680 5339
10681 5374
10682 5298
10683 5335
10684 5328
10685 5383
10686 5279
10687 5373
10688 5475
10689 5337
10690 5352
10691 5326
10692 5395
10693 5379
10694 5403
10695 5326
10696 5407
10697 5334
10698 5383
10699 5323
10700 5334
10701 5410
10702 5291
10703 5391
10704 5246
10705 5359
10706 5348
10707 5437
10708 5290
10709 5411
10710 5337
10711 5311
10712 5363
10713 5343
10714 5320
10715 5389
10716 5378
10717 5368
10718 5326
10719 5398
10720 5358
10721 5316
10722 5355
10723 5434
10724 5421
10725 5383
10726 5334
10727 5367
10728 5416
10729 5364
10730 5413
10731 5365
10732 5362
10733 5440
10734 5260
10735 5359
10736 5387
10737 5317
10738 5355
10739 5399
10740 5315
10741 5346
10742 5289
10743 5385
10744 5466
10745 5285
10746 5396
10747 5439
10748 5384
10749 5495
10750 5421
10751 5370
10752 5447
10753 5354
10754 5484
10755 5358
10756 5384
10757 5340
10758 5335
10759 5397
10760 5363
10761 5365
10762 5375
10763 5436
10764 5372
10765 5416
10766 5308
10767 5390
10768 5443
10769 5379
10770 5312
10771 5478
10772 5276
10773 5340
10774 5318
10775 5400
10776 5327
10777 5425
10778 5378
10779 5459
10780 5433
10781 5379
10782 5326
10783 5406
10784 5443
10785 5453
10786 5344
10787 5365
10788 5294
10789 5319
10790 5379
10791 5397
10792 5443
10793 5347
10794 5441
10795 5471
10796 5440
10797 5372
10798 5357
10799 5346
10800 5418
10801 5409
10802 5360
10803 5312
10804 5302
10805 5366
10806 5337
10807 5382
10808 5382
10809 5409
10810 5411
10811 5417
10812 5357
10813 5445
10814 5330
10815 5400
10816 5374
10817 5412
10818 5498
10819 5401
10820 5432
10821 5412
10822 5394
10823 5372
10824 5295
10825 5349
10826 5419
10827 5363
10828 5459
10829 5463
10830 5418
10831 5352
10832 5400
10833 5434
10834 5363
10835 5483
10836 5322
10837 5295
10838 5375
10839 5368
10840 5398
10841 5475
10842 5462
10843 5343
10844 5402
10845 5409
10846 5430
10847 5414
10848 5475
10849 5397
10850 5368
10851 5378
10852 5503
10853 5456
10854 5411
10855 5368
10856 5484
10857 5483
10858 5422
10859 5507
10860 5458
10861 5441
10862 5352
10863 5413
10864 5367
10865 5459
10866 5386
10867 5446
10868 5498
10869 5517
10870 5370
10871 5351
10872 5412
10873 5512
10874 5414
10875 5424
10876 5434
10877 5444
10878 5508
10879 5517
10880 5421
10881 5397
10882 5545
10883 5460
10884 5446
10885 5360
10886 5383
10887 5390
10888 5476
10889 5488
10890 5469
10891 5476
10892 5449
10893 5489
10894 5446
10895 5527
10896 5442
10897 5471
10898 5405
10899 5486
10900 5408
10901 5466
10902 5475
10903 5463
10904 5442
10905 5409
10906 5373
10907 5500
10908 5430
10909 5446
10910 5500
10911 5370
10912 5423
10913 5473
10914 5483
10915 5482
10916 5530
10917 5378
10918 5448
10919 5448
10920 5496
10921 5480
10922 5482
10923 5385
10924 5466
10925 5456
10926 5529
10927 5428
10928 5559
10929 5477
10930 5460
10931 5478
10932 5483
10933 5511
10934 5403
10935 5498
10936 5455
10937 5402
10938 5415
10939 5481
10940 5395
10941 5458
10942 5464
10943 5428
10944 5490
10945 5462
10946 5465
10947 5399
10948 5341
10949 5344
10950 5384
10951 5456
10952 5502
10953 5555
10954 5434
10955 5431
10956 5549
10957 5526
10958 5453
10959 5352
10960 5527
10961 5383
10962 5529
10963 5500
10964 5445
10965 5451
10966 5545
10967 5372
10968 5493
10969 5458
10970 5487
10971 5444
10972 5537
10973 5518
10974 5418
10975 5455
10976 5482
10977 5568
10978 5445
10979 5555
10980 5492
10981 5509
10982 5517
10983 5501
10984 5470
10985 5509
10986 5483
10987 5536
10988 5493
10989 5533
10990 5517
10991 5452
10992 5405
10993 5483
10994 5428
10995 5483
10996 5458
10997 5502
10998 5530
10999 5557
11000 5388
11001 5514
11002 5483
11003 5477
11004 5546
11005 5512
11006 5511
11007 5485
11008 5498
11009 5497
11010 5549
11011 5526
11012 5481
11013 5595
11014 5486
11015 5522
11016 5517
11017 5506
11018 5587
11019 5427
11020 5510
11021 5507
11022 5424
11023 5430
11024 5465
11025 5492
11026 5549
11027 5434
11028 5517
11029 5523
11030 5540
11031 5500
11032 5455
11033 5571
11034 5584
11035 5537
11036 5457
11037 5490
11038 5497
11039 5482
11040 5545
11041 5441
11042 5465
11043 5593
11044 5478
11045 5464
11046 5505
11047 5562
11048 5458
11049 5517
11050 5554
11051 5487
11052 5431
11053 5496
11054 5527
11055 5551
11056 5498
11057 5527
11058 5493
11059 5495
11060 5524
11061 5378
11062 5618
11063 5596
11064 5444
11065 5557
11066 5519
11067 5574
11068 5496
11069 5468
11070 5603
11071 5489
11072 5543
11073 5505
11074 5372
11075 5566
11076 5522
11077 5576
11078 5526
11079 5558
11080 5583
11081 5519
11082 5529
11083 5453
11084 5497
11085 5564
11086 5581
11087 5407
11088 5518
11089 5581
11090 5562
11091 5429
11092 5583
11093 5594
11094 5557
11095 5509
11096 5504
11097 5554
11098 5506
11099 5471
11100 5482
11101 5489
11102 5608
11103 5548
11104 5547
11105 5502
11106 5668
11107 5550
11108 5583
11109 5646
11110 5551
11111 5454
11112 5565
11113 5483
11114 5473
11115 5543
11116 5634
11117 5562
11118 5565
11119 5621
11120 5653
11121 5547
11122 5550
11123 5575
11124 5538
11125 5602
11126 5546
11127 5535
11128 5527
11129 5609
11130 5559
11131 5490
11132 5522
11133 5546
11134 5575
11135 5581
11136 5559
11137 5604
11138 5612
11139 5501
11140 5583
11141 5506
11142 5574
11143 5609
11144 5580
11145 5620
11146 5575
11147 5627
11148 5605
11149 5575
11150 5581
11151 5486
11152 5597
11153 5602
11154 5539
11155 5573
11156 5497
11157 5552
11158 5551
11159 5628
11160 5441
11161 5530
11162 5623
11163 5549
11164 5428
11165 5569
11166 5545
11167 5571
11168 5618
11169 5487
11170 5557
11171 5536
11172 5591
11173 5596
11174 5537
11175 5534
11176 5536
11177 5594
11178 5548
11179 5568
11180 5549
11181 5589
11182 5568
11183 5624
11184 5599
11185 5569
11186 5624
11187 5599
11188 5478
11189 5538
11190 5578
11191 5669
11192 5631
11193 5616
11194 5499
11195 5586
11196 5541
11197 5627
11198 5751
11199 5658
11200 5608
11201 5588
11202 5568
11203 5733
11204 5609
11205 5625
11206 5572
11207 5581
11208 5634
11209 5566
11210 5596
11211 5726
11212 5608
11213 5605
11214 5611
11215 5557
11216 5583
11217 5534
11218 5543
11219 5667
11220 5689
11221 5662
11222 5630
11223 5494
11224 5554
11225 5586
11226 5558
11227 5629
11228 5532
11229 5593
11230 5603
11231 5516
11232 5478
11233 5638
11234 5609
11235 5607
11236 5605
11237 5588
11238 5558
11239 5732
11240 5621
11241 5627
11242 5481
11243 5657
11244 5604
11245 5580
11246 5579
11247 5462
11248 5602
11249 5694
11250 5621
11251 5541
11252 5626
11253 5578
11254 5630
11255 5699
11256 5655
11257 5559
11258 5565
11259 5663
11260 5640
11261 5655
11262 5550
11263 5492
11264 5603
11265 5662
11266 5590
11267 5704
11268 5517
11269 5568
11270 5612
11271 5668
11272 5655
11273 5604
11274 5594
11275 5623
11276 5564
11277 5493
11278 5739
11279 5601
11280 5682
11281 5618
11282 5578
11283 5620
11284 5649
11285 5679
11286 5670
11287 5597
11288 5695
11289 5634
11290 5607
11291 5637
11292 5617
11293 5694
11294 5715
11295 5602
11296 5678
11297 5604
11298 5584
11299 5623
11300 5638
11301 5668
11302 5645
11303 5661
11304 5628
11305 5600
11306 5641
11307 5602
11308 5637
11309 5664
11310 5666
11311 5660
11312 5629
11313 5650
11314 5554
11315 5542
11316 5733
11317 5643
11318 5629
11319 5623
11320 5555
11321 5718
11322 5663
11323 5627
11324 5697
11325 5610
11326 5691
11327 5669
11328 5639
11329 5640
11330 5597
11331 5720
11332 5752
11333 5623
11334 5663
11335 5722
11336 5636
11337 5716
11338 5684
11339 5535
11340 5657
11341 5585
11342 5728
11343 5648
11344 5613
11345 5667
11346 5720
11347 5633
11348 5800
11349 5680
11350 5666
11351 5737
11352 5651
11353 5605
11354 5662
11355 5706
11356 5710
11357 5659
11358 5668
11359 5722
11360 5680
11361 5707
11362 5680
11363 5609
11364 5616
11365 5736
11366 5790
11367 5724
11368 5667
11369 5643
11370 5801
11371 5723
11372 5615
11373 5739
11374 5693
11375 5741
11376 5681
11377 5615
11378 5639
11379 5636
11380 5654
11381 5655
11382 5709
11383 5724
11384 5643
11385 5766
11386 5621
11387 5681
11388 5602
11389 5697
11390 5728
11391 5698
11392 5678
11393 5726
11394 5653
11395 5751
11396 5615
11397 5602
11398 5751
11399 5630
11400 5616
11401 5700
11402 5701
11403 5789
11404 5677
11405 5723
11406 5707
11407 5604
11408 5645
11409 5712
11410 5671
11411 5552
11412 5751
11413 5669
11414 5667
11415 5679
11416 5718
11417 5722
11418 5580
11419 5693
11420 5739
11421 5724
11422 5628
11423 5668
11424 5797
11425 5651
11426 5762
11427 5694
11428 5667
11429 5621
11430 5711
11431 5700
11432 5775
11433 5706
11434 5808
11435 5762
11436 5674
11437 5791
11438 5784
11439 5725
11440 5641
11441 5677
11442 5671
11443 5792
11444 5756
11445 5704
11446 5713
11447 5763
11448 5686
11449 5794
11450 5585
11451 5714
11452 5727
11453 5689
11454 5738
11455 5767
11456 5657
11457 5693
11458 5755
11459 5696
11460 5720
11461 5686
11462 5738
11463 5750
11464 5700
11465 5687
11466 5694
11467 5665
11468 5715
11469 5719
11470 5718
11471 5807
11472 5741
11473 5686
11474 5775
11475 5664
11476 5706
11477 5707
11478 5717
11479 5742
11480 5608
11481 5817
11482 5774
11483 5692
11484 5652
11485 5743
11486 5759
11487 5832
11488 5811
11489 5753
11490 5689
11491 5566
11492 5771
11493 5761
11494 5867
11495 5757
11496 5774
11497 5751
11498 5661
11499 5691
11500 5783
11501 5691
11502 5733
11503 5716
11504 5724
11505 5764
11506 5720
11507 5792
11508 5726
11509 5805
11510 5823
11511 5729
11512 5799
11513 5726
11514 5755
11515 5776
11516 5823
11517 5774
11518 5694
11519 5743
11520 5789
11521 5790
11522 5748
11523 5810
11524 5797
11525 5846
11526 5837
11527 5674
11528 5804
11529 5740
11530 5806
11531 5700
11532 5790
11533 5815
11534 5751
11535 5758
11536 5791
11537 5766
11538 5737
11539 5787
11540 5745
11541 5744
11542 5744
11543 5820
11544 5762
11545 5713
11546 5776
11547 5732
11548 5758
11549 5812
11550 5730
11551 5710
11552 5775
11553 5889
11554 5652
11555 5743
11556 5800
11557 5807
11558 5743
11559 5846
11560 5706
11561 5878
11562 5861
11563 5815
11564 5738
11565 5741
11566 5832
11567 5719
11568 5829
11569 5786
11570 5782
11571 5809
11572 5773
11573 5749
11574 5709
11575 5870
11576 5834
11577 5857
11578 5709
11579 5804
11580 5802
11581 5774
11582 5828
11583 5661
11584 5786
11585 5740
11586 5884
11587 5785
11588 5814
11589 5762
11590 5742
11591 5741
11592 5737
11593 5750
11594 5846
11595 5771
11596 5803
11597 5918
11598 5825
11599 5792
11600 5777
11601 5785
11602 5785
11603 5796
11604 5769
11605 5887
11606 5925
11607 5737
11608 5801
11609 5782
11610 5849
11611 5755
11612 5732
11613 5722
11614 5848
11615 5897
11616 5747
11617 5775
11618 5665
11619 5897
11620 5830
11621 5820
11622 5838
11623 5786
11624 5771
11625 5788
11626 5838
11627 5757
11628 5805
11629 5809
11630 5850
11631 5781
11632 5907
11633 5806
11634 5856
11635 5847
11636 5820
11637 5810
11638 5838
11639 5877
11640 5761
11641 5742
11642 5847
11643 5767
11644 5831
11645 5776
11646 5944
11647 5728
11648 5854
11649 5841
11650 5714
11651 5762
11652 5765
11653 5829
11654 5780
11655 5861
11656 5825
11657 5841
11658 5785
11659 5828
11660 5704
11661 5766
11662 5821
11663 5818
11664 5848
11665 5838
11666 5840
11667 5793
11668 5831
11669 5808
11670 5791
11671 5802
11672 5740
11673 5748
11674 5849
11675 5816
11676 5825
11677 5728
11678 5854
11679 5955
11680 5790
11681 5850
11682 5878
11683 5855
11684 5845
11685 5867
11686 5846
11687 5813
11688 5815
11689 5761
11690 5841
11691 5801
11692 5897
11693 5844
11694 5835
11695 5920
11696 5903
11697 5892
11698 5880
11699 5770
11700 5799
11701 5827
11702 5813
11703 5797
11704 5897
11705 5847
11706 5757
11707 5816
11708 5826
11709 5825
11710 5840
11711 5872
11712 5859
11713 5741
11714 5894
11715 5825
11716 5840
11717 5764
11718 5801
11719 5868
11720 5992
11721 5807
11722 5923
11723 5921
11724 5874
11725 5790
11726 5850
11727 5811
11728 5822
11729 5923
11730 5889
11731 5827
11732 5776
11733 5924
11734 5818
11735 5864
11736 5927
11737 5873
11738 5892
11739 5936
11740 5952
11741 5846
11742 5904
11743 5906
11744 5876
11745 5899
11746 5861
11747 5887
11748 5834
11749 5794
11750 5952
11751 5836
11752 5817
11753 5976
11754 5926
11755 5814
11756 5884
11757 5876
11758 5905
11759 5868
11760 5821
11761 5814
11762 5802
11763 5944
11764 5864
11765 5859
11766 5824
11767 5903
11768 5865
11769 5880
11770 6005
11771 5891
11772 5886
11773 5902
11774 5787
11775 5856
11776 5827
11777 5917
11778 5879
11779 5874
11780 5840
11781 5950
11782 5913
11783 5901
11784 5893
11785 5927
11786 5794
11787 5925
11788 5927
11789 5984
11790 5907
11791 5838
11792 5885
11793 5861
11794 5784
11795 5881
11796 5871
11797 5866
11798 5975
11799 5897
11800 5962
11801 5908
11802 5954
11803 5854
11804 5821
11805 5908
11806 5913
11807 5954
11808 5895
11809 5927
11810 5934
11811 5841
11812 5902
11813 5984
11814 5999
11815 5792
11816 5787
11817 5883
11818 5901
11819 5944
11820 5941
11821 5837
11822 5890
11823 5906
11824 5915
11825 5998
11826 5845
11827 5952
11828 5854
11829 5966
11830 5887
11831 5913
11832 5942
11833 5976
11834 5886
11835 5865
11836 6063
11837 5914
11838 5931
11839 5854
11840 5891
11841 5955
11842 5974
11843 5903
11844 5915
11845 6035
11846 6030
11847 5937
11848 5906
11849 5850
11850 5942
11851 5907
11852 5907
11853 6002
11854 5952
11855 5995
11856 5925
11857 5849
11858 5849
11859 5837
11860 5931
11861 5974
11862 6007
11863 5911
11864 5944
11865 5828
11866 5876
11867 5978
11868 5868
11869 5915
11870 5916
11871 5929
11872 5871
11873 5924
11874 5962
11875 5965
11876 5889
11877 5910
11878 5939
11879 5842
11880 6010
11881 5990
11882 5931
11883 6058
11884 5972
11885 5944
11886 5920
11887 5857
11888 5947
11889 5850
11890 6069
11891 5953
11892 5896
11893 5872
11894 6006
11895 5803
11896 5981
11897 5945
11898 5900
11899 5933
11900 5907
11901 5988
11902 5883
11903 5982
11904 6078
11905 5893
11906 5988
11907 5862
11908 6040
11909 6019
11910 5992
11911 5958
11912 5904
11913 6074
11914 5950
11915 6048
11916 5963
11917 5865
11918 6024
11919 6010
11920 5888
11921 5947
11922 5924
11923 5831
11924 6004
11925 5869
11926 5880
11927 6026
11928 5946
11929 5891
11930 6065
11931 5913
11932 5897
11933 5867
11934 5998
11935 5921
11936 6003
11937 5916
11938 5889
11939 5958
11940 6036
11941 5895
11942 5915
11943 5982
11944 5997
11945 5889
11946 5913
11947 6006
11948 5982
11949 6015
11950 6012
11951 6019
11952 6018
11953 5918
11954 6062
11955 6017
11956 5952
11957 5897
11958 6008
11959 6017
11960 5940
11961 6051
11962 5924
11963 5966
11964 5973
11965 5914
11966 5931
11967 5996
11968 5918
11969 5940
11970 6018
11971 5900
11972 5912
11973 5995
11974 5968
11975 5984
11976 5864
11977 5982
11978 5997
11979 6004
11980 5976
11981 5932
11982 6011
11983 5987
11984 5957
11985 5965
11986 5924
11987 5983
11988 5898
11989 5871
11990 6055
11991 5958
11992 5874
11993 6052
11994 5995
11995 6070
11996 5999
11997 6029
11998 5917
11999 5957
12000 6007
12001 5980
12002 5991
12003 6029
12004 5994
12005 6075
12006 5997
12007 5991
12008 6051
12009 5899
12010 5929
12011 5940
12012 6014
12013 6007
12014 5929
12015 5981
12016 5962
12017 6011
12018 5932
12019 5959
12020 6080
12021 6077
12022 6066
12023 6030
12024 6004
12025 6158
12026 6023
12027 6061
12028 6097
12029 6109
12030 5950
12031 6032
12032 6075
12033 5973
12034 6033
12035 6019
12036 5935
12037 6016
12038 5919
12039 6050
12040 5980
12041 5937
12042 5970
12043 6006
12044 6033
12045 5981
12046 6123
12047 5963
12048 6091
12049 6091
12050 6059
12051 6074
12052 6010
12053 5994
12054 6029
12055 5981
12056 6077
12057 6060
12058 6113
12059 6035
12060 5958
12061 5971
12062 6069
12063 5978
12064 5971
12065 6099
12066 5955
12067 6059
12068 6061
12069 6027
12070 6036
12071 6127
12072 6036
12073 6056
12074 5981
12075 6152
12076 6022
12077 6073
12078 5927
12079 6094
12080 5957
12081 6120
12082 5907
12083 6123
12084 6139
12085 6011
12086 6128
12087 6088
12088 5977
12089 6020
12090 5977
12091 6146
12092 5995
12093 6134
12094 5987
12095 6040
12096 6029
12097 6053
12098 6048
12099 6087
12100 6069
12101 6012
12102 6069
12103 6011
12104 6026
12105 6077
12106 6136
12107 5941
12108 6147
12109 6014
12110 6062
12111 6115
12112 6026
12113 6029
12114 6084
12115 6031
12116 6075
12117 6045
12118 6045
12119 6052
12120 6129
12121 6077
12122 6098
12123 6036
12124 6039
12125 6042
12126 6036
12127 5999
12128 5950
12129 5987
12130 6008
12131 6052
12132 6145
12133 6057
12134 6023
12135 6070
12136 6091
12137 6099
12138 6041
12139 6066
12140 6145
12141 6140
12142 6111
12143 6137
12144 6064
12145 6073
12146 6133
12147 5963
12148 6098
12149 6068
12150 6181
12151 5957
12152 6073
12153 5999
12154 6063
12155 6101
12156 6052
12157 6093
12158 6004
12159 6033
12160 6118
12161 6097
12162 6058
12163 6026
12164 6055
12165 6040
12166 6063
12167 6028
12168 5999
12169 6137
12170 6075
12171 6138
12172 6071
12173 6115
12174 6112
12175 6163
12176 6025
12177 6095
12178 6104
12179 6097
12180 6191
12181 6087
12182 6149
12183 6108
12184 6096
12185 6136
12186 6017
12187 6136
12188 5987
12189 6167
12190 6119
12191 6173
12192 6098
12193 6118
12194 6009
12195 6080
12196 6057
12197 6013
12198 6192
12199 6173
12200 6086
12201 6068
12202 6031
12203 6100
12204 6188
12205 6136
12206 6086
12207 6042
12208 6091
12209 6090
12210 6056
12211 6194
12212 6114
12213 6145
12214 6239
12215 6121
12216 6022
12217 6039
12218 6087
12219 6177
12220 6228
12221 6071
12222 6082
12223 6174
12224 5980
12225 6177
12226 6112
12227 6135
12228 6073
12229 6096
12230 6072
12231 6239
12232 6226
12233 6153
12234 6178
12235 6184
12236 6071
12237 6062
12238 6136
12239 6060
12240 6205
12241 6159
12242 6108
12243 6147
12244 6053
12245 6136
12246 6127
12247 6161
12248 6120
12249 6140
12250 6032
12251 6116
12252 6066
12253 6060
12254 6142
12255 6149
12256 6157
12257 6041
12258 6057
12259 6098
12260 6144
12261 6067
12262 6192
12263 6146
12264 6154
12265 6067
12266 6090
12267 6103
12268 6186
12269 6062
12270 6068
12271 6187
12272 6116
12273 6146
12274 6079
12275 6110
12276 6235
12277 6148
12278 6155
12279 6120
12280 6116
12281 6116
12282 6150
12283 6153
12284 6077
12285 6131
12286 6043
12287 6174
12288 6147
12289 6078
12290 6149
12291 6154
12292 6135
12293 6129
12294 6162
12295 6168
12296 6196
12297 6092
12298 6196
12299 6085
12300 6173
12301 6164
12302 6085
12303 6087
12304 6209
12305 6102
12306 6073
12307 6122
12308 6200
12309 6223
12310 6145
12311 6148
12312 6175
12313 6205
12314 6129
12315 6204
12316 6193
12317 6212
12318 6152
12319 6167
12320 6207
12321 6102
12322 6121
12323 6370
12324 6103
12325 6236
12326 6207
12327 6109
12328 6184
12329 6201
12330 6161
12331 6143
12332 6126
12333 6170
12334 6211
12335 6188
12336 6139
12337 6200
12338 6107
12339 6190
12340 6141
12341 6158
12342 6231
12343 6218
12344 6173
12345 6066
12346 6183
12347 6219
12348 6110
12349 6126
12350 6192
12351 6178
12352 6283
12353 6078
12354 6141
12355 6149
12356 6230
12357 6034
12358 6141
12359 6161
12360 6159
12361 6145
12362 6217
12363 6212
12364 6160
12365 6200
12366 6144
12367 6236
12368 6151
12369 6333
12370 6210
12371 6195
12372 6128
12373 6129
12374 6106
12375 6189
12376 6140
12377 6127
12378 6150
12379 6123
12380 6150
12381 6260
12382 6113
12383 6126
12384 6173
12385 6162
12386 6198
12387 6207
12388 6085
12389 6182
12390 6274
12391 6264
12392 6182
12393 6202
12394 6139
12395 6184
12396 6141
12397 6165
12398 6206
12399 6154
12400 6153
12401 6226
12402 6131
12403 6244
12404 6247
12405 6117
12406 6076
12407 6234
12408 6211
12409 6257
12410 6203
12411 6166
12412 6187
12413 6222
12414 6194
12415 6103
12416 6268
12417 6212
12418 6179
12419 6228
12420 6194
12421 6200
12422 6278
12423 6244
12424 6202
12425 6255
12426 6193
12427 6199
12428 6212
12429 6173
12430 6168
12431 6222
12432 6164
12433 6164
12434 6163
12435 6129
12436 6142
12437 6209
12438 6173
12439 6122
12440 6181
12441 6182
12442 6260
12443 6208
12444 6148
12445 6254
12446 6284
12447 6152
12448 6254
12449 6214
12450 6185
12451 6312
12452 6245
12453 6177
12454 6086
12455 6232
12456 6194
12457 6302
12458 6342
12459 6284
12460 6127
12461 6221
12462 6195
12463 6278
12464 6227
12465 6190
12466 6225
12467 6223
12468 6171
12469 6347
12470 6254
12471 6242
12472 6251
12473 6176
12474 6299
12475 6299
12476 6304
12477 6272
12478 6199
12479 6208
12480 6214
12481 6226
12482 6173
12483 6321
12484 6248
12485 6268
12486 6264
12487 6297
12488 6231
12489 6220
12490 6293
12491 6391
12492 6305
12493 6231
12494 6215
12495 6272
12496 6250
12497 6234
12498 6274
12499 6261
12500 6239
12501 6289
12502 6228
12503 6159
12504 6293
12505 6138
12506 6219
12507 6272
12508 6201
12509 6207
12510 6333
12511 6332
12512 6329
12513 6201
12514 6243
12515 6197
12516 6183
12517 6297
12518 6311
12519 6227
12520 6314
12521 6248
12522 6258
12523 6268
12524 6264
12525 6303
12526 6132
12527 6171
12528 6143
12529 6289
12530 6213
12531 6181
12532 6299
12533 6278
12534 6310
12535 6233
12536 6235
12537 6218
12538 6323
12539 6364
12540 6174
12541 6273
12542 6239
12543 6200
12544 6295
12545 6341
12546 6212
12547 6217
12548 6158
12549 6179
12550 6186
12551 6303
12552 6332
12553 6241
12554 6256
12555 6312
12556 6318
12557 6382
12558 6323
12559 6340
12560 6247
12561 6281
12562 6182
12563 6267
12564 6270
12565 6331
12566 6186
12567 6219
12568 6320
12569 6306
12570 6247
12571 6320
12572 6355
12573 6266
12574 6223
12575 6340
12576 6184
12577 6239
12578 6283
12579 6292
12580 6252
12581 6164
12582 6318
12583 6229
12584 6268
12585 6184
12586 6227
12587 6319
12588 6264
12589 6276
12590 6342
12591 6292
12592 6184
12593 6263
12594 6296
12595 6202
12596 6292
12597 6305
12598 6318
12599 6217
12600 6231
12601 6317
12602 6262
12603 6319
12604 6261
12605 6312
12606 6410
12607 6302
12608 6286
12609 6294
12610 6354
12611 6420
12612 6343
12613 6316
12614 6273
12615 6222
12616 6295
12617 6339
12618 6334
12619 6267
12620 6178
12621 6316
12622 6347
12623 6254
12624 6283
12625 6391
12626 6205
12627 6381
12628 6338
12629 6316
12630 6385
12631 6366
12632 6364
12633 6350
12634 6337
12635 6296
12636 6328
12637 6200
12638 6210
12639 6399
12640 6335
12641 6282
12642 6198
12643 6324
12644 6321
12645 6182
12646 6383
12647 6288
12648 6374
12649 6342
12650 6320
12651 6394
12652 6252
12653 6398
12654 6410
12655 6358
12656 6259
12657 6363
12658 6235
12659 6335
12660 6295
12661 6309
12662 6269
12663 6376
12664 6200
12665 6315
12666 6346
12667 6272
12668 6366
12669 6285
12670 6386
12671 6345
12672 6295
12673 6436
12674 6216
12675 6377
12676 6424
12677 6223
12678 6437
12679 6368
12680 6326
12681 6304
12682 6351
12683 6281
12684 6258
12685 6325
12686 6444
12687 6448
12688 6392
12689 6404
12690 6338
12691 6222
12692 6330
12693 6355
12694 6355
12695 6315
12696 6383
12697 6347
12698 6364
12699 6310
12700 6313
12701 6378
12702 6344
12703 6377
12704 6213
12705 6416
12706 6510
12707 6232
12708 6354
12709 6362
12710 6329
12711 6260
12712 6403
12713 6387
12714 6367
12715 6398
12716 6397
12717 6437
12718 6422
12719 6342
12720 6336
12721 6419
12722 6327
12723 6350
12724 6253
12725 6417
12726 6269
12727 6299
12728 6344
12729 6321
12730 6400
12731 6427
12732 6335
12733 6391
12734 6295
12735 6287
12736 6442
12737 6341
12738 6419
12739 6349
12740 6350
12741 6373
12742 6387
12743 6414
12744 6374
12745 6385
12746 6335
12747 6331
12748 6385
12749 6409
12750 6371
12751 6418
12752 6425
12753 6301
12754 6338
12755 6399
12756 6287
12757 6396
12758 6364
12759 6457
12760 6361
12761 6313
12762 6398
12763 6286
12764 6331
12765 6286
12766 6316
12767 6402
12768 6285
12769 6300
12770 6372
12771 6417
12772 6329
12773 6324
12774 6270
12775 6392
12776 6307
12777 6389
12778 6375
12779 6503
12780 6380
12781 6362
12782 6340
12783 6296
12784 6315
12785 6356
12786 6384
12787 6426
12788 6445
12789 6363
12790 6370
12791 6401
12792 6397
12793 6440
12794 6331
12795 6360
12796 6389
12797 6335
12798 6445
12799 6464
12800 6340
12801 6445
12802 6377
12803 6458
12804 6414
12805 6425
12806 6509
12807 6372
12808 6446
12809 6409
12810 6421
12811 6298
12812 6395
12813 6401
12814 6360
12815 6426
12816 6432
12817 6369
12818 6429
12819 6364
12820 6461
12821 6458
12822 6443
12823 6425
12824 6337
12825 6498
12826 6473
12827 6431
12828 6265
12829 6375
12830 6380
12831 6401
12832 6450
12833 6320
12834 6444
12835 6368
12836 6444
12837 6388
12838 6436
12839 6389
12840 6411
12841 6380
12842 6372
12843 6490
12844 6460
12845 6457
12846 6482
12847 6477
12848 6422
12849 6483
12850 6478
12851 6464
12852 6420
12853 6402
12854 6522
12855 6386
12856 6271
12857 6459
12858 6452
12859 6433
12860 6364
12861 6534
12862 6479
12863 6408
12864 6369
12865 6466
12866 6451
12867 6418
12868 6397
12869 6506
12870 6445
12871 6424
12872 6395
12873 6348
12874 6340
12875 6352
12876 6551
12877 6485
12878 6413
12879 6485
12880 6528
12881 6406
12882 6386
12883 6432
12884 6437
12885 6439
12886 6493
12887 6345
12888 6481
12889 6414
12890 6435
12891 6506
12892 6457
12893 6461
12894 6348
12895 6503
12896 6406
12897 6425
12898 6511
12899 6445
12900 6427
12901 6460
12902 6467
12903 6491
12904 6412
12905 6511
12906 6426
12907 6401
12908 6369
12909 6431
12910 6488
12911 6361
12912 6436
12913 6476
12914 6446
12915 6374
12916 6393
12917 6388
12918 6433
12919 6419
12920 6484
12921 6403
12922 6476
12923 6545
12924 6493
12925 6420
12926 6497
12927 6428
12928 6553
12929 6379
12930 6439
12931 6449
12932 6359
12933 6520
12934 6479
12935 6425
12936 6518
12937 6376
12938 6449
12939 6420
12940 6371
12941 6427
12942 6396
12943 6449
12944 6553
12945 6488
12946 6463
12947 6430
12948 6484
12949 6450
12950 6451
12951 6478
12952 6447
12953 6495
12954 6478
12955 6457
12956 6427
12957 6417
12958 6413
12959 6376
12960 6472
12961 6417
12962 6447
12963 6418
12964 6522
12965 6493
12966 6378
12967 6407
12968 6529
12969 6395
12970 6446
12971 6517
12972 6501
12973 6505
12974 6530
12975 6488
12976 6492
12977 6584
12978 6500
12979 6459
12980 6357
12981 6434
12982 6537
12983 6479
12984 6491
12985 6570
12986 6449
12987 6490
12988 6524
12989 6506
12990 6554
12991 6470
12992 6514
12993 6512
12994 6478
12995 6460
12996 6506
12997 6475
12998 6480
12999 6473
13000 6549
13001 6507
13002 6521
13003 6518
13004 6534
13005 6517
13006 6566
13007 6473
13008 6543
13009 6507
13010 6464
13011 6558
13012 6443
13013 6402
13014 6543
13015 6481
13016 6571
13017 6558
13018 6507
13019 6541
13020 6537
13021 6309
13022 6549
13023 6520
13024 6436
13025 6626
13026 6487
13027 6591
13028 6567
13029 6431
13030 6573
13031 6413
13032 6626
13033 6469
13034 6614
13035 6445
13036 6501
13037 6353
13038 6538
13039 6544
13040 6510
13041 6597
13042 6496
13043 6469
13044 6571
13045 6580
13046 6625
13047 6535
13048 6438
13049 6492
13050 6493
13051 6630
13052 6539
13053 6519
13054 6504
13055 6573
13056 6444
13057 6512
13058 6545
13059 6549
13060 6460
13061 6571
13062 6534
13063 6533
13064 6389
13065 6578
13066 6529
13067 6544
13068 6518
13069 6520
13070 6397
13071 6537
13072 6481
13073 6507
13074 6571
13075 6583
13076 6563
13077 6496
13078 6532
13079 6441
13080 6417
13081 6496
13082 6488
13083 6438
13084 6610
13085 6603
13086 6478
13087 6528
13088 6631
13089 6470
13090 6563
13091 6463
13092 6554
13093 6539
13094 6575
13095 6455
13096 6623
13097 6541
13098 6583
13099 6541
13100 6538
13101 6512
13102 6664
13103 6439
13104 6434
13105 6555
13106 6542
13107 6457
13108 6515
13109 6475
13110 6536
13111 6535
13112 6536
13113 6531
13114 6489
13115 6483
13116 6562
13117 6479
13118 6508
13119 6462
13120 6522
13121 6521
13122 6542
13123 6501
13124 6493
13125 6542
13126 6632
13127 6545
13128 6577
13129 6518
13130 6642
13131 6598
13132 6615
13133 6750
13134 6583
13135 6573
13136 6611
13137 6612
13138 6609
13139 6532
13140 6638
13141 6568
13142 6544
13143 6582
13144 6666
13145 6555
13146 6528
13147 6563
13148 6571
13149 6582
13150 6528
13151 6587
13152 6529
13153 6583
13154 6619
13155 6619
13156 6665
13157 6608
13158 6686
13159 6599
13160 6484
13161 6679
13162 6676
13163 6574
13164 6574
13165 6612
13166 6643
13167 6642
13168 6539
13169 6545
13170 6585
13171 6560
13172 6539
13173 6574
13174 6536
13175 6610
13176 6610
13177 6526
13178 6513
13179 6570
13180 6553
13181 6572
13182 6506
13183 6604
13184 6563
13185 6563
13186 6485
13187 6590
13188 6545
13189 6561
13190 6557
13191 6541
13192 6455
13193 6572
13194 6568
13195 6661
13196 6563
13197 6520
13198 6635
13199 6600
13200 6617
13201 6675
13202 6537
13203 6681
13204 6514
13205 6517
13206 6670
13207 6592
13208 6530
13209 6571
13210 6706
13211 6590
13212 6621
13213 6610
13214 6609
13215 6625
13216 6748
13217 6602
13218 6739
13219 6653
13220 6609
13221 6661
13222 6568
13223 6708
13224 6700
13225 6529
13226 6681
13227 6543
13228 6528
13229 6646
13230 6618
13231 6528
13232 6781
13233 6669
13234 6610
13235 6634
13236 6489
13237 6671
13238 6625
13239 6605
13240 6537
13241 6666
13242 6693
13243 6621
13244 6568
13245 6637
13246 6584
13247 6610
13248 6599
13249 6485
13250 6634
13251 6630
13252 6649
13253 6621
13254 6633
13255 6679
13256 6597
13257 6583
13258 6610
13259 6597
13260 6654
13261 6609
13262 6735
13263 6596
13264 6607
13265 6648
13266 6717
13267 6593
13268 6709
13269 6530
13270 6594
13271 6621
13272 6624
13273 6680
13274 6497
13275 6567
13276 6543
13277 6666
13278 6595
13279 6567
13280 6598
13281 6698
13282 6621
13283 6641
13284 6585
13285 6759
13286 6665
13287 6695
13288 6539
13289 6550
13290 6655
13291 6527
13292 6672
13293 6632
13294 6665
13295 6658
13296 6605
13297 6653
13298 6627
13299 6637
13300 6616
13301 6526
13302 6583
13303 6679
13304 6543
13305 6618
13306 6675
13307 6616
13308 6608
13309 6627
13310 6614
13311 6763
13312 6626
13313 6819
13314 6723
13315 6645
13316 6741
13317 6671
13318 6693
13319 6633
13320 6603
13321 6667
13322 6638
13323 6723
13324 6628
13325 6724
13326 6652
13327 6712
13328 6695
13329 6602
13330 6696
13331 6733
13332 6639
13333 6520
13334 6711
13335 6611
13336 6591
13337 6720
13338 6767
13339 6704
13340 6602
13341 6633
13342 6560
13343 6775
13344 6616
13345 6661
13346 6578
13347 6680
13348 6724
13349 6797
13350 6640
13351 6615
13352 6655
13353 6586
13354 6749
13355 6598
13356 6600
13357 6711
13358 6592
13359 6621
13360 6729
13361 6716
13362 6706
13363 6724
13364 6721
13365 6712
13366 6665
13367 6595
13368 6730
13369 6722
13370 6631
13371 6685
13372 6651
13373 6637
13374 6579
13375 6596
13376 6714
13377 6737
13378 6728
13379 6778
13380 6661
13381 6736
13382 6746
13383 6611
13384 6725
13385 6722
13386 6674
13387 6737
13388 6700
13389 6780
13390 6735
13391 6653
13392 6878
13393 6702
13394 6690
13395 6615
13396 6769
13397 6677
13398 6679
13399 6616
13400 6689
13401 6661
13402 6649
13403 6643
13404 6809
13405 6770
13406 6630
13407 6655
13408 6620
13409 6731
13410 6733
13411 6694
13412 6844
13413 6763
13414 6754
13415 6744
13416 6760
13417 6793
13418 6700
13419 6661
13420 6726
13421 6703
13422 6733
13423 6690
13424 6661
13425 6593
13426 6602
13427 6730
13428 6690
13429 6600
13430 6726
13431 6727
13432 6651
13433 6654
13434 6741
13435 6731
13436 6761
13437 6729
13438 6771
13439 6735
13440 6687
13441 6750
13442 6729
13443 6748
13444 6730
13445 6781
13446 6738
13447 6672
13448 6755
13449 6595
13450 6677
13451 6769
13452 6677
13453 6657
13454 6732
13455 6678
13456 6804
13457 6645
13458 6811
13459 6689
13460 6660
13461 6771
13462 6745
13463 6831
13464 6694
13465 6746
13466 6653
13467 6669
13468 6770
13469 6834
13470 6662
13471 6635
13472 6788
13473 6674
13474 6757
13475 6803
13476 6752
13477 6791
13478 6754
13479 6714
13480 6618
13481 6774
13482 6684
13483 6715
13484 6746
13485 6709
13486 6818
13487 6642
13488 6648
13489 6716
13490 6766
13491 6814
13492 6731
13493 6744
13494 6694
13495 6901
13496 6685
13497 6684
13498 6668
13499 6689
13500 6777
13501 6743
13502 6804
13503 6732
13504 6820
13505 6801
13506 6806
13507 6696
13508 6786
13509 6821
13510 6721
13511 6755
13512 6769
13513 6785
13514 6673
13515 6777
13516 6702
13517 6791
13518 6727
13519 6768
13520 6783
13521 6812
13522 6676
13523 6703
13524 6754
13525 6691
13526 6645
13527 6611
13528 6666
13529 6788
13530 6692
13531 6790
13532 6820
13533 6652
13534 6849
13535 6796
13536 6693
13537 6725
13538 6819
13539 6799
13540 6756
13541 6705
13542 6674
13543 6876
13544 6743
13545 6691
13546 6921
13547 6771
13548 6759
13549 6781
13550 6695
13551 6785
13552 6752
13553 6728
13554 6661
13555 6806
13556 6798
13557 6770
13558 6795
13559 6723
13560 6820
13561 6794
13562 6696
13563 6683
13564 6712
13565 6828
13566 6873
13567 6759
13568 6855
13569 6739
13570 6669
13571 6744
13572 6756
13573 6852
13574 6775
13575 6719
13576 6768
13577 6851
13578 6729
13579 6819
13580 6800
13581 6700
13582 6735
13583 6769
13584 6712
13585 6798
13586 6785
13587 6924
13588 6884
13589 6798
13590 6677
13591 6789
13592 6859
13593 6766
13594 6735
13595 6734
13596 6877
13597 6909
13598 6824
13599 6744
13600 6751
13601 6837
13602 6823
13603 6873
13604 6734
13605 6704
13606 6737
13607 6796
13608 6760
13609 6880
13610 6801
13611 6721
13612 6899
13613 6717
13614 6721
13615 6884
13616 6753
13617 6862
13618 6693
13619 6756
13620 6777
13621 6825
13622 6870
13623 6783
13624 6813
13625 6667
13626 6711
13627 6740
13628 6770
13629 6806
13630 6837
13631 6778
13632 6798
13633 6818
13634 6789
13635 6804
13636 6773
13637 6901
13638 6910
13639 6840
13640 6760
13641 6756
13642 6908
13643 6888
13644 6729
13645 6875
13646 6795
13647 6858
13648 6786
13649 6873
13650 6768
13651 6868
13652 6774
13653 6758
13654 6652
13655 6876
13656 6834
13657 6808
13658 6848
13659 6816
13660 6846
13661 6816
13662 6838
13663 6814
13664 6746
13665 6903
13666 6852
13667 6897
13668 6725
13669 6878
13670 6854
13671 6883
13672 6767
13673 6864
13674 6936
13675 6842
13676 6877
13677 6810
13678 6883
13679 6769
13680 6693
13681 6782
13682 6761
13683 6844
13684 6870
13685 6723
13686 6853
13687 6973
13688 6793
13689 6906
13690 6850
13691 6734
13692 6931
13693 6792
13694 6972
13695 6822
13696 6822
13697 6847
13698 6915
13699 6849
13700 6757
13701 6728
13702 6854
13703 6805
13704 6953
13705 6868
13706 6933
13707 6815
13708 6888
13709 6870
13710 6818
13711 6853
13712 6908
13713 6902
13714 6794
13715 6871
13716 6951
13717 6823
13718 6838
13719 6821
13720 6854
13721 6874
13722 6860
13723 7014
13724 6913
13725 6749
13726 6957
13727 6889
13728 6811
13729 6931
13730 6850
13731 6768
13732 6846
13733 6822
13734 6876
13735 6845
13736 6959
13737 6951
13738 6800
13739 6995
13740 6861
13741 6761
13742 6858
13743 6962
13744 6892
13745 6902
13746 6805
13747 6814
13748 6883
13749 6830
13750 6769
13751 6899
13752 6950
13753 6818
13754 6915
13755 6811
13756 6948
13757 6909
13758 6988
13759 6770
13760 6987
13761 6874
13762 6868
13763 6859
13764 6856
13765 6889
13766 6944
13767 6837
13768 6855
13769 6881
13770 6840
13771 6888
13772 6821
13773 6860
13774 6928
13775 6863
13776 6824
13777 6853
13778 6875
13779 6962
13780 6922
13781 6831
13782 6886
13783 6883
13784 6854
13785 6895
13786 6960
13787 6908
13788 6813
13789 6898
13790 6791
13791 6912
13792 6884
13793 6903
13794 6847
13795 6947
13796 6941
13797 6952
13798 6875
13799 6879
13800 6917
13801 6829
13802 6863
13803 6928
13804 6786
13805 6960
13806 6894
13807 6857
13808 6972
13809 6851
13810 6942
13811 6884
13812 6848
13813 6896
13814 6772
13815 6842
13816 6893
13817 7024
13818 6914
13819 6812
13820 6908
13821 6945
13822 6895
13823 6968
13824 6896
13825 6890
13826 6904
13827 6948
13828 6913
13829 6876
13830 6959
13831 6909
13832 6920
13833 6840
13834 6861
13835 6883
13836 6930
13837 6874
13838 6892
13839 6858
13840 6883
13841 6953
13842 6826
13843 6924
13844 6907
13845 6909
13846 6981
13847 6853
13848 6883
13849 6990
13850 6900
13851 7011
13852 6968
13853 6996
13854 6992
13855 6925
13856 6864
13857 6984
13858 6854
13859 6910
13860 6891
13861 6925
13862 6857
13863 6920
13864 6928
13865 7019
13866 6863
13867 6823
13868 6917
13869 6828
13870 6844
13871 6953
13872 6832
13873 6913
13874 6925
13875 6933
13876 6845
13877 6936
13878 6976
13879 6939
13880 6900
13881 6961
13882 7006
13883 6906
13884 6979
13885 6966
13886 6784
13887 6871
13888 6983
13889 6972
13890 6876
13891 6971
13892 6880
13893 6980
13894 6970
13895 6940
13896 6912
13897 6960
13898 6914
13899 6953
13900 6832
13901 6919
13902 6867
13903 7045
13904 6914
13905 6914
13906 6829
13907 6940
13908 6959
13909 6939
13910 7023
13911 6964
13912 6980
13913 6928
13914 6891
13915 6936
13916 7098
13917 7102
13918 6903
13919 7036
13920 7053
13921 6992
13922 6982
13923 7048
13924 7007
13925 6956
13926 6985
13927 7007
13928 6946
13929 6922
13930 6936
13931 6988
13932 6956
13933 7066
13934 7002
13935 6897
13936 6887
13937 7035
13938 7017
13939 7051
13940 6920
13941 6892
13942 6884
13943 6994
13944 7020
13945 6933
13946 7019
13947 6915
13948 7007
13949 7007
13950 6946
13951 7074
13952 6932
13953 6915
13954 7003
13955 6942
13956 6893
13957 7044
13958 6908
13959 6964
13960 6985
13961 6880
13962 7010
13963 6989
13964 7016
13965 6909
13966 6998
13967 6967
13968 6971
13969 7011
13970 6968
13971 7097
13972 6980
13973 6974
13974 6953
13975 6952
13976 6974
13977 6956
13978 7034
13979 7064
13980 6937
13981 7021
13982 6966
13983 7021
13984 6930
13985 7045
13986 7022
13987 6990
13988 6899
13989 6947
13990 7026
13991 6971
13992 7079
13993 6987
13994 6995
13995 7021
13996 7040
13997 7013
13998 7063
13999 7086
14000 6947
14001 6937
14002 7010
14003 7006
14004 6999
14005 6913
14006 7006
14007 7026
14008 6958
14009 6997
14010 6999
14011 7165
14012 6945
14013 6976
14014 6963
14015 7109
14016 6940
14017 6972
14018 7083
14019 7024
14020 6980
14021 6937
14022 6978
14023 7088
14024 7031
14025 6989
14026 7015
14027 7041
14028 7042
14029 7081
14030 6972
14031 6908
14032 7022
14033 7023
14034 7099
14035 6936
14036 6994
14037 7009
14038 7070
14039 7024
14040 7088
14041 7030
14042 7096
14043 6956
14044 6891
14045 7085
14046 7084
14047 7018
14048 7098
14049 6937
14050 7022
14051 6958
14052 7016
14053 7058
14054 7026
14055 7037
14056 6939
14057 6970
14058 7167
14059 7122
14060 7079
14061 7117
14062 7084
14063 7137
14064 7077
14065 6910
14066 7126
14067 6998
14068 7116
14069 7031
14070 7108
14071 7069
14072 7092
14073 6988
14074 7039
14075 7017
14076 7115
14077 7074
14078 7012
14079 7017
14080 6969
14081 7185
14082 7000
14083 7133
14084 7028
14085 7101
14086 7047
14087 6973
14088 7023
14089 7082
14090 7010
14091 7139
14092 7129
14093 7050
14094 7099
14095 7127
14096 6953
14097 7024
14098 6967
14099 6996
14100 7055
14101 7019
14102 7029
14103 6976
14104 7127
14105 7036
14106 6948
14107 7015
14108 7021
14109 7148
14110 7129
14111 7069
14112 7015
14113 7049
14114 7044
14115 7007
14116 7075
14117 7060
14118 7101
14119 7049
14120 7136
14121 7064
14122 7001
14123 7084
14124 6953
14125 7091
14126 6926
14127 6987
14128 7087
14129 7041
14130 6987
14131 7072
14132 7056
14133 7078
14134 7069
14135 7026
14136 7131
14137 7002
14138 7077
14139 7113
14140 7070
14141 7130
14142 6982
14143 6932
14144 6954
14145 7047
14146 7074
14147 7186
14148 7001
14149 7015
14150 6969
14151 7114
14152 6913
14153 7129
14154 7022
14155 7121
14156 6988
14157 7126
14158 6928
14159 7130
14160 7085
14161 7097
14162 7110
14163 7124
14164 7128
14165 7069
14166 7126
14167 7015
14168 7011
14169 7109
14170 7191
14171 7053
14172 6936
14173 7085
14174 7090
14175 7105
14176 7044
14177 7075
14178 7089
14179 7050
14180 6952
14181 6947
14182 7092
14183 7138
14184 7133
14185 7115
14186 7054
14187 7135
14188 7040
14189 7053
14190 6980
14191 7135
14192 7152
14193 7108
14194 7107
14195 7080
14196 7109
14197 7154
14198 7093
14199 7105
14200 6971
14201 7044
14202 7190
14203 7073
14204 7068
14205 7125
14206 7126
14207 7030
14208 7022
14209 7140
14210 7112
14211 7083
14212 7154
14213 7115
14214 7196
14215 7151
14216 7042
14217 7263
14218 7125
14219 7039
14220 7225
14221 7175
14222 7106
14223 7116
14224 6952
14225 7121
14226 7096
14227 7138
14228 6947
14229 7143
14230 7156
14231 7109
14232 7109
14233 7204
14234 7174
14235 7032
14236 7093
14237 7123
14238 7171
14239 7069
14240 7066
14241 7139
14242 7080
14243 7155
14244 7222
14245 7031
14246 7087
14247 7116
14248 7016
14249 7126
14250 7202
14251 7125
14252 7115
14253 7157
14254 7113
14255 7051
14256 7173
14257 7157
14258 7040
14259 7168
14260 7088
14261 7235
14262 7143
14263 7081
14264 7113
14265 7105
14266 7168
14267 7094
14268 7114
14269 7098
14270 7157
14271 7114
14272 7146
14273 7049
14274 7182
14275 7108
14276 7150
14277 7097
14278 7055
14279 7099
14280 7076
14281 7067
14282 7057
14283 7203
14284 7149
14285 7108
14286 7161
14287 7098
14288 7124
14289 7224
14290 7232
14291 7195
14292 7125
14293 7277
14294 7269
14295 7110
14296 7054
14297 7064
14298 7229
14299 7216
14300 7186
14301 7164
14302 7212
14303 7120
14304 7081
14305 7168
14306 7186
14307 7096
14308 7153
14309 7161
14310 7153
14311 7120
14312 7190
14313 7178
14314 7102
14315 7173
14316 7126
14317 7127
14318 7097
14319 7195
14320 7113
14321 7223
14322 7195
14323 7194
14324 7224
14325 7171
14326 7143
14327 7054
14328 7193
14329 7133
14330 7085
14331 7104
14332 7029
14333 7092
14334 7073
14335 7184
14336 7133
14337 7144
14338 7171
14339 7168
14340 7191
14341 7107
14342 7187
14343 7054
14344 7120
14345 7182
14346 7163
14347 7178
14348 7167
14349 7166
14350 7162
14351 7194
14352 7210
14353 7208
14354 7148
14355 7177
14356 7255
14357 7188
14358 7176
14359 7141
14360 7141
14361 7270
14362 7177
14363 7153
14364 7123
14365 7088
14366 7288
14367 7176
14368 7252
14369 7086
14370 7208
14371 7209
14372 7027
14373 7091
14374 7234
14375 7137
14376 7155
14377 7050
14378 7255
14379 7357
14380 7232
14381 7105
14382 7108
14383 7164
14384 7172
14385 7124
14386 7139
14387 7222
14388 7126
14389 7101
14390 7168
14391 7262
14392 7118
14393 7248
14394 7146
14395 7216
14396 7175
14397 7165
14398 7195
14399 7133
14400 7138
14401 7229
14402 7069
14403 7164
14404 7130
14405 7159
14406 7140
14407 7253
14408 7239
14409 7231
14410 7288
14411 7151
14412 7101
14413 7184
14414 7251
14415 7234
14416 7228
14417 7084
14418 7233
14419 7125
14420 7196
14421 7269
14422 7209
14423 7161
14424 7272
14425 7314
14426 7278
14427 7193
14428 7262
14429 7283
14430 7176
14431 7241
14432 7308
14433 7291
14434 7206
14435 7258
14436 7213
14437 7250
14438 7164
14439 7146
14440 7182
14441 7300
14442 7238
14443 7284
14444 7206
14445 7226
14446 7165
14447 7202
14448 7160
14449 7202
14450 7142
14451 7159
14452 7242
14453 7330
14454 7107
14455 7167
14456 7349
14457 7207
14458 7275
14459 7135
14460 7133
14461 7254
14462 7229
14463 7257
14464 7194
14465 7217
14466 7248
14467 7343
14468 7210
14469 7175
14470 7280
14471 7255
14472 7281
14473 7175
14474 7387
14475 7252
14476 7232
14477 7237
14478 7207
14479 7371
14480 7230
14481 7196
14482 7274
14483 7181
14484 7215
14485 7128
14486 7218
14487 7315
14488 7178
14489 7317
14490 7240
14491 7246
14492 7318
14493 7320
14494 7196
14495 7270
14496 7227
14497 7111
14498 7306
14499 7195
14500 7184
14501 7292
14502 7276
14503 7325
14504 7234
14505 7269
14506 7285
14507 7309
14508 7165
14509 7220
14510 7308
14511 7240
14512 7243
14513 7176
14514 7177
14515 7240
14516 7235
14517 7220
14518 7198
14519 7158
14520 7241
14521 7181
14522 7270
14523 7220
14524 7339
14525 7217
14526 7315
14527 7333
14528 7230
14529 7299
14530 7205
14531 7346
14532 7261
14533 7309
14534 7174
14535 7268
14536 7218
14537 7325
14538 7309
14539 7218
14540 7224
14541 7244
14542 7301
14543 7212
14544 7298
14545 7199
14546 7257
14547 7203
14548 7111
14549 7284
14550 7369
14551 7250
14552 7366
14553 7301
14554 7274
14555 7313
14556 7197
14557 7250
14558 7195
14559 7313
14560 7252
14561 7181
14562 7348
14563 7371
14564 7250
14565 7329
14566 7267
14567 7232
14568 7164
14569 7279
14570 7236
14571 7235
14572 7181
14573 7328
14574 7326
14575 7339
14576 7402
14577 7282
14578 7209
14579 7193
14580 7332
14581 7202
14582 7245
14583 7210
14584 7267
14585 7248
14586 7341
14587 7186
14588 7384
14589 7350
14590 7307
14591 7265
14592 7262
14593 7290
14594 7273
14595 7272
14596 7283
14597 7282
14598 7313
14599 7339
14600 7170
14601 7359
14602 7341
14603 7278
14604 7242
14605 7333
14606 7255
14607 7278
14608 7319
14609 7329
14610 7235
14611 7297
14612 7319
14613 7326
14614 7347
14615 7287
14616 7362
14617 7265
14618 7322
14619 7367
14620 7159
14621 7253
14622 7341
14623 7309
14624 7305
14625 7246
14626 7335
14627 7304
14628 7197
14629 7204
14630 7381
14631 7236
14632 7432
14633 7273
14634 7348
14635 7276
14636 7335
14637 7308
14638 7337
14639 7319
14640 7220
14641 7336
14642 7307
14643 7275
14644 7286
14645 7295
14646 7340
14647 7287
14648 7281
14649 7299
14650 7269
14651 7358
14652 7444
14653 7137
14654 7352
14655 7396
14656 7291
14657 7185
14658 7368
14659 7345
14660 7306
14661 7321
14662 7432
14663 7393
14664 7303
14665 7255
14666 7314
14667 7459
14668 7250
14669 7237
14670 7252
14671 7342
14672 7223
14673 7228
14674 7373
14675 7304
14676 7391
14677 7215
14678 7467
14679 7344
14680 7374
14681 7337
14682 7375
14683 7262
14684 7330
14685 7413
14686 7417
14687 7372
14688 7347
14689 7294
14690 7344
14691 7353
14692 7365
14693 7229
14694 7357
14695 7316
14696 7307
14697 7308
14698 7246
14699 7295
14700 7401
14701 7293
14702 7310
14703 7286
14704 7425
14705 7247
14706 7353
14707 7244
14708 7330
14709 7460
14710 7340
14711 7326
14712 7279
14713 7407
14714 7396
14715 7194
14716 7440
14717 7322
14718 7316
14719 7342
14720 7296
14721 7385
14722 7317
14723 7282
14724 7257
14725 7419
14726 7331
14727 7409
14728 7328
14729 7347
14730 7356
14731 7349
14732 7388
14733 7272
14734 7409
14735 7341
14736 7355
14737 7408
14738 7510
14739 7352
14740 7461
14741 7314
14742 7445
14743 7339
14744 7366
14745 7263
14746 7370
14747 7345
14748 7351
14749 7415
14750 7412
14751 7429
14752 7336
14753 7420
14754 7267
14755 7371
14756 7454
14757 7390
14758 7383
14759 7363
14760 7338
14761 7414
14762 7319
14763 7310
14764 7286
14765 7485
14766 7203
14767 7419
14768 7305
14769 7391
14770 7385
14771 7344
14772 7389
14773 7476
14774 7357
14775 7470
14776 7352
14777 7485
14778 7291
14779 7361
14780 7245
14781 7445
14782 7363
14783 7318
14784 7431
14785 7324
14786 7382
14787 7475
14788 7386
14789 7259
14790 7365
14791 7351
14792 7478
14793 7372
14794 7311
14795 7467
14796 7422
14797 7489
14798 7313
14799 7409
14800 7447
14801 7301
14802 7332
14803 7433
14804 7358
14805 7411
14806 7339
14807 7396
14808 7325
14809 7430
14810 7339
14811 7425
14812 7510
14813 7436
14814 7420
14815 7521
14816 7356
14817 7417
14818 7263
14819 7406
14820 7423
14821 7413
14822 7377
14823 7380
14824 7384
14825 7427
14826 7396
14827 7354
14828 7368
14829 7429
14830 7430
14831 7445
14832 7403
14833 7479
14834 7333
14835 7459
14836 7478
14837 7382
14838 7432
14839 7460
14840 7302
14841 7313
14842 7527
14843 7352
14844 7520
14845 7436
14846 7372
14847 7399
14848 7347
14849 7342
14850 7504
14851 7461
14852 7405
14853 7361
14854 7464
14855 7366
14856 7452
14857 7384
14858 7399
14859 7441
14860 7365
14861 7318
14862 7453
14863 7388
14864 7376
14865 7541
14866 7374
14867 7370
14868 7381
14869 7388
14870 7449
14871 7306
14872 7441
14873 7304
14874 7491
14875 7387
14876 7381
14877 7446
14878 7356
14879 7547
14880 7330
14881 7496
14882 7324
14883 7440
14884 7513
14885 7433
14886 7394
14887 7367
14888 7475
14889 7270
14890 7466
14891 7432
14892 7331
14893 7345
14894 7520
14895 7342
14896 7422
14897 7401
14898 7500
14899 7438
14900 7424
14901 7375
14902 7530
14903 7444
14904 7422
14905 7493
14906 7452
14907 7454
14908 7450
14909 7403
14910 7494
14911 7426
14912 7403
14913 7437
14914 7448
14915 7559
14916 7426
14917 7393
14918 7532
14919 7449
14920 7500
14921 7431
14922 7414
14923 7476
14924 7510
14925 7512
14926 7529
14927 7297
14928 7467
14929 7505
14930 7516
14931 7439
14932 7369
14933 7483
14934 7418
14935 7433
14936 7514
14937 7534
14938 7495
14939 7475
14940 7365
14941 7475
14942 7466
14943 7538
14944 7390
14945 7436
14946 7539
14947 7648
14948 7548
14949 7497
14950 7418
14951 7508
14952 7594
14953 7547
14954 7557
14955 7475
14956 7398
14957 7471
14958 7311
14959 7661
14960 7510
14961 7498
14962 7362
14963 7535
14964 7436
14965 7423
14966 7400
14967 7432
14968 7418
14969 7622
14970 7451
14971 7426
14972 7446
14973 7546
14974 7440
14975 7427
14976 7414
14977 7472
14978 7474
14979 7530
14980 7470
14981 7401
14982 7511
14983 7506
14984 7465
14985 7525
14986 7509
14987 7458
14988 7507
14989 7534
14990 7497
14991 7395
14992 7624
14993 7497
14994 7426
14995 7506
14996 7420
14997 7501
14998 7472
14999 7559
15000 7490
15001 7474
15002 7565
15003 7560
15004 7472
15005 7498
15006 7453
15007 7583
15008 7581
15009 7482
15010 7525
15011 7561
15012 7414
15013 7472
15014 7523
15015 7593
15016 7542
15017 7418
15018 7578
15019 7523
15020 7542
15021 7455
15022 7456
15023 7418
15024 7470
15025 7466
15026 7463
15027 7536
15028 7569
15029 7472
15030 7471
15031 7550
15032 7407
15033 7405
15034 7560
15035 7411
15036 7537
15037 7619
15038 7463
15039 7532
15040 7542
15041 7530
15042 7460
15043 7538
15044 7493
15045 7554
15046 7579
15047 7600
15048 7480
15049 7508
15050 7468
15051 7489
15052 7624
15053 7491
15054 7562
15055 7498
15056 7544
15057 7598
15058 7505
15059 7574
15060 7550
15061 7528
15062 7495
15063 7536
15064 7540
15065 7500
15066 7602
15067 7650
15068 7486
15069 7592
15070 7623
15071 7532
15072 7501
15073 7488
15074 7355
15075 7450
15076 7466
15077 7651
15078 7568
15079 7575
15080 7474
15081 7615
15082 7545
15083 7493
15084 7629
15085 7611
15086 7611
15087 7558
15088 7468
15089 7508
15090 7518
15091 7535
15092 7488
15093 7481
15094 7661
15095 7530
15096 7480
15097 7412
15098 7505
15099 7518
15100 7579
15101 7506
15102 7637
15103 7544
15104 7631
15105 7464
15106 7467
15107 7568
15108 7499
15109 7585
15110 7572
15111 7522
15112 7600
15113 7537
15114 7515
15115 7437
15116 7524
15117 7565
15118 7569
15119 7524
15120 7509
15121 7559
15122 7493
15123 7513
15124 7512
15125 7675
15126 7487
15127 7635
15128 7576
15129 7574
15130 7615
15131 7592
15132 7546
15133 7503
15134 7549
15135 7559
15136 7552
15137 7569
15138 7472
15139 7534
15140 7619
15141 7558
15142 7657
15143 7435
15144 7603
15145 7567
15146 7633
15147 7654
15148 7571
15149 7429
15150 7535
15151 7564
15152 7464
15153 7584
15154 7541
15155 7610
15156 7553
15157 7572
15158 7667
15159 7707
15160 7587
15161 7550
15162 7580
15163 7629
15164 7606
15165 7571
15166 7576
15167 7548
15168 7584
15169 7541
15170 7589
15171 7589
15172 7575
15173 7652
15174 7648
15175 7561
15176 7628
15177 7535
15178 7550
15179 7423
15180 7560
15181 7431
15182 7536
15183 7594
15184 7459
15185 7537
15186 7557
15187 7603
15188 7633
15189 7578
15190 7550
15191 7622
15192 7601
15193 7562
15194 7671
15195 7783
15196 7600
15197 7580
15198 7628
15199 7613
15200 7622
15201 7520
15202 7613
15203 7484
15204 7583
15205 7666
15206 7656
15207 7699
15208 7574
15209 7609
15210 7635
15211 7520
15212 7638
15213 7633
15214 7594
15215 7629
15216 7675
15217 7500
15218 7700
15219 7602
15220 7561
15221 7598
15222 7599
15223 7540
15224 7674
15225 7754
15226 7645
15227 7622
15228 7599
15229 7536
15230 7568
15231 7646
15232 7617
15233 7574
15234 7643
15235 7705
15236 7666
15237 7663
15238 7676
15239 7631
15240 7552
15241 7558
15242 7555
15243 7647
15244 7679
15245 7648
15246 7575
15247 7561
15248 7666
15249 7571
15250 7596
15251 7664
15252 7494
15253 7587
15254 7670
15255 7687
15256 7643
15257 7568
15258 7626
15259 7552
15260 7676
15261 7589
15262 7599
15263 7620
15264 7741
15265 7652
15266 7634
15267 7642
15268 7696
15269 7583
15270 7586
15271 7551
15272 7653
15273 7607
15274 7568
15275 7638
15276 7639
15277 7642
15278 7624
15279 7656
15280 7727
15281 7672
15282 7629
15283 7644
15284 7727
15285 7700
15286 7533
15287 7570
15288 7631
15289 7582
15290 7588
15291 7601
15292 7752
15293 7613
15294 7643
15295 7602
15296 7633
15297 7607
15298 7580
15299 7573
15300 7669
15301 7673
15302 7666
15303 7660
15304 7715
15305 7632
15306 7599
15307 7635
15308 7683
15309 7688
15310 7686
15311 7704
15312 7701
15313 7718
15314 7670
15315 7690
15316 7613
15317 7584
15318 7640
15319 7689
15320 7690
15321 7785
15322 7608
15323 7472
15324 7653
15325 7629
15326 7664
15327 7721
15328 7572
15329 7606
15330 7696
15331 7585
15332 7668
15333 7552
15334 7542
15335 7857
15336 7701
15337 7761
15338 7675
15339 7660
15340 7645
15341 7575
15342 7691
15343 7689
15344 7638
15345 7657
15346 7683
15347 7614
15348 7664
15349 7744
15350 7647
15351 7720
15352 7718
15353 7708
15354 7706
15355 7688
15356 7697
15357 7762
15358 7573
15359 7648
15360 7577
15361 7726
15362 7637
15363 7786
15364 7742
15365 7781
15366 7574
15367 7817
15368 7662
15369 7605
15370 7711
15371 7637
15372 7590
15373 7673
15374 7700
15375 7709
15376 7651
15377 7695
15378 7578
15379 7711
15380 7764
15381 7681
15382 7723
15383 7682
15384 7567
15385 7634
15386 7779
15387 7716
15388 7692
15389 7726
15390 7721
15391 7680
15392 7643
15393 7607
15394 7689
15395 7749
15396 7632
15397 7703
15398 7757
15399 7617
15400 7718
15401 7797
15402 7687
15403 7676
15404 7750
15405 7790
15406 7734
15407 7668
15408 7701
15409 7769
15410 7661
15411 7607
15412 7837
15413 7631
15414 7796
15415 7799
15416 7578
15417 7663
15418 7608
15419 7738
15420 7685
15421 7696
15422 7740
15423 7794
15424 7642
15425 7705
15426 7787
15427 7710
15428 7674
15429 7720
15430 7673
15431 7686
15432 7617
15433 7738
15434 7664
15435 7719
15436 7611
15437 7615
15438 7584
15439 7804
15440 7645
15441 7662
15442 7784
15443 7707
15444 7685
15445 7664
15446 7741
15447 7679
15448 7658
15449 7649
15450 7659
15451 7660
15452 7636
15453 7703
15454 7740
15455 7805
15456 7765
15457 7729
15458 7704
15459 7737
15460 7759
15461 7628
15462 7753
15463 7791
15464 7764
15465 7752
15466 7727
15467 7772
15468 7682
15469 7786
15470 7686
15471 7737
15472 7679
15473 7743
15474 7818
15475 7832
15476 7688
15477 7792
15478 7883
15479 7691
15480 7767
15481 7778
15482 7735
15483 7695
15484 7647
15485 7656
15486 7637
15487 7616
15488 7840
15489 7614
15490 7632
15491 7732
15492 7775
15493 7757
15494 7819
15495 7624
15496 7821
15497 7806
15498 7804
15499 7737
15500 7729
15501 7679
15502 7846
15503 7676
15504 7884
15505 7614
15506 7755
15507 7752
15508 7778
15509 7744
15510 7846
15511 7817
15512 7737
15513 7846
15514 7734
15515 7774
15516 7701
15517 7753
15518 7713
15519 7855
15520 7845
15521 7836
15522 7870
15523 7773
15524 7804
15525 7743
15526 7808
15527 7838
15528 7865
15529 7743
15530 7720
15531 7753
15532 7912
15533 7716
15534 7733
15535 7814
15536 7834
15537 7814
15538 7765
15539 7849
15540 7814
15541 7824
15542 7713
15543 7749
15544 7718
15545 7701
15546 7721
15547 7726
15548 7744
15549 7883
15550 7681
15551 7757
15552 7802
15553 7705
15554 7696
15555 7764
15556 7743
15557 7807
15558 7784
15559 7761
15560 7685
15561 7739
15562 7763
15563 7820
15564 7807
15565 7719
15566 7786
15567 7770
15568 7731
15569 7786
15570 7754
15571 7909
15572 7688
15573 7782
15574 7787
15575 7782
15576 7704
15577 7716
15578 7735
15579 7906
15580 7663
15581 7875
15582 7760
15583 7774
15584 7750
15585 7910
15586 7645
15587 7851
15588 7796
15589 7770
15590 7760
15591 7700
15592 7792
15593 7921
15594 7786
15595 7844
15596 7795
15597 7820
15598 7777
15599 7809
15600 7763
15601 7865
15602 7847
15603 7784
15604 7815
15605 7861
15606 7823
15607 7763
15608 7768
15609 7897
15610 7803
15611 7762
15612 7858
15613 7835
15614 7773
15615 7743
15616 7781
15617 7830
15618 7876
15619 7733
15620 7887
15621 7790
15622 7727
15623 7791
15624 7773
15625 7746
15626 7742
15627 7802
15628 7821
15629 7775
15630 7884
15631 7764
15632 7819
15633 7823
15634 7815
15635 7752
15636 7871
15637 7715
15638 7644
15639 7799
15640 7821
15641 7856
15642 7705
15643 7929
15644 7810
15645 7804
15646 7661
15647 7877
15648 7779
15649 7788
15650 7829
15651 7766
15652 7769
15653 7856
15654 7806
15655 7819
15656 7901
15657 7771
15658 7682
15659 7831
15660 7794
15661 7769
15662 7850
15663 7839
15664 7827
15665 7823
15666 7833
15667 7908
15668 7806
15669 7733
15670 7952
15671 7964
15672 7772
15673 7900
15674 7820
15675 7825
15676 7840
15677 7856
15678 7946
15679 7830
15680 7856
15681 7743
15682 7832
15683 7793
15684 7845
15685 7839
15686 7783
15687 7832
15688 7824
15689 7835
15690 7754
15691 7897
15692 7818
15693 7881
15694 7826
15695 7804
15696 7841
15697 7857
15698 7847
15699 7873
15700 7756
15701 7816
15702 7842
15703 7805
15704 7932
15705 7754
15706 7845
15707 7856
15708 7763
15709 7866
15710 7923
15711 7872
15712 7818
15713 7882
15714 7827
15715 7802
15716 7855
15717 7890
15718 7836
15719 7863
15720 7840
15721 7871
15722 7821
15723 7836
15724 7806
15725 7971
15726 7716
15727 7946
15728 7891
15729 7810
15730 7913
15731 7896
15732 7785
15733 7816
15734 7827
15735 7866
15736 7854
15737 7923
15738 7886
15739 7969
15740 7883
15741 7906
15742 7816
15743 7877
15744 7941
15745 7840
15746 7781
15747 7870
15748 7960
15749 7856
15750 7884
15751 7680
15752 7852
15753 7812
15754 7858
15755 7784
15756 7909
15757 7922
15758 7856
15759 7972
15760 7843
15761 7967
15762 7891
15763 7858
15764 7947
15765 7867
15766 7960
15767 7883
15768 7743
15769 7769
15770 7893
15771 7820
15772 7908
15773 7926
15774 7823
15775 7941
15776 7862
15777 7828
15778 7839
15779 8072
15780 7963
15781 7929
15782 7854
15783 7859
15784 7866
15785 7842
15786 7907
15787 7802
15788 7926
15789 7881
15790 8029
15791 7860
15792 7878
15793 7891
15794 7838
15795 7851
15796 7883
15797 7911
15798 7863
15799 7896
15800 7868
15801 7909
15802 7870
15803 8058
15804 7941
15805 7942
15806 7803
15807 7873
15808 7818
15809 7872
15810 7895
15811 7869
15812 7821
15813 7880
15814 7962
15815 7895
15816 7766
15817 7884
15818 7982
15819 7734
15820 7975
15821 7965
15822 7853
15823 7926
15824 7942
15825 7933
15826 7999
15827 7855
15828 7931
15829 7908
15830 7932
15831 7869
15832 7886
15833 7816
15834 7842
15835 7985
15836 7910
15837 7859
15838 7923
15839 7846
15840 7830
15841 7976
15842 7977
15843 7874
15844 7965
15845 8116
15846 8041
15847 7957
15848 8064
15849 7842
15850 7947
15851 7928
15852 7847
15853 7947
15854 7869
15855 7836
15856 8029
15857 7900
15858 7773
15859 7918
15860 7852
15861 7879
15862 8017
15863 7933
15864 7892
15865 7913
15866 7859
15867 7922
15868 7885
15869 7848
15870 7844
15871 7951
15872 7946
15873 7805
15874 7950
15875 7839
15876 7926
15877 7903
15878 7872
15879 7964
15880 8002
15881 7928
15882 7989
15883 7975
15884 7931
15885 7995
15886 7955
15887 7800
15888 7981
15889 7993
15890 7943
15891 7904
15892 7915
15893 7959
15894 7936
15895 7983
15896 7761
15897 7965
15898 7831
15899 8050
15900 7905
15901 7977
15902 8017
15903 7897
15904 7987
15905 8063
15906 7929
15907 7924
15908 7920
15909 8059
15910 7917
15911 7878
15912 7976
15913 7851
15914 7962
15915 7985
15916 7932
15917 7893
15918 8150
15919 7945
15920 7866
15921 7944
15922 7909
15923 7932
15924 7938
15925 7901
15926 7936
15927 7955
15928 7882
15929 7850
15930 8012
15931 8051
15932 8082
15933 7921
15934 7935
15935 7942
15936 7992
15937 7901
15938 8001
15939 7881
15940 7987
15941 8012
15942 7969
15943 7956
15944 7967
15945 7980
15946 7961
15947 7976
15948 7987
15949 8082
15950 7913
15951 7948
15952 7988
15953 7930
15954 8042
15955 7896
15956 7944
15957 7964
15958 8096
15959 7926
15960 8024
15961 7979
15962 7941
15963 7933
15964 8106
15965 8016
15966 7974
15967 8067
15968 8085
15969 7943
15970 8040
15971 7977
15972 8062
15973 8017
15974 8054
15975 8024
15976 7954
15977 8022
15978 7971
15979 7979
15980 8043
15981 8050
15982 7953
15983 8034
15984 7903
15985 7940
15986 7989
15987 7876
15988 7966
15989 7970
15990 8054
15991 7980
15992 8020
15993 7921
15994 8110
15995 8059
15996 7980
15997 7961
15998 8016
15999 7990
16000 8065
16001 7978
16002 8023
16003 8026
16004 8059
16005 8006
16006 8009
16007 7988
16008 7961
16009 7976
16010 8012
16011 7940
16012 7947
16013 8072
16014 8036
16015 8107
16016 7985
16017 8009
16018 7943
16019 7943
16020 7940
16021 7951
16022 7946
16023 8070
16024 8038
16025 8036
16026 7919
16027 8080
16028 7959
16029 7929
16030 8071
16031 7877
16032 8099
16033 7989
16034 7947
16035 7994
16036 8001
16037 8023
16038 7885
16039 8073
16040 8064
16041 8048
16042 8033
16043 8065
16044 8064
16045 8135
16046 8006
16047 8048
16048 8066
16049 8041
16050 8037
16051 8131
16052 8014
16053 8011
16054 8213
16055 8034
16056 8030
16057 8067
16058 8026
16059 8193
16060 7989
16061 7931
16062 7994
16063 8019
16064 8027
16065 8064
16066 8005
16067 8147
16068 7973
16069 8002
16070 8050
16071 7994
16072 7964
16073 8044
16074 8063
16075 8030
16076 7881
16077 7944
16078 7933
16079 7947
16080 8152
16081 7970
16082 8059
16083 7953
16084 8094
16085 7915
16086 8088
16087 8056
16088 8079
16089 8131
16090 8039
16091 8137
16092 7917
16093 8021
16094 8051
16095 8160
16096 7917
16097 8009
16098 8007
16099 8177
16100 7989
16101 8096
16102 8219
16103 8052
16104 7985
16105 8091
16106 8017
16107 7945
16108 8020
16109 8001
16110 8037
16111 8045
16112 8055
16113 8059
16114 8203
16115 8043
16116 8084
16117 8061
16118 7990
16119 8042
16120 8002
16121 8093
16122 8115
16123 8023
16124 8025
16125 7999
16126 8081
16127 8097
16128 8174
16129 7996
16130 8067
16131 8020
16132 8068
16133 7926
16134 8065
16135 8115
16136 8027
16137 8049
16138 8031
16139 8102
16140 8025
16141 8156
16142 7986
16143 7942
16144 7985
16145 8058
16146 8056
16147 7983
16148 8098
16149 8089
16150 8039
16151 8130
16152 8145
16153 8015
16154 8077
16155 8081
16156 8000
16157 8100
16158 8122
16159 8094
16160 8078
16161 8116
16162 8102
16163 8079
16164 7961
16165 8088
16166 8112
16167 8121
16168 8116
16169 8041
16170 8094
16171 8055
16172 8044
16173 8060
16174 8159
16175 8137
16176 8069
16177 7993
16178 8131
16179 8089
16180 8034
16181 8079
16182 8034
16183 8094
16184 8116
16185 8142
16186 8015
16187 8069
16188 8063
16189 8143
16190 8079
16191 7968
16192 7941
16193 8160
16194 8082
16195 8096
16196 8134
16197 8081
16198 8095
16199 8105
16200 8007
16201 8117
16202 8209
16203 8108
16204 8156
16205 8148
16206 8129
16207 8151
16208 8103
16209 8091
16210 8001
16211 7956
16212 8116
16213 8094
16214 8124
16215 8185
16216 7989
16217 8013
16218 8148
16219 7990
16220 8150
16221 8087
16222 8178
16223 8110
16224 8050
16225 8066
16226 8067
16227 8023
16228 8192
16229 8036
16230 8013
16231 8007
16232 8158
16233 8067
16234 8140
16235 8172
16236 8092
16237 8114
16238 8106
16239 8185
16240 8084
16241 8071
16242 8073
16243 8143
16244 8046
16245 8179
16246 8105
16247 8029
16248 8148
16249 8143
16250 8171
16251 8155
16252 8043
16253 8128
16254 8163
16255 8141
16256 8181
16257 8113
16258 8136
16259 8254
16260 8156
16261 8077
16262 8066
16263 8232
16264 8119
16265 8082
16266 8186
16267 8257
16268 8014
16269 8117
16270 8213
16271 8193
16272 8067
16273 8220
16274 8058
16275 8170
16276 8015
16277 8119
16278 8174
16279 8082
16280 8152
16281 8131
16282 8063
16283 8142
16284 8190
16285 8177
16286 8104
16287 8206
16288 8148
16289 8216
16290 8059
16291 8228
16292 8042
16293 8151
16294 8145
16295 8213
16296 8135
16297 8115
16298 8146
16299 8123
16300 8205
16301 8031
16302 8068
16303 8149
16304 8046
16305 8066
16306 8148
16307 8155
16308 8151
16309 8118
16310 8146
16311 8023
16312 8018
16313 8216
16314 8106
16315 8209
16316 8208
16317 8185
16318 8224
16319 8087
16320 8104
16321 8143
16322 8127
16323 8213
16324 8163
16325 8268
16326 8093
16327 8204
16328 8194
16329 8267
16330 8071
16331 8286
16332 8230
16333 8120
16334 8088
16335 8054
16336 8205
16337 8246
16338 8155
16339 8250
16340 8174
16341 8161
16342 8144
16343 8100
16344 8209
16345 8196
16346 8199
16347 8192
16348 8152
16349 8070
16350 8142
16351 8169
16352 8055
16353 8179
16354 8130
16355 8126
16356 8004
16357 8100
16358 8184
16359 8139
16360 8159
16361 8293
16362 8119
16363 8067
16364 8150
16365 8168
16366 8079
16367 8151
16368 8093
16369 8108
16370 8188
16371 8123
16372 8116
16373 8177
16374 8172
16375 8235
16376 8065
16377 8191
16378 8159
16379 8080
16380 8161
16381 8293
16382 8175
16383 8178
16384 8270
16385 8335
16386 8054
16387 8280
16388 8202
16389 8169
16390 8320
16391 8216
16392 8105
16393 8174
16394 8167
16395 8170
16396 8181
16397 8180
16398 8232
16399 8020
16400 8293
16401 8160
16402 8256
16403 8173
16404 8121
16405 8134
16406 8246
16407 8133
16408 8131
16409 8301
16410 8131
16411 8197
16412 8180
16413 8270
16414 8200
16415 8184
16416 8224
16417 8086
16418 8226
16419 8217
16420 8271
16421 8199
16422 8190
16423 8114
16424 8274
16425 8141
16426 8128
16427 8301
16428 8248
16429 8278
16430 8138
16431 8279
16432 8154
16433 8129
16434 8203
16435 8121
16436 8214
16437 8198
16438 8169
16439 8185
16440 8108
16441 8218
16442 8198
16443 8093
16444 8041
16445 8234
16446 8256
16447 8147
16448 8106
16449 8185
16450 8171
16451 8286
16452 8128
16453 8098
16454 8199
16455 8243
16456 8237
16457 8099
16458 8214
16459 8262
16460 8313
16461 8221
16462 8165
16463 8263
16464 8214
16465 8266
16466 8165
16467 8171
16468 8216
16469 8158
16470 8187
16471 8176
16472 8175
16473 8262
16474 8233
16475 8336
16476 8242
16477 8253
16478 8269
16479 8270
16480 8204
16481 8218
16482 8216
16483 8290
16484 8181
16485 8248
16486 8274
16487 8201
16488 8252
16489 8177
16490 8159
16491 8307
16492 8265
16493 8350
16494 8336
16495 8291
16496 8290
16497 8197
16498 8234
16499 8251
16500 8223
16501 8294
16502 8329
16503 8291
16504 8211
16505 8202
16506 8237
16507 8224
16508 8241
16509 8313
16510 8155
16511 8258
16512 8345
16513 8211
16514 8237
16515 8364
16516 8195
16517 8246
16518 8212
16519 8291
16520 8359
16521 8242
16522 8233
16523 8243
16524 8383
16525 8249
16526 8312
16527 8306
16528 8339
16529 8292
16530 8259
16531 8245
16532 8291
16533 8165
16534 8354
16535 8287
16536 8246
16537 8301
16538 8250
16539 8122
16540 8329
16541 8306
16542 8246
16543 8238
16544 8300
16545 8285
16546 8218
16547 8316
16548 8325
16549 8138
16550 8254
16551 8260
16552 8293
16553 8232
16554 8210
16555 8319
16556 8345
16557 8303
16558 8331
16559 8369
16560 8274
16561 8292
16562 8248
16563 8180
16564 8179
16565 8303
16566 8300
16567 8230
16568 8265
16569 8254
16570 8259
16571 8289
16572 8366
16573 8307
16574 8251
16575 8242
16576 8215
16577 8263
16578 8256
16579 8330
16580 8268
16581 8476
16582 8321
16583 8351
16584 8264
16585 8181
16586 8284
16587 8334
16588 8352
16589 8304
16590 8267
16591 8384
16592 8237
16593 8279
16594 8227
16595 8232
16596 8342
16597 8255
16598 8304
16599 8293
16600 8378
16601 8262
16602 8336
16603 8217
16604 8288
16605 8185
16606 8226
16607 8257
16608 8226
16609 8380
16610 8294
16611 8319
16612 8169
16613 8281
16614 8346
16615 8367
16616 8233
16617 8361
16618 8163
16619 8156
16620 8316
16621 8338
16622 8197
16623 8409
16624 8498
16625 8402
16626 8295
16627 8155
16628 8377
16629 8352
16630 8281
16631 8314
16632 8324
16633 8366
16634 8403
16635 8310
16636 8286
16637 8426
16638 8317
16639 8368
16640 8318
16641 8225
16642 8338
16643 8274
16644 8212
16645 8206
16646 8287
16647 8377
16648 8316
16649 8269
16650 8274
16651 8379
16652 8347
16653 8234
16654 8336
16655 8230
16656 8330
16657 8228
16658 8364
16659 8168
16660 8278
16661 8300
16662 8272
16663 8351
16664 8328
16665 8272
16666 8305
16667 8363
16668 8358
16669 8354
16670 8374
16671 8271
16672 8353
16673 8370
16674 8400
16675 8443
16676 8380
16677 8306
16678 8434
16679 8322
16680 8353
16681 8341
16682 8415
16683 8339
16684 8321
16685 8405
16686 8348
16687 8250
16688 8286
16689 8227
16690 8387
16691 8381
16692 8312
16693 8403
16694 8322
16695 8311
16696 8362
16697 8350
16698 8324
16699 8373
16700 8404
16701 8432
16702 8298
16703 8435
16704 8406
16705 8408
16706 8457
16707 8328
16708 8357
16709 8291
16710 8375
16711 8464
16712 8470
16713 8242
16714 8278
16715 8340
16716 8380
16717 8380
16718 8210
16719 8424
16720 8338
16721 8377
16722 8379
16723 8330
16724 8308
16725 8367
16726 8362
16727 8370
16728 8268
16729 8327
16730 8379
16731 8389
16732 8381
16733 8339
16734 8369
16735 8237
16736 8376
16737 8228
16738 8261
16739 8507
16740 8419
16741 8427
16742 8362
16743 8406
16744 8443
16745 8374
16746 8401
16747 8293
16748 8433
16749 8422
16750 8415
16751 8296
16752 8386
16753 8322
16754 8318
16755 8370
16756 8281
16757 8299
16758 8450
16759 8249
16760 8350
16761 8307
16762 8339
16763 8397
16764 8411
16765 8339
16766 8385
16767 8497
16768 8503
16769 8425
16770 8422
16771 8435
16772 8401
16773 8273
16774 8373
16775 8461
16776 8353
16777 8417
16778 8341
16779 8388
16780 8425
16781 8388
16782 8348
16783 8471
16784 8340
16785 8291
16786 8407
16787 8383
16788 8401
16789 8357
16790 8435
16791 8468
16792 8448
16793 8396
16794 8488
16795 8402
16796 8486
16797 8416
16798 8355
16799 8495
16800 8414
16801 8487
16802 8431
16803 8455
16804 8322
16805 8364
16806 8290
16807 8431
16808 8368
16809 8417
16810 8335
16811 8371
16812 8489
16813 8484
16814 8438
16815 8343
16816 8440
16817 8408
16818 8233
16819 8440
16820 8369
16821 8362
16822 8404
16823 8346
16824 8405
16825 8482
16826 8384
16827 8445
16828 8509
16829 8443
16830 8252
16831 8399
16832 8448
16833 8354
16834 8302
16835 8282
16836 8303
16837 8424
16838 8389
16839 8484
16840 8446
16841 8360
16842 8432
16843 8480
16844 8301
16845 8466
16846 8385
16847 8591
16848 8309
16849 8390
16850 8399
16851 8410
16852 8455
16853 8342
16854 8291
16855 8414
16856 8414
16857 8440
16858 8482
16859 8361
16860 8437
16861 8281
16862 8307
16863 8405
16864 8423
16865 8494
16866 8349
16867 8500
16868 8373
16869 8300
16870 8436
16871 8392
16872 8518
16873 8587
16874 8402
16875 8618
16876 8412
16877 8464
16878 8383
16879 8459
16880 8390
16881 8402
16882 8314
16883 8392
16884 8421
16885 8431
16886 8315
16887 8392
16888 8315
16889 8318
16890 8484
16891 8454
16892 8410
16893 8328
16894 8311
16895 8496
16896 8470
16897 8368
16898 8526
16899 8456
16900 8504
16901 8505
16902 8444
16903 8409
16904 8549
16905 8452
16906 8366
16907 8429
16908 8423
16909 8464
16910 8494
16911 8295
16912 8358
16913 8407
16914 8416
16915 8353
16916 8490
16917 8513
16918 8459
16919 8471
16920 8389
16921 8502
16922 8463
16923 8381
16924 8527
16925 8438
16926 8428
16927 8481
16928 8492
16929 8516
16930 8456
16931 8495
16932 8434
16933 8431
16934 8610
16935 8458
16936 8568
16937 8514
16938 8494
16939 8399
16940 8532
16941 8356
16942 8481
16943 8378
16944 8515
16945 8422
16946 8555
16947 8454
16948 8406
16949 8518
16950 8473
16951 8465
16952 8499
16953 8467
16954 8540
16955 8463
16956 8470
16957 8464
16958 8465
16959 8579
16960 8541
16961 8507
16962 8465
16963 8458
16964 8544
16965 8375
16966 8454
16967 8478
16968 8482
16969 8542
16970 8492
16971 8462
16972 8507
16973 8531
16974 8440
16975 8470
16976 8409
16977 8468
16978 8503
16979 8484
16980 8516
16981 8498
16982 8484
16983 8486
16984 8543
16985 8448
16986 8542
16987 8399
16988 8458
16989 8403
16990 8491
16991 8554
16992 8516
16993 8456
16994 8464
16995 8500
16996 8523
16997 8411
16998 8560
16999 8535
17000 8503
17001 8456
17002 8575
17003 8530
17004 8636
17005 8582
17006 8441
17007 8324
17008 8406
17009 8538
17010 8493
17011 8544
17012 8535
17013 8554
17014 8468
17015 8556
17016 8489
17017 8413
17018 8502
17019 8448
17020 8411
17021 8503
17022 8439
17023 8621
17024 8574
17025 8565
17026 8591
17027 8509
17028 8502
17029 8450
17030 8485
17031 8490
17032 8526
17033 8507
17034 8455
17035 8523
17036 8497
17037 8537
17038 8491
17039 8373
17040 8572
17041 8553
17042 8619
17043 8587
17044 8611
17045 8510
17046 8422
17047 8609
17048 8485
17049 8460
17050 8521
17051 8595
17052 8527
17053 8434
17054 8425
17055 8500
17056 8538
17057 8551
17058 8610
17059 8519
17060 8506
17061 8616
17062 8579
17063 8580
17064 8469
17065 8564
17066 8452
17067 8440
17068 8643
17069 8582
17070 8668
17071 8505
17072 8477
17073 8522
17074 8543
17075 8598
17076 8504
17077 8547
17078 8493
17079 8611
17080 8484
17081 8584
17082 8599
17083 8628
17084 8442
17085 8549
17086 8434
17087 8450
17088 8475
17089 8518
17090 8469
17091 8469
17092 8424
17093 8540
17094 8500
17095 8529
17096 8587
17097 8495
17098 8653
17099 8574
17100 8487
17101 8561
17102 8457
17103 8451
17104 8542
17105 8504
17106 8598
17107 8561
17108 8570
17109 8508
17110 8642
17111 8649
17112 8585
17113 8539
17114 8521
17115 8596
17116 8505
17117 8601
17118 8585
17119 8583
17120 8441
17121 8437
17122 8557
17123 8546
17124 8544
17125 8578
17126 8718
17127 8479
17128 8543
17129 8497
17130 8441
17131 8570
17132 8517
17133 8585
17134 8585
17135 8483
17136 8607
17137 8518
17138 8681
17139 8648
17140 8489
17141 8639
17142 8392
17143 8458
17144 8548
17145 8591
17146 8585
17147 8547
17148 8539
17149 8650
17150 8565
17151 8477
17152 8598
17153 8701
17154 8593
17155 8627
17156 8652
17157 8531
17158 8563
17159 8622
17160 8406
17161 8508
17162 8450
17163 8453
17164 8633
17165 8607
17166 8659
17167 8678
17168 8612
17169 8490
17170 8623
17171 8634
17172 8566
17173 8607
17174 8653
17175 8568
17176 8571
17177 8636
17178 8567
17179 8608
17180 8616
17181 8521
17182 8458
17183 8612
17184 8627
17185 8654
17186 8446
17187 8535
17188 8599
17189 8464
17190 8582
17191 8672
17192 8595
17193 8626
17194 8540
17195 8585
17196 8541
17197 8626
17198 8579
17199 8760
17200 8756
17201 8600
17202 8488
17203 8459
17204 8516
17205 8503
17206 8710
17207 8642
17208 8522
17209 8608
17210 8496
17211 8616
17212 8494
17213 8478
17214 8551
17215 8620
17216 8651
17217 8664
17218 8644
17219 8583
17220 8592
17221 8561
17222 8721
17223 8620
17224 8663
17225 8541
17226 8561
17227 8767
17228 8703
17229 8628
17230 8650
17231 8500
17232 8554
17233 8599
17234 8504
17235 8576
17236 8443
17237 8527
17238 8547
17239 8612
17240 8610
17241 8570
17242 8630
17243 8541
17244 8550
17245 8611
17246 8599
17247 8617
17248 8539
17249 8615
17250 8654
17251 8540
17252 8477
17253 8676
17254 8568
17255 8573
17256 8543
17257 8546
17258 8651
17259 8590
17260 8658
17261 8623
17262 8632
17263 8629
17264 8643
17265 8681
17266 8650
17267 8600
17268 8562
17269 8500
17270 8646
17271 8595
17272 8573
17273 8660
17274 8601
17275 8726
17276 8704
17277 8656
17278 8582
17279 8617
17280 8549
17281 8527
17282 8532
17283 8625
17284 8666
17285 8605
17286 8491
17287 8672
17288 8587
17289 8675
17290 8583
17291 8607
17292 8655
17293 8694
17294 8608
17295 8614
17296 8704
17297 8640
17298 8646
17299 8666
17300 8531
17301 8697
17302 8642
17303 8586
17304 8723
17305 8644
17306 8575
17307 8610
17308 8655
17309 8769
17310 8600
17311 8771
17312 8574
17313 8703
17314 8711
17315 8636
17316 8633
17317 8640
17318 8777
17319 8728
17320 8611
17321 8653
17322 8630
17323 8616
17324 8714
17325 8677
17326 8676
17327 8684
17328 8618
17329 8598
17330 8689
17331 8768
17332 8754
17333 8618
17334 8588
17335 8684
17336 8661
17337 8757
17338 8589
17339 8677
17340 8687
17341 8682
17342 8676
17343 8628
17344 8715
17345 8566
17346 8805
17347 8615
17348 8627
17349 8710
17350 8682
17351 8674
17352 8723
17353 8645
17354 8710
17355 8647
17356 8608
17357 8638
17358 8644
17359 8703
17360 8535
17361 8708
17362 8668
17363 8719
17364 8681
17365 8710
17366 8632
17367 8679
17368 8713
17369 8712
17370 8691
17371 8640
17372 8684
17373 8624
17374 8637
17375 8681
17376 8742
17377 8734
17378 8626
17379 8667
17380 8727
17381 8672
17382 8696
17383 8764
17384 8649
17385 8646
17386 8708
17387 8687
17388 8751
17389 8653
17390 8702
17391 8714
17392 8651
17393 8660
17394 8670
17395 8824
17396 8666
17397 8679
17398 8713
17399 8686
17400 8720
17401 8696
17402 8625
17403 8702
17404 8706
17405 8588
17406 8799
17407 8757
17408 8680
17409 8770
17410 8709
17411 8657
17412 8703
17413 8665
17414 8806
17415 8659
17416 8572
17417 8831
17418 8630
17419 8760
17420 8606
17421 8754
17422 8689
17423 8637
17424 8670
17425 8687
17426 8687
17427 8600
17428 8642
17429 8821
17430 8646
17431 8631
17432 8783
17433 8634
17434 8616
17435 8780
17436 8674
17437 8611
17438 8572
17439 8773
17440 8679
17441 8799
17442 8637
17443 8667
17444 8717
17445 8571
17446 8759
17447 8699
17448 8772
17449 8590
17450 8653
17451 8747
17452 8750
17453 8612
17454 8731
17455 8705
17456 8768
17457 8821
17458 8806
17459 8777
17460 8790
17461 8649
17462 8703
17463 8654
17464 8680
17465 8657
17466 8567
17467 8873
17468 8629
17469 8821
17470 8696
17471 8766
17472 8637
17473 8755
17474 8704
17475 8800
17476 8690
17477 8592
17478 8908
17479 8787
17480 8744
17481 8688
17482 8752
17483 8891
17484 8730
17485 8623
17486 8768
17487 8630
17488 8830
17489 8768
17490 8725
17491 8758
17492 8789
17493 8828
17494 8831
17495 8698
17496 8759
17497 8719
17498 8742
17499 8699
17500 8768
17501 8666
17502 8735
17503 8777
17504 8793
17505 8781
17506 8737
17507 8750
17508 8720
17509 8719
17510 8779
17511 8776
17512 8829
17513 8714
17514 8708
17515 8879
17516 8781
17517 8785
17518 8768
17519 8761
17520 8766
17521 8860
17522 8701
17523 8770
17524 8795
17525 8743
17526 8669
17527 8780
17528 8663
17529 8818
17530 8683
17531 8763
17532 8751
17533 8896
17534 8733
17535 8664
17536 8781
17537 8838
17538 8762
17539 8778
17540 8691
17541 8632
17542 8806
17543 8770
17544 8766
17545 8790
17546 8703
17547 8710
17548 8859
17549 8747
17550 8767
17551 8840
17552 8809
17553 8661
17554 8717
17555 8775
17556 8810
17557 8762
17558 8653
17559 8778
17560 8818
17561 8720
17562 8828
17563 8872
17564 8782
17565 8756
17566 8696
17567 8794
17568 8783
17569 8859
17570 8728
17571 8820
17572 8839
17573 8732
17574 8881
17575 8804
17576 8799
17577 8834
17578 8812
17579 8798
17580 8721
17581 8723
17582 8722
17583 8730
17584 8849
17585 8752
17586 8832
17587 8758
17588 8729
17589 8758
17590 8700
17591 8720
17592 8781
17593 8730
17594 8732
17595 8831
17596 8700
17597 8858
17598 8739
17599 8733
17600 8773
17601 8775
17602 8792
17603 8929
17604 8754
17605 8815
17606 8862
17607 8886
17608 8874
17609 8864
17610 8909
17611 8850
17612 8771
17613 8795
17614 8823
17615 8749
17616 8751
17617 8853
17618 8806
17619 8830
17620 8793
17621 8907
17622 8913
17623 8780
17624 8955
17625 8783
17626 8718
17627 8856
17628 8819
17629 8855
17630 8809
17631 8711
17632 8849
17633 8762
17634 8866
17635 8772
17636 8710
17637 8826
17638 8719
17639 8783
17640 8838
17641 8833
17642 8849
17643 8895
17644 8822
17645 8865
17646 8823
17647 8769
17648 8837
17649 8785
17650 8895
17651 8816
17652 8768
17653 8764
17654 8772
17655 8899
17656 8838
17657 8808
17658 8868
17659 8771
17660 8942
17661 8871
17662 8836
17663 8834
17664 8914
17665 8758
17666 8769
17667 8797
17668 8954
17669 8875
17670 8793
17671 8871
17672 8776
17673 8817
17674 8827
17675 8872
17676 8744
17677 8826
17678 8839
17679 8760
17680 8774
17681 8805
17682 8859
17683 8832
17684 8684
17685 8954
17686 8796
17687 8919
17688 8804
17689 8731
17690 8932
17691 8931
17692 8889
17693 8938
17694 8961
17695 8849
17696 8775
17697 8830
17698 8865
17699 8862
17700 8844
17701 8841
17702 8872
17703 8849
17704 8838
17705 8794
17706 8935
17707 8960
17708 8735
17709 8946
17710 8860
17711 8961
17712 8882
17713 8776
17714 8826
17715 8917
17716 8801
17717 8860
17718 8872
17719 8787
17720 8802
17721 8694
17722 8762
17723 8787
17724 8885
17725 8832
17726 8860
17727 8942
17728 8804
17729 8827
17730 8831
17731 8892
17732 8959
17733 8838
17734 8827
17735 8921
17736 8800
17737 8825
17738 8870
17739 8905
17740 8869
17741 8816
17742 8880
17743 8762
17744 8901
17745 8995
17746 8882
17747 8847
17748 8910
17749 8859
17750 8844
17751 8871
17752 8860
17753 8713
17754 8849
17755 8784
17756 8849
17757 8860
17758 8931
17759 8862
17760 8915
17761 8915
17762 8815
17763 8963
17764 8891
17765 8890
17766 8716
17767 8831
17768 8870
17769 8861
17770 8972
17771 8946
17772 8850
17773 8935
17774 8847
17775 8752
17776 8741
17777 8846
17778 8953
17779 8822
17780 8979
17781 9049
17782 8915
17783 8927
17784 8946
17785 8846
17786 8892
17787 8896
17788 8860
17789 8896
17790 8836
17791 8905
17792 8885
17793 8931
17794 8921
17795 8913
17796 8866
17797 8859
17798 8874
17799 8885
17800 8926
17801 8929
17802 8920
17803 8878
17804 8880
17805 8867
17806 8994
17807 8980
17808 8801
17809 8821
17810 8980
17811 8829
17812 8830
17813 8897
17814 8885
17815 8910
17816 8922
17817 8928
17818 8949
17819 8941
17820 8859
17821 8934
17822 8946
17823 8901
17824 8789
17825 8677
17826 8757
17827 8934
17828 8958
17829 8853
17830 8898
17831 8951
17832 8975
17833 8926
17834 8909
17835 8839
17836 8950
17837 8935
17838 8887
17839 8950
17840 8983
17841 8819
17842 9004
17843 8950
17844 8929
17845 8951
17846 8900
17847 9051
17848 8963
17849 8935
17850 8821
17851 8953
17852 8864
17853 8804
17854 8825
17855 8927
17856 8936
17857 8923
17858 8961
17859 8902
17860 8893
17861 8982
17862 8886
17863 8856
17864 8945
17865 9006
17866 8798
17867 8872
17868 8852
17869 8817
17870 8828
17871 8918
17872 8780
17873 8813
17874 8877
17875 8920
17876 8960
17877 8819
17878 8969
17879 9008
17880 8910
17881 8923
17882 8908
17883 8822
17884 8859
17885 9045
17886 8973
17887 8984
17888 8902
17889 9076
17890 8864
17891 9036
17892 8981
17893 8921
17894 8969
17895 8995
17896 8936
17897 9039
17898 9035
17899 9000
17900 9012
17901 8863
17902 8871
17903 8846
17904 8878
17905 8907
17906 8961
17907 8934
17908 8863
17909 8962
17910 8937
17911 8851
17912 8988
17913 9004
17914 8854
17915 8927
17916 8951
17917 8881
17918 8933
17919 8953
17920 8893
17921 8907
17922 8918
17923 9002
17924 8909
17925 8949
17926 8803
17927 8984
17928 9003
17929 9014
17930 8830
17931 8888
17932 9026
17933 8990
17934 8940
17935 8918
17936 9061
17937 9002
17938 8937
17939 8874
17940 8992
17941 8989
17942 9004
17943 8983
17944 8961
17945 9026
17946 8949
17947 8898
17948 9097
17949 8975
17950 9043
17951 9077
17952 8826
17953 8979
17954 8951
17955 8939
17956 8980
17957 8928
17958 9087
17959 8948
17960 9032
17961 8889
17962 8846
17963 9079
17964 9059
17965 8942
17966 8999
17967 8981
17968 8908
17969 8952
17970 8934
17971 9015
17972 8989
17973 8950
17974 9028
17975 8919
17976 8898
17977 8985
17978 9042
17979 9012
17980 8937
17981 8964
17982 9068
17983 9017
17984 9107
17985 9026
17986 8912
17987 8839
17988 8933
17989 9000
17990 9079
17991 8966
17992 8956
17993 8945
17994 8930
17995 8993
17996 8949
17997 9011
17998 8863
17999 9013
18000 8996
18001 8959
18002 8999
18003 8988
18004 8981
18005 8968
18006 8996
18007 8969
18008 8962
18009 9024
18010 8926
18011 9084
18012 8984
18013 9121
18014 9072
18015 9087
18016 9026
18017 8985
18018 9054
18019 9022
18020 8940
18021 8998
18022 8992
18023 8957
18024 8954
18025 9024
18026 8991
18027 8978
18028 8971
18029 8984
18030 9013
18031 9012
18032 9060
18033 9085
18034 9070
18035 9009
18036 9043
18037 9099
18038 9102
18039 8907
18040 9047
18041 9004
18042 9019
18043 9004
18044 9009
18045 9000
18046 8991
18047 8929
18048 9031
18049 8968
18050 8964
18051 9094
18052 9027
18053 9033
18054 9104
18055 8911
18056 8991
18057 9039
18058 9042
18059 9037
18060 9114
18061 9013
18062 8961
18063 9049
18064 9040
18065 9146
18066 9069
18067 8946
18068 8906
18069 8940
18070 8965
18071 9082
18072 9070
18073 9136
18074 8978
18075 8986
18076 9006
18077 9092
18078 9097
18079 9068
18080 9030
18081 9034
18082 9143
18083 8954
18084 8911
18085 9040
18086 8902
18087 8964
18088 9041
18089 8933
18090 9028
18091 9010
18092 9040
18093 9023
18094 9017
18095 8952
18096 9059
18097 9036
18098 9026
18099 9056
18100 9063
18101 9108
18102 9043
18103 9069
18104 9022
18105 9154
18106 9092
18107 9056
18108 8985
18109 9104
18110 9102
18111 9099
18112 8965
18113 9058
18114 8948
18115 9080
18116 8892
18117 9198
18118 9019
18119 9036
18120 9213
18121 9078
18122 9072
18123 9052
18124 9079
18125 9014
18126 9083
18127 9097
18128 8944
18129 9099
18130 9043
18131 9086
18132 9144
18133 9019
18134 9000
18135 9060
18136 9018
18137 9087
18138 9045
18139 9169
18140 9196
18141 9101
18142 9152
18143 9010
18144 9169
18145 9076
18146 9095
18147 9117
18148 9020
18149 9047
18150 9115
18151 9155
18152 9035
18153 9013
18154 9108
18155 9034
18156 9070
18157 9199
18158 9112
18159 9131
18160 9074
18161 9122
18162 8964
18163 8996
18164 9028
18165 9101
18166 9101
18167 9081
18168 9002
18169 9080
18170 9041
18171 9027
18172 9065
18173 9083
18174 9115
18175 8970
18176 9146
18177 9196
18178 9088
18179 8970
18180 9144
18181 9090
18182 8993
18183 9196
18184 9090
18185 9070
18186 9175
18187 9054
18188 9054
18189 9021
18190 9126
18191 9132
18192 9201
18193 9119
18194 8967
18195 9026
18196 9229
18197 9010
18198 9177
18199 9122
18200 8907
18201 9055
18202 9057
18203 8976
18204 8993
18205 9109
18206 9031
18207 8980
18208 8942
18209 9102
18210 9163
18211 9178
18212 9168
18213 9133
18214 8966
18215 9092
18216 9122
18217 8996
18218 9070
18219 9122
18220 9189
18221 9043
18222 9202
18223 9115
18224 9021
18225 9250
18226 9073
18227 9054
18228 9034
18229 9097
18230 9124
18231 9106
18232 9153
18233 9130
18234 9067
18235 9144
18236 9181
18237 9011
18238 9044
18239 9280
18240 9214
18241 9237
18242 9023
18243 9110
18244 9098
18245 9143
18246 9101
18247 9054
18248 9032
18249 9065
18250 9071
18251 9158
18252 9123
18253 9067
18254 9089
18255 9098
18256 9146
18257 9224
18258 9140
18259 9148
18260 9180
18261 9062
18262 9059
18263 9110
18264 9287
18265 9204
18266 9158
18267 9145
18268 9175
18269 9080
18270 9007
18271 9106
18272 9116
18273 9166
18274 9067
18275 9100
18276 9153
18277 9042
18278 9107
18279 9140
18280 8981
18281 9132
18282 9097
18283 9169
18284 9116
18285 9183
18286 8963
18287 8991
18288 9074
18289 9086
18290 9014
18291 9160
18292 9051
18293 9122
18294 9161
18295 9248
18296 9176
18297 9315
18298 9069
18299 9265
18300 9178
18301 9173
18302 9184
18303 9136
18304 9089
18305 9185
18306 9158
18307 9085
18308 9110
18309 9120
18310 9121
18311 9108
18312 9080
18313 9139
18314 9080
18315 9089
18316 9019
18317 9064
18318 9311
18319 9217
18320 9119
18321 9102
18322 9134
18323 9216
18324 9082
18325 9187
18326 8997
18327 9175
18328 9143
18329 9188
18330 9264
18331 9091
18332 9130
18333 9100
18334 9116
18335 9178
18336 9283
18337 9150
18338 9145
18339 9146
18340 9204
18341 9155
18342 9207
18343 9107
18344 9108
18345 9139
18346 9024
18347 9162
18348 9064
18349 9235
18350 9222
18351 9137
18352 9164
18353 9158
18354 9118
18355 9166
18356 9314
18357 9194
18358 9232
18359 9307
18360 9230
18361 9225
18362 9154
18363 9256
18364 9192
18365 9144
18366 9281
18367 9092
18368 9206
18369 9252
18370 9306
18371 9267
18372 9207
18373 9169
18374 9099
18375 9131
18376 9087
18377 9249
18378 9202
18379 9207
18380 9232
18381 9113
18382 9098
18383 9170
18384 9121
18385 9148
18386 9253
18387 9150
18388 9171
18389 9283
18390 9103
18391 9248
18392 9155
18393 9137
18394 9139
18395 9200
18396 9250
18397 9209
18398 9169
18399 9282
18400 9191
18401 9144
18402 9139
18403 9134
18404 9272
18405 9322
18406 9178
18407 9231
18408 9132
18409 9183
18410 9129
18411 9341
18412 9152
18413 9236
18414 9128
18415 9153
18416 9258
18417 9234
18418 9152
18419 9168
18420 9275
18421 9259
18422 9146
18423 9206
18424 9053
18425 9329
18426 9319
18427 9221
18428 9249
18429 9149
18430 9076
18431 9062
18432 9116
18433 9174
18434 9230
18435 9422
18436 9125
18437 9112
18438 9096
18439 9282
18440 9206
18441 9242
18442 9223
18443 9230
18444 9120
18445 9195
18446 9216
18447 9272
18448 9141
18449 9149
18450 9144
18451 9197
18452 9177
18453 9217
18454 9190
18455 9206
18456 9246
18457 9179
18458 9254
18459 9283
18460 9123
18461 9215
18462 9144
18463 9187
18464 9240
18465 9182
18466 9238
18467 9286
18468 9262
18469 9138
18470 9325
18471 9181
18472 9304
18473 9253
18474 9234
18475 9398
18476 9287
18477 9232
18478 9217
18479 9180
18480 9161
18481 9203
18482 9223
18483 9188
18484 9349
18485 9316
18486 9292
18487 9125
18488 9252
18489 9204
18490 9272
18491 9192
18492 9172
18493 9234
18494 9212
18495 9226
18496 9364
18497 9261
18498 9162
18499 9218
18500 9233
18501 9340
18502 9228
18503 9251
18504 9337
18505 9223
18506 9182
18507 9280
18508 9233
18509 9366
18510 9331
18511 9237
18512 9279
18513 9199
18514 9313
18515 9337
18516 9260
18517 9197
18518 9237
18519 9135
18520 9189
18521 9260
18522 9241
18523 9235
18524 9313
18525 9190
18526 9241
18527 9198
18528 9278
18529 9316
18530 9192
18531 9323
18532 9285
18533 9172
18534 9217
18535 9258
18536 9181
18537 9227
18538 9171
18539 9340
18540 9324
18541 9303
18542 9200
18543 9172
18544 9326
18545 9188
18546 9174
18547 9259
18548 9130
18549 9121
18550 9275
18551 9220
18552 9342
18553 9206
18554 9370
18555 9271
18556 9423
18557 9347
18558 9395
18559 9316
18560 9231
18561 9240
18562 9196
18563 9349
18564 9327
18565 9285
18566 9222
18567 9338
18568 9425
18569 9370
18570 9312
18571 9282
18572 9317
18573 9145
18574 9282
18575 9371
18576 9329
18577 9279
18578 9223
18579 9330
18580 9390
18581 9146
18582 9298
18583 9302
18584 9417
18585 9324
18586 9202
18587 9449
18588 9293
18589 9264
18590 9249
18591 9263
18592 9320
18593 9217
18594 9288
18595 9224
18596 9319
18597 9286
18598 9232
18599 9325
18600 9229
18601 9418
18602 9327
18603 9147
18604 9191
18605 9225
18606 9380
18607 9291
18608 9383
18609 9249
18610 9397
18611 9386
18612 9309
18613 9404
18614 9321
18615 9450
18616 9342
18617 9339
18618 9296
18619 9331
18620 9263
18621 9320
18622 9315
18623 9289
18624 9359
18625 9345
18626 9355
18627 9271
18628 9370
18629 9260
18630 9296
18631 9312
18632 9250
18633 9227
18634 9352
18635 9352
18636 9323
18637 9350
18638 9311
18639 9383
18640 9251
18641 9389
18642 9385
18643 9438
18644 9269
18645 9342
18646 9308
18647 9300
18648 9202
18649 9298
18650 9327
18651 9444
18652 9295
18653 9273
18654 9290
18655 9282
18656 9299
18657 9430
18658 9299
18659 9314
18660 9316
18661 9242
18662 9353
18663 9312
18664 9385
18665 9402
18666 9336
18667 9430
18668 9328
18669 9260
18670 9305
18671 9287
18672 9419
18673 9258
18674 9380
18675 9234
18676 9466
18677 9293
18678 9412
18679 9233
18680 9419
18681 9425
18682 9283
18683 9333
18684 9379
18685 9364
18686 9466
18687 9369
18688 9396
18689 9307
18690 9373
18691 9228
18692 9351
18693 9333
18694 9309
18695 9248
18696 9351
18697 9311
18698 9310
18699 9298
18700 9315
18701 9319
18702 9284
18703 9267
18704 9438
18705 9254
18706 9249
18707 9332
18708 9407
18709 9391
18710 9391
18711 9339
18712 9499
18713 9248
18714 9418
18715 9364
18716 9278
18717 9443
18718 9400
18719 9405
18720 9360
18721 9424
18722 9312
18723 9403
18724 9504
18725 9292
18726 9493
18727 9371
18728 9382
18729 9444
18730 9331
18731 9418
18732 9339
18733 9320
18734 9280
18735 9276
18736 9353
18737 9422
18738 9408
18739 9479
18740 9353
18741 9416
18742 9414
18743 9448
18744 9378
18745 9452
18746 9318
18747 9289
18748 9427
18749 9377
18750 9335
18751 9373
18752 9465
18753 9351
18754 9515
18755 9381
18756 9436
18757 9290
18758 9383
18759 9221
18760 9382
18761 9339
18762 9418
18763 9347
18764 9357
18765 9384
18766 9343
18767 9300
18768 9365
18769 9225
18770 9290
18771 9310
18772 9384
18773 9396
18774 9301
18775 9394
18776 9428
18777 9369
18778 9433
18779 9378
18780 9308
18781 9354
18782 9302
18783 9367
18784 9386
18785 9367
18786 9398
18787 9413
18788 9356
18789 9311
18790 9443
18791 9364
18792 9455
18793 9458
18794 9434
18795 9461
18796 9403
18797 9356
18798 9387
18799 9351
18800 9391
18801 9399
18802 9425
18803 9400
18804 9371
18805 9405
18806 9482
18807 9356
18808 9366
18809 9509
18810 9411
18811 9302
18812 9411
18813 9294
18814 9325
18815 9403
18816 9409
18817 9350
18818 9546
18819 9509
18820 9333
18821 9538
18822 9406
18823 9339
18824 9542
18825 9392
18826 9431
18827 9470
18828 9345
18829 9321
18830 9411
18831 9342
18832 9345
18833 9406
18834 9557
18835 9528
18836 9359
18837 9459
18838 9515
18839 9483
18840 9525
18841 9311
18842 9383
18843 9303
18844 9404
18845 9322
18846 9361
18847 9377
18848 9385
18849 9468
18850 9512
18851 9404
18852 9457
18853 9334
18854 9442
18855 9393
18856 9469
18857 9438
18858 9440
18859 9448
18860 9478
18861 9460
18862 9461
18863 9365
18864 9497
18865 9353
18866 9433
18867 9443
18868 9408
18869 9409
18870 9438
18871 9398
18872 9431
18873 9449
18874 9325
18875 9528
18876 9371
18877 9511
18878 9340
18879 9513
18880 9304
18881 9346
18882 9360
18883 9512
18884 9450
18885 9513
18886 9353
18887 9457
18888 9310
18889 9510
18890 9381
18891 9448
18892 9413
18893 9384
18894 9360
18895 9485
18896 9570
18897 9505
18898 9345
18899 9566
18900 9566
18901 9586
18902 9375
18903 9498
18904 9502
18905 9510
18906 9477
18907 9330
18908 9462
18909 9421
18910 9386
18911 9350
18912 9410
18913 9580
18914 9475
18915 9471
18916 9506
18917 9330
18918 9426
18919 9498
18920 9533
18921 9389
18922 9401
18923 9368
18924 9304
18925 9486
18926 9504
18927 9399
18928 9524
18929 9479
18930 9488
18931 9510
18932 9443
18933 9386
18934 9449
18935 9428
18936 9442
18937 9453
18938 9413
18939 9391
18940 9428
18941 9491
18942 9420
18943 9392
18944 9477
18945 9270
18946 9356
18947 9517
18948 9401
18949 9508
18950 9502
18951 9429
18952 9520
18953 9522
18954 9342
18955 9437
18956 9497
18957 9496
18958 9432
18959 9365
18960 9454
18961 9447
18962 9320
18963 9445
18964 9461
18965 9537
18966 9628
18967 9385
18968 9457
18969 9472
18970 9556
18971 9436
18972 9554
18973 9383
18974 9449
18975 9307
18976 9411
18977 9418
18978 9556
18979 9551
18980 9504
18981 9612
18982 9564
18983 9580
18984 9444
18985 9528
18986 9550
18987 9462
18988 9531
18989 9476
18990 9442
18991 9384
18992 9387
18993 9505
18994 9357
18995 9427
18996 9495
18997 9486
18998 9473
18999 9537
19000 9412
19001 9514
19002 9431
19003 9535
19004 9385
19005 9621
19006 9454
19007 9468
19008 9429
19009 9467
19010 9560
19011 9474
19012 9500
19013 9490
19014 9496
19015 9655
19016 9485
19017 9691
19018 9478
19019 9480
19020 9394
19021 9626
19022 9409
19023 9377
19024 9504
19025 9575
19026 9430
19027 9586
19028 9573
19029 9526
19030 9509
19031 9450
19032 9624
19033 9439
19034 9558
19035 9452
19036 9486
19037 9633
19038 9554
19039 9570
19040 9612
19041 9495
19042 9514
19043 9448
19044 9379
19045 9454
19046 9522
19047 9631
19048 9634
19049 9412
19050 9494
19051 9551
19052 9498
19053 9652
19054 9408
19055 9516
19056 9494
19057 9450
19058 9515
19059 9517
19060 9598
19061 9529
19062 9562
19063 9421
19064 9533
19065 9475
19066 9503
19067 9622
19068 9398
19069 9622
19070 9535
19071 9536
19072 9431
19073 9473
19074 9518
19075 9545
19076 9534
19077 9565
19078 9605
19079 9632
19080 9485
19081 9561
19082 9546
19083 9537
19084 9640
19085 9526
19086 9651
19087 9440
19088 9585
19089 9473
19090 9514
19091 9675
19092 9546
19093 9485
19094 9554
19095 9578
19096 9507
19097 9555
19098 9488
19099 9611
19100 9548
19101 9565
19102 9589
19103 9634
19104 9510
19105 9605
19106 9580
19107 9495
19108 9534
19109 9424
19110 9476
19111 9518
19112 9568
19113 9472
19114 9535
19115 9544
19116 9531
19117 9619
19118 9610
19119 9638
19120 9600
19121 9681
19122 9642
19123 9551
19124 9584
19125 9514
19126 9607
19127 9527
19128 9601
19129 9714
19130 9582
19131 9478
19132 9556
19133 9518
19134 9569
19135 9651
19136 9562
19137 9661
19138 9565
19139 9570
19140 9649
19141 9533
19142 9584
19143 9673
19144 9426
19145 9569
19146 9563
19147 9542
19148 9529
19149 9468
19150 9673
19151 9438
19152 9568
19153 9624
19154 9628
19155 9640
19156 9654
19157 9576
19158 9722
19159 9442
19160 9561
19161 9581
19162 9557
19163 9503
19164 9586
19165 9578
19166 9713
19167 9676
19168 9653
19169 9544
19170 9495
19171 9512
19172 9540
19173 9576
19174 9582
19175 9538
19176 9579
19177 9531
19178 9635
19179 9561
19180 9637
19181 9663
19182 9503
19183 9736
19184 9591
19185 9675
19186 9522
19187 9522
19188 9555
19189 9634
19190 9522
19191 9522
19192 9434
19193 9636
19194 9648
19195 9603
19196 9630
19197 9588
19198 9633
19199 9571
19200 9548
19201 9648
19202 9641
19203 9551
19204 9598
19205 9488
19206 9575
19207 9660
19208 9689
19209 9501
19210 9615
19211 9611
19212 9466
19213 9486
19214 9569
19215 9575
19216 9623
19217 9660
19218 9622
19219 9558
19220 9638
19221 9644
19222 9643
19223 9478
19224 9657
19225 9679
19226 9650
19227 9594
19228 9501
19229 9534
19230 9647
19231 9712
19232 9556
19233 9559
19234 9685
19235 9637
19236 9609
19237 9565
19238 9567
19239 9688
19240 9547
19241 9571
19242 9578
19243 9598
19244 9622
19245 9522
19246 9463
19247 9628
19248 9503
19249 9636
19250 9673
19251 9577
19252 9554
19253 9781
19254 9619
19255 9491
19256 9758
19257 9470
19258 9633
19259 9616
19260 9673
19261 9740
19262 9654
19263 9643
19264 9580
19265 9512
19266 9732
19267 9683
19268 9690
19269 9695
19270 9617
19271 9594
19272 9625
19273 9586
19274 9681
19275 9568
19276 9636
19277 9528
19278 9525
19279 9580
19280 9656
19281 9606
19282 9683
19283 9700
19284 9583
19285 9631
19286 9557
19287 9750
19288 9599
19289 9656
19290 9561
19291 9527
19292 9731
19293 9640
19294 9661
19295 9563
19296 9632
19297 9730
19298 9575
19299 9653
19300 9612
19301 9667
19302 9607
19303 9634
19304 9791
19305 9640
19306 9616
19307 9811
19308 9721
19309 9651
19310 9677
19311 9687
19312 9585
19313 9708
19314 9569
19315 9742
19316 9591
19317 9636
19318 9688
19319 9738
19320 9685
19321 9511
19322 9686
19323 9524
19324 9757
19325 9599
19326 9637
19327 9679
19328 9583
19329 9676
19330 9651
19331 9727
19332 9471
19333 9603
19334 9680
19335 9693
19336 9574
19337 9642
19338 9805
19339 9748
19340 9575
19341 9767
19342 9688
19343 9643
19344 9676
19345 9783
19346 9602
19347 9801
19348 9727
19349 9717
19350 9705
19351 9632
19352 9639
19353 9632
19354 9660
19355 9660
19356 9574
19357 9714
19358 9602
19359 9558
19360 9663
19361 9637
19362 9748
19363 9644
19364 9637
19365 9639
19366 9654
19367 9716
19368 9656
19369 9587
19370 9734
19371 9645
19372 9601
19373 9824
19374 9714
19375 9583
19376 9572
19377 9660
19378 9660
19379 9707
19380 9679
19381 9716
19382 9693
19383 9533
19384 9828
19385 9647
19386 9695
19387 9661
19388 9697
19389 9726
19390 9750
19391 9669
19392 9542
19393 9679
19394 9649
19395 9729
19396 9718
19397 9561
19398 9706
19399 9742
19400 9697
19401 9765
19402 9752
19403 9806
19404 9758
19405 9717
19406 9583
19407 9699
19408 9767
19409 9769
19410 9718
19411 9581
19412 9682
19413 9728
19414 9691
19415 9720
19416 9704
19417 9649
19418 9595
19419 9593
19420 9627
19421 9634
19422 9602
19423 9631
19424 9748
19425 9671
19426 9628
19427 9600
19428 9670
19429 9654
19430 9736
19431 9780
19432 9736
19433 9698
19434 9707
19435 9759
19436 9760
19437 9787
19438 9611
19439 9628
19440 9687
19441 9752
19442 9692
19443 9543
19444 9797
19445 9675
19446 9751
19447 9735
19448 9753
19449 9714
19450 9600
19451 9789
19452 9739
19453 9775
19454 9726
19455 9790
19456 9584
19457 9644
19458 9653
19459 9733
19460 9758
19461 9629
19462 9575
19463 9687
19464 9688
19465 9693
19466 9683
19467 9683
19468 9748
19469 9795
19470 9718
19471 9696
19472 9789
19473 9688
19474 9659
19475 9661
19476 9750
19477 9760
19478 9762
19479 9690
19480 9842
19481 9779
19482 9674
19483 9787
19484 9805
19485 9723
19486 9653
19487 9704
19488 9771
19489 9759
19490 9734
19491 9725
19492 9685
19493 9640
19494 9788
19495 9695
19496 9680
19497 9816
19498 9641
19499 9677
19500 9655
19501 9649
19502 9706
19503 9769
19504 9740
19505 9944
19506 9684
19507 9872
19508 9661
19509 9859
19510 9671
19511 9601
19512 9837
19513 9753
19514 9834
19515 9763
19516 9784
19517 9704
19518 9654
19519 9791
19520 9641
19521 9676
19522 9678
19523 9782
19524 9665
19525 9654
19526 9769
19527 9784
19528 9717
19529 9801
19530 9729
19531 9706
19532 9695
19533 9768
19534 9801
19535 9867
19536 9723
19537 9855
19538 9671
19539 9767
19540 9758
19541 9742
19542 9832
19543 9814
19544 9839
19545 9777
19546 9726
19547 9804
19548 9715
19549 9659
19550 9822
19551 9826
19552 9913
19553 9755
19554 9766
19555 9768
19556 9796
19557 9857
19558 9764
19559 9811
19560 9774
19561 9784
19562 9878
19563 9775
19564 9765
19565 9818
19566 9781
19567 9742
19568 9750
19569 9825
19570 9901
19571 9746
19572 9812
19573 9682
19574 9762
19575 9800
19576 9698
19577 9826
19578 9729
19579 9922
19580 9621
19581 9844
19582 9753
19583 9784
19584 9692
19585 9836
19586 9773
19587 9715
19588 9801
19589 9776
19590 9818
19591 9741
19592 9723
19593 9740
19594 9902
19595 9867
19596 9748
19597 9758
19598 9722
19599 9863
19600 9749
19601 9801
19602 9798
19603 9899
19604 9866
19605 9678
19606 9725
19607 9690
19608 9733
19609 9896
19610 9748
19611 9905
19612 9782
19613 9827
19614 9956
19615 9879
19616 9831
19617 9769
19618 9753
19619 9793
19620 9871
19621 9810
19622 9767
19623 9830
19624 9917
19625 9772
19626 9825
19627 9866
19628 9816
19629 9908
19630 9783
19631 9789
19632 9944
19633 9916
19634 9827
19635 9832
19636 9737
19637 9923
19638 9710
19639 9794
19640 9748
19641 9760
19642 9927
19643 9817
19644 9722
19645 9849
19646 9713
19647 9716
19648 9860
19649 9648
19650 9892
19651 9821
19652 9867
19653 9780
19654 9950
19655 9856
19656 9817
19657 9758
19658 9972
19659 9898
19660 9810
19661 9823
19662 9902
19663 9866
19664 9874
19665 9744
19666 9796
19667 9719
19668 9770
19669 9865
19670 9827
19671 9736
19672 9887
19673 9915
19674 9826
19675 9843
19676 9922
19677 9843
19678 9817
19679 9706
19680 9805
19681 9732
19682 9787
19683 9842
19684 9812
19685 9870
19686 9933
19687 10017
19688 9804
19689 9791
19690 9792
19691 9830
19692 9750
19693 9854
19694 9832
19695 9823
19696 9711
19697 9870
19698 9921
19699 9889
19700 9825
19701 9902
19702 9874
19703 9883
19704 9965
19705 9892
19706 9774
19707 9964
19708 9874
19709 9812
19710 9874
19711 9779
19712 9760
19713 9833
19714 9858
19715 9800
19716 9814
19717 9821
19718 9840
19719 9864
19720 9863
19721 9862
19722 9887
19723 9869
19724 9817
19725 9774
19726 9823
19727 9904
19728 9773
19729 9864
19730 9710
19731 9935
19732 9813
19733 9927
19734 9869
19735 9742
19736 9805
19737 9922
19738 9878
19739 9769
19740 9993
19741 9932
19742 9885
19743 9917
19744 9823
19745 9865
19746 9859
19747 9841
19748 9916
19749 9972
19750 9676
19751 9741
19752 10049
19753 9862
19754 9816
19755 10112
19756 9937
19757 9931
19758 9837
19759 9832
19760 9772
19761 9896
19762 9836
19763 9892
19764 9935
19765 9978
19766 9861
19767 9979
19768 9910
19769 9937
19770 9739
19771 9974
19772 9906
19773 9890
19774 9901
19775 9912
19776 9883
19777 9935
19778 9864
19779 9854
19780 9899
19781 9815
19782 9924
19783 9855
19784 9894
19785 9941
19786 9829
19787 9872
19788 9984
19789 9861
19790 9890
19791 9796
19792 9902
19793 9923
19794 9862
19795 9857
19796 9909
19797 9852
19798 9825
19799 9837
19800 9841
19801 9848
19802 9822
19803 9843
19804 9909
19805 9896
19806 9816
19807 9910
19808 9886
19809 9951
19810 9923
19811 9862
19812 9913
19813 9842
19814 9955
19815 9919
19816 9934
19817 9879
19818 9933
19819 10012
19820 9822
19821 10000
19822 9917
19823 10012
19824 9922
19825 9864
19826 9872
19827 9850
19828 9865
19829 9835
19830 9983
19831 9855
19832 9852
19833 9904
19834 9946
19835 10015
19836 9853
19837 10013
19838 9862
19839 9820
19840 9931
19841 10027
19842 9941
19843 9862
19844 9883
19845 9968
19846 9877
19847 9946
19848 9875
19849 9897
19850 9880
19851 9901
19852 9912
19853 9883
19854 9970
19855 9921
19856 9915
19857 10013
19858 9898
19859 9971
19860 9981
19861 9992
19862 9707
19863 9909
19864 9959
19865 9976
19866 9962
19867 9866
19868 10000
19869 9938
19870 9850
19871 9971
19872 9885
19873 9903
19874 9861
19875 10051
19876 9875
19877 9968
19878 9875
19879 9928
19880 10005
19881 9885
19882 10066
19883 9823
19884 10077
19885 9900
19886 9960
19887 9852
19888 9941
19889 10021
19890 9960
19891 9942
19892 9973
19893 9992
19894 9950
19895 9978
19896 9918
19897 9812
19898 9897
19899 9839
19900 9966
19901 10016
19902 9877
19903 9986
19904 9910
19905 9925
19906 9853
19907 9911
19908 10047
19909 9847
19910 9960
19911 9800
19912 9848
19913 10077
19914 9957
19915 9882
19916 9971
19917 9898
19918 9848
19919 9950
19920 10014
19921 9903
19922 10033
19923 9887
19924 10127
19925 9956
19926 10002
19927 9819
19928 9886
19929 9772
19930 10075
19931 9962
19932 9853
19933 9893
19934 9981
19935 10036
19936 10007
19937 9979
19938 10011
19939 9898
19940 9892
19941 9890
19942 9899
19943 10095
19944 9953
19945 9982
19946 10078
19947 9941
19948 9974
19949 10036
19950 10012
19951 10091
19952 9864
19953 9926
19954 10023
19955 9874
19956 9900
19957 9996
19958 9926
19959 9989
19960 9904
19961 9880
19962 9935
19963 10026
19964 10004
19965 9993
19966 9947
19967 9977
19968 10008
19969 10084
19970 10013
19971 10086
19972 9928
19973 10001
19974 9921
19975 9943
19976 9945
19977 10001
19978 9907
19979 9929
19980 10058
19981 9966
19982 9976
19983 9844
19984 10020
19985 9864
19986 10003
19987 9936
19988 10007
19989 9943
19990 9960
19991 10088
19992 9922
19993 9962
19994 9998
19995 9929
19996 10022
19997 9988
19998 9995
19999 9993
20000 9962
20001 9976
20002 10037
20003 9864
20004 10083
20005 9874
20006 9855
20007 9999
20008 10098
20009 10043
20010 10054
20011 9991
20012 10059
20013 10006
20014 10033
20015 10025
20016 9907
20017 10080
20018 9944
20019 9971
20020 10062
20021 10066
20022 9952
20023 9909
20024 9923
20025 10002
20026 9973
20027 10090
20028 10043
20029 9952
20030 10055
20031 9999
20032 10045
20033 10048
20034 9985
20035 10107
20036 10005
20037 10069
20038 9924
20039 10037
20040 10012
20041 10129
20042 10048
20043 9777
20044 9972
20045 9879
20046 10033
20047 9816
20048 9978
20049 9978
20050 10044
20051 9973
20052 9883
20053 10002
20054 9975
20055 10080
20056 9877
20057 10005
20058 9948
20059 10058
20060 10107
20061 10018
20062 9973
20063 10035
20064 9939
20065 9989
20066 10029
20067 10123
20068 10029
20069 9995
20070 9912
20071 10043
20072 10022
20073 10040
20074 10120
20075 10086
20076 9973
20077 9878
20078 10067
20079 10030
20080 10064
20081 9982
20082 10016
20083 10106
20084 10074
20085 10022
20086 10174
20087 10025
20088 10021
20089 10122
20090 9990
20091 10005
20092 10084
20093 10052
20094 10075
20095 10006
20096 10220
20097 10081
20098 10050
20099 9900
20100 10199
20101 10040
20102 10173
20103 10015
20104 10017
20105 9899
20106 10137
20107 9963
20108 9999
20109 10128
20110 10041
20111 10048
20112 10133
20113 9929
20114 9936
20115 10008
20116 10033
20117 10165
20118 9990
20119 9901
20120 10085
20121 10037
20122 10054
20123 10144
20124 9992
20125 10142
20126 10136
20127 10105
20128 10074
20129 10027
20130 10059
20131 10146
20132 9958
20133 10021
20134 10011
20135 9965
20136 10044
20137 10124
20138 10020
20139 10120
20140 10082
20141 10153
20142 10113
20143 10135
20144 9973
20145 10067
20146 10036
20147 10081
20148 10068
20149 10048
20150 9997
20151 10151
20152 10100
20153 10069
20154 9983
20155 10019
20156 10126
20157 10026
20158 10049
20159 10088
20160 10207
20161 10071
20162 10029
20163 9998
20164 10080
20165 10178
20166 10033
20167 9967
20168 10095
20169 10030
20170 10075
20171 9980
20172 10108
20173 10076
20174 10103
20175 9978
20176 10144
20177 9993
20178 9996
20179 10040
20180 10057
20181 10107
20182 10111
20183 10188
20184 10091
20185 10145
20186 10066
20187 10105
20188 10040
20189 9962
20190 10084
20191 10127
20192 10081
20193 10169
20194 10057
20195 10023
20196 10006
20197 10111
20198 10069
20199 10178
20200 10116
20201 10128
20202 10178
20203 10032
20204 10027
20205 10133
20206 10072
20207 10133
20208 10034
20209 10083
20210 10206
20211 10163
20212 10090
20213 10155
20214 10146
20215 10210
20216 10209
20217 10256
20218 10096
20219 10143
20220 10063
20221 10026
20222 10049
20223 9988
20224 10052
20225 10094
20226 10109
20227 9980
20228 10087
20229 10125
20230 10042
20231 10124
20232 10083
20233 10010
20234 10156
20235 9981
20236 10110
20237 10150
20238 10239
20239 10173
20240 10063
20241 10133
20242 10047
20243 10010
20244 9991
20245 10021
20246 10171
20247 10183
20248 10122
20249 10116
20250 9872
20251 10067
20252 10120
20253 9954
20254 10182
20255 10197
20256 10137
20257 10117
20258 10111
20259 10250
20260 10115
20261 10210
20262 10218
20263 10155
20264 10111
20265 9986
20266 10090
20267 10145
20268 10137
20269 10158
20270 10122
20271 10063
20272 10273
20273 10138
20274 10243
20275 10199
20276 10110
20277 10128
20278 10136
20279 10213
20280 10118
20281 10083
20282 10020
20283 10279
20284 10155
20285 10212
20286 10063
20287 10041
20288 10170
20289 10170
20290 10098
20291 10127
20292 10175
20293 10206
20294 10209
20295 10250
20296 10109
20297 10060
20298 10094
20299 10120
20300 10198
20301 10173
20302 10156
20303 10154
20304 10285
20305 10188
20306 10080
20307 10108
20308 10104
20309 10222
20310 10124
20311 10217
20312 10169
20313 10236
20314 10201
20315 10254
20316 10050
20317 10162
20318 10115
20319 10215
20320 10348
20321 10270
20322 10165
20323 10147
20324 10096
20325 10111
20326 10092
20327 10234
20328 10156
20329 10123
20330 10235
20331 10050
20332 10198
20333 10134
20334 10216
20335 10162
20336 10216
20337 10200
20338 10169
20339 10175
20340 10118
20341 10255
20342 10259
20343 10129
20344 10295
20345 10198
20346 10273
20347 10270
20348 10185
20349 10285
20350 10149
20351 10203
20352 10098
20353 10205
20354 10289
20355 10201
20356 10175
20357 10150
20358 10044
20359 10101
20360 10163
20361 10288
20362 10234
20363 10150
20364 10024
20365 10167
20366 10195
20367 10237
20368 10150
20369 10048
20370 10096
20371 10184
20372 10181
20373 10193
20374 10234
20375 10064
20376 10193
20377 10121
20378 10126
20379 10237
20380 10207
20381 10167
20382 10255
20383 10166
20384 10150
20385 10262
20386 10232
20387 10224
20388 10265
20389 10212
20390 10120
20391 10171
20392 10174
20393 10169
20394 10221
20395 10198
20396 10259
20397 10111
20398 10276
20399 10179
20400 10308
20401 10110
20402 10140
20403 10283
20404 10288
20405 10121
20406 10112
20407 10182
20408 10221
20409 10192
20410 10153
20411 10188
20412 10247
20413 10256
20414 10180
20415 10356
20416 10210
20417 10260
20418 10238
20419 10123
20420 10180
20421 10161
20422 10348
20423 10322
20424 10147
20425 10255
20426 10224
20427 10072
20428 10291
20429 10243
20430 10219
20431 10251
20432 10199
20433 10151
20434 10108
20435 10244
20436 10237
20437 10150
20438 10191
20439 10130
20440 10262
20441 10173
20442 10176
20443 9985
20444 10367
20445 10379
20446 10262
20447 10234
20448 10281
20449 10310
20450 10146
20451 10177
20452 10194
20453 10162
20454 10101
20455 10312
20456 10279
20457 10246
20458 10241
20459 10179
20460 10229
20461 10289
20462 10273
20463 10076
20464 10190
20465 10235
20466 10266
20467 10327
20468 10159
20469 10295
20470 10264
20471 10301
20472 10210
20473 10264
20474 10204
20475 10227
20476 10209
20477 10144
20478 10249
20479 10175
20480 10284
20481 10236
20482 10302
20483 10144
20484 10286
20485 10221
20486 10400
20487 10278
20488 10259
20489 10330
20490 10244
20491 10194
20492 10307
20493 10341
20494 10203
20495 10135
20496 10219
20497 10244
20498 10216
20499 10099
20500 10265
20501 10232
20502 10155
20503 10219
20504 10325
20505 10194
20506 10227
20507 10328
20508 10306
20509 10368
20510 10249
20511 10255
20512 10361
20513 10271
20514 10270
20515 10151
20516 10220
20517 10314
20518 10192
20519 10125
20520 10298
20521 10309
20522 10266
20523 10332
20524 10188
20525 10166
20526 10237
20527 10306
20528 10240
20529 10204
20530 10246
20531 10302
20532 10286
20533 10213
20534 10288
20535 10283
20536 10401
20537 10279
20538 10227
20539 10257
20540 10328
20541 10410
20542 10231
20543 10341
20544 10256
20545 10267
20546 10176
20547 10280
20548 10211
20549 10216
20550 10187
20551 10306
20552 10234
20553 10221
20554 10179
20555 10237
20556 10261
20557 10252
20558 10341
20559 10204
20560 10353
20561 10323
20562 10199
20563 10177
20564 10195
20565 10271
20566 10380
20567 10200
20568 10356
20569 10418
20570 10265
20571 10257
20572 10393
20573 10162
20574 10310
20575 10242
20576 10355
20577 10167
20578 10347
20579 10449
20580 10401
20581 10173
20582 10147
20583 10370
20584 10214
20585 10318
20586 10272
20587 10307
20588 10278
20589 10421
20590 10329
20591 10231
20592 10309
20593 10357
20594 10212
20595 10269
20596 10295
20597 10204
20598 10277
20599 10268
20600 10232
20601 10383
20602 10256
20603 10342
20604 10249
20605 10353
20606 10409
20607 10158
20608 10347
20609 10407
20610 10279
20611 10228
20612 10369
20613 10333
20614 10329
20615 10211
20616 10340
20617 10341
20618 10353
20619 10186
20620 10275
20621 10431
20622 10153
20623 10321
20624 10318
20625 10324
20626 10151
20627 10342
20628 10327
20629 10215
20630 10333
20631 10286
20632 10259
20633 10350
20634 10246
20635 10421
20636 10347
20637 10322
20638 10293
20639 10308
20640 10309
20641 10375
20642 10389
20643 10233
20644 10236
20645 10378
20646 10308
20647 10257
20648 10399
20649 10331
20650 10195
20651 10275
20652 10402
20653 10294
20654 10271
20655 10354
20656 10332
20657 10284
20658 10375
20659 10327
20660 10371
20661 10229
20662 10343
20663 10268
20664 10247
20665 10219
20666 10261
20667 10436
20668 10344
20669 10368
20670 10384
20671 10376
20672 10260
20673 10410
20674 10339
20675 10307
20676 10328
20677 10406
20678 10430
20679 10318
20680 10249
20681 10166
20682 10183
20683 10285
20684 10403
20685 10302
20686 10278
20687 10327
20688 10352
20689 10318
20690 10413
20691 10276
20692 10379
20693 10358
20694 10226
20695 10323
20696 10312
20697 10395
20698 10400
20699 10463
20700 10373
20701 10377
20702 10273
20703 10393
20704 10344
20705 10435
20706 10300
20707 10406
20708 10277
20709 10305
20710 10429
20711 10464
20712 10381
20713 10343
20714 10375
20715 10283
20716 10334
20717 10359
20718 10325
20719 10496
20720 10401
20721 10411
20722 10342
20723 10460
20724 10346
20725 10337
20726 10256
20727 10460
20728 10335
20729 10495
20730 10271
20731 10399
20732 10374
20733 10444
20734 10410
20735 10358
20736 10379
20737 10337
20738 10471
20739 10316
20740 10354
20741 10353
20742 10441
20743 10358
20744 10347
20745 10319
20746 10288
20747 10223
20748 10363
20749 10339
20750 10341
20751 10539
20752 10465
20753 10392
20754 10401
20755 10296
20756 10272
20757 10312
20758 10551
20759 10234
20760 10388
20761 10346
20762 10455
20763 10525
20764 10343
20765 10247
20766 10361
20767 10375
20768 10348
20769 10412
20770 10401
20771 10317
20772 10350
20773 10443
20774 10393
20775 10340
20776 10505
20777 10439
20778 10395
20779 10391
20780 10423
20781 10422
20782 10419
20783 10303
20784 10482
20785 10320
20786 10506
20787 10438
20788 10417
20789 10472
20790 10346
20791 10474
20792 10429
20793 10325
20794 10443
20795 10467
20796 10319
20797 10370
20798 10424
20799 10454
20800 10352
20801 10381
20802 10472
20803 10311
20804 10245
20805 10331
20806 10518
20807 10387
20808 10318
20809 10511
20810 10319
20811 10241
20812 10347
20813 10319
20814 10521
20815 10272
20816 10416
20817 10360
20818 10441
20819 10358
20820 10430
20821 10457
20822 10436
20823 10413
20824 10511
20825 10350
20826 10315
20827 10269
20828 10276
20829 10352
20830 10462
20831 10333
20832 10376
20833 10451
20834 10453
20835 10479
20836 10463
20837 10459
20838 10484
20839 10400
20840 10341
20841 10514
20842 10437
20843 10469
20844 10362
20845 10475
20846 10672
20847 10367
20848 10393
20849 10412
20850 10383
20851 10508
20852 10333
20853 10325
20854 10397
20855 10353
20856 10436
20857 10449
20858 10419
20859 10396
20860 10462
20861 10522
20862 10432
20863 10453
20864 10457
20865 10438
20866 10441
20867 10489
20868 10491
20869 10417
20870 10477
20871 10522
20872 10450
20873 10400
20874 10473
20875 10550
20876 10602
20877 10475
20878 10417
20879 10427
20880 10450
20881 10450
20882 10457
20883 10471
20884 10430
20885 10481
20886 10398
20887 10540
20888 10476
20889 10351
20890 10429
20891 10513
20892 10537
20893 10521
20894 10379
20895 10454
20896 10369
20897 10392
20898 10360
20899 10503
20900 10616
20901 10450
20902 10634
20903 10448
20904 10463
20905 10560
20906 10630
20907 10411
20908 10483
20909 10448
20910 10462
20911 10540
20912 10565
20913 10381
20914 10454
20915 10312
20916 10458
20917 10508
20918 10451
20919 10548
20920 10585
20921 10471
20922 10335
20923 10623
20924 10524
20925 10422
20926 10455
20927 10549
20928 10481
20929 10392
20930 10411
20931 10423
20932 10428
20933 10378
20934 10385
20935 10528
20936 10631
20937 10334
20938 10384
20939 10439
20940 10498
20941 10488
20942 10374
20943 10611
20944 10439
20945 10485
20946 10393
20947 10466
20948 10472
20949 10493
20950 10385
20951 10572
20952 10433
20953 10462
20954 10490
20955 10626
20956 10408
20957 10560
20958 10360
20959 10537
20960 10503
20961 10491
20962 10554
20963 10531
20964 10309
20965 10582
20966 10481
20967 10457
20968 10523
20969 10377
20970 10440
20971 10422
20972 10491
20973 10498
20974 10573
20975 10606
20976 10471
20977 10520
20978 10284
20979 10436
20980 10593
20981 10566
20982 10487
20983 10443
20984 10512
20985 10469
20986 10403
20987 10487
20988 10552
20989 10522
20990 10518
20991 10481
20992 10539
20993 10421
20994 10557
20995 10504
20996 10555
20997 10452
20998 10574
20999 10526
21000 10530
21001 10437
21002 10417
21003 10488
21004 10437
21005 10452
21006 10567
21007 10534
21008 10462
21009 10412
21010 10512
21011 10522
21012 10503
21013 10444
21014 10431
21015 10639
21016 10358
21017 10566
21018 10371
21019 10622
21020 10393
21021 10480
21022 10650
21023 10473
21024 10487
21025 10389
21026 10541
21027 10341
21028 10451
21029 10484
21030 10537
21031 10506
21032 10429
21033 10462
21034 10483
21035 10624
21036 10485
21037 10527
21038 10528
21039 10549
21040 10543
21041 10470
21042 10604
21043 10570
21044 10554
21045 10615
21046 10459
21047 10541
21048 10567
21049 10569
21050 10486
21051 10597
21052 10559
21053 10441
21054 10433
21055 10539
21056 10335
21057 10348
21058 10400
21059 10553
21060 10435
21061 10446
21062 10595
21063 10521
21064 10494
21065 10633
21066 10386
21067 10646
21068 10481
21069 10601
21070 10486
21071 10529
21072 10512
21073 10605
21074 10500
21075 10515
21076 10532
21077 10548
21078 10670
21079 10471
21080 10572
21081 10552
21082 10524
21083 10616
21084 10589
21085 10552
21086 10670
21087 10608
21088 10564
21089 10387
21090 10560
21091 10483
21092 10519
21093 10507
21094 10659
21095 10520
21096 10531
21097 10557
21098 10569
21099 10543
21100 10561
21101 10444
21102 10522
21103 10514
21104 10318
21105 10426
21106 10568
21107 10572
21108 10478
21109 10373
21110 10472
21111 10579
21112 10574
21113 10615
21114 10563
21115 10557
21116 10559
21117 10634
21118 10490
21119 10587
21120 10604
21121 10571
21122 10551
21123 10457
21124 10451
21125 10643
21126 10515
21127 10584
21128 10500
21129 10634
21130 10550
21131 10464
21132 10633
21133 10493
21134 10602
21135 10553
21136 10533
21137 10491
21138 10439
21139 10629
21140 10511
21141 10559
21142 10592
21143 10572
21144 10484
21145 10663
21146 10572
21147 10537
21148 10454
21149 10651
21150 10622
21151 10651
21152 10631
21153 10632
21154 10566
21155 10565
21156 10466
21157 10589
21158 10657
21159 10565
21160 10516
21161 10540
21162 10508
21163 10562
21164 10589
21165 10545
21166 10435
21167 10625
21168 10664
21169 10598
21170 10469
21171 10515
21172 10549
21173 10644
21174 10616
21175 10558
21176 10553
21177 10527
21178 10714
21179 10516
21180 10586
21181 10557
21182 10621
21183 10580
21184 10527
21185 10496
21186 10581
21187 10536
21188 10492
21189 10635
21190 10484
21191 10604
21192 10685
21193 10551
21194 10590
21195 10589
21196 10573
21197 10514
21198 10669
21199 10574
21200 10594
21201 10638
21202 10603
21203 10716
21204 10627
21205 10585
21206 10611
21207 10620
21208 10485
21209 10598
21210 10533
21211 10543
21212 10630
21213 10643
21214 10628
21215 10560
21216 10551
21217 10551
21218 10605
21219 10526
21220 10612
21221 10564
21222 10598
21223 10597
21224 10683
21225 10707
21226 10589
21227 10549
21228 10481
21229 10725
21230 10716
21231 10580
21232 10602
21233 10696
21234 10697
21235 10598
21236 10594
21237 10646
21238 10637
21239 10496
21240 10605
21241 10706
21242 10705
21243 10590
21244 10676
21245 10640
21246 10621
21247 10626
21248 10600
21249 10666
21250 10628
21251 10638
21252 10589
21253 10669
21254 10786
21255 10628
21256 10489
21257 10552
21258 10664
21259 10466
21260 10727
21261 10635
21262 10580
21263 10633
21264 10632
21265 10670
21266 10591
21267 10760
21268 10623
21269 10541
21270 10639
21271 10587
21272 10465
21273 10638
21274 10745
21275 10620
21276 10681
21277 10710
21278 10764
21279 10598
21280 10656
21281 10714
21282 10604
21283 10712
21284 10644
21285 10567
21286 10617
21287 10694
21288 10492
21289 10640
21290 10670
21291 10587
21292 10716
21293 10613
21294 10867
21295 10644
21296 10585
21297 10670
21298 10705
21299 10640
21300 10768
21301 10596
21302 10717
21303 10664
21304 10635
21305 10627
21306 10627
21307 10635
21308 10636
21309 10658
21310 10598
21311 10741
21312 10643
21313 10616
21314 10553
21315 10572
21316 10610
21317 10638
21318 10635
21319 10720
21320 10666
21321 10624
21322 10667
21323 10736
21324 10732
21325 10592
21326 10564
21327 10655
21328 10650
21329 10547
21330 10674
21331 10680
21332 10664
21333 10706
21334 10597
21335 10709
21336 10744
21337 10596
21338 10667
21339 10701
21340 10539
21341 10699
21342 10751
21343 10549
21344 10666
21345 10794
21346 10632
21347 10626
21348 10617
21349 10666
21350 10595
21351 10725
21352 10750
21353 10652
21354 10678
21355 10658
21356 10562
21357 10637
21358 10602
21359 10729
21360 10577
21361 10729
21362 10679
21363 10653
21364 10683
21365 10721
21366 10809
21367 10711
21368 10685
21369 10720
21370 10542
21371 10691
21372 10685
21373 10608
21374 10653
21375 10660
21376 10785
21377 10687
21378 10681
21379 10683
21380 10472
21381 10791
21382 10737
21383 10713
21384 10691
21385 10737
21386 10641
21387 10669
21388 10682
21389 10709
21390 10699
21391 10628
21392 10714
21393 10623
21394 10707
21395 10675
21396 10749
21397 10638
21398 10660
21399 10677
21400 10774
21401 10741
21402 10602
21403 10810
21404 10749
21405 10592
21406 10774
21407 10626
21408 10609
21409 10768
21410 10761
21411 10747
21412 10690
21413 10727
21414 10765
21415 10640
21416 10757
21417 10748
21418 10684
21419 10522
21420 10817
21421 10539
21422 10689
21423 10745
21424 10699
21425 10770
21426 10708
21427 10706
21428 10576
21429 10770
21430 10793
21431 10522
21432 10699
21433 10859
21434 10682
21435 10752
21436 10722
21437 10529
21438 10701
21439 10776
21440 10640
21441 10811
21442 10801
21443 10724
21444 10655
21445 10720
21446 10683
21447 10719
21448 10685
21449 10699
21450 10797
21451 10759
21452 10810
21453 10800
21454 10797
21455 10604
21456 10769
21457 10588
21458 10825
21459 10728
21460 10899
21461 10587
21462 10804
21463 10641
21464 10637
21465 10728
21466 10706
21467 10857
21468 10735
21469 10707
21470 10677
21471 10721
21472 10747
21473 10695
21474 10692
21475 10743
21476 10636
21477 10711
21478 10737
21479 10694
21480 10764
21481 10769
21482 10609
21483 10750
21484 10721
21485 10747
21486 10713
21487 10614
21488 10682
21489 10818
21490 10792
21491 10812
21492 10743
21493 10762
21494 10666
21495 10855
21496 10827
21497 10784
21498 10773
21499 10700
21500 10706
21501 10757
21502 10791
21503 10873
21504 10642
21505 10734
21506 10808
21507 10796
21508 10717
21509 10743
21510 10664
21511 10895
21512 10685
21513 10912
21514 10614
21515 10778
21516 10793
21517 10743
21518 10789
21519 10732
21520 10805
21521 10707
21522 10842
21523 10714
21524 10764
21525 10730
21526 10844
21527 10726
21528 10766
21529 10613
21530 10812
21531 10746
21532 10698
21533 10749
21534 10723
21535 10784
21536 10720
21537 10765
21538 10754
21539 10681
21540 10700
21541 10802
21542 10757
21543 10803
21544 10748
21545 10896
21546 10782
21547 10800
21548 10695
21549 10847
21550 10792
21551 10682
21552 10620
21553 10751
21554 10732
21555 10807
21556 10833
21557 10736
21558 10819
21559 10781
21560 10673
21561 10783
21562 10882
21563 10660
21564 10804
21565 10743
21566 10795
21567 10819
21568 10754
21569 10808
21570 10907
21571 10745
21572 10858
21573 10858
21574 10801
21575 10843
21576 10750
21577 10761
21578 10669
21579 10837
21580 10883
21581 10664
21582 10804
21583 10738
21584 10771
21585 10896
21586 10839
21587 10683
21588 10774
21589 10649
21590 10693
21591 10741
21592 10712
21593 10808
21594 10743
21595 10910
21596 10873
21597 10782
21598 10791
21599 10817
21600 10904
21601 10753
21602 10909
21603 10684
21604 10858
21605 10693
21606 10759
21607 10775
21608 10837
21609 10811
21610 10872
21611 10749
21612 10958
21613 10780
21614 10860
21615 10712
21616 10623
21617 10911
21618 10890
21619 10777
21620 10848
21621 10691
21622 10842
21623 10844
21624 10820
21625 10814
21626 10714
21627 10777
21628 10820
21629 10858
21630 10750
21631 10807
21632 10740
21633 10753
21634 10838
21635 10755
21636 10947
21637 10773
21638 10829
21639 10695
21640 10765
21641 10860
21642 10785
21643 10751
21644 10700
21645 10839
21646 10823
21647 10785
21648 10806
21649 10826
21650 10948
21651 10655
21652 10748
21653 10792
21654 10847
21655 10758
21656 10856
21657 10841
21658 10824
21659 10948
21660 10794
21661 10790
21662 10838
21663 10861
21664 10855
21665 10797
21666 10844
21667 10737
21668 11004
21669 10757
21670 10798
21671 10906
21672 10849
21673 10818
21674 10608
21675 10934
21676 10759
21677 10770
21678 10785
21679 10927
21680 10919
21681 10736
21682 10945
21683 10816
21684 10914
21685 10832
21686 10827
21687 10731
21688 10829
21689 10893
21690 10855
21691 10890
21692 10852
21693 10902
21694 10830
21695 10912
21696 10793
21697 10817
21698 10863
21699 10882
21700 10683
21701 10825
21702 10937
21703 10956
21704 10783
21705 10962
21706 10949
21707 10810
21708 10887
21709 10833
21710 10873
21711 10771
21712 10793
21713 10894
21714 10873
21715 10915
21716 10881
21717 10841
21718 10830
21719 10925
21720 10823
21721 10959
21722 10743
21723 10827
21724 10897
21725 10859
21726 10880
21727 10944
21728 10882
21729 10879
21730 10884
21731 10948
21732 10863
21733 10833
21734 10820
21735 10869
21736 10798
21737 10804
21738 10930
21739 10603
21740 10861
21741 10840
21742 10923
21743 10804
21744 10842
21745 10748
21746 10930
21747 10784
21748 10854
21749 10905
21750 10720
21751 10790
21752 11010
21753 10874
21754 10890
21755 10943
21756 10936
21757 10896
21758 10789
21759 10843
21760 10849
21761 10869
21762 10765
21763 10775
21764 10888
21765 10875
21766 10750
21767 10865
21768 10935
21769 10937
21770 10843
21771 10934
21772 10920
21773 10853
21774 10826
21775 10874
21776 10790
21777 10832
21778 10796
21779 10823
21780 10886
21781 10999
21782 10881
21783 10892
21784 11019
21785 10917
21786 10827
21787 10730
21788 10926
21789 10775
21790 10872
21791 10927
21792 10884
21793 10906
21794 10953
21795 10781
21796 11008
21797 10824
21798 10829
21799 10859
21800 10911
21801 10960
21802 10888
21803 10936
21804 10933
21805 10963
21806 10968
21807 10893
21808 10888
21809 10853
21810 10910
21811 10867
21812 10807
21813 11024
21814 10978
21815 10833
21816 10795
21817 10910
21818 10756
21819 10862
21820 10901
21821 10857
21822 10787
21823 10902
21824 10958
21825 10950
21826 10896
21827 10852
21828 11015
21829 10891
21830 10910
21831 11024
21832 11001
21833 10988
21834 10986
21835 10932
21836 10975
21837 10802
21838 10881
21839 10948
21840 10971
21841 11002
21842 10806
21843 10935
21844 10982
21845 10916
21846 10953
21847 10830
21848 10899
21849 10813
21850 10971
21851 10856
21852 10823
21853 11069
21854 10969
21855 10959
21856 10875
21857 11016
21858 10964
21859 11031
21860 10861
21861 10834
21862 11034
21863 10886
21864 10911
21865 10798
21866 10917
21867 10893
21868 10971
21869 11036
21870 10948
21871 10882
21872 10901
21873 10846
21874 10972
21875 10805
21876 10907
21877 11000
21878 10945
21879 11006
21880 10961
21881 11001
21882 10896
21883 10879
21884 10963
21885 10950
21886 11047
21887 10983
21888 10941
21889 11025
21890 11004
21891 10961
21892 10873
21893 10875
21894 10940
21895 10993
21896 10951
21897 11041
21898 11020
21899 10862
21900 10956
21901 11004
21902 10910
21903 10969
21904 10878
21905 10885
21906 11027
21907 10990
21908 10904
21909 11006
21910 10903
21911 11043
21912 10887
21913 11038
21914 10935
21915 10920
21916 10944
21917 10862
21918 10950
21919 10971
21920 10885
21921 10990
21922 11025
21923 11036
21924 10908
21925 10973
21926 10945
21927 11106
21928 10977
21929 11009
21930 10892
21931 10770
21932 11009
21933 10936
21934 11015
21935 11044
21936 10971
21937 10920
21938 11106
21939 10835
21940 11098
21941 11133
21942 11009
21943 10862
21944 10950
21945 11012
21946 11007
21947 10967
21948 11065
21949 10918
21950 10891
21951 10886
21952 10940
21953 10949
21954 11024
21955 11006
21956 10957
21957 10820
21958 11053
21959 11092
21960 11119
21961 10992
21962 10878
21963 10952
21964 10809
21965 11001
21966 10972
21967 10990
21968 11006
21969 10911
21970 10941
21971 10948
21972 10965
21973 10936
21974 10933
21975 10995
21976 10910
21977 10960
21978 10981
21979 10974
21980 10985
21981 10933
21982 11140
21983 10981
21984 11033
21985 11011
21986 10979
21987 10944
21988 11036
21989 11045
21990 10981
21991 11052
21992 11041
21993 11113
21994 11077
21995 11105
21996 10884
21997 10981
21998 10956
21999 11032
22000 10995
22001 11076
22002 11063
22003 10876
22004 11010
22005 10965
22006 11009
22007 11027
22008 11064
22009 11051
22010 11028
22011 11100
22012 11059
22013 11058
22014 11005
22015 10986
22016 10958
22017 11069
22018 10869
22019 10985
22020 11175
22021 10968
22022 10914
22023 11021
22024 10988
22025 10810
22026 10961
22027 11007
22028 11025
22029 10957
22030 11040
22031 11018
22032 11160
22033 11033
22034 11060
22035 11013
22036 11075
22037 10949
22038 10880
22039 11046
22040 11040
22041 10990
22042 11025
22043 11019
22044 11077
22045 11041
22046 10984
22047 11066
22048 11159
22049 10923
22050 10922
22051 11021
22052 11046
22053 10985
22054 10874
22055 10990
22056 11039
22057 10998
22058 10998
22059 10955
22060 11077
22061 11026
22062 10926
22063 10998
22064 10955
22065 11020
22066 11040
22067 11031
22068 10979
22069 11055
22070 11100
22071 11066
22072 11036
22073 11041
22074 11180
22075 10975
22076 11117
22077 11051
22078 10917
22079 10983
22080 11048
22081 11039
22082 10943
22083 11021
22084 11113
22085 10844
22086 11063
22087 11118
22088 11046
22089 11026
22090 11128
22091 11097
22092 11042
22093 10929
22094 10957
22095 11044
22096 11054
22097 10954
22098 11021
22099 10988
22100 10988
22101 11058
22102 10996
22103 11014
22104 11083
22105 11145
22106 11065
22107 11081
22108 10972
22109 11071
22110 11075
22111 11172
22112 10901
22113 11082
22114 11028
22115 11015
22116 11001
22117 10965
22118 11052
22119 11042
22120 11172
22121 11018
22122 11017
22123 11183
22124 10990
22125 10986
22126 10972
22127 10844
22128 11196
22129 11123
22130 11004
22131 11016
22132 11025
22133 11025
22134 11097
22135 11067
22136 11126
22137 11034
22138 11113
22139 11039
22140 11236
22141 11099
22142 11080
22143 11100
22144 10941
22145 11052
22146 11111
22147 10919
22148 11147
22149 11164
22150 11051
22151 11054
22152 11004
22153 11025
22154 11027
22155 11047
22156 11157
22157 11138
22158 11067
22159 11062
22160 11022
22161 11031
22162 11110
22163 11182
22164 10922
22165 11112
22166 10968
22167 11230
22168 11166
22169 11086
22170 11029
22171 11115
22172 10986
22173 11103
22174 11085
22175 10999
22176 11113
22177 11070
22178 11022
22179 11017
22180 11197
22181 11133
22182 11085
22183 10912
22184 10981
22185 10995
22186 11005
22187 11159
22188 10963
22189 11067
22190 11072
22191 11122
22192 11110
22193 11119
22194 11095
22195 11088
22196 11147
22197 11099
22198 11174
22199 11020
22200 10998
22201 11044
22202 11174
22203 11094
22204 11028
22205 11057
22206 11192
22207 11178
22208 11107
22209 11088
22210 11068
22211 11111
22212 10997
22213 11054
22214 11146
22215 11138
22216 11120
22217 11163
22218 11151
22219 11119
22220 11183
22221 11072
22222 11188
22223 11085
22224 11107
22225 11079
22226 11000
22227 11091
22228 11053
22229 10978
22230 11068
22231 11110
22232 11273
22233 11179
22234 11006
22235 11277
22236 11241
22237 11176
22238 11055
22239 11051
22240 11097
22241 11231
22242 11190
22243 11187
22244 11157
22245 11183
22246 11153
22247 11006
22248 11050
22249 11112
22250 11058
22251 11101
22252 11128
22253 11175
22254 11056
22255 11099
22256 11061
22257 11039
22258 10955
22259 11154
22260 11045
22261 11211
22262 11325
22263 11091
22264 11110
22265 11192
22266 11047
22267 11066
22268 11102
22269 11180
22270 11052
22271 11143
22272 11123
22273 11179
22274 11106
22275 11142
22276 11162
22277 11100
22278 11106
22279 11237
22280 11171
22281 11129
22282 11270
22283 11233
22284 11178
22285 11181
22286 11238
22287 11129
22288 11125
22289 11262
22290 11132
22291 11160
22292 11150
22293 11191
22294 11003
22295 11068
22296 11087
22297 11058
22298 11340
22299 11173
22300 11236
22301 11094
22302 11194
22303 11173
22304 11066
22305 11099
22306 11224
22307 11085
22308 11089
22309 11232
22310 11027
22311 11130
22312 11159
22313 11074
22314 10999
22315 11196
22316 11096
22317 11201
22318 11254
22319 11079
22320 11210
22321 11093
22322 11232
22323 11175
22324 11160
22325 11199
22326 11144
22327 11090
22328 11142
22329 11130
22330 11223
22331 11082
22332 11202
22333 11077
22334 11063
22335 11168
22336 11163
22337 11133
22338 11234
22339 11198
22340 11206
22341 11185
22342 11143
22343 11063
22344 11275
22345 11082
22346 11099
22347 11210
22348 11064
22349 11109
22350 11153
22351 11205
22352 11153
22353 11160
22354 11223
22355 11143
22356 11135
22357 11178
22358 11288
22359 11207
22360 11250
22361 11171
22362 11263
22363 11108
22364 11188
22365 11244
22366 11194
22367 11199
22368 11131
22369 11159
22370 11192
22371 11211
22372 11193
22373 11151
22374 11230
22375 11246
22376 11191
22377 11233
22378 11164
22379 11280
22380 11232
22381 11151
22382 11149
22383 11241
22384 11158
22385 11174
22386 11163
22387 11173
22388 11158
22389 11220
22390 11086
22391 11224
22392 11161
22393 11201
22394 11262
22395 11278
22396 11021
22397 11190
22398 11078
22399 11048
22400 11196
22401 11199
22402 11246
22403 11270
22404 11195
22405 11268
22406 11176
22407 11228
22408 11277
22409 11250
22410 11145
22411 11237
22412 11188
22413 11229
22414 11282
22415 11156
22416 11156
22417 11144
22418 11186
22419 11015
22420 11210
22421 11267
22422 11263
22423 11193
22424 11166
22425 11158
22426 11298
22427 11030
22428 11326
22429 11251
22430 11239
22431 11255
22432 11285
22433 11066
22434 11247
22435 11162
22436 11214
22437 11293
22438 11229
22439 11197
22440 11011
22441 11165
22442 11336
22443 11128
22444 11206
22445 11288
22446 11311
22447 11190
22448 11196
22449 11391
22450 11207
22451 11334
22452 11235
22453 11155
22454 11267
22455 11248
22456 11258
22457 11185
22458 11326
22459 11088
22460 11109
22461 11242
22462 11227
22463 11257
22464 11224
22465 11216
22466 11193
22467 11207
22468 11355
22469 11165
22470 11191
22471 11321
22472 11224
22473 11220
22474 11088
22475 11267
22476 11259
22477 11260
22478 11218
22479 11181
22480 11274
22481 11206
22482 11245
22483 11290
22484 11225
22485 11162
22486 11248
22487 11089
22488 11350
22489 11364
22490 11167
22491 11206
22492 11250
22493 11288
22494 11228
22495 11178
22496 11273
22497 11255
22498 11267
22499 11228
22500 11339
22501 11166
22502 11209
22503 11205
22504 11322
22505 11275
22506 11172
22507 11187
22508 11302
22509 11146
22510 11368
22511 11252
22512 11270
22513 11175
22514 11276
22515 11316
22516 11280
22517 11068
22518 11158
22519 11274
22520 11237
22521 11308
22522 11296
22523 11175
22524 11062
22525 11101
22526 11161
22527 11290
22528 11340
22529 11311
22530 11198
22531 11286
22532 11187
22533 11313
22534 11342
22535 11360
22536 11171
22537 11339
22538 11335
22539 11317
22540 11355
22541 11276
22542 11370
22543 11212
22544 11232
22545 11395
22546 11292
22547 11163
22548 11282
22549 11282
22550 11189
22551 11136
22552 11176
22553 11248
22554 11192
22555 11349
22556 11340
22557 11239
22558 11429
22559 11299
22560 11192
22561 11240
22562 11253
22563 11239
22564 11121
22565 11340
22566 11346
22567 11276
22568 11328
22569 11314
22570 11212
22571 11327
22572 11352
22573 11344
22574 11293
22575 11416
22576 11161
22577 11139
22578 11200
22579 11191
22580 11315
22581 11235
22582 11349
22583 11310
22584 11215
22585 11281
22586 11369
22587 11207
22588 11050
22589 11321
22590 11324
22591 11333
22592 11211
22593 11224
22594 11154
22595 11079
22596 11294
22597 11321
22598 11303
22599 11271
22600 11281
22601 11396
22602 11314
22603 11394
22604 11152
22605 11306
22606 11340
22607 11353
22608 11301
22609 11344
22610 11417
22611 11300
22612 11304
22613 11442
22614 11349
22615 11268
22616 11350
22617 11337
22618 11305
22619 11282
22620 11341
22621 11376
22622 11340
22623 11333
22624 11328
22625 11204
22626 11297
22627 11260
22628 11219
22629 11270
22630 11231
22631 11251
22632 11329
22633 11378
22634 11280
22635 11430
22636 11269
22637 11207
22638 11402
22639 11234
22640 11285
22641 11373
22642 11295
22643 11245
22644 11393
22645 11228
22646 11360
22647 11336
22648 11239
22649 11166
22650 11343
22651 11272
22652 11325
22653 11235
22654 11153
22655 11293
22656 11264
22657 11326
22658 11289
22659 11375
22660 11436
22661 11305
22662 11408
22663 11340
22664 11246
22665 11325
22666 11367
22667 11307
22668 11389
22669 11237
22670 11304
22671 11279
22672 11210
22673 11391
22674 11427
22675 11338
22676 11293
22677 11431
22678 11374
22679 11358
22680 11359
22681 11414
22682 11382
22683 11314
22684 11443
22685 11403
22686 11305
22687 11298
22688 11265
22689 11368
22690 11432
22691 11344
22692 11422
22693 11304
22694 11365
22695 11264
22696 11259
22697 11254
22698 11402
22699 11168
22700 11289
22701 11328
22702 11250
22703 11327
22704 11386
22705 11432
22706 11323
22707 11231
22708 11330
22709 11386
22710 11267
22711 11349
22712 11484
22713 11321
22714 11243
22715 11216
22716 11233
22717 11171
22718 11298
22719 11361
22720 11315
22721 11246
22722 11400
22723 11417
22724 11285
22725 11459
22726 11470
22727 11339
22728 11396
22729 11272
22730 11194
22731 11271
22732 11364
22733 11336
22734 11394
22735 11373
22736 11412
22737 11316
22738 11210
22739 11292
22740 11331
22741 11386
22742 11239
22743 11228
22744 11361
22745 11344
22746 11480
22747 11333
22748 11400
22749 11459
22750 11472
22751 11410
22752 11387
22753 11380
22754 11398
22755 11398
22756 11357
22757 11357
22758 11475
22759 11339
22760 11434
22761 11481
22762 11289
22763 11494
22764 11396
22765 11526
22766 11373
22767 11312
22768 11341
22769 11246
22770 11518
22771 11396
22772 11523
22773 11330
22774 11256
22775 11373
22776 11525
22777 11495
22778 11461
22779 11431
22780 11427
22781 11503
22782 11380
22783 11386
22784 11355
22785 11318
22786 11359
22787 11351
22788 11287
22789 11378
22790 11299
22791 11282
22792 11349
22793 11395
22794 11408
22795 11392
22796 11368
22797 11444
22798 11459
22799 11459
22800 11292
22801 11363
22802 11425
22803 11502
22804 11307
22805 11478
22806 11414
22807 11502
22808 11232
22809 11411
22810 11441
22811 11182
22812 11326
22813 11386
22814 11327
22815 11401
22816 11317
22817 11470
22818 11380
22819 11404
22820 11435
22821 11410
22822 11249
22823 11413
22824 11500
22825 11451
22826 11522
22827 11472
22828 11425
22829 11388
22830 11408
22831 11436
22832 11301
22833 11447
22834 11314
22835 11427
22836 11369
22837 11389
22838 11443
22839 11341
22840 11358
22841 11494
22842 11381
22843 11360
22844 11332
22845 11479
22846 11502
22847 11453
22848 11419
22849 11297
22850 11477
22851 11387
22852 11486
22853 11545
22854 11334
22855 11384
22856 11446
22857 11601
22858 11283
22859 11375
22860 11441
22861 11467
22862 11465
22863 11449
22864 11470
22865 11445
22866 11345
22867 11404
22868 11431
22869 11546
22870 11436
22871 11465
22872 11547
22873 11497
22874 11435
22875 11445
22876 11383
22877 11405
22878 11452
22879 11439
22880 11454
22881 11532
22882 11562
22883 11452
22884 11464
22885 11505
22886 11425
22887 11496
22888 11461
22889 11425
22890 11389
22891 11440
22892 11262
22893 11399
22894 11439
22895 11365
22896 11422
22897 11451
22898 11438
22899 11466
22900 11505
22901 11509
22902 11399
22903 11490
22904 11432
22905 11538
22906 11419
22907 11401
22908 11466
22909 11479
22910 11225
22911 11465
22912 11445
22913 11490
22914 11357
22915 11551
22916 11438
22917 11422
22918 11465
22919 11466
22920 11291
22921 11555
22922 11598
22923 11534
22924 11437
22925 11400
22926 11475
22927 11404
22928 11521
22929 11510
22930 11428
22931 11491
22932 11556
22933 11375
22934 11389
22935 11437
22936 11487
22937 11501
22938 11501
22939 11366
22940 11524
22941 11380
22942 11381
22943 11405
22944 11540
22945 11501
22946 11508
22947 11451
22948 11447
22949 11476
22950 11475
22951 11417
22952 11438
22953 11571
22954 11451
22955 11548
22956 11491
22957 11429
22958 11527
22959 11613
22960 11507
22961 11420
22962 11468
22963 11473
22964 11394
22965 11459
22966 11561
22967 11490
22968 11527
22969 11543
22970 11398
22971 11410
22972 11476
22973 11451
22974 11419
22975 11475
22976 11567
22977 11623
22978 11510
22979 11441
22980 11542
22981 11417
22982 11380
22983 11492
22984 11581
22985 11587
22986 11508
22987 11467
22988 11490
22989 11587
22990 11528
22991 11575
22992 11557
22993 11402
22994 11516
22995 11528
22996 11401
22997 11465
22998 11403
22999 11587
23000 11587
23001 11513
23002 11357
23003 11687
23004 11348
23005 11458
23006 11504
23007 11369
23008 11491
23009 11564
23010 11393
23011 11581
23012 11504
23013 11541
23014 11506
23015 11483
23016 11587
23017 11480
23018 11576
23019 11364
23020 11397
23021 11643
23022 11541
23023 11538
23024 11462
23025 11605
23026 11561
23027 11347
23028 11537
23029 11413
23030 11595
23031 11563
23032 11560
23033 11530
23034 11395
23035 11333
23036 11563
23037 11490
23038 11498
23039 11589
23040 11365
23041 11447
23042 11562
23043 11630
23044 11524
23045 11453
23046 11720
23047 11407
23048 11511
23049 11459
23050 11450
23051 11500
23052 11633
23053 11386
23054 11592
23055 11560
23056 11537
23057 11463
23058 11437
23059 11543
23060 11589
23061 11461
23062 11630
23063 11540
23064 11480
23065 11621
23066 11508
23067 11483
23068 11444
23069 11597
23070 11680
23071 11597
23072 11526
23073 11519
23074 11609
23075 11495
23076 11538
23077 11620
23078 11471
23079 11546
23080 11581
23081 11599
23082 11615
23083 11443
23084 11526
23085 11423
23086 11644
23087 11610
23088 11639
23089 11508
23090 11543
23091 11613
23092 11464
23093 11511
23094 11487
23095 11535
23096 11628
23097 11503
23098 11562
23099 11553
23100 11463
23101 11418
23102 11628
23103 11675
23104 11632
23105 11618
23106 11469
23107 11487
23108 11535
23109 11559
23110 11496
23111 11554
23112 11640
23113 11553
23114 11526
23115 11610
23116 11556
23117 11542
23118 11511
23119 11568
23120 11475
23121 11414
23122 11471
23123 11692
23124 11434
23125 11704
23126 11611
23127 11541
23128 11609
23129 11609
23130 11509
23131 11518
23132 11672
23133 11487
23134 11589
23135 11495
23136 11569
23137 11475
23138 11523
23139 11437
23140 11637
23141 11593
23142 11526
23143 11558
23144 11596
23145 11680
23146 11519
23147 11474
23148 11727
23149 11584
23150 11562
23151 11674
23152 11626
23153 11660
23154 11409
23155 11425
23156 11674
23157 11520
23158 11562
23159 11549
23160 11561
23161 11495
23162 11552
23163 11517
23164 11591
23165 11556
23166 11571
23167 11634
23168 11449
23169 11509
23170 11464
23171 11517
23172 11658
23173 11604
23174 11743
23175 11669
23176 11695
23177 11607
23178 11589
23179 11613
23180 11496
23181 11568
23182 11548
23183 11575
23184 11468
23185 11518
23186 11646
23187 11515
23188 11547
23189 11521
23190 11567
23191 11532
23192 11537
23193 11577
23194 11561
23195 11716
23196 11700
23197 11540
23198 11597
23199 11589
23200 11510
23201 11540
23202 11650
23203 11716
23204 11825
23205 11676
23206 11667
23207 11577
23208 11566
23209 11437
23210 11504
23211 11467
23212 11606
23213 11678
23214 11468
23215 11525
23216 11710
23217 11539
23218 11426
23219 11696
23220 11523
23221 11598
23222 11709
23223 11506
23224 11614
23225 11522
23226 11513
23227 11658
23228 11600
23229 11589
23230 11687
23231 11564
23232 11588
23233 11550
23234 11756
23235 11706
23236 11608
23237 11506
23238 11680
23239 11448
23240 11649
23241 11635
23242 11651
23243 11511
23244 11701
23245 11616
23246 11668
23247 11664
23248 11627
23249 11639
23250 11744
23251 11697
23252 11647
23253 11548
23254 11647
23255 11600
23256 11534
23257 11655
23258 11601
23259 11612
23260 11613
23261 11605
23262 11606
23263 11725
23264 11737
23265 11562
23266 11671
23267 11633
23268 11604
23269 11630
23270 11672
23271 11662
23272 11560
23273 11660
23274 11409
23275 11505
23276 11677
23277 11676
23278 11576
23279 11656
23280 11690
23281 11571
23282 11550
23283 11701
23284 11640
23285 11627
23286 11579
23287 11598
23288 11531
23289 11740
23290 11666
23291 11751
23292 11645
23293 11612
23294 11637
23295 11705
23296 11596
23297 11612
23298 11581
23299 11437
23300 11656
23301 11556
23302 11628
23303 11504
23304 11524
23305 11661
23306 11653
23307 11785
23308 11696
23309 11654
23310 11779
23311 11528
23312 11737
23313 11695
23314 11645
23315 11776
23316 11626
23317 11696
23318 11687
23319 11658
23320 11589
23321 11560
23322 11659
23323 11548
23324 11584
23325 11736
23326 11592
23327 11692
23328 11672
23329 11573
23330 11735
23331 11701
23332 11587
23333 11633
23334 11500
23335 11651
23336 11541
23337 11521
23338 11759
23339 11628
23340 11551
23341 11821
23342 11649
23343 11716
23344 11607
23345 11498
23346 11768
23347 11658
23348 11651
23349 11772
23350 11774
23351 11814
23352 11695
23353 11784
23354 11725
23355 11745
23356 11613
23357 11736
23358 11617
23359 11517
23360 11694
23361 11529
23362 11675
23363 11741
23364 11533
23365 11657
23366 11773
23367 11752
23368 11835
23369 11661
23370 11808
23371 11749
23372 11699
23373 11617
23374 11716
23375 11666
23376 11766
23377 11677
23378 11613
23379 11658
23380 11848
23381 11618
23382 11665
23383 11760
23384 11574
23385 11913
23386 11664
23387 11666
23388 11744
23389 11565
23390 11730
23391 11684
23392 11512
23393 11700
23394 11681
23395 11744
23396 11709
23397 11635
23398 11720
23399 11624
23400 11688
23401 11679
23402 11612
23403 11672
23404 11615
23405 11752
23406 11880
23407 11695
23408 11716
23409 11632
23410 11635
23411 11667
23412 11722
23413 11710
23414 11696
23415 11717
23416 11732
23417 11710
23418 11646
23419 11736
23420 11733
23421 11649
23422 11772
23423 11633
23424 11698
23425 11813
23426 11772
23427 11793
23428 11765
23429 11645
23430 11691
23431 11724
23432 11796
23433 11671
23434 11674
23435 11670
23436 11565
23437 11569
23438 11752
23439 11553
23440 11644
23441 11653
23442 11709
23443 11739
23444 11663
23445 11713
23446 11726
23447 11595
23448 11730
23449 11502
23450 11777
23451 11607
23452 11609
23453 11643
23454 11694
23455 11662
23456 11713
23457 11656
23458 11710
23459 11719
23460 11621
23461 11653
23462 11648
23463 11812
23464 11711
23465 11808
23466 11759
23467 11641
23468 11674
23469 11668
23470 11782
23471 11935
23472 11797
23473 11528
23474 11702
23475 11852
23476 11715
23477 11700
23478 11718
23479 11734
23480 11793
23481 11653
23482 11700
23483 11721
23484 11541
23485 11656
23486 11739
23487 11672
23488 11828
23489 11695
23490 11735
23491 11796
23492 11755
23493 11768
23494 11772
23495 11738
23496 11781
23497 11753
23498 11686
23499 11764
23500 11717
23501 11684
23502 11809
23503 11774
23504 11907
23505 11871
23506 11691
23507 11718
23508 11827
23509 11776
23510 11782
23511 11673
23512 11897
23513 11807
23514 11706
23515 11675
23516 11713
23517 11781
23518 11646
23519 11824
23520 11824
23521 11756
23522 11902
23523 11846
23524 11594
23525 11610
23526 11850
23527 11641
23528 11669
23529 11835
23530 11789
23531 11693
23532 11760
23533 11691
23534 11819
23535 11705
23536 11844
23537 11614
23538 11853
23539 11787
23540 11839
23541 11725
23542 11816
23543 11746
23544 11787
23545 11844
23546 11795
23547 11807
23548 11709
23549 11712
23550 11757
23551 11806
23552 11760
23553 11673
23554 11725
23555 11868
23556 11747
23557 11940
23558 11829
23559 11734
23560 11694
23561 11773
23562 11672
23563 11718
23564 11826
23565 11912
23566 11667
23567 11796
23568 11740
23569 11803
23570 11663
23571 11723
23572 11866
23573 11803
23574 11849
23575 11938
23576 11763
23577 11840
23578 11864
23579 11694
23580 11827
23581 11837
23582 11727
23583 11780
23584 11910
23585 11862
23586 11799
23587 11812
23588 11781
23589 11806
23590 11686
23591 11671
23592 11858
23593 11697
23594 11728
23595 11719
23596 11772
23597 11745
23598 11757
23599 11746
23600 11779
23601 11842
23602 11776
23603 11759
23604 11789
23605 11833
23606 11759
23607 11708
23608 11739
23609 11816
23610 11654
23611 11643
23612 11768
23613 11826
23614 11830
23615 11765
23616 11824
23617 11972
23618 11801
23619 11697
23620 11952
23621 11860
23622 11947
23623 11757
23624 11746
23625 11730
23626 11733
23627 11919
23628 11767
23629 11885
23630 11863
23631 11754
23632 11747
23633 11834
23634 11938
23635 11868
23636 11801
23637 11768
23638 11799
23639 11727
23640 11829
23641 11802
23642 11649
23643 11768
23644 11781
23645 11754
23646 11963
23647 12059
23648 11749
23649 12036
23650 11813
23651 11718
23652 11832
23653 11815
23654 11806
23655 11819
23656 11907
23657 11925
23658 11664
23659 11800
23660 11805
23661 11877
23662 11955
23663 11851
23664 11758
23665 11821
23666 11947
23667 11728
23668 11818
23669 11733
23670 11956
23671 11832
23672 11740
23673 11713
23674 11827
23675 11841
23676 11823
23677 11858
23678 11770
23679 11794
23680 11890
23681 11799
23682 11827
23683 11915
23684 11800
23685 11731
23686 11672
23687 11884
23688 11751
23689 11844
23690 11822
23691 11684
23692 11842
23693 11896
23694 11870
23695 11882
23696 11892
23697 11898
23698 11756
23699 11766
23700 11951
23701 11827
23702 11981
23703 11763
23704 11743
23705 11869
23706 11773
23707 11759
23708 11860
23709 11863
23710 11786
23711 11906
23712 11745
23713 11954
23714 11880
23715 11711
23716 11990
23717 11877
23718 12009
23719 11771
23720 11809
23721 11977
23722 11906
23723 11967
23724 11793
23725 11873
23726 11806
23727 11908
23728 11813
23729 11780
23730 11766
23731 11733
23732 11922
23733 11913
23734 11900
23735 11808
23736 11803
23737 11954
23738 11867
23739 11866
23740 11986
23741 11939
23742 11900
23743 11884
23744 11816
23745 11974
23746 11667
23747 12036
23748 11874
23749 11740
23750 11864
23751 11787
23752 11841
23753 11988
23754 11839
23755 11866
23756 11922
23757 11947
23758 11907
23759 11773
23760 11906
23761 11910
23762 11860
23763 11999
23764 11849
23765 11798
23766 11926
23767 11955
23768 11871
23769 11971
23770 11979
23771 11889
23772 11946
23773 11951
23774 11981
23775 12014
23776 11924
23777 11820
23778 11952
23779 11838
23780 11841
23781 11931
23782 11923
23783 11891
23784 11872
23785 11815
23786 11892
23787 11870
23788 11970
23789 11881
23790 11910
23791 11951
23792 12116
23793 11913
23794 11775
23795 11793
23796 11925
23797 11912
23798 11938
23799 11912
23800 12010
23801 11933
23802 11682
23803 11898
23804 11844
23805 11776
23806 11919
23807 11848
23808 11935
23809 11677
23810 11903
23811 11805
23812 12068
23813 11927
23814 11870
23815 11925
23816 12006
23817 11908
23818 11951
23819 12009
23820 11970
23821 11974
23822 11963
23823 11998
23824 12003
23825 11916
23826 12113
23827 11880
23828 12000
23829 11968
23830 11905
23831 11891
23832 11874
23833 12014
23834 11897
23835 11888
23836 11952
23837 11938
23838 11889
23839 11973
23840 11786
23841 11854
23842 11944
23843 12001
23844 12005
23845 11811
23846 11834
23847 11854
23848 11840
23849 11969
23850 11845
23851 11998
23852 12048
23853 11857
23854 11921
23855 11909
23856 11832
23857 11979
23858 11968
23859 11872
23860 11856
23861 11952
23862 11935
23863 12089
23864 11943
23865 11937
23866 11941
23867 11920
23868 11895
23869 12006
23870 11749
23871 11949
23872 11894
23873 11894
23874 11795
23875 12007
23876 11853
23877 12067
23878 11909
23879 11959
23880 11869
23881 11979
23882 11906
23883 11956
23884 11941
23885 12056
23886 11923
23887 11976
23888 11802
23889 11956
23890 11891
23891 11817
23892 11889
23893 11959
23894 11824
23895 11995
23896 11857
23897 11798
23898 11803
23899 11916
23900 12035
23901 11769
23902 12070
23903 12013
23904 12047
23905 12070
23906 12108
23907 11997
23908 11873
23909 11967
23910 11962
23911 11963
23912 11894
23913 11944
23914 11837
23915 12121
23916 11861
23917 11959
23918 11991
23919 11932
23920 11980
23921 11910
23922 11983
23923 12016
23924 11934
23925 11909
23926 11869
23927 11868
23928 12026
23929 12065
23930 11945
23931 11923
23932 11812
23933 12093
23934 12110
23935 11943
23936 11886
23937 11928
23938 12072
23939 12012
23940 11943
23941 11914
23942 11912
23943 12014
23944 11973
23945 11962
23946 11927
23947 11966
23948 11986
23949 11870
23950 12081
23951 12098
23952 11985
23953 12003
23954 12056
23955 12061
23956 12016
23957 11979
23958 12073
23959 12033
23960 11915
23961 12101
23962 11976
23963 11907
23964 11834
23965 12034
23966 12111
23967 12028
23968 12083
23969 12038
23970 11937
23971 12042
23972 12169
23973 11810
23974 11978
23975 11879
23976 12095
23977 11931
23978 11903
23979 12167
23980 12056
23981 11950
23982 12049
23983 12052
23984 11872
23985 12008
23986 11927
23987 11908
23988 11919
23989 11976
23990 12052
23991 12078
23992 11916
23993 12114
23994 12140
23995 11970
23996 11954
23997 11902
23998 12012
23999 11886
24000 12030
24001 12014
24002 11964
24003 11981
24004 11962
24005 12000
24006 12015
24007 12029
24008 12064
24009 11891
24010 12008
24011 11918
24012 11962
24013 11937
24014 11857
24015 11880
24016 12163
24017 11871
24018 12093
24019 11989
24020 11881
24021 11924
24022 12026
24023 11956
24024 12019
24025 12095
24026 12140
24027 11841
24028 12041
24029 11966
24030 11833
24031 11887
24032 11996
24033 11880
24034 12071
24035 12019
24036 12088
24037 12002
24038 11969
24039 11961
24040 11949
24041 12033
24042 12018
24043 12021
24044 11941
24045 11958
24046 11995
24047 12131
24048 11948
24049 12034
24050 12039
24051 11990
24052 11924
24053 12035
24054 12181
24055 12061
24056 12036
24057 11949
24058 12008
24059 12118
24060 12048
24061 11930
24062 12104
24063 12116
24064 11838
24065 12050
24066 12029
24067 11969
24068 12109
24069 11908
24070 12077
24071 12150
24072 12014
24073 11886
24074 12004
24075 12055
24076 12021
24077 11899
24078 12043
24079 11994
24080 11987
24081 12073
24082 12083
24083 11890
24084 11918
24085 11995
24086 12030
24087 12082
24088 12100
24089 12002
24090 12126
24091 12119
24092 12029
24093 12090
24094 12058
24095 11994
24096 12111
24097 11915
24098 12031
24099 11947
24100 11940
24101 12028
24102 11975
24103 12073
24104 11934
24105 11972
24106 12012
24107 11971
24108 11967
24109 12017
24110 12022
24111 11964
24112 11996
24113 11984
24114 11976
24115 12018
24116 12035
24117 12119
24118 12077
24119 12157
24120 12057
24121 12102
24122 11967
24123 12045
24124 12154
24125 12086
24126 11895
24127 12049
24128 12012
24129 12077
24130 12140
24131 12088
24132 12171
24133 12046
24134 12085
24135 12103
24136 11935
24137 12013
24138 12023
24139 12142
24140 12057
24141 12016
24142 12043
24143 11968
24144 11952
24145 12097
24146 12021
24147 12071
24148 11890
24149 12060
24150 11959
24151 12067
24152 11995
24153 12097
24154 12100
24155 11948
24156 12074
24157 11985
24158 11989
24159 12140
24160 12071
24161 12127
24162 12102
24163 11903
24164 12070
24165 12095
24166 11992
24167 12012
24168 12147
24169 12086
24170 12080
24171 12114
24172 12000
24173 11926
24174 12004
24175 12024
24176 11938
24177 12067
24178 12207
24179 11989
24180 12147
24181 12031
24182 12087
24183 12093
24184 12159
24185 12111
24186 12144
24187 12212
24188 12149
24189 12123
24190 12104
24191 12060
24192 12022
24193 12119
24194 12028
24195 12120
24196 12055
24197 12127
24198 12206
24199 12014
24200 12133
24201 12059
24202 12074
24203 12204
24204 12079
24205 12099
24206 12148
24207 12051
24208 12098
24209 12101
24210 12080
24211 12134
24212 12094
24213 12158
24214 11977
24215 12018
24216 11998
24217 12081
24218 12148
24219 12042
24220 12105
24221 12203
24222 12051
24223 12252
24224 12104
24225 11984
24226 12161
24227 12071
24228 11979
24229 12250
24230 12082
24231 12040
24232 12064
24233 12171
24234 12078
24235 12009
24236 12147
24237 12266
24238 12056
24239 12110
24240 12128
24241 12292
24242 12268
24243 12056
24244 12037
24245 12177
24246 12176
24247 12172
24248 12319
24249 12198
24250 12163
24251 12199
24252 12120
24253 12199
24254 12084
24255 12115
24256 11986
24257 12014
24258 12103
24259 12101
24260 12107
24261 12072
24262 12078
24263 12042
24264 12158
24265 12019
24266 11955
24267 12248
24268 12129
24269 12134
24270 12043
24271 12116
24272 12130
24273 12115
24274 12156
24275 12224
24276 12222
24277 12155
24278 12109
24279 12045
24280 12132
24281 12253
24282 12041
24283 12290
24284 12222
24285 12158
24286 12100
24287 12120
24288 12169
24289 12206
24290 12109
24291 12152
24292 12249
24293 12084
24294 12152
24295 12111
24296 12101
24297 12054
24298 12149
24299 12207
24300 12064
24301 12104
24302 12301
24303 12111
24304 12310
24305 12210
24306 12188
24307 12074
24308 12100
24309 12138
24310 12304
24311 12190
24312 12106
24313 12301
24314 12162
24315 12146
24316 12077
24317 12266
24318 11978
24319 12131
24320 12358
24321 12180
24322 12037
24323 12255
24324 12146
24325 12156
24326 12260
24327 11993
24328 12134
24329 12144
24330 12086
24331 12122
24332 12160
24333 12142
24334 12179
24335 12178
24336 12106
24337 12186
24338 12169
24339 12122
24340 12007
24341 12186
24342 12006
24343 12134
24344 12128
24345 12186
24346 12280
24347 12193
24348 12144
24349 12132
24350 12136
24351 12198
24352 12164
24353 12210
24354 12235
24355 12137
24356 12208
24357 12017
24358 12141
24359 12276
24360 12312
24361 12238
24362 12321
24363 12197
24364 12208
24365 12080
24366 12248
24367 12133
24368 12154
24369 12236
24370 12009
24371 12281
24372 12289
24373 12258
24374 12137
24375 12223
24376 12323
24377 12184
24378 12219
24379 12090
24380 12229
24381 12205
24382 12278
24383 12205
24384 12167
24385 12287
24386 12293
24387 12324
24388 12261
24389 12157
24390 12073
24391 12288
24392 12337
24393 12257
24394 12157
24395 12255
24396 12245
24397 12018
24398 12045
24399 12117
24400 12332
24401 12065
24402 12140
24403 12059
24404 12087
24405 12117
24406 12236
24407 12220
24408 12133
24409 12228
24410 12230
24411 12283
24412 12192
24413 12242
24414 12288
24415 12386
24416 12029
24417 12232
24418 12256
24419 12174
24420 12137
24421 12350
24422 12306
24423 12159
24424 12276
24425 12239
24426 12269
24427 12125
24428 12177
24429 12122
24430 12175
24431 12251
24432 12216
24433 12329
24434 12300
24435 12205
24436 12268
24437 12083
24438 12260
24439 12253
24440 12257
24441 12242
24442 12262
24443 12224
24444 12033
24445 12309
24446 12251
24447 12195
24448 12323
24449 12280
24450 12159
24451 12300
24452 12219
24453 12162
24454 12048
24455 12199
24456 12288
24457 12180
24458 12071
24459 12337
24460 12290
24461 12184
24462 12208
24463 12121
24464 12259
24465 12232
24466 12187
24467 12374
24468 12155
24469 12361
24470 12315
24471 12129
24472 12274
24473 12197
24474 12071
24475 12316
24476 12258
24477 12121
24478 12292
24479 12240
24480 12343
24481 12169
24482 12305
24483 12366
24484 12224
24485 12205
24486 12294
24487 12168
24488 12182
24489 12271
24490 12329
24491 12350
24492 12338
24493 12159
24494 12175
24495 12215
24496 12235
24497 12132
24498 12317
24499 12185
24500 12201
24501 12289
24502 12275
24503 12249
24504 12334
24505 12141
24506 12316
24507 12221
24508 12091
24509 12393
24510 12273
24511 12248
24512 12303
24513 12279
24514 12292
24515 12257
24516 12242
24517 12373
24518 12323
24519 12317
24520 12165
24521 12156
24522 12359
24523 12142
24524 12377
24525 12334
24526 12316
24527 12270
24528 12228
24529 12119
24530 12196
24531 12099
24532 12285
24533 12271
24534 12379
24535 12279
24536 12372
24537 12185
24538 12285
24539 12447
24540 12248
24541 12296
24542 12340
24543 12142
24544 12371
24545 12250
24546 12241
24547 12225
24548 12271
24549 12298
24550 12365
24551 12313
24552 12110
24553 12337
24554 12253
24555 12252
24556 12233
24557 12259
24558 12245
24559 12340
24560 12271
24561 12234
24562 12312
24563 12259
24564 12232
24565 12311
24566 12254
24567 12244
24568 12256
24569 12163
24570 12239
24571 12323
24572 12054
24573 12145
24574 12120
24575 12250
24576 12110
24577 12208
24578 12356
24579 12192
24580 12301
24581 12274
24582 12202
24583 12221
24584 12384
24585 12284
24586 12330
24587 12310
24588 12358
24589 12376
24590 12193
24591 12252
24592 12453
24593 12315
24594 12350
24595 12261
24596 12244
24597 12233
24598 12185
24599 12293
24600 12278
24601 12258
24602 12272
24603 12199
24604 12210
24605 12394
24606 12260
24607 12436
24608 12335
24609 12307
24610 12183
24611 12289
24612 12309
24613 12422
24614 12226
24615 12311
24616 12268
24617 12377
24618 12403
24619 12485
24620 12261
24621 12410
24622 12309
24623 12260
24624 12251
24625 12388
24626 12344
24627 12417
24628 12360
24629 12255
24630 12215
24631 12278
24632 12282
24633 12300
24634 12220
24635 12441
24636 12201
24637 12339
24638 12227
24639 12313
24640 12382
24641 12317
24642 12242
24643 12266
24644 12256
24645 12251
24646 12233
24647 12252
24648 12307
24649 12423
24650 12351
24651 12331
24652 12400
24653 12381
24654 12249
24655 12248
24656 12297
24657 12242
24658 12283
24659 12212
24660 12214
24661 12264
24662 12538
24663 12337
24664 12393
24665 12356
24666 12385
24667 12251
24668 12292
24669 12500
24670 12477
24671 12305
24672 12352
24673 12341
24674 12266
24675 12271
24676 12220
24677 12314
24678 12416
24679 12274
24680 12441
24681 12413
24682 12353
24683 12358
24684 12394
24685 12268
24686 12331
24687 12193
24688 12342
24689 12368
24690 12313
24691 12325
24692 12325
24693 12269
24694 12456
24695 12408
24696 12225
24697 12335
24698 12344
24699 12274
24700 12357
24701 12424
24702 12370
24703 12248
24704 12394
24705 12280
24706 12394
24707 12317
24708 12418
24709 12305
24710 12354
24711 12340
24712 12343
24713 12316
24714 12387
24715 12253
24716 12269
24717 12477
24718 12305
24719 12373
24720 12374
24721 12265
24722 12326
24723 12292
24724 12361
24725 12245
24726 12333
24727 12489
24728 12293
24729 12345
24730 12255
24731 12312
24732 12402
24733 12386
24734 12411
24735 12303
24736 12344
24737 12270
24738 12292
24739 12388
24740 12443
24741 12283
24742 12410
24743 12340
24744 12379
24745 12409
24746 12283
24747 12241
24748 12446
24749 12291
24750 12439
24751 12204
24752 12349
24753 12430
24754 12449
24755 12338
24756 12353
24757 12361
24758 12389
24759 12303
24760 12510
24761 12411
24762 12342
24763 12459
24764 12438
24765 12322
24766 12385
24767 12487
24768 12340
24769 12320
24770 12256
24771 12369
24772 12386
24773 12293
24774 12370
24775 12360
24776 12335
24777 12492
24778 12402
24779 12315
24780 12330
24781 12373
24782 12346
24783 12396
24784 12525
24785 12364
24786 12499
24787 12404
24788 12401
24789 12339
24790 12494
24791 12469
24792 12349
24793 12586
24794 12397
24795 12383
24796 12305
24797 12508
24798 12401
24799 12412
24800 12543
24801 12469
24802 12375
24803 12491
24804 12448
24805 12400
24806 12300
24807 12322
24808 12243
24809 12321
24810 12478
24811 12259
24812 12498
24813 12446
24814 12500
24815 12335
24816 12401
24817 12382
24818 12414
24819 12401
24820 12362
24821 12456
24822 12526
24823 12411
24824 12356
24825 12505
24826 12337
24827 12295
24828 12241
24829 12455
24830 12415
24831 12454
24832 12397
24833 12368
24834 12389
24835 12312
24836 12583
24837 12545
24838 12330
24839 12492
24840 12451
24841 12550
24842 12383
24843 12333
24844 12534
24845 12451
24846 12344
24847 12376
24848 12343
24849 12341
24850 12352
24851 12339
24852 12536
24853 12297
24854 12402
24855 12265
24856 12448
24857 12509
24858 12382
24859 12398
24860 12375
24861 12304
24862 12454
24863 12468
24864 12484
24865 12430
24866 12478
24867 12339
24868 12409
24869 12521
24870 12399
24871 12625
24872 12387
24873 12457
24874 12402
24875 12244
24876 12461
24877 12342
24878 12473
24879 12497
24880 12403
24881 12434
24882 12460
24883 12346
24884 12493
24885 12345
24886 12478
24887 12468
24888 12578
24889 12412
24890 12416
24891 12683
24892 12543
24893 12463
24894 12485
24895 12458
24896 12453
24897 12376
24898 12674
24899 12476
24900 12527
24901 12468
24902 12439
24903 12464
24904 12508
24905 12356
24906 12289
24907 12435
24908 12463
24909 12314
24910 12482
24911 12555
24912 12451
24913 12378
24914 12375
24915 12442
24916 12430
24917 12464
24918 12346
24919 12463
24920 12551
24921 12437
24922 12571
24923 12489
24924 12557
24925 12415
24926 12433
24927 12342
24928 12606
24929 12376
24930 12505
24931 12541
24932 12512
24933 12437
24934 12414
24935 12586
24936 12430
24937 12387
24938 12436
24939 12484
24940 12568
24941 12637
24942 12422
24943 12587
24944 12449
24945 12328
24946 12524
24947 12542
24948 12527
24949 12617
24950 12370
24951 12543
24952 12398
24953 12513
24954 12515
24955 12609
24956 12490
24957 12463
24958 12549
24959 12299
24960 12431
24961 12493
24962 12502
24963 12458
24964 12390
24965 12443
24966 12500
24967 12395
24968 12271
24969 12506
24970 12550
24971 12471
24972 12367
24973 12497
24974 12430
24975 12344
24976 12459
24977 12402
24978 12540
24979 12581
24980 12374
24981 12411
24982 12532
24983 12476
24984 12465
24985 12511
24986 12481
24987 12527
24988 12514
24989 12439
24990 12543
24991 12451
24992 12561
24993 12589
24994 12570
24995 12288
24996 12439
24997 12373
24998 12666
24999 12510
25000 12588
25001 12445
25002 12415
25003 12547
25004 12434
25005 12552
25006 12503
25007 12506
25008 12495
25009 12653
25010 12572
25011 12640
25012 12379
25013 12451
25014 12494
25015 12683
25016 12366
25017 12570
25018 12515
25019 12444
25020 12674
25021 12677
25022 12459
25023 12605
25024 12561
25025 12489
25026 12495
25027 12477
25028 12479
25029 12418
25030 12552
25031 12539
25032 12508
25033 12296
25034 12489
25035 12506
25036 12510
25037 12456
25038 12549
25039 12489
25040 12579
25041 12611
25042 12633
25043 12524
25044 12331
25045 12468
25046 12594
25047 12478
25048 12474
25049 12552
25050 12572
25051 12498
25052 12469
25053 12483
25054 12465
25055 12400
25056 12584
25057 12579
25058 12596
25059 12444
25060 12453
25061 12529
25062 12498
25063 12574
25064 12410
25065 12512
25066 12544
25067 12656
25068 12614
25069 12462
25070 12517
25071 12478
25072 12512
25073 12624
25074 12412
25075 12322
25076 12700
25077 12500
25078 12506
25079 12522
25080 12609
25081 12465
25082 12455
25083 12532
25084 12533
25085 12631
25086 12466
25087 12476
25088 12488
25089 12645
25090 12471
25091 12639
25092 12593
25093 12510
25094 12544
25095 12449
25096 12572
25097 12360
25098 12419
25099 12609
25100 12546
25101 12595
25102 12547
25103 12491
25104 12493
25105 12659
25106 12621
25107 12687
25108 12468
25109 12556
25110 12473
25111 12603
25112 12457
25113 12653
25114 12344
25115 12662
25116 12628
25117 12532
25118 12536
25119 12475
25120 12556
25121 12709
25122 12449
25123 12464
25124 12667
25125 12460
25126 12665
25127 12491
25128 12502
25129 12460
25130 12476
25131 12613
25132 12652
25133 12636
25134 12449
25135 12481
25136 12550
25137 12558
25138 12607
25139 12572
25140 12508
25141 12548
25142 12549
25143 12526
25144 12528
25145 12571
25146 12514
25147 12558
25148 12519
25149 12602
25150 12467
25151 12547
25152 12468
25153 12487
25154 12532
25155 12547
25156 12523
25157 12498
25158 12591
25159 12620
25160 12637
25161 12494
25162 12647
25163 12651
25164 12636
25165 12653
25166 12558
25167 12570
25168 12625
25169 12585
25170 12580
25171 12567
25172 12418
25173 12655
25174 12666
25175 12589
25176 12539
25177 12549
25178 12549
25179 12627
25180 12497
25181 12520
25182 12569
25183 12542
25184 12546
25185 12554
25186 12477
25187 12551
25188 12631
25189 12506
25190 12710
25191 12655
25192 12553
25193 12775
25194 12705
25195 12618
25196 12642
25197 12613
25198 12514
25199 12687
25200 12691
25201 12496
25202 12659
25203 12633
25204 12562
25205 12603
25206 12661
25207 12548
25208 12575
25209 12574
25210 12708
25211 12588
25212 12554
25213 12663
25214 12492
25215 12467
25216 12623
25217 12464
25218 12719
25219 12610
25220 12607
25221 12706
25222 12561
25223 12597
25224 12454
25225 12592
25226 12581
25227 12490
25228 12681
25229 12628
25230 12711
25231 12596
25232 12740
25233 12601
25234 12691
25235 12615
25236 12754
25237 12462
25238 12518
25239 12721
25240 12695
25241 12529
25242 12556
25243 12471
25244 12642
25245 12674
25246 12659
25247 12562
25248 12699
25249 12504
25250 12695
25251 12745
25252 12634
25253 12619
25254 12598
25255 12673
25256 12596
25257 12675
25258 12604
25259 12696
25260 12564
25261 12738
25262 12613
25263 12674
25264 12646
25265 12610
25266 12670
25267 12622
25268 12568
25269 12670
25270 12529
25271 12675
25272 12547
25273 12709
25274 12641
25275 12594
25276 12730
25277 12564
25278 12662
25279 12718
25280 12600
25281 12702
25282 12428
25283 12609
25284 12637
25285 12602
25286 12687
25287 12642
25288 12713
25289 12619
25290 12564
25291 12500
25292 12554
25293 12629
25294 12596
25295 12667
25296 12603
25297 12758
25298 12687
25299 12502
25300 12686
25301 12759
25302 12661
25303 12621
25304 12709
25305 12565
25306 12652
25307 12678
25308 12485
25309 12721
25310 12639
25311 12666
25312 12733
25313 12681
25314 12526
25315 12648
25316 12729
25317 12729
25318 12669
25319 12590
25320 12817
25321 12588
25322 12694
25323 12650
25324 12644
25325 12708
25326 12628
25327 12689
25328 12602
25329 12707
25330 12587
25331 12539
25332 12675
25333 12639
25334 12520
25335 12651
25336 12756
25337 12652
25338 12614
25339 12608
25340 12557
25341 12725
25342 12698
25343 12571
25344 12528
25345 12723
25346 12597
25347 12631
25348 12676
25349 12713
25350 12507
25351 12681
25352 12786
25353 12598
25354 12624
25355 12649
25356 12671
25357 12745
25358 12586
25359 12523
25360 12724
25361 12741
25362 12812
25363 12665
25364 12636
25365 12758
25366 12615
25367 12812
25368 12618
25369 12772
25370 12513
25371 12570
25372 12531
25373 12707
25374 12661
25375 12677
25376 12702
25377 12674
25378 12685
25379 12602
25380 12744
25381 12638
25382 12820
25383 12724
25384 12777
25385 12758
25386 12615
25387 12664
25388 12497
25389 12713
25390 12621
25391 12682
25392 12679
25393 12814
25394 12858
25395 12739
25396 12523
25397 12638
25398 12709
25399 12741
25400 12725
25401 12761
25402 12708
25403 12749
25404 12704
25405 12679
25406 12634
25407 12666
25408 12683
25409 12710
25410 12662
25411 12839
25412 12602
25413 12575
25414 12717
25415 12718
25416 12664
25417 12689
25418 12635
25419 12855
25420 12786
25421 12726
25422 12680
25423 12625
25424 12673
25425 12670
25426 12847
25427 12697
25428 12867
25429 12698
25430 12711
25431 12787
25432 12693
25433 12724
25434 12727
25435 12909
25436 12636
25437 12823
25438 12721
25439 12739
25440 12772
25441 12651
25442 12920
25443 12615
25444 12683
25445 12773
25446 12612
25447 12688
25448 12657
25449 12747
25450 12663
25451 12791
25452 12598
25453 12757
25454 12674
25455 12669
25456 12806
25457 12699
25458 12661
25459 12681
25460 12661
25461 12735
25462 12771
25463 12668
25464 12791
25465 12790
25466 12572
25467 12658
25468 12792
25469 12786
25470 12696
25471 12614
25472 12790
25473 12717
25474 12823
25475 12750
25476 12682
25477 12637
25478 12712
25479 12745
25480 12625
25481 12676
25482 12771
25483 12718
25484 12643
25485 12682
25486 12793
25487 12719
25488 12829
25489 12714
25490 12833
25491 12907
25492 12790
25493 12794
25494 12620
25495 12755
25496 12722
25497 12740
25498 12697
25499 12776
25500 12694
25501 12783
25502 12615
25503 12794
25504 12896
25505 12786
25506 12824
25507 12894
25508 12761
25509 12910
25510 12825
25511 12674
25512 12858
25513 12852
25514 12626
25515 12731
25516 12744
25517 12863
25518 12825
25519 12688
25520 12665
25521 12627
25522 12723
25523 12746
25524 12708
25525 12702
25526 12667
25527 12842
25528 12698
25529 12565
25530 12681
25531 12716
25532 12735
25533 12700
25534 12816
25535 12696
25536 12716
25537 12799
25538 12738
25539 12607
25540 12783
25541 12844
25542 12733
25543 12663
25544 12791
25545 12850
25546 12946
25547 12693
25548 12749
25549 12811
25550 12717
25551 12728
25552 12855
25553 12805
25554 12874
25555 12652
25556 12801
25557 12791
25558 12753
25559 12713
25560 12710
25561 12712
25562 12685
25563 12837
25564 12705
25565 12812
25566 12867
25567 12756
25568 12715
25569 12639
25570 12864
25571 12845
25572 12772
25573 12818
25574 12822
25575 12802
25576 12769
25577 12804
25578 12705
25579 12801
25580 12705
25581 12748
25582 12652
25583 12705
25584 12734
25585 12802
25586 12920
25587 12759
25588 12850
25589 12694
25590 12818
25591 12750
25592 12631
25593 12852
25594 12628
25595 12893
25596 12698
25597 12819
25598 12723
25599 12872
25600 12718
25601 12722
25602 12850
25603 12708
25604 12861
25605 12937
25606 12834
25607 12848
25608 12723
25609 12786
25610 12854
25611 12782
25612 12763
25613 12863
25614 12716
25615 12771
25616 12909
25617 12842
25618 12861
25619 12835
25620 12855
25621 12795
25622 12682
25623 12758
25624 12898
25625 12864
25626 13005
25627 12742
25628 12822
25629 12802
25630 12778
25631 12875
25632 12869
25633 12877
25634 12850
25635 12866
25636 12915
25637 12775
25638 12760
25639 12763
25640 12745
25641 12822
25642 12835
25643 12892
25644 12912
25645 12742
25646 12886
25647 12784
25648 12814
25649 12685
25650 12848
25651 12892
25652 12825
25653 12837
25654 12836
25655 12932
25656 12849
25657 12936
25658 12760
25659 12939
25660 12620
25661 12786
25662 12844
25663 12750
25664 12948
25665 12822
25666 12954
25667 12763
25668 12721
25669 12755
25670 12815
25671 12826
25672 12792
25673 12917
25674 12750
25675 12761
25676 12727
25677 12917
25678 12823
25679 12930
25680 12828
25681 12716
25682 12844
25683 12935
25684 12812
25685 12971
25686 12833
25687 12847
25688 12845
25689 12798
25690 12789
25691 12929
25692 13021
25693 12857
25694 12825
25695 12896
25696 12919
25697 12870
25698 12733
25699 12749
25700 13028
25701 12915
25702 12729
25703 12917
25704 12690
25705 12931
25706 12949
25707 12931
25708 12875
25709 12949
25710 12984
25711 12748
25712 12918
25713 12723
25714 12720
25715 12780
25716 12874
25717 12912
25718 12915
25719 12886
25720 12851
25721 12979
25722 12910
25723 12794
25724 12862
25725 12707
25726 12750
25727 12982
25728 12918
25729 12804
25730 12937
25731 12740
25732 12847
25733 12927
25734 12858
25735 12847
25736 12820
25737 12873
25738 13027
25739 12870
25740 12872
25741 12849
25742 12890
25743 12877
25744 12888
25745 12826
25746 12787
25747 12778
25748 12907
25749 12919
25750 12850
25751 12810
25752 12942
25753 12927
25754 12836
25755 12976
25756 12814
25757 12900
25758 13093
25759 12838
25760 12801
25761 12718
25762 12764
25763 12914
25764 12967
25765 12784
25766 12869
25767 12908
25768 12765
25769 12901
25770 12810
25771 12878
25772 13069
25773 12726
25774 12878
25775 12731
25776 12776
25777 12706
25778 12950
25779 12665
25780 12884
25781 12769
25782 12839
25783 12873
25784 12939
25785 12924
25786 12751
25787 12862
25788 12878
25789 12949
25790 12875
25791 12893
25792 12809
25793 12907
25794 12789
25795 12982
25796 12858
25797 12680
25798 12908
25799 12821
25800 12917
25801 12933
25802 12986
25803 13009
25804 12923
25805 12962
25806 12896
25807 12914
25808 12840
25809 12849
25810 12857
25811 12828
25812 12966
25813 12832
25814 12749
25815 12957
25816 12953
25817 12887
25818 12942
25819 12897
25820 12915
25821 12985
25822 12817
25823 12853
25824 12876
25825 12758
25826 13071
25827 12987
25828 12947
25829 12921
25830 12893
25831 12875
25832 12819
25833 12957
25834 12843
25835 12969
25836 12935
25837 13067
25838 13007
25839 12759
25840 12945
25841 12765
25842 12900
25843 12989
25844 12753
25845 12990
25846 12818
25847 12972
25848 12903
25849 13056
25850 12753
25851 12955
25852 12860
25853 12906
25854 13063
25855 12946
25856 12842
25857 13034
25858 12824
25859 12981
25860 13029
25861 12804
25862 13088
25863 12902
25864 12965
25865 12957
25866 12801
25867 13102
25868 13009
25869 12930
25870 12947
25871 12907
25872 12954
25873 12904
25874 12808
25875 12938
25876 12967
25877 12991
25878 12867
25879 13083
25880 13000
25881 13050
25882 12948
25883 12891
25884 13011
25885 12911
25886 12905
25887 13039
25888 12864
25889 12950
25890 12964
25891 13041
25892 12934
25893 12908
25894 12843
25895 12764
25896 13043
25897 13006
25898 12946
25899 12988
25900 13042
25901 12861
25902 12903
25903 13125
25904 12901
25905 12888
25906 12698
25907 13006
25908 13027
25909 13127
25910 12992
25911 12965
25912 13045
25913 12846
25914 13033
25915 12926
25916 12869
25917 12882
25918 12942
25919 13050
25920 12939
25921 12857
25922 12849
25923 12887
25924 12819
25925 12988
25926 12901
25927 12988
25928 12972
25929 12920
25930 12960
25931 13047
25932 12880
25933 13046
25934 13001
25935 12966
25936 12966
25937 12921
25938 13049
25939 13136
25940 12941
25941 12930
25942 12856
25943 13072
25944 12953
25945 12963
25946 12951
25947 13000
25948 13059
25949 12905
25950 12886
25951 13064
25952 12998
25953 12892
25954 12933
25955 12863
25956 12930
25957 13117
25958 12980
25959 13041
25960 13027
25961 12985
25962 12972
25963 12929
25964 12900
25965 12865
25966 13018
25967 12985
25968 12804
25969 13036
25970 13126
25971 12930
25972 13019
25973 12985
25974 13084
25975 13082
25976 12972
25977 12964
25978 13040
25979 12995
25980 12810
25981 13012
25982 13008
25983 13096
25984 13032
25985 13030
25986 12952
25987 13113
25988 12942
25989 12819
25990 12869
25991 13022
25992 12877
25993 12999
25994 12975
25995 13055
25996 13087
25997 12887
25998 12898
25999 13002
26000 12941
26001 12978
26002 13005
26003 12986
26004 13154
26005 13092
26006 12924
26007 12917
26008 12929
26009 13016
26010 13000
26011 13193
26012 13013
26013 12880
26014 12989
26015 13060
26016 12965
26017 13017
26018 13039
26019 12982
26020 13000
26021 13053
26022 12959
26023 12959
26024 12957
26025 12914
26026 13029
26027 13159
26028 13136
26029 12869
26030 12862
26031 12986
26032 12989
26033 13094
26034 12960
26035 12850
26036 13057
26037 13097
26038 13148
26039 13078
26040 13101
26041 13090
26042 12964
26043 13017
26044 13065
26045 12987
26046 13089
26047 12989
26048 13007
26049 12925
26050 13117
26051 13067
26052 12882
26053 12996
26054 13054
26055 12962
26056 13023
26057 13066
26058 13036
26059 13053
26060 12843
26061 12926
26062 13040
26063 13016
26064 12820
26065 12938
26066 13087
26067 13014
26068 13158
26069 12976
26070 12882
26071 12945
26072 13071
26073 13091
26074 13004
26075 13123
26076 12958
26077 13029
26078 12933
26079 13019
26080 13029
26081 13069
26082 12952
26083 13021
26084 12958
26085 13083
26086 13044
26087 12995
26088 12971
26089 13050
26090 13077
26091 13151
26092 13125
26093 12861
26094 13081
26095 13116
26096 13054
26097 13171
26098 13054
26099 13103
26100 12973
26101 13045
26102 13077
26103 13016
26104 13197
26105 12848
26106 12966
26107 13105
26108 13046
26109 13169
26110 13182
26111 13010
26112 12994
26113 13131
26114 13019
26115 12979
26116 13057
26117 13097
26118 12972
26119 13096
26120 12974
26121 13047
26122 13082
26123 13077
26124 13107
26125 13040
26126 13027
26127 13107
26128 13125
26129 13060
26130 13035
26131 13113
26132 13211
26133 12963
26134 13037
26135 13002
26136 13033
26137 12944
26138 13070
26139 13058
26140 13108
26141 13061
26142 13194
26143 13021
26144 12998
26145 13004
26146 13165
26147 13126
26148 13025
26149 13170
26150 13107
26151 13112
26152 13020
26153 13049
26154 12919
26155 13007
26156 13005
26157 13002
26158 13065
26159 13141
26160 13059
26161 12978
26162 13266
26163 13155
26164 12997
26165 13055
26166 12850
26167 12935
26168 12922
26169 12935
26170 12961
26171 13081
26172 13216
26173 13177
26174 13029
26175 12999
26176 13113
26177 12979
26178 13135
26179 13123
26180 13052
26181 13108
26182 13001
26183 13077
26184 12985
26185 12992
26186 13205
26187 13143
26188 12988
26189 13023
26190 13082
26191 13001
26192 12999
26193 13065
26194 13027
26195 13173
26196 13067
26197 12937
26198 13096
26199 13173
26200 13117
26201 13006
26202 13167
26203 13041
26204 13002
26205 13091
26206 13099
26207 13044
26208 12985
26209 13132
26210 13119
26211 13091
26212 13097
26213 13034
26214 13129
26215 12955
26216 13082
26217 13154
26218 13118
26219 13137
26220 12934
26221 13193
26222 13162
26223 12909
26224 12954
26225 13020
26226 13053
26227 13034
26228 13158
26229 13172
26230 13178
26231 12985
26232 12952
26233 13153
26234 13134
26235 13055
26236 13245
26237 13150
26238 13113
26239 13131
26240 12935
26241 13182
26242 13058
26243 13181
26244 13149
26245 13132
26246 13077
26247 13044
26248 13025
26249 13255
26250 13019
26251 13169
26252 12978
26253 13195
26254 13100
26255 13103
26256 13084
26257 13040
26258 13154
26259 13101
26260 13057
26261 13062
26262 13230
26263 13214
26264 13108
26265 13066
26266 13191
26267 13157
26268 13216
26269 13049
26270 13201
26271 13197
26272 13130
26273 13110
26274 13201
26275 13182
26276 13120
26277 13177
26278 13163
26279 13083
26280 13076
26281 13196
26282 13118
26283 13043
26284 12982
26285 13141
26286 13182
26287 13099
26288 13172
26289 13228
26290 13156
26291 13105
26292 13208
26293 12974
26294 13055
26295 13134
26296 13235
26297 13153
26298 13155
26299 13175
26300 13096
26301 13223
26302 13157
26303 13221
26304 13081
26305 13126
26306 13234
26307 13200
26308 13116
26309 13244
26310 13199
26311 13185
26312 13204
26313 13020
26314 13150
26315 13033
26316 13079
26317 12983
26318 13080
26319 13182
26320 13057
26321 13364
26322 13075
26323 13110
26324 13185
26325 13135
26326 13273
26327 13128
26328 13136
26329 13129
26330 13245
26331 12944
26332 13132
26333 13125
26334 13168
26335 13149
26336 13173
26337 13179
26338 13077
26339 13125
26340 13322
26341 13133
26342 13131
26343 13165
26344 13168
26345 13214
26346 13126
26347 13176
26348 13078
26349 13278
26350 13152
26351 13060
26352 13213
26353 13198
26354 13236
26355 13227
26356 13258
26357 13221
26358 13023
26359 12972
26360 13267
26361 13104
26362 13241
26363 13046
26364 13256
26365 13353
26366 13110
26367 13225
26368 13193
26369 13157
26370 13211
26371 13174
26372 13153
26373 13177
26374 13041
26375 13161
26376 13342
26377 13127
26378 13135
26379 13121
26380 13137
26381 13149
26382 13001
26383 13211
26384 13100
26385 13137
26386 13259
26387 13097
26388 13199
26389 13201
26390 13099
26391 13101
26392 13131
26393 13187
26394 13188
26395 13142
26396 13302
26397 13301
26398 13258
26399 13295
26400 13136
26401 13113
26402 13286
26403 13133
26404 13203
26405 13187
26406 13251
26407 13232
26408 13114
26409 13211
26410 13246
26411 13256
26412 13227
26413 13111
26414 13190
26415 13140
26416 13219
26417 13190
26418 13192
26419 13244
26420 13167
26421 13193
26422 13195
26423 13038
26424 13369
26425 13180
26426 13202
26427 13114
26428 13096
26429 13134
26430 13359
26431 13206
26432 13101
26433 13246
26434 13114
26435 13193
26436 13333
26437 13127
26438 13224
26439 13228
26440 13138
26441 13031
26442 13153
26443 13176
26444 13183
26445 13095
26446 13186
26447 13258
26448 13060
26449 13210
26450 13295
26451 13326
26452 13318
26453 13232
26454 13285
26455 13148
26456 13164
26457 13293
26458 13300
26459 13240
26460 13326
26461 13377
26462 13088
26463 13391
26464 13164
26465 13260
26466 13173
26467 13190
26468 13381
26469 13156
26470 13159
26471 13122
26472 13227
26473 13263
26474 13283
26475 13309
26476 13082
26477 13006
26478 13240
26479 13080
26480 13109
26481 13085
26482 13237
26483 13301
26484 13224
26485 13196
26486 13148
26487 13282
26488 13419
26489 13299
26490 13403
26491 13143
26492 13230
26493 13147
26494 13332
26495 13091
26496 13163
26497 13243
26498 13393
26499 13257
26500 13238
26501 13325
26502 13273
26503 13014
26504 13304
26505 13295
26506 13228
26507 13246
26508 13087
26509 13082
26510 13251
26511 13110
26512 13318
26513 13248
26514 13187
26515 13334
26516 13234
26517 13334
26518 13239
26519 13114
26520 13156
26521 13246
26522 13387
26523 13265
26524 13170
26525 13257
26526 13256
26527 13352
26528 13269
26529 13431
26530 13290
26531 13264
26532 13355
26533 13260
26534 13260
26535 13166
26536 13331
26537 13121
26538 13163
26539 13220
26540 13267
26541 13294
26542 13224
26543 13306
26544 13244
26545 13265
26546 13155
26547 13311
26548 13261
26549 13223
26550 13196
26551 13230
26552 13260
26553 13329
26554 13074
26555 13191
26556 13247
26557 13202
26558 13404
26559 13198
26560 13284
26561 13314
26562 13263
26563 13237
26564 13301
26565 13316
26566 13451
26567 13382
26568 13254
26569 13235
26570 13267
26571 13344
26572 13232
26573 13160
26574 13428
26575 13190
26576 13152
26577 13184
26578 13340
26579 13183
26580 13146
26581 13260
26582 13144
26583 13244
26584 13294
26585 13140
26586 13292
26587 13334
26588 13352
26589 13277
26590 13374
26591 13270
26592 13455
26593 13317
26594 13399
26595 13284
26596 13185
26597 13206
26598 13363
26599 13239
26600 13383
26601 13123
26602 13235
26603 13144
26604 13182
26605 13415
26606 13322
26607 13333
26608 13373
26609 13298
26610 13342
26611 13274
26612 13071
26613 13213
26614 13477
26615 13257
26616 13209
26617 13311
26618 13349
26619 13321
26620 13370
26621 13346
26622 13166
26623 13317
26624 13303
26625 13437
26626 13401
26627 13485
26628 13235
26629 13243
26630 13423
26631 13294
26632 13348
26633 13236
26634 13331
26635 13333
26636 13388
26637 13231
26638 13296
26639 13288
26640 13316
26641 13422
26642 13434
26643 13247
26644 13340
26645 13365
26646 13342
26647 13479
26648 13357
26649 13468
26650 13236
26651 13416
26652 13324
26653 13262
26654 13393
26655 13300
26656 13428
26657 13375
26658 13357
26659 13332
26660 13366
26661 13335
26662 13279
26663 13454
26664 13304
26665 13337
26666 13183
26667 13229
26668 13268
26669 13384
26670 13371
26671 13268
26672 13206
26673 13136
26674 13281
26675 13199
26676 13373
26677 13226
26678 13359
26679 13162
26680 13332
26681 13357
26682 13201
26683 13298
26684 13336
26685 13397
26686 13385
26687 13386
26688 13293
26689 13264
26690 13312
26691 13332
26692 13463
26693 13384
26694 13310
26695 13294
26696 13401
26697 13333
26698 13376
26699 13369
26700 13400
26701 13301
26702 13282
26703 13370
26704 13274
26705 13302
26706 13368
26707 13312
26708 13360
26709 13374
26710 13365
26711 13190
26712 13335
26713 13374
26714 13400
26715 13393
26716 13300
26717 13430
26718 13388
26719 13330
26720 13414
26721 13324
26722 13419
26723 13333
26724 13258
26725 13366
26726 13206
26727 13462
26728 13388
26729 13404
26730 13372
26731 13312
26732 13256
26733 13347
26734 13298
26735 13370
26736 13357
26737 13359
26738 13341
26739 13249
26740 13367
26741 13299
26742 13296
26743 13585
26744 13487
26745 13273
26746 13245
26747 13438
26748 13387
26749 13382
26750 13267
26751 13536
26752 13232
26753 13202
26754 13422
26755 13301
26756 13455
26757 13405
26758 13247
26759 13472
26760 13400
26761 13491
26762 13411
26763 13501
26764 13498
26765 13359
26766 13271
26767 13473
26768 13388
26769 13185
26770 13528
26771 13475
26772 13318
26773 13474
26774 13448
26775 13340
26776 13376
26777 13431
26778 13413
26779 13363
26780 13330
26781 13414
26782 13407
26783 13476
26784 13512
26785 13356
26786 13394
26787 13312
26788 13410
26789 13439
26790 13460
26791 13470
26792 13323
26793 13366
26794 13473
26795 13446
26796 13448
26797 13313
26798 13399
26799 13421
26800 13342
26801 13452
26802 13510
26803 13365
26804 13465
26805 13385
26806 13589
26807 13380
26808 13406
26809 13576
26810 13448
26811 13367
26812 13448
26813 13568
26814 13350
26815 13332
26816 13447
26817 13470
26818 13432
26819 13311
26820 13301
26821 13289
26822 13584
26823 13447
26824 13546
26825 13546
26826 13381
26827 13316
26828 13389
26829 13435
26830 13342
26831 13427
26832 13384
26833 13366
26834 13421
26835 13528
26836 13280
26837 13432
26838 13447
26839 13574
26840 13699
26841 13511
26842 13412
26843 13367
26844 13329
26845 13553
26846 13489
26847 13348
26848 13581
26849 13305
26850 13311
26851 13546
26852 13371
26853 13528
26854 13526
26855 13570
26856 13270
26857 13374
26858 13350
26859 13549
26860 13284
26861 13417
26862 13276
26863 13314
26864 13368
26865 13693
26866 13336
26867 13565
26868 13246
26869 13449
26870 13540
26871 13377
26872 13355
26873 13381
26874 13402
26875 13307
26876 13528
26877 13493
26878 13361
26879 13446
26880 13449
26881 13257
26882 13423
26883 13389
26884 13438
26885 13637
26886 13480
26887 13435
26888 13533
26889 13484
26890 13405
26891 13346
26892 13354
26893 13411
26894 13452
26895 13389
26896 13512
26897 13351
26898 13388
26899 13602
26900 13303
26901 13407
26902 13449
26903 13429
26904 13426
26905 13516
26906 13432
26907 13512
26908 13362
26909 13520
26910 13366
26911 13587
26912 13338
26913 13388
26914 13436
26915 13445
26916 13424
26917 13558
26918 13417
26919 13527
26920 13547
26921 13426
26922 13435
26923 13469
26924 13490
26925 13679
26926 13439
26927 13493
26928 13461
26929 13437
26930 13477
26931 13428
26932 13473
26933 13458
26934 13370
26935 13561
26936 13247
26937 13256
26938 13582
26939 13554
26940 13492
26941 13445
26942 13434
26943 13272
26944 13371
26945 13524
26946 13440
26947 13531
26948 13446
26949 13499
26950 13499
26951 13424
26952 13399
26953 13468
26954 13482
26955 13322
26956 13405
26957 13527
26958 13352
26959 13538
26960 13534
26961 13411
26962 13425
26963 13548
26964 13439
26965 13391
26966 13554
26967 13350
26968 13552
26969 13443
26970 13398
26971 13384
26972 13408
26973 13511
26974 13439
26975 13460
26976 13423
26977 13483
26978 13494
26979 13560
26980 13474
26981 13607
26982 13493
26983 13620
26984 13550
26985 13573
26986 13523
26987 13440
26988 13430
26989 13460
26990 13551
26991 13450
26992 13479
26993 13412
26994 13568
26995 13576
26996 13394
26997 13437
26998 13438
26999 13640
27000 13387
27001 13420
27002 13602
27003 13414
27004 13472
27005 13499
27006 13620
27007 13540
27008 13504
27009 13505
27010 13612
27011 13457
27012 13422
27013 13536
27014 13494
27015 13525
27016 13524
27017 13587
27018 13576
27019 13532
27020 13484
27021 13480
27022 13715
27023 13664
27024 13557
27025 13481
27026 13486
27027 13514
27028 13397
27029 13409
27030 13408
27031 13423
27032 13628
27033 13371
27034 13577
27035 13562
27036 13464
27037 13368
27038 13421
27039 13507
27040 13508
27041 13438
27042 13547
27043 13563
27044 13436
27045 13466
27046 13542
27047 13619
27048 13532
27049 13410
27050 13614
27051 13598
27052 13569
27053 13577
27054 13593
27055 13582
27056 13519
27057 13582
27058 13498
27059 13607
27060 13627
27061 13537
27062 13475
27063 13635
27064 13583
27065 13614
27066 13560
27067 13416
27068 13674
27069 13414
27070 13626
27071 13426
27072 13462
27073 13545
27074 13631
27075 13466
27076 13545
27077 13310
27078 13506
27079 13428
27080 13468
27081 13560
27082 13537
27083 13606
27084 13596
27085 13525
27086 13559
27087 13392
27088 13496
27089 13458
27090 13563
27091 13455
27092 13557
27093 13584
27094 13416
27095 13553
27096 13627
27097 13345
27098 13728
27099 13383
27100 13514
27101 13562
27102 13547
27103 13493
27104 13481
27105 13536
27106 13591
27107 13581
27108 13539
27109 13710
27110 13649
27111 13616
27112 13597
27113 13460
27114 13537
27115 13619
27116 13521
27117 13599
27118 13621
27119 13553
27120 13598
27121 13545
27122 13540
27123 13622
27124 13627
27125 13514
27126 13534
27127 13589
27128 13557
27129 13558
27130 13561
27131 13658
27132 13621
27133 13468
27134 13530
27135 13533
27136 13605
27137 13538
27138 13469
27139 13401
27140 13578
27141 13540
27142 13464
27143 13533
27144 13417
27145 13598
27146 13514
27147 13577
27148 13676
27149 13528
27150 13579
27151 13464
27152 13669
27153 13471
27154 13471
27155 13581
27156 13526
27157 13539
27158 13695
27159 13622
27160 13698
27161 13516
27162 13502
27163 13667
27164 13588
27165 13400
27166 13578
27167 13577
27168 13683
27169 13545
27170 13734
27171 13515
27172 13551
27173 13429
27174 13648
27175 13583
27176 13478
27177 13571
27178 13446
27179 13438
27180 13568
27181 13786
27182 13590
27183 13525
27184 13474
27185 13561
27186 13585
27187 13604
27188 13668
27189 13516
27190 13585
27191 13697
27192 13519
27193 13507
27194 13601
27195 13559
27196 13747
27197 13696
27198 13696
27199 13727
27200 13669
27201 13475
27202 13548
27203 13516
27204 13653
27205 13696
27206 13662
27207 13525
27208 13457
27209 13666
27210 13741
27211 13677
27212 13389
27213 13714
27214 13647
27215 13676
27216 13639
27217 13658
27218 13549
27219 13590
27220 13543
27221 13740
27222 13656
27223 13559
27224 13670
27225 13644
27226 13586
27227 13510
27228 13738
27229 13686
27230 13629
27231 13718
27232 13537
27233 13653
27234 13657
27235 13588
27236 13457
27237 13578
27238 13652
27239 13569
27240 13689
27241 13634
27242 13600
27243 13600
27244 13444
27245 13680
27246 13661
27247 13762
27248 13612
27249 13682
27250 13717
27251 13635
27252 13733
27253 13538
27254 13480
27255 13690
27256 13776
27257 13610
27258 13422
27259 13612
27260 13601
27261 13670
27262 13685
27263 13658
27264 13620
27265 13673
27266 13610
27267 13516
27268 13692
27269 13823
27270 13728
27271 13601
27272 13710
27273 13889
27274 13679
27275 13535
27276 13637
27277 13624
27278 13661
27279 13457
27280 13711
27281 13661
27282 13829
27283 13572
27284 13611
27285 13686
27286 13720
27287 13719
27288 13751
27289 13663
27290 13670
27291 13565
27292 13600
27293 13611
27294 13681
27295 13584
27296 13748
27297 13748
27298 13694
27299 13631
27300 13479
27301 13531
27302 13886
27303 13786
27304 13651
27305 13715
27306 13663
27307 13701
27308 13779
27309 13516
27310 13569
27311 13512
27312 13635
27313 13681
27314 13601
27315 13653
27316 13634
27317 13592
27318 13765
27319 13694
27320 13514
27321 13603
27322 13796
27323 13625
27324 13583
27325 13630
27326 13645
27327 13698
27328 13607
27329 13758
27330 13626
27331 13615
27332 13604
27333 13564
27334 13728
27335 13596
27336 13590
27337 13536
27338 13610
27339 13648
27340 13602
27341 13668
27342 13631
27343 13618
27344 13558
27345 13688
27346 13660
27347 13679
27348 13654
27349 13796
27350 13718
27351 13695
27352 13622
27353 13580
27354 13681
27355 13631
27356 13752
27357 13612
27358 13620
27359 13645
27360 13554
27361 13586
27362 13590
27363 13822
27364 13677
27365 13744
27366 13575
27367 13613
27368 13729
27369 13613
27370 13693
27371 13592
27372 13685
27373 13606
27374 13648
27375 13521
27376 13576
27377 13691
27378 13647
27379 13485
27380 13602
27381 13756
27382 13741
27383 13725
27384 13639
27385 13674
27386 13550
27387 13711
27388 13619
27389 13735
27390 13732
27391 13778
27392 13684
27393 13657
27394 13746
27395 13602
27396 13667
27397 13658
27398 13673
27399 13641
27400 13732
27401 13657
27402 13747
27403 13778
27404 13746
27405 13710
27406 13738
27407 13878
27408 13627
27409 13561
27410 13597
27411 13689
27412 13555
27413 13517
27414 13865
27415 13719
27416 13525
27417 13708
27418 13583
27419 13692
27420 13727
27421 13684
27422 13672
27423 13729
27424 13564
27425 13416
27426 13752
27427 13681
27428 13708
27429 13786
27430 13664
27431 13723
27432 13678
27433 13786
27434 13790
27435 13594
27436 13664
27437 13676
27438 13737
27439 13671
27440 13737
27441 13649
27442 13720
27443 13752
27444 13575
27445 13683
27446 13861
27447 13635
27448 13836
27449 13569
27450 13710
27451 13676
27452 13703
27453 13719
27454 13809
27455 13654
27456 13662
27457 13666
27458 13747
27459 13704
27460 13573
27461 13846
27462 13791
27463 13676
27464 13803
27465 13632
27466 13912
27467 13674
27468 13763
27469 13683
27470 13488
27471 13947
27472 13731
27473 13655
27474 13775
27475 13681
27476 13821
27477 13708
27478 13844
27479 13601
27480 13686
27481 13684
27482 13586
27483 13736
27484 13782
27485 13723
27486 13783
27487 13743
27488 13811
27489 13816
27490 13670
27491 13765
27492 13722
27493 13709
27494 13642
27495 13752
27496 13733
27497 13799
27498 13754
27499 13869
27500 13795
27501 13886
27502 13713
27503 13710
27504 13638
27505 13787
27506 13799
27507 13600
27508 13727
27509 13682
27510 13676
27511 13653
27512 13813
27513 13734
27514 13726
27515 13797
27516 13876
27517 13621
27518 13846
27519 13844
27520 13840
27521 13771
27522 13670
27523 13919
27524 13837
27525 13933
27526 13848
27527 13842
27528 13634
27529 13910
27530 13675
27531 13758
27532 13696
27533 13701
27534 13790
27535 13836
27536 13642
27537 13670
27538 13881
27539 13556
27540 13697
27541 13857
27542 13926
27543 13758
27544 13847
27545 13838
27546 13812
27547 13775
27548 13905
27549 13728
27550 13760
27551 13777
27552 13895
27553 13766
27554 13856
27555 13671
27556 13617
27557 13786
27558 13876
27559 13808
27560 13756
27561 13899
27562 13761
27563 13744
27564 13577
27565 13665
27566 13805
27567 13762
27568 13672
27569 13863
27570 13862
27571 13769
27572 13698
27573 13780
27574 13726
27575 13673
27576 13720
27577 13623
27578 13807
27579 13789
27580 13607
27581 13833
27582 13806
27583 13727
27584 13766
27585 13845
27586 13886
27587 13835
27588 13879
27589 13807
27590 13771
27591 13774
27592 13954
27593 13847
27594 13790
27595 13811
27596 13840
27597 13943
27598 13773
27599 13685
27600 13870
27601 13800
27602 13726
27603 13672
27604 13769
27605 13895
27606 13737
27607 13725
27608 13882
27609 13850
27610 13819
27611 13849
27612 13831
27613 13708
27614 13744
27615 13751
27616 13945
27617 13778
27618 13912
27619 13818
27620 13721
27621 13907
27622 13815
27623 13690
27624 13961
27625 13493
27626 13896
27627 13768
27628 13883
27629 13913
27630 13893
27631 13776
27632 13794
27633 13865
27634 13824
27635 13814
27636 13820
27637 13778
27638 13782
27639 13670
27640 13843
27641 13899
27642 13908
27643 13781
27644 13973
27645 13824
27646 13712
27647 13931
27648 13949
27649 13755
27650 13889
27651 13816
27652 13839
27653 13755
27654 13793
27655 13781
27656 13732
27657 13770
27658 13732
27659 13783
27660 13971
27661 13840
27662 13731
27663 13690
27664 13773
27665 13779
27666 13935
27667 13853
27668 13884
27669 13726
27670 13812
27671 13618
27672 13939
27673 13871
27674 13892
27675 13987
27676 13812
27677 13794
27678 13870
27679 13705
27680 13819
27681 13754
27682 13889
27683 13809
27684 13914
27685 13826
27686 14017
27687 13890
27688 13930
27689 13864
27690 13869
27691 13881
27692 13750
27693 13919
27694 13827
27695 13902
27696 13806
27697 13789
27698 13878
27699 13842
27700 13829
27701 13811
27702 13647
27703 13886
27704 13882
27705 13846
27706 13976
27707 13877
27708 13950
27709 13605
27710 13761
27711 13886
27712 13736
27713 13810
27714 13833
27715 13847
27716 13958
27717 13951
27718 13837
27719 13813
27720 13817
27721 13755
27722 13960
27723 13917
27724 13943
27725 14011
27726 13901
27727 13907
27728 13947
27729 13749
27730 13807
27731 13970
27732 13997
27733 13802
27734 13895
27735 13854
27736 13944
27737 13899
27738 13751
27739 13962
27740 13882
27741 13879
27742 13973
27743 13914
27744 13986
27745 13723
27746 13907
27747 13833
27748 13797
27749 13723
27750 13805
27751 13764
27752 14124
27753 13882
27754 13860
27755 13909
27756 13897
27757 13925
27758 13833
27759 13946
27760 13877
27761 13918
27762 14042
27763 13983
27764 13953
27765 13831
27766 13871
27767 14027
27768 13877
27769 13959
27770 13790
27771 13809
27772 13855
27773 13769
27774 14118
27775 13974
27776 13839
27777 13938
27778 13867
27779 13938
27780 13820
27781 13879
27782 13810
27783 13829
27784 13958
27785 13815
27786 13817
27787 13803
27788 13944
27789 13899
27790 13866
27791 13840
27792 13741
27793 13839
27794 13912
27795 13988
27796 13948
27797 13985
27798 13947
27799 13932
27800 13806
27801 13924
27802 13960
27803 13918
27804 13877
27805 13865
27806 13803
27807 13894
27808 13804
27809 13891
27810 13860
27811 13760
27812 13848
27813 13833
27814 13932
27815 13891
27816 13775
27817 13824
27818 13810
27819 13811
27820 14094
27821 13856
27822 13968
27823 13854
27824 13954
27825 14012
27826 13830
27827 13837
27828 13855
27829 13994
27830 13988
27831 14065
27832 13779
27833 13966
27834 14043
27835 13826
27836 13913
27837 13865
27838 13860
27839 13930
27840 13844
27841 14000
27842 13722
27843 13899
27844 13778
27845 13896
27846 13955
27847 13855
27848 13920
27849 13951
27850 13886
27851 13869
27852 13966
27853 13894
27854 13952
27855 14013
27856 13870
27857 13902
27858 14061
27859 13955
27860 13964
27861 13941
27862 14017
27863 13846
27864 13942
27865 14041
27866 13892
27867 13913
27868 13937
27869 13989
27870 13778
27871 13749
27872 14041
27873 13980
27874 13990
27875 13946
27876 13936
27877 13959
27878 13939
27879 13818
27880 13808
27881 13818
27882 14145
27883 14149
27884 13968
27885 13990
27886 13697
27887 13878
27888 13895
27889 14003
27890 13871
27891 13980
27892 13972
27893 13906
27894 13910
27895 13884
27896 13835
27897 14140
27898 13969
27899 13953
27900 13936
27901 13987
27902 13956
27903 13829
27904 14158
27905 13868
27906 13880
27907 13857
27908 13867
27909 14001
27910 14060
27911 13938
27912 14090
27913 13878
27914 13970
27915 13834
27916 14004
27917 14003
27918 13976
27919 13932
27920 14095
27921 14002
27922 14114
27923 14000
27924 13807
27925 14027
27926 13981
27927 13926
27928 13785
27929 13893
27930 13905
27931 13928
27932 13995
27933 14029
27934 14014
27935 14032
27936 13938
27937 14004
27938 13917
27939 14000
27940 13894
27941 14037
27942 13920
27943 14008
27944 13704
27945 13938
27946 14096
27947 13893
27948 13946
27949 13815
27950 13923
27951 13866
27952 14085
27953 13890
27954 14085
27955 13863
27956 13963
27957 13960
27958 13951
27959 14012
27960 13997
27961 14082
27962 14001
27963 14001
27964 13926
27965 13983
27966 13999
27967 14128
27968 14032
27969 13949
27970 13987
27971 14220
27972 14079
27973 13956
27974 13925
27975 13914
27976 13967
27977 13975
27978 14035
27979 14101
27980 13984
27981 13986
27982 13896
27983 13969
27984 14117
27985 13997
27986 13977
27987 13902
27988 13921
27989 14170
27990 13962
27991 13913
27992 13924
27993 14063
27994 13767
27995 13795
27996 13940
27997 13987
27998 14011
27999 14125
28000 13999
28001 14110
28002 14129
28003 13985
28004 14004
28005 13961
28006 13960
28007 13906
28008 13977
28009 13860
28010 14162
28011 13919
28012 14040
28013 14049
28014 14107
28015 13839
28016 13816
28017 14076
28018 14079
28019 14091
28020 13878
28021 14057
28022 13929
28023 13968
28024 14048
28025 14264
28026 13931
28027 14017
28028 13950
28029 13926
28030 13913
28031 14126
28032 14048
28033 14025
28034 13907
28035 13981
28036 14014
28037 13967
28038 14116
28039 14035
28040 14128
28041 14043
28042 13921
28043 13929
28044 13849
28045 13888
28046 14046
28047 14164
28048 13839
28049 14107
28050 13805
28051 14144
28052 13996
28053 14081
28054 14017
28055 13997
28056 14102
28057 14066
28058 14095
28059 14047
28060 14191
28061 14072
28062 14091
28063 14011
28064 14108
28065 13946
28066 14006
28067 14119
28068 14047
28069 14088
28070 14043
28071 13801
28072 14111
28073 14217
28074 14111
28075 14046
28076 13900
28077 14032
28078 13884
28079 13938
28080 14069
28081 14131
28082 14034
28083 14116
28084 13919
28085 14083
28086 14103
28087 14168
28088 13994
28089 14028
28090 13923
28091 13944
28092 13965
28093 13949
28094 13850
28095 14040
28096 13956
28097 14147
28098 14121
28099 14045
28100 14118
28101 13951
28102 14132
28103 14060
28104 14137
28105 14031
28106 14096
28107 14089
28108 14047
28109 14044
28110 13998
28111 14070
28112 14007
28113 13948
28114 14034
28115 14046
28116 14069
28117 13838
28118 13906
28119 13988
28120 13987
28121 14080
28122 13993
28123 14103
28124 13982
28125 14041
28126 14116
28127 13976
28128 14051
28129 14064
28130 14163
28131 14118
28132 14268
28133 14014
28134 13997
28135 13940
28136 14026
28137 14159
28138 13884
28139 13949
28140 13950
28141 14244
28142 14028
28143 14102
28144 14060
28145 13946
28146 13984
28147 14092
28148 14094
28149 14079
28150 13993
28151 13953
28152 14108
28153 13962
28154 13912
28155 14077
28156 14083
28157 14143
28158 14000
28159 14238
28160 14053
28161 14015
28162 13946
28163 13997
28164 14129
28165 14018
28166 14033
28167 13971
28168 13912
28169 14128
28170 14150
28171 13953
28172 14076
28173 14054
28174 14228
28175 14063
28176 14011
28177 14059
28178 14094
28179 14029
28180 14076
28181 13981
28182 14223
28183 14211
28184 14081
28185 14132
28186 14001
28187 14002
28188 13935
28189 14085
28190 14121
28191 14164
28192 14285
28193 14101
28194 14051
28195 14126
28196 14117
28197 14074
28198 14063
28199 14139
28200 14008
28201 14026
28202 14037
28203 14039
28204 14148
28205 14071
28206 14115
28207 14070
28208 14209
28209 13978
28210 14091
28211 14179
28212 14240
28213 14085
28214 14184
28215 14164
28216 14043
28217 14185
28218 14016
28219 14166
28220 14009
28221 14233
28222 13949
28223 14134
28224 14149
28225 13973
28226 14088
28227 13998
28228 14188
28229 14162
28230 14111
28231 14074
28232 14149
28233 14103
28234 14218
28235 14116
28236 14177
28237 13965
28238 14046
28239 13963
28240 14127
28241 14091
28242 14082
28243 14094
28244 14076
28245 14182
28246 14204
28247 14081
28248 14220
28249 14000
28250 14155
28251 14117
28252 14067
28253 14186
28254 14062
28255 14095
28256 14129
28257 14176
28258 14046
28259 14133
28260 14172
28261 14023
28262 14149
28263 14056
28264 13994
28265 14232
28266 14155
28267 14171
28268 14209
28269 14242
28270 14098
28271 14201
28272 14161
28273 14111
28274 14244
28275 14040
28276 14222
28277 14191
28278 13977
28279 14208
28280 14074
28281 14086
28282 14162
28283 14174
28284 14055
28285 14202
28286 14077
28287 13996
28288 14062
28289 14221
28290 13964
28291 14268
28292 14121
28293 14179
28294 14113
28295 14069
28296 14125
28297 13984
28298 14138
28299 14082
28300 14108
28301 13910
28302 14227
28303 14072
28304 14163
28305 14205
28306 14127
28307 14253
28308 14191
28309 14178
28310 14085
28311 14132
28312 14013
28313 14165
28314 14048
28315 13956
28316 14170
28317 14299
28318 14146
28319 14088
28320 14005
28321 14131
28322 14035
28323 14076
28324 14023
28325 14037
28326 14063
28327 14238
28328 14313
28329 14159
28330 14074
28331 14174
28332 14247
28333 14009
28334 14320
28335 14293
28336 14110
28337 14166
28338 14273
28339 14136
28340 14153
28341 13943
28342 14112
28343 14155
28344 14204
28345 14223
28346 14166
28347 14081
28348 14202
28349 14179
28350 14166
28351 14201
28352 14217
28353 14271
28354 14209
28355 14226
28356 14272
28357 14156
28358 14186
28359 14179
28360 14105
28361 14232
28362 14158
28363 14204
28364 14218
28365 14063
28366 14150
28367 14268
28368 14188
28369 14126
28370 14169
28371 14417
28372 14219
28373 14291
28374 14077
28375 14071
28376 14164
28377 14198
28378 14256
28379 14281
28380 14204
28381 14182
28382 14216
28383 14171
28384 14311
28385 14181
28386 13958
28387 14032
28388 14266
28389 14102
28390 14032
28391 14277
28392 14230
28393 14211
28394 14142
28395 14117
28396 14099
28397 14343
28398 14109
28399 14174
28400 14352
28401 14167
28402 14349
28403 14149
28404 14195
28405 14174
28406 14323
28407 14139
28408 14155
28409 14155
28410 14269
28411 14114
28412 14185
28413 14099
28414 14225
28415 14342
28416 14226
28417 14322
28418 14202
28419 14206
28420 14260
28421 14140
28422 14400
28423 14332
28424 14205
28425 14177
28426 14141
28427 14081
28428 14156
28429 14150
28430 14166
28431 14208
28432 14332
28433 14173
28434 14337
28435 14055
28436 14234
28437 14198
28438 14148
28439 14328
28440 14179
28441 14178
28442 14305
28443 14251
28444 14209
28445 14280
28446 14214
28447 14127
28448 14149
28449 14036
28450 14335
28451 14135
28452 14336
28453 14299
28454 14325
28455 14128
28456 14176
28457 14329
28458 14237
28459 14339
28460 14322
28461 14251
28462 14275
28463 14219
28464 14371
28465 14209
28466 14297
28467 14276
28468 14248
28469 14294
28470 14365
28471 14236
28472 14240
28473 14245
28474 14225
28475 14222
28476 14277
28477 14216
28478 14103
28479 14333
28480 14246
28481 14364
28482 14215
28483 14269
28484 14310
28485 14235
28486 14503
28487 14200
28488 14139
28489 14253
28490 14201
28491 14208
28492 14152
28493 14185
28494 14032
28495 14166
28496 14283
28497 14352
28498 14147
28499 14228
28500 14152
28501 14253
28502 14248
28503 14061
28504 14236
28505 14173
28506 14154
28507 14252
28508 14352
28509 14323
28510 14112
28511 14143
28512 14196
28513 14337
28514 14264
28515 14228
28516 14217
28517 14309
28518 14312
28519 14461
28520 14173
28521 14195
28522 14357
28523 14434
28524 14328
28525 14295
28526 14205
28527 14396
28528 14247
28529 14280
28530 14200
28531 14268
28532 14337
28533 14386
28534 14344
28535 14301
28536 14215
28537 14246
28538 14415
28539 14337
28540 14217
28541 14329
28542 14317
28543 14325
28544 14179
28545 14254
28546 14208
28547 14363
28548 14351
28549 14333
28550 14297
28551 14137
28552 14245
28553 14328
28554 14309
28555 14093
28556 14311
28557 14231
28558 14223
28559 14067
28560 14387
28561 14320
28562 14202
28563 14298
28564 14336
28565 14223
28566 14188
28567 14201
28568 14316
28569 14222
28570 14376
28571 14402
28572 14216
28573 14288
28574 14381
28575 14283
28576 14402
28577 14433
28578 14339
28579 14188
28580 14118
28581 14234
28582 14062
28583 14353
28584 14419
28585 14385
28586 14218
28587 14212
28588 14273
28589 14281
28590 14371
28591 14231
28592 14276
28593 14267
28594 14245
28595 14267
28596 14331
28597 14217
28598 14268
28599 14228
28600 14356
28601 14256
28602 14340
28603 14288
28604 14288
28605 14376
28606 14227
28607 14209
28608 14357
28609 14271
28610 14358
28611 14295
28612 14191
28613 14394
28614 14275
28615 14065
28616 14305
28617 14250
28618 14347
28619 14327
28620 14153
28621 14497
28622 14222
28623 14233
28624 14245
28625 14332
28626 14302
28627 14449
28628 14358
28629 14378
28630 14496
28631 14312
28632 14375
28633 14341
28634 14275
28635 14259
28636 14363
28637 14348
28638 14329
28639 14261
28640 14307
28641 14267
28642 14283
28643 14372
28644 14290
28645 14477
28646 14227
28647 14205
28648 14439
28649 14296
28650 14313
28651 14340
28652 14240
28653 14234
28654 14388
28655 14319
28656 14277
28657 14310
28658 14378
28659 14222
28660 14331
28661 14278
28662 14363
28663 14428
28664 14322
28665 14370
28666 14208
28667 14295
28668 14388
28669 14481
28670 14387
28671 14348
28672 14361
28673 14427
28674 14527
28675 14204
28676 14302
28677 14398
28678 14325
28679 14279
28680 14490
28681 14481
28682 14420
28683 14322
28684 14196
28685 14336
28686 14328
28687 14332
28688 14315
28689 14423
28690 14245
28691 14399
28692 14429
28693 14293
28694 14295
28695 14406
28696 14276
28697 14286
28698 14135
28699 14428
28700 14371
28701 14463
28702 14529
28703 14309
28704 14289
28705 14290
28706 14387
28707 14390
28708 14414
28709 14306
28710 14173
28711 14370
28712 14357
28713 14421
28714 14590
28715 14466
28716 14216
28717 14450
28718 14319
28719 14330
28720 14264
28721 14361
28722 14407
28723 14452
28724 14267
28725 14481
28726 14385
28727 14266
28728 14535
28729 14333
28730 14405
28731 14376
28732 14414
28733 14241
28734 14168
28735 14234
28736 14340
28737 14336
28738 14420
28739 14280
28740 14292
28741 14274
28742 14312
28743 14369
28744 14357
28745 14385
28746 14460
28747 14341
28748 14358
28749 14357
28750 14437
28751 14421
28752 14418
28753 14537
28754 14399
28755 14345
28756 14383
28757 14497
28758 14300
28759 14329
28760 14442
28761 14329
28762 14390
28763 14363
28764 14384
28765 14299
28766 14352
28767 14232
28768 14281
28769 14382
28770 14407
28771 14388
28772 14370
28773 14495
28774 14510
28775 14282
28776 14369
28777 14406
28778 14428
28779 14472
28780 14366
28781 14400
28782 14410
28783 14269
28784 14457
28785 14371
28786 14470
28787 14310
28788 14442
28789 14302
28790 14526
28791 14476
28792 14458
28793 14487
28794 14512
28795 14462
28796 14357
28797 14311
28798 14219
28799 14440
28800 14313
28801 14453
28802 14301
28803 14433
28804 14369
28805 14412
28806 14350
28807 14422
28808 14439
28809 14351
28810 14420
28811 14354
28812 14537
28813 14558
28814 14307
28815 14494
28816 14362
28817 14396
28818 14380
28819 14492
28820 14506
28821 14502
28822 14368
28823 14463
28824 14453
28825 14594
28826 14408
28827 14500
28828 14360
28829 14571
28830 14418
28831 14391
28832 14491
28833 14511
28834 14371
28835 14397
28836 14305
28837 14515
28838 14405
28839 14377
28840 14309
28841 14490
28842 14411
28843 14377
28844 14351
28845 14513
28846 14430
28847 14490
28848 14339
28849 14395
28850 14369
28851 14427
28852 14382
28853 14501
28854 14532
28855 14417
28856 14504
28857 14421
28858 14420
28859 14491
28860 14521
28861 14314
28862 14456
28863 14377
28864 14473
28865 14546
28866 14396
28867 14452
28868 14510
28869 14278
28870 14363
28871 14443
28872 14410
28873 14502
28874 14290
28875 14391
28876 14576
28877 14431
28878 14378
28879 14375
28880 14412
28881 14440
28882 14483
28883 14332
28884 14323
28885 14445
28886 14443
28887 14268
28888 14507
28889 14494
28890 14453
28891 14559
28892 14468
28893 14479
28894 14512
28895 14543
28896 14381
28897 14423
28898 14515
28899 14343
28900 14481
28901 14559
28902 14379
28903 14416
28904 14463
28905 14416
28906 14551
28907 14486
28908 14440
28909 14437
28910 14506
28911 14587
28912 14345
28913 14485
28914 14398
28915 14354
28916 14444
28917 14347
28918 14528
28919 14370
28920 14484
28921 14489
28922 14521
28923 14461
28924 14391
28925 14332
28926 14484
28927 14472
28928 14385
28929 14477
28930 14424
28931 14453
28932 14454
28933 14499
28934 14511
28935 14515
28936 14519
28937 14555
28938 14555
28939 14492
28940 14421
28941 14618
28942 14445
28943 14511
28944 14438
28945 14499
28946 14333
28947 14466
28948 14362
28949 14380
28950 14519
28951 14603
28952 14357
28953 14392
28954 14283
28955 14501
28956 14559
28957 14305
28958 14586
28959 14314
28960 14540
28961 14549
28962 14549
28963 14523
28964 14639
28965 14431
28966 14300
28967 14509
28968 14543
28969 14403
28970 14531
28971 14470
28972 14609
28973 14563
28974 14591
28975 14515
28976 14499
28977 14526
28978 14373
28979 14588
28980 14572
28981 14364
28982 14527
28983 14466
28984 14413
28985 14438
28986 14440
28987 14486
28988 14507
28989 14444
28990 14409
28991 14295
28992 14505
28993 14473
28994 14420
28995 14515
28996 14564
28997 14421
28998 14584
28999 14543
29000 14385
29001 14717
29002 14525
29003 14615
29004 14577
29005 14552
29006 14567
29007 14626
29008 14603
29009 14445
29010 14453
29011 14526
29012 14535
29013 14651
29014 14614
29015 14550
29016 14661
29017 14526
29018 14606
29019 14577
29020 14446
29021 14458
29022 14464
29023 14537
29024 14409
29025 14501
29026 14520
29027 14441
29028 14550
29029 14563
29030 14501
29031 14549
29032 14406
29033 14452
29034 14570
29035 14534
29036 14402
29037 14520
29038 14398
29039 14354
29040 14544
29041 14461
29042 14513
29043 14349
29044 14311
29045 14439
29046 14515
29047 14428
29048 14474
29049 14491
29050 14480
29051 14523
29052 14477
29053 14447
29054 14599
29055 14433
29056 14566
29057 14464
29058 14400
29059 14459
29060 14372
29061 14456
29062 14577
29063 14373
29064 14504
29065 14371
29066 14437
29067 14467
29068 14432
29069 14436
29070 14520
29071 14596
29072 14486
29073 14563
29074 14633
29075 14490
29076 14710
29077 14634
29078 14486
29079 14395
29080 14611
29081 14376
29082 14442
29083 14411
29084 14574
29085 14560
29086 14569
29087 14716
29088 14483
29089 14560
29090 14451
29091 14566
29092 14550
29093 14385
29094 14641
29095 14541
29096 14421
29097 14480
29098 14468
29099 14482
29100 14492
29101 14522
29102 14548
29103 14550
29104 14622
29105 14539
29106 14628
29107 14611
29108 14592
29109 14544
29110 14476
29111 14500
29112 14454
29113 14498
29114 14514
29115 14575
29116 14480
29117 14519
29118 14531
29119 14454
29120 14607
29121 14627
29122 14594
29123 14578
29124 14466
29125 14576
29126 14463
29127 14518
29128 14432
29129 14606
29130 14518
29131 14592
29132 14642
29133 14430
29134 14602
29135 14452
29136 14620
29137 14566
29138 14700
29139 14551
29140 14581
29141 14515
29142 14625
29143 14517
29144 14521
29145 14437
29146 14600
29147 14598
29148 14446
29149 14511
29150 14643
29151 14402
29152 14751
29153 14552
29154 14648
29155 14598
29156 14573
29157 14523
29158 14614
29159 14549
29160 14506
29161 14781
29162 14622
29163 14522
29164 14620
29165 14653
29166 14549
29167 14402
29168 14546
29169 14513
29170 14722
29171 14625
29172 14524
29173 14633
29174 14686
29175 14607
29176 14599
29177 14661
29178 14532
29179 14515
29180 14557
29181 14558
29182 14522
29183 14619
29184 14652
29185 14542
29186 14500
29187 14517
29188 14646
29189 14439
29190 14331
29191 14610
29192 14689
29193 14598
29194 14694
29195 14693
29196 14631
29197 14649
29198 14569
29199 14488
29200 14650
29201 14658
29202 14612
29203 14522
29204 14677
29205 14602
29206 14469
29207 14627
29208 14459
29209 14556
29210 14534
29211 14469
29212 14467
29213 14574
29214 14574
29215 14621
29216 14592
29217 14634
29218 14555
29219 14696
29220 14645
29221 14565
29222 14606
29223 14729
29224 14555
29225 14638
29226 14749
29227 14675
29228 14477
29229 14534
29230 14715
29231 14575
29232 14550
29233 14476
29234 14503
29235 14591
29236 14725
29237 14599
29238 14544
29239 14607
29240 14729
29241 14507
29242 14583
29243 14633
29244 14560
29245 14495
29246 14655
29247 14558
29248 14584
29249 14697
29250 14695
29251 14531
29252 14721
29253 14670
29254 14781
29255 14576
29256 14527
29257 14596
29258 14663
29259 14429
29260 14599
29261 14658
29262 14581
29263 14750
29264 14706
29265 14673
29266 14633
29267 14680
29268 14558
29269 14663
29270 14535
29271 14621
29272 14747
29273 14489
29274 14618
29275 14611
29276 14673
29277 14685
29278 14643
29279 14625
29280 14674
29281 14596
29282 14647
29283 14672
29284 14633
29285 14582
29286 14758
29287 14765
29288 14597
29289 14638
29290 14687
29291 14659
29292 14587
29293 14508
29294 14652
29295 14583
29296 14677
29297 14909
29298 14760
29299 14697
29300 14573
29301 14497
29302 14762
29303 14608
29304 14525
29305 14648
29306 14658
29307 14614
29308 14799
29309 14689
29310 14570
29311 14529
29312 14593
29313 14620
29314 14605
29315 14662
29316 14717
29317 14532
29318 14910
29319 14644
29320 14690
29321 14633
29322 14862
29323 14791
29324 14738
29325 14563
29326 14582
29327 14796
29328 14740
29329 14715
29330 14707
29331 14631
29332 14703
29333 14550
29334 14549
29335 14712
29336 14778
29337 14776
29338 14553
29339 14836
29340 14611
29341 14595
29342 14702
29343 14550
29344 14556
29345 14689
29346 14644
29347 14572
29348 14744
29349 14520
29350 14712
29351 14589
29352 14528
29353 14644
29354 14654
29355 14780
29356 14663
29357 14677
29358 14574
29359 14702
29360 14749
29361 14666
29362 14445
29363 14631
29364 14748
29365 14744
29366 14739
29367 14619
29368 14593
29369 14759
29370 14602
29371 14690
29372 14609
29373 14674
29374 14756
29375 14755
29376 14684
29377 14673
29378 14870
29379 14890
29380 14834
29381 14561
29382 14778
29383 14630
29384 14629
29385 14697
29386 14706
29387 14659
29388 14664
29389 14676
29390 14630
29391 14665
29392 14590
29393 14611
29394 14628
29395 14694
29396 14840
29397 14835
29398 14693
29399 14670
29400 14666
29401 14806
29402 14748
29403 14734
29404 14741
29405 14702
29406 14678
29407 14725
29408 14647
29409 14751
29410 14684
29411 14734
29412 14623
29413 14680
29414 14589
29415 14802
29416 14636
29417 14836
29418 14704
29419 14687
29420 14763
29421 14899
29422 14680
29423 14550
29424 14682
29425 14645
29426 14602
29427 14740
29428 14570
29429 14747
29430 14807
29431 14681
29432 14835
29433 14625
29434 14705
29435 14636
29436 14676
29437 14694
29438 14754
29439 14592
29440 14645
29441 14764
29442 14641
29443 14723
29444 14747
29445 14574
29446 14823
29447 14510
29448 14796
29449 14662
29450 14701
29451 14578
29452 14817
29453 14639
29454 14604
29455 14820
29456 14538
29457 14519
29458 14790
29459 14768
29460 14760
29461 14791
29462 14683
29463 14589
29464 14785
29465 14698
29466 14628
29467 14774
29468 14777
29469 14711
29470 14718
29471 14762
29472 14840
29473 14661
29474 14726
29475 14682
29476 14812
29477 14722
29478 14788
29479 14569
29480 14821
29481 14740
29482 14573
29483 14870
29484 14694
29485 14683
29486 14755
29487 14645
29488 14669
29489 14681
29490 14747
29491 14664
29492 14631
29493 14707
29494 14785
29495 14806
29496 14676
29497 14726
29498 14729
29499 14817
29500 14764
29501 14815
29502 14753
29503 14755
29504 14783
29505 14793
29506 14786
29507 14717
29508 14746
29509 14689
29510 14651
29511 14760
29512 14701
29513 14687
29514 14767
29515 14711
29516 14827
29517 14903
29518 14625
29519 14730
29520 14713
29521 14857
29522 14733
29523 14713
29524 14664
29525 14678
29526 14581
29527 14857
29528 14736
29529 14795
29530 14893
29531 14780
29532 14808
29533 14798
29534 14759
29535 14862
29536 14653
29537 14739
29538 14739
29539 14807
29540 14753
29541 14813
29542 14790
29543 14793
29544 14739
29545 14724
29546 14663
29547 14747
29548 14738
29549 14820
29550 14776
29551 14785
29552 14955
29553 14797
29554 14881
29555 14641
29556 14757
29557 14891
29558 14687
29559 14721
29560 14946
29561 14728
29562 14670
29563 14718
29564 14708
29565 14903
29566 14718
29567 14849
29568 14675
29569 14860
29570 14735
29571 14793
29572 14731
29573 14697
29574 14745
29575 14913
29576 14664
29577 14757
29578 14904
29579 14831
29580 14695
29581 14694
29582 14738
29583 14764
29584 14730
29585 14893
29586 14776
29587 14811
29588 14747
29589 14801
29590 14634
29591 14803
29592 14681
29593 14910
29594 14844
29595 14682
29596 14778
29597 14800
29598 14857
29599 14710
29600 14765
29601 14731
29602 14783
29603 14756
29604 14940
29605 14743
29606 14798
29607 14954
29608 14815
29609 14886
29610 14782
29611 14787
29612 14896
29613 15014
29614 14830
29615 14838
29616 14826
29617 14674
29618 14830
29619 14767
29620 14856
29621 14816
29622 14828
29623 14840
29624 14758
29625 14815
29626 14883
29627 14836
29628 14659
29629 14771
29630 14742
29631 14751
29632 14855
29633 14855
29634 14871
29635 14862
29636 14720
29637 14856
29638 14756
29639 14806
29640 14811
29641 14691
29642 14715
29643 14817
29644 14838
29645 14719
29646 14771
29647 14831
29648 14926
29649 14765
29650 14900
29651 14780
29652 14764
29653 14815
29654 14881
29655 14874
29656 14815
29657 14930
29658 14927
29659 14777
29660 14747
29661 14842
29662 14829
29663 14820
29664 14721
29665 14925
29666 14894
29667 14751
29668 14696
29669 14994
29670 14804
29671 14805
29672 14884
29673 14671
29674 14826
29675 14784
29676 14781
29677 14880
29678 14972
29679 15089
29680 14854
29681 14712
29682 14798
29683 14959
29684 14888
29685 14880
29686 14753
29687 14657
29688 14625
29689 14837
29690 14901
29691 14863
29692 14749
29693 14821
29694 14957
29695 14678
29696 14890
29697 14707
29698 14760
29699 14773
29700 14865
29701 14828
29702 14869
29703 14866
29704 14782
29705 14877
29706 14870
29707 14832
29708 14779
29709 14756
29710 15060
29711 14888
29712 14785
29713 14730
29714 14770
29715 14882
29716 14832
29717 14792
29718 14912
29719 14781
29720 14633
29721 14842
29722 14801
29723 14895
29724 14832
29725 15115
29726 14909
29727 14947
29728 14794
29729 14806
29730 14914
29731 14859
29732 14921
29733 14944
29734 14778
29735 14882
29736 14761
29737 14901
29738 14866
29739 14817
29740 14895
29741 14829
29742 14892
29743 14755
29744 14891
29745 14865
29746 14978
29747 14895
29748 14775
29749 14766
29750 14876
29751 14869
29752 14804
29753 14848
29754 14923
29755 14891
29756 14924
29757 14911
29758 14942
29759 14773
29760 14759
29761 14877
29762 14924
29763 14872
29764 14757
29765 14949
29766 14789
29767 14938
29768 14821
29769 14894
29770 14702
29771 14819
29772 14766
29773 14767
29774 15000
29775 14820
29776 14911
29777 14963
29778 15038
29779 15041
29780 14887
29781 14916
29782 14965
29783 14926
29784 14936
29785 14869
29786 15006
29787 15009
29788 14769
29789 14929
29790 14963
29791 14929
29792 14798
29793 15047
29794 14955
29795 14878
29796 14961
29797 14910
29798 14808
29799 14871
29800 14948
29801 14959
29802 14878
29803 14939
29804 14826
29805 14757
29806 14996
29807 14814
29808 14873
29809 14824
29810 14963
29811 14722
29812 14892
29813 15010
29814 14947
29815 15020
29816 14896
29817 14908
29818 14889
29819 14879
29820 14827
29821 14760
29822 15001
29823 14829
29824 15013
29825 14755
29826 14954
29827 14990
29828 14932
29829 14935
29830 14953
29831 14833
29832 14900
29833 14825
29834 14992
29835 14842
29836 14861
29837 14944
29838 14852
29839 14840
29840 14914
29841 14736
29842 14993
29843 14961
29844 14862
29845 14777
29846 14952
29847 14895
29848 14775
29849 14796
29850 15039
29851 14881
29852 15024
29853 14801
29854 15014
29855 14851
29856 14881
29857 14885
29858 14765
29859 15006
29860 14930
29861 14694
29862 14793
29863 14849
29864 14905
29865 14859
29866 14998
29867 14796
29868 14891
29869 14874
29870 14971
29871 14959
29872 14869
29873 14891
29874 14984
29875 14975
29876 14908
29877 14995
29878 14995
29879 14849
29880 14943
29881 15119
29882 14917
29883 14946
29884 14977
29885 15022
29886 15068
29887 14895
29888 14814
29889 15054
29890 14912
29891 14918
29892 14878
29893 14868
29894 14816
29895 14857
29896 15079
29897 14921
29898 14891
29899 14931
29900 14790
29901 14974
29902 15009
29903 15136
29904 14917
29905 15020
29906 14920
29907 14881
29908 15024
29909 14920
29910 14886
29911 14915
29912 14922
29913 14887
29914 15094
29915 14994
29916 14884
29917 14822
29918 14939
29919 14927
29920 14878
29921 14799
29922 14885
29923 14974
29924 15175
29925 14997
29926 14991
29927 15047
29928 15197
29929 14821
29930 15119
29931 14812
29932 14890
29933 15046
29934 14971
29935 14909
29936 14903
29937 14966
29938 15053
29939 14951
29940 14996
29941 15025
29942 15034
29943 15021
29944 14946
29945 15028
29946 15038
29947 14998
29948 15018
29949 14824
29950 14887
29951 15041
29952 14893
29953 14994
29954 14916
29955 14792
29956 14946
29957 14839
29958 14983
29959 14985
29960 14744
29961 14826
29962 14942
29963 15027
29964 14963
29965 15010
29966 15018
29967 15054
29968 15031
29969 15017
29970 14958
29971 14872
29972 15023
29973 14926
29974 14912
29975 14954
29976 14823
29977 14961
29978 14888
29979 15155
29980 14942
29981 14908
29982 15011
29983 14918
29984 14998
29985 14882
29986 14960
29987 14914
29988 15114
29989 14882
29990 14991
29991 14973
29992 14908
29993 15027
29994 15041
29995 15080
29996 14955
29997 15010
29998 15080
29999 15098
30000 15029
