What ran: code/out/half_density_probe.py (new; attack on the max-density=1/2 characterization)
Oracle: canonical lib.uc (decide_union_closed, abundance, closure) + exact Fraction densities; no floats
Range: n=3 explicit witnesses (exhaustive over all 256 subfamilies); n=6 exhaustive over the G-shape subclass 2^[5] u {A|6 : A in G}, G an upset of 2^[5] (all 7581 upsets = Dedekind M(5)); n=6,7 random closure samples

P1: non-Boolean UC families on [3] with some element at density 1/2: 42 (expect 42)
    F=[1, 3] counts=[2, 1, 0] half-elements=[1] over-half=[0] (max=1)
    F=[2, 3] counts=[1, 2, 0] half-elements=[0] over-half=[1] (max=1)
    F=[1, 5] counts=[2, 0, 1] half-elements=[2] over-half=[0] (max=1)
    F=[4, 5] counts=[1, 0, 2] half-elements=[0] over-half=[2] (max=1)
P2: upsets of 2^[5]: 7581 (expect Dedekind M(5)=7581)
    !! not UC: [0, 1, 2, 3, 4, 6, 8, 9, 10, 11, 12, 16, 18, 20, 22]
    !! not UC: [0, 1, 2, 3, 4, 5, 6, 8, 10, 16, 24]
    !! not UC: [0, 1, 2, 3, 4, 5, 8, 9, 10, 12, 16, 17, 20, 24, 25]
    !! not UC: [0, 1, 2, 3, 4, 5, 6, 7, 8, 9, 10, 11, 12, 13, 16, 18, 20, 22, 24, 28]
    !! not UC: [0, 1, 2, 4, 6, 8, 10, 12, 14, 16, 17, 18, 20]
    !! not UC: [0, 1, 2, 3, 4, 5, 6, 8, 9, 16, 17, 18, 19, 20]
    !! not UC: [0, 1, 2, 3, 4, 5, 6, 7, 8, 9, 10, 11, 12, 14, 16, 17, 18, 24, 25]
    !! not UC: [0, 1, 2, 3, 4, 5, 6, 8, 9, 10, 11, 16, 18, 20, 22, 24, 26]
    !! not UC: [0, 2, 4, 6, 16]
    !! not UC: [0, 1, 2, 3, 4, 5, 8, 9, 10, 11, 16, 17, 18, 19, 20, 21, 24, 25]
    !! not UC: [0, 1, 2, 3, 4, 8, 9, 10, 11, 16, 17, 20]
    !! not UC: [0, 1, 2, 3, 4, 6, 8, 10, 12, 16, 17, 18, 19, 20]
    !! not UC: [0, 1, 2, 16, 17, 18]
    !! not UC: [0, 1, 2, 3, 4, 6, 8, 9, 10, 11, 12, 14, 16, 17, 18, 24, 26]
    !! not UC: [0, 1, 2, 3, 4, 5, 6, 7, 8, 16, 17, 18, 19, 20, 21, 22]
    !! not UC: [0, 1, 2, 4, 5, 6, 8, 10, 12, 16, 17, 18]
    !! not UC: [0, 1, 2, 3, 4, 5, 8, 9, 12, 13, 16, 17, 18, 19, 20, 21]
    !! not UC: [0, 1, 2, 3, 4, 6, 8, 10, 12, 14, 16, 18]
    !! not UC: [0, 1, 2, 3, 4, 5, 6, 8, 9, 10, 11, 12, 13, 16, 17, 18, 20, 21, 24, 25, 28, 29]
    !! not UC: [0, 1, 2, 3, 4, 5, 6, 7, 8, 9, 10, 11, 12, 13, 16, 18, 20, 22, 24, 26, 28]
    !! not UC: [0, 1, 2, 4, 5, 6, 8, 10, 16, 17, 18, 24]
    !! not UC: [0, 1, 2, 4, 5, 8, 16, 17, 20, 21]
    !! not UC: [0, 1, 2, 3, 4, 5, 6, 7, 8, 9, 10, 12, 13, 16, 17, 18, 20, 24]
    !! not UC: [0, 1, 2, 3, 4, 5, 8, 9, 10, 12, 16, 17, 18, 20, 24, 28]
    !! not UC: [0, 1, 2, 3, 4, 5, 6, 8, 9, 10, 12, 13, 14, 16, 17, 18, 19, 20, 22, 24, 28]
    !! not UC: [0, 1, 2, 4, 5, 6, 16, 17]
    !! not UC: [0, 1, 2, 4, 5, 6, 8, 10, 12, 16, 17, 18, 20, 21, 22, 24, 28]
    !! not UC: [0, 1, 2, 3, 4, 6, 8, 10, 12, 14, 16, 17, 18, 19, 20, 22, 24, 26, 28]
    !! not UC: [0, 1, 2, 4, 6, 8, 10, 16, 18, 20, 22]
    !! not UC: [0, 1, 2, 4, 5, 8, 9, 10, 16, 18, 20]
    !! not UC: [0, 1, 2, 4, 5, 8, 9, 12, 16, 17, 18, 20, 21, 24, 25]
    !! not UC: [0, 1, 2, 4, 5, 6, 8, 9, 10, 16, 18, 20, 22]
    !! not UC: [0, 1, 2, 3, 4, 5, 6, 8, 10, 16, 17, 18, 20, 21, 22]
    !! not UC: [0, 1, 2, 3, 4, 5, 8, 9, 10, 11, 12, 13, 16, 17, 18, 20, 21, 24, 26]
    !! not UC: [0, 1, 2, 4, 5, 6, 8, 9, 10, 12, 13, 16, 17, 20, 21, 24]
    !! not UC: [0, 1, 2, 3, 4, 5, 6, 7, 8, 9, 10, 11, 12, 13, 16, 17, 18, 20, 21, 24, 25, 28, 29]
    !! not UC: [0, 1, 2, 3, 4, 5, 8, 10, 16, 17, 18, 19, 20, 24]
    !! not UC: [0, 1, 2, 3, 4, 5, 6, 8, 9, 10, 12, 13, 16, 17, 18, 20, 24, 25, 28]
    !! not UC: [0, 1, 2, 4, 5, 6, 8, 9, 10, 12, 13, 16, 17, 20, 21, 24, 25]
    !! not UC: [0, 1, 2, 3, 4, 6, 8, 9]
    !! not UC: [0, 1, 2, 3, 4, 5, 6, 8, 9, 10, 16, 20, 24]
    !! not UC: [0, 1, 2, 3, 4, 5, 6, 8, 9, 10, 11, 12, 16, 17, 18, 19, 20, 21, 22, 24, 26, 28]
    !! not UC: [0, 1, 2, 3, 4, 6, 8, 9, 10, 12, 14, 16, 17, 18, 20, 24, 25, 26, 28]
    !! not UC: [0, 1, 2, 3, 4, 5, 6, 7, 8, 9, 10, 11, 12, 13, 14, 15, 16, 18, 20, 22]
    !! not UC: [0, 1, 2, 4, 5, 6, 8, 9, 10, 12, 13, 14, 16]
    !! not UC: [0, 1, 2, 3, 4, 8, 10, 16, 20, 24]
    !! not UC: [0, 1, 2, 3, 4, 5, 6, 8, 9, 10, 16, 17, 18, 24, 25]
    !! not UC: [0, 1, 2, 3, 4, 5, 6, 7, 8, 9, 10, 12, 16, 17, 18, 20, 22, 24, 28]
    !! not UC: [0, 1, 2, 3, 4, 8, 12, 16, 17, 18, 19, 20, 24, 28]
    !! not UC: [0, 1, 2, 4, 6, 8, 9, 10, 12, 16, 18, 20, 24, 28]
    !! not UC: [0, 1, 2, 3, 4, 5, 8, 9, 10, 12, 16, 17, 18, 20, 21, 24, 25]
    !! not UC: [0, 1, 2, 3, 4, 5, 6, 8, 9, 10, 11, 16, 17, 18, 20, 24, 25]
    !! not UC: [0, 1, 2, 3, 4, 5, 6, 7, 8, 9, 10, 11, 16, 17, 18, 19, 20, 24, 25]
    !! not UC: [0, 1, 2, 4, 5, 6, 8, 12, 16, 18, 20, 24]
    !! not UC: [0, 1, 2, 4, 6, 8, 9, 10, 12, 16, 17, 18, 20, 22, 24]
    !! not UC: [0, 1, 2, 3, 4, 5, 6, 7, 8, 9, 10, 11, 12, 13, 14, 16, 17, 18, 19, 20, 21, 22, 23, 24, 25, 26, 27, 28, 29]
    !! not UC: [0, 1, 2, 3, 4, 5, 6, 7, 8, 9, 10, 11, 12, 13, 16, 17]
    !! not UC: [0, 1, 2, 3, 8, 9, 16, 18, 24]
    !! not UC: [0, 1, 2, 3, 4, 5, 6, 8, 9, 10, 11, 12, 13, 16, 17, 18, 20, 21, 24]
    !! not UC: [0, 1, 2, 3, 4, 5, 6, 7, 8, 9, 10, 11, 12, 13, 16, 17, 18, 20, 21, 24, 26, 28]
    !! not UC: [0, 1, 2, 3, 4, 5, 6, 7, 8, 9, 10, 12, 16, 17, 18, 20, 22, 24]
    !! not UC: [0, 1, 2, 4, 6, 8, 10, 12, 14, 16, 17]
    !! not UC: [0, 1, 2, 3, 4, 5, 8, 9, 10, 12, 16, 17, 18, 19, 20, 24, 25, 26]
    !! not UC: [0, 1, 2, 3, 4, 5, 6, 8, 9, 10, 11, 12, 13, 14, 16, 17, 18, 19, 20, 21, 24, 26]
    !! not UC: [0, 1, 2, 3, 4, 5, 8, 12, 16, 18, 20]
    !! not UC: [0, 1, 2, 3, 4, 5, 6, 8, 9, 10, 12, 13, 16, 17, 20, 21, 24, 28]
    !! not UC: [0, 1, 2, 4, 8, 16, 17, 18, 20]
    !! not UC: [0, 1, 2, 3, 4, 5, 6, 8, 9, 10, 11, 12, 13, 14, 16, 17, 18, 19, 20, 22, 24, 26, 28]
    !! not UC: [0, 1, 2, 4, 5, 8, 10, 16, 18, 24]
    !! not UC: [0, 1, 2, 4, 5, 6, 16, 17, 18, 20, 21]
    !! not UC: [0, 1, 2, 3, 4, 5, 6, 7, 8, 9, 10, 11, 12, 16, 17, 18, 19, 20, 21, 22, 23, 24, 26]
    !! not UC: [0, 1, 2, 4, 6, 8, 9, 10, 12, 16, 17, 18, 20, 24, 26]
    !! not UC: [0, 1, 2, 3, 4, 5, 8, 10, 12, 16, 18]
    !! not UC: [0, 1, 2, 3, 4, 5, 6, 8, 9, 10, 12, 13, 14, 16, 17, 18, 19, 20, 24, 25, 28]
    !! not UC: [0, 1, 2, 4, 5, 6, 8, 9, 10, 12, 13, 16, 17, 20, 24, 28]
    !! not UC: [0, 1, 2, 3, 4, 8, 9, 10, 11, 12, 16, 18, 20, 24, 26, 28]
    !! not UC: [0, 1, 2, 4, 5, 6, 8, 9, 10, 12, 16, 17, 18, 20, 22, 24, 25, 28]
    !! not UC: [0, 1, 2, 3, 4, 5, 6, 7, 8, 9, 10, 12, 13, 14, 16, 17, 18, 19, 20, 21, 22, 23, 24, 25]
    !! not UC: [0, 1, 2, 3, 4, 5, 6, 7, 8, 9, 10, 12, 14, 16, 18, 20, 22, 24, 26]
    !! not UC: [0, 1, 2, 3, 4, 5, 6, 8, 9, 10, 11, 12, 14, 16, 18, 20]
    !! not UC: [0, 1, 2, 3, 4, 5, 6, 8, 9, 10, 12, 14, 16, 17, 18, 19, 20, 24, 26, 28]
    !! not UC: [0, 1, 2, 3, 4, 8, 9, 10, 11, 12, 16, 17, 18, 19, 24, 25, 26, 27]
    !! not UC: [0, 1, 2, 3, 4, 5, 6, 7, 8, 10, 12, 16, 17, 20, 24, 28]
    !! not UC: [0, 1, 2, 3, 4, 5, 8, 9, 10, 11, 16, 17, 20, 24, 25]
    !! not UC: [0, 1, 4, 5, 8, 9, 12, 16, 17, 24, 25]
    !! not UC: [0, 1, 2, 3, 4, 5, 6, 7, 8, 9, 10, 11, 12, 13, 14, 15, 16, 17, 18, 19, 20, 21, 22, 23, 24, 26, 28]
    !! not UC: [0, 1, 2, 4, 5, 8, 9, 12, 13, 16, 17, 20, 24, 28]
    !! not UC: [0, 1, 2, 3, 4, 5, 8, 9, 10, 12, 13, 16, 17, 18, 19, 24, 25]
    !! not UC: [0, 2, 4, 6, 8, 12, 16, 18, 20]
    !! not UC: [0, 1, 2, 3, 4, 5, 6, 7, 8, 9, 10, 12, 13, 14, 16, 17, 18, 19]
    !! not UC: [0, 1, 2, 3, 4, 5, 6, 7, 8, 9, 10, 11, 12, 13, 14, 15, 16, 17, 18, 19, 20, 21, 24, 25, 26, 28, 29]
    !! not UC: [0, 1, 2, 3, 4, 5, 8, 9, 16, 17, 18, 20]
    !! not UC: [0, 1, 2, 3, 4, 5, 6, 7, 8, 9, 10, 11, 12, 13, 14, 15, 16, 17, 18, 20, 21, 22, 24, 25, 26, 28, 29]
    !! not UC: [0, 1, 2, 3, 4, 5, 6, 8, 9, 10, 11, 16, 17, 20, 21, 24]
    !! not UC: [0, 1, 2, 3, 4, 5, 6, 8, 9, 10, 11, 12, 16, 18, 20]
    !! not UC: [0, 1, 2, 3, 4, 5, 6, 7, 8, 9, 10, 11, 12, 13, 14, 15, 16, 17, 18, 20, 21, 22, 24, 25, 28]
    !! not UC: [0, 1, 2, 3, 4, 8, 9, 10, 11, 16, 17]
    !! not UC: [0, 1, 2, 3, 4, 5, 6, 16, 17, 18, 19, 20, 21, 22]
    !! not UC: [0, 1, 2, 4, 5, 6, 8, 9, 10, 12, 16, 17, 18, 20, 21, 24, 25, 26]
    !! not UC: [0, 1, 2, 3, 4, 5, 6, 8, 9, 12, 16, 17, 18, 20, 22, 24]
    !! not UC: [0, 1, 2, 3, 4, 5, 6, 8, 10, 16, 17, 18]
    !! not UC: [0, 1, 2, 3, 4, 5, 6, 7, 8, 9, 10, 11, 12, 14, 16, 17, 18, 20, 24, 26, 28]
    !! not UC: [0, 1, 2, 3, 4, 5, 6, 8, 10, 12, 14, 16, 17, 18, 19, 20, 22, 24]
    !! not UC: [0, 1, 2, 3, 4, 6, 8, 9, 12, 16, 18, 20]
    !! not UC: [0, 1, 2, 4, 5, 8, 10, 16, 17, 18, 20, 21]
    !! not UC: [0, 1, 2, 3, 4, 5, 8, 9, 10, 12, 13, 16]
    !! not UC: [0, 1, 2, 3, 4, 5, 6, 8, 16, 18, 24]
    !! not UC: [0, 1, 2, 3, 4, 6, 8, 9, 12, 16, 17, 18]
    !! not UC: [0, 1, 2, 3, 4, 8, 9, 12, 16, 17, 18, 19, 24, 25]
    !! not UC: [0, 1, 2, 3, 4, 5, 6, 7, 8, 9, 10, 12, 14, 16, 17, 18, 20, 21, 22, 24, 28]
    !! not UC: [0, 1, 4, 5, 8, 9, 16, 17, 24, 25]
    !! not UC: [0, 1, 2, 4, 5, 8, 9, 10, 12, 13, 16, 17, 18, 20, 24]
    !! not UC: [0, 1, 2, 3, 4, 5, 8, 9, 10, 11, 16, 17, 18, 20, 24, 25, 26]
    !! not UC: [0, 1, 2, 3, 4, 8, 9, 16, 17, 20, 24, 25]
    !! not UC: [0, 1, 2, 3, 4, 6, 8, 12, 16, 17, 18, 19, 20, 24]
    !! not UC: [0, 1, 2, 3, 4, 5, 8, 9, 10, 11, 12, 13, 16, 17, 18, 19, 20, 24]
    !! not UC: [0, 1, 2, 3, 4, 5, 6, 7, 8, 9, 10, 16, 17, 18, 19, 20, 22]
    !! not UC: [0, 1, 2, 4, 5, 6, 8, 9, 10, 12, 13, 14, 16, 17, 18, 20, 21, 22, 24, 26]
    !! not UC: [0, 1, 2, 3, 4, 5, 8, 12, 16, 17, 24]
    !! not UC: [0, 1, 2, 3, 4, 5, 6, 7, 8, 9, 10, 12, 14, 16, 17, 24, 25]
    !! not UC: [0, 1, 2, 4, 5, 8, 9, 10, 12, 16, 17, 18, 20, 21, 24, 25, 28]
    !! not UC: [0, 1, 2, 3, 4, 5, 6, 7, 8, 9, 10, 12, 13, 16, 17, 18, 19, 20, 21, 22, 24, 26, 28]
    !! not UC: [0, 1, 2, 4, 5, 6, 8, 9, 10, 12, 13, 16, 17, 18, 20, 21, 22, 24, 25, 28, 29]
    !! not UC: [0, 1, 2, 4, 5, 6, 8, 9, 10, 12, 14, 16, 18, 20, 22, 24, 26]
    !! not UC: [0, 1, 2, 3, 4, 5, 8, 9, 10, 11, 12, 16, 17, 18, 20, 24, 26]
    !! not UC: [0, 1, 2, 3, 4, 5, 6, 7, 8, 9, 10, 11, 12, 16, 17, 18, 19, 20, 24, 25, 26, 27]
    !! not UC: [0, 1, 2, 3, 4, 8, 9, 12, 16, 17, 18, 19]
    !! not UC: [0, 1, 2, 3, 4, 5, 6, 7, 8, 9, 10, 11, 12, 16, 17, 18, 19, 20, 21, 24, 28]
    !! not UC: [0, 1, 2, 3, 4, 5, 6, 7, 8, 9, 10, 11, 12, 16, 17, 20, 21]
    !! not UC: [0, 1, 2, 3, 4, 5, 6, 7, 8, 9, 10, 11, 12, 16, 17, 18, 19, 20, 21, 24, 25, 26, 27]
    !! not UC: [0, 1, 2, 4, 6, 8, 10, 12, 16, 17, 18, 20, 24]
    !! not UC: [0, 1, 2, 3, 4, 5, 6, 8, 9, 12, 16, 18, 20, 24, 28]
    !! not UC: [0, 1, 2, 3, 4, 5, 6, 8, 9, 10, 11, 12, 16, 17]
    !! not UC: [0, 1, 2, 4, 5, 6, 8, 10, 12, 16, 17, 18, 20]
    !! not UC: [0, 1, 2, 3, 4, 5, 6, 7, 8, 9, 10, 11, 12, 14, 16, 17, 18, 20, 22, 24, 25]
    !! not UC: [0, 1, 2, 3, 4, 5, 6, 7, 8, 9, 10, 12, 16, 17, 18, 19, 20, 21, 22, 24, 25, 26, 28]
    !! not UC: [0, 1, 2, 3, 8, 16, 17, 18]
    !! not UC: [0, 1, 2, 4, 8, 9, 10, 12, 16, 17, 18, 20, 24, 26, 28]
    !! not UC: [0, 1, 2, 3, 4, 5, 6, 8, 9, 10, 12, 13, 14, 16, 17, 18, 19, 20, 24, 28]
    !! not UC: [0, 1, 2, 4, 5, 6, 8, 9, 10, 12, 13, 14, 16, 17, 18, 20, 22, 24, 26, 28]
    !! not UC: [0, 1, 2, 4, 5, 6, 8, 9, 10]
    !! not UC: [0, 1, 2, 4, 5, 6, 8, 12, 16, 17, 20, 21]
    !! not UC: [0, 1, 2, 3, 4, 5, 8, 9, 12, 16, 18]
    !! not UC: [0, 1, 2, 4, 8, 12, 16, 17, 18, 24]
    !! not UC: [0, 1, 2, 3, 4, 5, 6, 8, 9, 10, 11, 12, 16, 17, 18, 20, 24, 28]
    !! not UC: [0, 1, 2, 3, 4, 5, 6, 7, 8, 10, 12, 16, 18, 20, 22]
    !! not UC: [0, 1, 2, 4, 5, 8, 9, 12, 16, 24]
    !! not UC: [0, 1, 2, 3, 4, 5, 6, 7, 8, 9, 10, 11, 12, 13, 14, 16, 17, 18, 19, 20, 22, 24, 25]
    !! not UC: [0, 1, 2, 3, 4, 5, 6, 7, 8, 9, 10, 12, 14, 16, 17, 20, 24]
    !! not UC: [0, 1, 2, 3, 4, 5, 6, 8, 9, 12, 13, 16, 17, 18, 19, 20, 21, 22, 24, 25, 28]
    !! not UC: [0, 1, 2, 3, 4, 5, 6, 7, 8, 9, 10, 11, 12, 13, 14, 15, 16, 17, 18, 20, 21, 24, 25, 28, 29]
    !! not UC: [0, 1, 2, 3, 4, 8, 9, 10, 11, 12, 16, 20]
    !! not UC: [0, 1, 2, 3, 4, 5, 6, 7, 8, 9, 10, 11, 12, 13, 14, 15, 16, 17, 18, 20, 22, 24, 25, 26, 28]
    !! not UC: [0, 1, 2, 3, 4, 5, 6, 8, 9, 12, 13, 16, 17, 18, 19, 24, 25]
    !! not UC: [0, 1, 2, 4, 6, 8, 9, 10, 12, 16, 18, 24, 26]
    !! not UC: [0, 1, 2, 3, 4, 6, 8, 9, 16, 17, 18]
    !! not UC: [0, 1, 2, 8, 16]
    !! not UC: [0, 1, 2, 3, 4, 5, 6, 8, 9, 10, 11, 12, 16, 17, 18, 20, 24]
    !! not UC: [0, 1, 2, 4, 6, 8, 9, 16, 17, 20]
    !! not UC: [0, 1, 2, 3, 4, 5, 6, 7, 8, 9, 10, 11, 12, 16, 17, 18, 19, 20, 24]
    !! not UC: [0, 1, 2, 3, 4, 5, 6, 8, 16, 20, 24]
    !! not UC: [0, 1, 2, 3, 4, 5, 6, 16, 17]
    !! not UC: [0, 1, 2, 4, 6, 8, 9, 12]
    !! not UC: [0, 1, 2, 4, 5, 6, 8, 9, 10, 12, 16, 20, 24]
    !! not UC: [0, 1, 2, 4, 5, 6, 8, 10, 12, 16]
    !! not UC: [0, 1, 2, 3, 4, 5, 8, 9, 10, 11, 12, 16, 17, 24]
    !! not UC: [0, 1, 2, 3, 4, 5, 6, 7, 8, 9, 10, 11, 12, 14, 16, 17, 18, 20, 22, 24, 26, 28]
    !! not UC: [0, 1, 2, 3, 4, 5, 6, 8, 9, 10, 12, 13, 14, 16, 18, 20, 24, 26]
    !! not UC: [0, 1, 2, 3, 4, 5, 8, 9, 10, 11, 16, 17, 18]
    !! not UC: [0, 1, 2, 3, 4, 5, 6, 7, 8, 9, 10, 11, 16, 18, 20, 24, 26]
    !! not UC: [0, 1, 2, 4, 5, 6, 8, 9, 10, 12, 13, 14, 16, 17, 18, 24, 25, 26]
    !! not UC: [0, 1, 2, 3, 4, 6, 8, 10, 12, 14, 16, 17, 18, 19, 20, 24]
    !! not UC: [0, 1, 2, 3, 4, 5, 6, 8, 9, 16, 17, 18, 20, 21, 24, 25]
    !! not UC: [0, 1, 2, 3, 4, 5, 6, 8, 9, 12, 13, 16, 17, 18, 19, 20, 21]
    !! not UC: [0, 1, 2, 3, 4, 5, 6, 8, 10, 12, 16, 17, 18, 19, 20, 21, 22]
    !! not UC: [0, 1, 2, 4, 5, 8, 9, 12, 16, 20]
    !! not UC: [0, 1, 2, 3, 4, 5, 6, 8, 9, 10, 11, 16, 17, 18, 19, 24]
    !! not UC: [0, 1, 2, 3, 4, 5, 6, 7, 8, 9, 10, 12, 13, 16, 17, 18, 19, 20, 21, 22, 24, 26]
    !! not UC: [0, 1, 2, 4, 5, 6, 8, 9, 12, 13, 16, 24]
    !! not UC: [0, 1, 2, 8, 16, 17]
    !! not UC: [0, 1, 2, 3, 4, 5, 16, 17]
    !! not UC: [0, 1, 2, 3, 4, 6, 8, 9, 10, 12, 16, 17, 18, 20, 24, 26]
    !! not UC: [0, 1, 2, 4, 6, 8, 10, 16, 18, 20, 24, 26]
    !! not UC: [0, 1, 2, 4, 6, 8, 10, 16, 17, 18, 20]
    !! not UC: [0, 1, 2, 3, 4, 5, 8, 9, 10, 16, 17, 18, 19, 24]
    !! not UC: [0, 1, 2, 3, 4, 5, 6, 8, 9, 10, 11, 12, 14, 16, 17, 18, 19, 20, 22, 24, 26]
    !! not UC: [0, 1, 2, 3, 4, 5, 6, 7, 8, 9, 10, 16, 17, 18, 20, 22, 24]
    !! not UC: [0, 1, 2, 3, 4, 5, 6, 7, 8, 9, 10, 11, 16, 17, 18, 20, 22, 24]
    !! not UC: [0, 1, 2, 3, 4, 5, 6, 8, 9, 10, 12, 14, 16]
    !! not UC: [0, 1, 2, 3, 4, 5, 6, 7, 8, 9, 10, 16, 17, 18, 20, 22, 24, 26]
    !! not UC: [0, 1, 2, 3, 4, 6, 8, 9, 10, 11, 12, 14, 16, 17, 18, 20, 24, 25]
    !! not UC: [0, 1, 2, 3, 4, 6, 8, 10, 12, 16, 18, 20, 22, 24, 26]
    !! not UC: [0, 1, 2, 3, 4, 6, 8, 9, 10, 11, 12, 14, 16, 18, 20, 24]
    !! not UC: [0, 1, 2, 3, 4, 5, 6, 7, 8, 9, 10, 11, 12, 13, 16, 17, 18, 19, 20, 21, 22, 24, 25, 26, 27, 28, 29]
    !! not UC: [0, 1, 2, 4, 5, 6, 8, 9, 10, 12, 13, 16, 17, 18, 24, 26]
    !! not UC: [0, 1, 2, 3, 4, 6, 8, 10, 12, 16, 17, 20, 24, 28]
    !! not UC: [0, 1, 2, 3, 4, 6, 8, 9, 10, 11, 12, 14, 16, 17, 18, 19, 20, 24, 25, 26, 27]
    !! not UC: [0, 1, 2, 3, 4, 5, 8, 10, 12, 16, 17, 24]
    !! not UC: [0, 1, 2, 4, 5, 6, 8, 9, 10, 12, 16, 18, 20, 24, 26]
    !! not UC: [0, 1, 2, 4, 8, 9, 10, 16, 17, 18, 20]
    !! not UC: [0, 1, 2, 3, 4, 5, 6, 7, 8, 9, 16, 18, 20, 22, 24]
    !! not UC: [0, 1, 2, 3, 4, 5, 6, 8, 9, 10, 11, 16, 17, 18, 20, 21, 24, 25, 26]
    !! not UC: [0, 1, 2, 3, 4, 5, 6, 8, 10, 12, 14, 16, 17, 18, 24]
    !! not UC: [0, 1, 2, 3, 4, 5, 6, 8, 9, 10, 12, 16, 17, 20, 21, 24]
    !! not UC: [0, 1, 2, 4, 5, 6, 8, 12, 16, 17, 20, 21, 24]
    !! not UC: [0, 1, 2, 4, 6, 8, 10, 12, 16, 17, 24]
    !! not UC: [0, 1, 2, 3, 4, 8, 9, 10, 12, 16, 17, 18, 19, 20, 24, 25]
    !! not UC: [0, 1, 2, 3, 4, 5, 6, 8, 16, 17, 18, 19, 20, 21, 22]
    !! not UC: [0, 1, 2, 3, 16]
    !! not UC: [0, 1, 2, 3, 4, 5, 6, 8, 10, 12, 16, 17, 18, 20, 21, 24, 28]
    !! not UC: [0, 1, 2, 4, 5, 6, 8, 9, 10, 12, 14, 16, 17, 18, 20, 21, 22]
    !! not UC: [0, 1, 2, 3, 4, 5, 6, 7, 8, 10, 12, 16, 17, 18, 19, 20, 21, 24, 28]
    !! not UC: [0, 1, 2, 3, 4, 5, 6, 8, 9, 10, 12, 14, 16, 17, 18, 19, 20, 21, 24, 26]
    !! not UC: [0, 1, 2, 4, 6, 8, 10, 16, 20, 24]
    !! not UC: [0, 1, 2, 3, 4, 8, 9, 10, 11, 16, 17, 18, 20, 24, 25]
    !! not UC: [0, 1, 2, 3, 4, 5, 6, 8, 10, 12, 14, 16, 17, 18, 19, 20, 24]
    !! not UC: [0, 1, 2, 3, 4, 5, 8, 9, 10, 11, 12, 13, 16, 17, 18, 20, 24, 25, 28]
    !! not UC: [0, 1, 2, 3, 4, 5, 6, 8, 9, 10, 11, 12, 14, 16, 17, 18, 20, 22, 24, 25, 26]
    !! not UC: [0, 1, 2, 3, 4, 5, 6, 8, 9, 10, 12, 14, 16, 18, 20, 24, 26, 28]
    !! not UC: [0, 1, 2, 3, 4, 5, 6, 7, 8, 9, 10, 16, 17, 18, 19, 20, 21, 24]
    !! not UC: [0, 1, 2, 4, 8, 10, 12, 16, 20]
    !! not UC: [0, 1, 4, 5, 8, 9, 16, 20]
    !! not UC: [0, 1, 2, 4, 8, 9, 10, 12, 16, 17, 24]
    !! not UC: [0, 1, 2, 3, 4, 5, 6, 8, 9, 10, 12, 13, 14, 16, 17, 18, 19, 24]
    !! not UC: [0, 1, 2, 4, 8, 9, 10, 12, 16, 17, 18, 20, 24, 25, 26]
    !! not UC: [0, 1, 2, 3, 4, 5, 6, 7, 8, 16, 17, 18, 19, 20, 22]
    !! not UC: [0, 1, 2, 3, 4, 5, 6, 8, 10, 12, 14, 16, 17, 18, 19, 20, 24, 28]
    !! not UC: [0, 1, 2, 3, 4, 8, 9, 10, 11, 12, 16, 17, 18, 19]
    !! not UC: [0, 1, 2, 3, 4, 5, 6, 7, 8, 9, 10, 11, 12, 13, 14, 15, 16, 17, 18, 20, 21, 22]
    !! not UC: [0, 1, 2, 3, 4, 5, 8, 9, 10, 12, 16, 17, 18, 19, 20, 21, 24, 25, 28]
    !! not UC: [0, 1, 2, 4, 5, 6, 8, 10, 16, 17, 20, 24]
    !! not UC: [0, 1, 2, 3, 8, 10, 16, 17, 18, 24]
    !! not UC: [0, 1, 2, 3, 4, 5, 6, 7, 8, 9, 10, 12, 16, 17, 18, 20, 22, 24, 25, 26]
    !! not UC: [0, 1, 2, 3, 4, 5, 6, 7, 8, 9, 10, 12, 16, 17, 18, 19, 20, 21, 22, 23, 24, 25, 26, 28]
    !! not UC: [0, 1, 2, 3, 4, 5, 6, 8, 9, 10, 11, 12, 13, 16, 17, 18, 20, 24, 28]
    !! not UC: [0, 1, 2, 3, 4, 5, 6, 7, 8, 9, 10, 12, 14, 16, 17, 18, 19, 20, 21, 22, 23, 24, 26, 28, 30]
    !! not UC: [0, 1, 2, 3, 4, 5, 6, 8, 9, 10, 12, 13, 16, 17, 18, 20, 21, 22, 24, 25, 26, 28]
    !! not UC: [0, 1, 2, 3, 4, 5, 6, 7, 8, 9, 10, 12, 16, 17, 18, 19, 20, 21, 22, 24, 26]
    !! not UC: [0, 1, 2, 4, 5, 6, 8, 10, 12, 14, 16]
    !! not UC: [0, 1, 2, 4, 6, 8, 9, 10, 16, 17, 18, 20, 24, 25]
    !! not UC: [0, 1, 2, 3, 4, 6, 8, 9, 10, 11, 12, 14, 16, 17, 18, 19, 20, 22, 24]
    !! not UC: [0, 1, 2, 4, 5, 6, 8, 10, 12, 14, 16, 18, 20, 22, 24, 26]
    !! not UC: [0, 1, 2, 3, 4, 5, 8, 9, 10, 11, 12, 13, 16, 17, 18, 20, 21, 24, 25]
    !! not UC: [0, 1, 2, 3, 4, 5, 6, 8, 9, 10, 12, 13, 14, 16, 17, 18, 20, 22, 24, 25, 26, 28, 30]
    !! not UC: [0, 1, 2, 3, 4, 8, 9, 10, 12, 16, 17, 18, 20, 24, 28]
    !! not UC: [0, 1, 2, 3, 4, 5, 6, 7, 8, 9, 10, 12, 13, 14, 16, 17, 18, 20, 22]
    !! not UC: [0, 1, 2, 3, 4, 6, 8, 9, 10, 12, 14, 16, 17, 18, 20, 22, 24, 26]
    !! not UC: [0, 2, 4, 6, 8, 10]
    !! not UC: [0, 1, 2, 3, 4, 5, 6, 8, 9, 10, 12, 16, 17, 18, 20, 21, 24]
    !! not UC: [0, 1, 2, 3, 4, 5, 6, 7, 8, 9, 10, 12, 16, 17, 18, 19, 20, 21, 24]
    !! not UC: [0, 1, 2, 3, 4, 5, 6, 8, 9, 10, 12, 14, 16, 17, 20, 24, 25, 28]
    !! not UC: [0, 1, 2, 3, 4, 5, 6, 8, 9, 12, 13, 16, 20, 24]
    !! not UC: [0, 1, 2, 3, 4, 5, 6, 8, 9, 10, 11, 12, 16, 18, 20, 22, 24, 26]
    !! not UC: [0, 1, 2, 3, 4, 5, 6, 8, 10, 12, 16, 17, 20, 21]
    !! not UC: [0, 1, 2, 3, 4, 5, 6, 8, 9, 10, 12, 13, 14, 16, 17, 18]
    !! not UC: [0, 1, 2, 3, 4, 5, 8, 12, 16, 17, 18, 19, 24]
    !! not UC: [0, 1, 2, 3, 4, 5, 6, 7, 8, 9, 10, 11, 12, 13, 14, 16, 17, 18, 19, 20, 21, 24, 25, 26, 27]
    !! not UC: [0, 1, 2, 3, 4, 5, 8, 9, 10, 11, 12, 13, 16, 17, 18, 19, 20, 24, 28]
    !! not UC: [0, 1, 2, 4, 5, 8, 9, 10, 12, 13, 16, 17, 18, 24, 25, 26]
    !! not UC: [0, 1, 2, 3, 4, 5, 6, 7, 8, 9, 10, 16, 17, 18, 20, 21]
    !! not UC: [0, 1, 2, 3, 4, 5, 6, 7, 8, 9, 10, 12, 14, 16, 17, 18, 19, 20, 21, 22, 23]
    !! not UC: [0, 1, 2, 4, 5, 8, 9, 10, 12, 16, 17, 20, 24, 28]
    !! not UC: [0, 1, 2, 4, 6, 8, 9, 10, 12, 16, 24]
    !! not UC: [0, 1, 2, 4, 5, 6, 8, 9, 16, 18, 20, 24]
    !! not UC: [0, 1, 2, 3, 4, 5, 6, 8, 9, 10, 12, 13, 14, 16, 17, 18, 24, 25]
    !! not UC: [0, 1, 2, 3, 4, 8, 9, 10, 11, 16, 17, 18, 20, 24, 25, 26]
    !! not UC: [0, 1, 2, 4, 5, 8, 9, 16, 17, 20, 24]
    !! not UC: [0, 1, 2, 3, 4, 5, 8, 9, 10, 11, 16, 17, 18, 19, 20, 21]
    !! not UC: [0, 1, 2, 3, 4, 5, 6, 8, 9, 10, 12, 13, 16, 17, 20, 24, 25]
    !! not UC: [0, 1, 2, 4, 5, 6, 8, 9, 10, 12, 13, 14, 16, 18, 20, 22, 24, 28]
    !! not UC: [0, 1, 2, 3, 4, 5, 6, 8, 9, 10, 16, 17, 20, 24, 25]
    !! not UC: [0, 1, 2, 3, 4, 5, 6, 8, 9, 10, 11, 12, 16, 17, 18, 20, 22, 24]
    !! not UC: [0, 1, 4, 5, 8, 12, 16, 17, 20, 21, 24]
    !! not UC: [0, 1, 2, 3, 4, 5, 8, 9, 12, 16, 17, 24, 25]
    !! not UC: [0, 1, 2, 3, 4, 5, 8, 9, 10, 16, 17, 18]
    !! not UC: [0, 1, 2, 4, 8, 10, 12, 16, 17, 20, 24]
    !! not UC: [0, 1, 4, 5, 8, 9, 12, 13, 16, 20]
    !! not UC: [0, 1, 2, 3, 4, 5, 6, 7, 8, 9, 10, 11, 12, 16, 17, 18, 19, 24, 25, 26]
    !! not UC: [0, 1, 2, 3, 4, 5, 6, 7, 8, 9, 10, 11, 12, 13, 14, 15, 16, 17, 24, 25]
    !! not UC: [0, 1, 2, 3, 4, 5, 6, 8, 9, 12, 13, 16, 17, 18, 19, 20, 21, 22]
    !! not UC: [0, 1, 2, 3, 4, 5, 6, 8, 9, 10, 11, 12, 13, 14, 16, 17, 20, 21, 24]
    !! not UC: [0, 1, 2, 3, 4, 5, 6, 8, 9, 10, 12, 13, 16, 17, 18, 20, 22, 24, 25]
    !! not UC: [0, 1, 2, 4, 5, 6, 8, 10, 12, 14, 16, 18, 20, 24, 28]
    !! not UC: [0, 1, 2, 3, 4, 6, 8, 9, 10, 12]
    !! not UC: [0, 1, 2, 4, 5, 6, 8, 10, 12, 14, 16, 17, 18, 20, 24]
    !! not UC: [0, 1, 2, 4, 5, 6, 8, 10, 12, 16, 18, 20, 22]
    !! not UC: [0, 1, 2, 4, 8, 9, 10, 16, 17, 18, 20, 24, 25, 26]
    !! not UC: [0, 1, 2, 3, 4, 5, 6, 8, 9, 10, 11, 12, 14, 16, 17, 20, 21, 24, 25]
    !! not UC: [0, 1, 2, 3, 4, 5, 6, 7, 8, 9, 10, 12, 14, 16, 17, 18, 20, 21, 22, 24, 25]
    !! not UC: [0, 1, 2, 3, 4, 5, 6, 8, 9, 10, 12, 13, 14, 16, 17, 18, 19, 20, 21, 22, 24, 28]
    !! not UC: [0, 1, 2, 3, 4, 5, 6, 8, 9, 10, 11, 12, 13, 14, 16, 17, 18, 20, 22, 24, 26]
    !! not UC: [0, 1, 2, 3, 4, 5, 6, 7, 8, 9, 10, 12, 13, 16]
    !! not UC: [0, 1, 2, 3, 4, 5, 6, 7, 8, 9, 10, 11, 16, 17, 18, 20, 21, 24]
    !! not UC: [0, 1, 2, 4, 5, 6, 8, 9, 10, 12, 14, 16, 20]
    !! not UC: [0, 1, 2, 3, 4, 5, 6, 7, 8, 9, 10, 11, 12, 16, 17, 18, 20, 22, 24, 26]
    !! not UC: [0, 1, 2, 3, 4, 5, 6, 8, 9, 10, 11, 12, 13, 14, 16, 17, 18, 19, 20, 24, 25, 26, 28]
    !! not UC: [0, 1, 2, 3, 4, 5, 6, 7, 8, 9, 10, 11, 12, 13, 16, 18]
    !! not UC: [0, 1, 2, 3, 4, 5, 6, 8, 9, 10, 12, 13, 14, 16, 17, 18, 19, 20, 21, 24, 25, 26, 28, 29]
    !! not UC: [0, 1, 2, 3, 4, 5, 6, 7, 8, 9, 10, 12, 13, 14, 16, 17, 18, 20, 24, 26]
    !! not UC: [0, 1, 2, 3, 4, 5, 6, 7, 8, 9, 12, 13, 16]
    !! not UC: [0, 1, 2, 3, 4, 5, 6, 8, 9, 10, 16, 17, 18, 19, 20, 22]
    !! not UC: [0, 1, 2, 3, 4, 5, 6, 8, 9, 10, 12, 16, 17, 18, 20, 21, 24, 25, 28]
    !! not UC: [0, 1, 2, 3, 4, 5, 8, 9, 10, 12, 16, 17, 18, 20, 21, 24, 28]
    !! not UC: [0, 1, 2, 3, 4, 5, 6, 8, 9, 10, 11, 12, 14, 16, 17, 18, 20, 24, 25, 26, 28]
    !! not UC: [0, 1, 2, 4, 5, 6, 8, 9, 10, 12, 16, 17, 18, 20, 21, 22, 24, 25, 26, 28]
    !! not UC: [0, 1, 2, 3, 4, 6, 8, 9, 10, 11, 12, 14, 16, 17, 18, 20, 24, 25, 28]
    !! not UC: [0, 1, 2, 3, 4, 8, 9, 12]
    !! not UC: [0, 1, 2, 3, 4, 5, 8, 9, 10, 12, 16, 20, 24]
    !! not UC: [0, 1, 2, 4, 5, 8, 10, 12, 16, 17, 18, 20]
    !! not UC: [0, 1, 2, 3, 4, 5, 6, 7, 8, 9, 10, 12, 16, 18]
    !! not UC: [0, 1, 2, 3, 4, 5, 6, 7, 8, 9, 10, 11, 12, 13, 14, 16, 17, 18, 24]
    !! not UC: [0, 1, 2, 3, 4, 5, 6, 7, 8, 16, 17, 18, 20, 21]
    !! not UC: [0, 1, 2, 3, 4, 5, 6, 8, 9, 10, 12, 14, 16, 17, 24, 25]
    !! not UC: [0, 1, 2, 3, 4, 5, 6, 8, 9, 10, 12, 14, 16, 17, 18, 19, 20, 22, 24, 26]
    !! not UC: [0, 1, 2, 3, 4, 5, 6, 7, 8, 9, 10, 11, 12, 16, 17, 18, 19]
    !! not UC: [0, 1, 4, 8, 9, 16, 17]
    !! not UC: [0, 1, 2, 3, 4, 5, 6, 8, 9, 10, 16, 17, 18, 20, 21, 22, 24, 26]
    !! not UC: [0, 1, 2, 3, 4, 6, 8, 9, 10, 12, 14, 16, 18, 20, 22, 24, 26, 28]
    !! not UC: [0, 1, 2, 3, 4, 8, 9, 10, 11, 12, 16, 17, 18, 24, 26]
    !! not UC: [0, 1, 2, 3, 4, 6, 8, 9, 10, 12, 14, 16, 17, 18, 19, 24, 25, 26]
    !! not UC: [0, 1, 2, 3, 4, 5, 6, 7, 8, 10, 16, 18, 20]
    !! not UC: [0, 1, 2, 4, 8, 9]
    !! not UC: [0, 1, 2, 3, 4, 5, 6, 8, 9, 10, 12, 13, 14, 16, 17, 18, 19, 20, 22, 24, 25, 26]
    !! not UC: [0, 1, 2, 3, 4, 5, 6, 7, 8, 9, 12, 13, 16, 17, 18, 19]
    !! not UC: [0, 1, 2, 4, 5, 8, 9, 12, 13, 16, 20, 24, 28]
    !! not UC: [0, 1, 2, 3, 4, 5, 8, 9, 16, 17, 18, 19, 20, 24, 25]
    !! not UC: [0, 1, 2, 3, 4, 5, 6, 7, 8, 9, 10, 12, 13, 14, 16, 17, 18, 19, 20, 21, 22, 24, 26, 28]
    !! not UC: [0, 1, 2, 3, 4, 5, 8, 9, 10, 12, 16, 17, 18, 19, 20, 24, 26, 28]
    !! not UC: [0, 1, 2, 3, 4, 5, 6, 8, 9, 10, 11, 12, 13, 16, 18, 20, 22, 24, 26, 28]
    !! not UC: [0, 1, 2, 3, 4, 5, 6, 8, 9, 10, 12, 16, 17, 18, 19, 20, 22, 24, 28]
    !! not UC: [0, 1, 2, 3, 4, 5, 6, 7, 8, 9, 10, 11, 12, 13, 16, 17, 18, 20, 24, 26, 28]
    !! not UC: [0, 1, 2, 3, 4, 6, 8, 9, 10, 12, 16, 24]
    !! not UC: [0, 1, 2, 3, 4, 5, 6, 7, 8, 9, 16, 17, 18, 20, 24]
    !! not UC: [0, 1, 2, 3, 4, 5, 6, 8, 9, 10, 12, 14, 16, 18, 20, 22, 24, 26, 28]
    !! not UC: [0, 1, 2, 3, 4, 5, 6, 8, 9, 10, 16, 17, 18, 20, 21, 22, 24]
    !! not UC: [0, 1, 2, 3, 4, 5, 6, 8, 9, 12, 13, 16, 17, 18, 20, 21, 24, 25, 28, 29]
    !! not UC: [0, 1, 2, 3, 4, 5, 6, 7, 8, 9, 10, 16, 17, 18, 19, 20, 21, 22, 24]
    !! not UC: [0, 1, 2, 3, 4, 6, 8, 9, 12, 16, 17]
    !! not UC: [0, 1, 2, 3, 4, 6, 8, 9, 10, 11, 12, 16, 17, 18, 20, 22, 24, 26, 28]
    !! not UC: [0, 1, 2, 4, 6, 8, 10, 12, 14, 16, 17, 18, 20, 22, 24]
    !! not UC: [0, 1, 2, 3, 4, 6, 8, 12, 16, 17, 18]
    !! not UC: [0, 1, 2, 3, 4, 5, 8, 10, 12, 16, 20, 24, 28]
    !! not UC: [0, 1, 2, 3, 4, 5, 8, 9, 10, 11, 12, 16, 17, 18, 19, 20, 24, 26]
    !! not UC: [0, 1, 2, 4, 5, 8, 12, 16, 24]
    !! not UC: [0, 1, 2, 3, 4, 8, 10, 12, 16, 17, 20]
    !! not UC: [0, 1, 2, 4, 5, 6, 8, 9, 10, 12, 16, 17, 18, 20, 22, 24, 25]
    !! not UC: [0, 1, 2, 3, 4, 8, 10, 12, 16, 17, 24]
    !! not UC: [0, 1, 2, 4, 5, 6, 8, 12, 16, 17, 18, 20, 21, 24, 28]
    !! not UC: [0, 1, 2, 3, 4, 5, 6, 8, 9, 16, 17, 18, 19, 20, 21]
    !! not UC: [0, 1, 2, 4, 8, 9, 10, 16, 24]
    !! not UC: [0, 1, 2, 3, 4, 8, 10, 16, 17, 20, 24]
    !! not UC: [0, 1, 2, 4, 5, 8, 9, 16, 18, 20]
    !! not UC: [0, 1, 2, 3, 4, 5, 6, 8, 10, 12, 14, 16, 17, 18, 20, 22]
    !! not UC: [0, 1, 2, 3, 4, 5, 8, 9, 16, 17, 18, 19, 20, 21, 24, 25]
    !! not UC: [0, 1, 2, 3, 4, 6, 8, 9, 16, 17, 18, 20, 22]
    !! not UC: [0, 1, 2, 3, 4, 6, 8, 10, 12, 16, 17, 18, 19, 20, 22]
    !! not UC: [0, 1, 2, 3, 4, 5, 6, 7, 8, 9, 10, 11, 12, 16, 17, 18, 19, 20, 21, 24, 25, 26, 28]
    !! not UC: [0, 1, 2, 3, 4, 5, 6, 8, 10, 12, 14, 16]
    !! not UC: [0, 1, 2, 3, 8, 9, 10, 16, 18]
    !! not UC: [0, 1, 2, 3, 4, 5, 6, 7, 8, 9, 12, 13, 16, 17, 18, 20, 21, 22, 24, 25]
    !! not UC: [0, 1, 2, 3, 4, 5, 8, 9, 10, 11, 12, 16, 17, 20, 21, 24]
    !! not UC: [0, 1, 2, 3, 4, 6, 8, 10, 12, 14, 16, 24]
    !! not UC: [0, 1, 2, 3, 4, 5, 8, 9, 12, 16, 17, 20, 21]
    !! not UC: [0, 1, 2, 3, 4, 6, 8, 9, 10, 11, 16, 17, 18, 24, 25, 26]
    !! not UC: [0, 1, 2, 4, 8, 9, 10, 12, 16, 17, 18, 20, 24, 28]
    !! not UC: [0, 1, 2, 4, 5, 6, 8, 9, 10, 12, 14]
    !! not UC: [0, 1, 2, 3, 4, 5, 6, 7, 8, 16, 17, 18, 19, 20, 22, 24]
    !! not UC: [0, 1, 2, 3, 4, 5, 6, 8, 12, 16, 17, 18, 19, 20, 21, 24, 28]
    !! not UC: [0, 1, 2, 3, 4, 5, 8, 9, 12, 13, 16, 17, 18, 19, 20, 24]
    !! not UC: [0, 2, 4, 6, 8, 10, 12, 14, 16, 20]
    !! not UC: [0, 1, 2, 3, 4, 5, 6, 8, 9, 10, 11, 12, 13, 16, 18, 20, 22, 24, 28]
    !! not UC: [0, 1, 2, 3, 4, 8, 9, 10, 12, 16, 18]
    !! not UC: [0, 1, 2, 3, 4, 5, 6, 7, 8, 10, 16, 18, 24]
    !! not UC: [0, 1, 2, 3, 4, 5, 8, 10]
    !! not UC: [0, 1, 2, 3, 4, 5, 6, 8, 9, 10, 11, 12, 14, 16, 17, 18, 19, 20, 24, 25]
    !! not UC: [0, 1, 2, 3, 4, 8, 9, 10, 12, 16, 17, 18, 19, 20, 24, 28]
    !! not UC: [0, 1, 2, 3, 4, 5, 6, 7, 8, 9, 10, 11, 12, 13, 14, 15, 16, 17, 18, 20, 22, 24, 25, 28]
    !! not UC: [0, 1, 2, 4, 6, 8, 10]
    !! not UC: [0, 1, 2, 4, 5, 8, 16, 17, 20, 24]
    !! not UC: [0, 1, 2, 3, 4, 5, 8, 9, 10, 12, 13, 16, 17, 18, 19, 20, 24, 26]
    !! not UC: [0, 1, 2, 3, 4, 5, 6, 7, 8, 9, 10, 12, 13, 16, 17, 18, 20, 21]
    !! not UC: [0, 1, 2, 3, 4, 5, 6, 7, 8, 9, 10, 11, 16, 24]
    !! not UC: [0, 1, 2, 3, 4, 8, 9, 10, 11, 12, 16, 18, 20, 24, 28]
    !! not UC: [0, 1, 2, 3, 4, 5, 6, 7, 8, 9, 10, 11, 12, 13, 14, 16, 18, 20, 22]
    !! not UC: [0, 1, 2, 3, 4, 5, 6, 7, 8, 9, 12, 13, 16, 17, 18, 19, 20, 21, 22, 23, 24, 25]
    !! not UC: [0, 1, 2, 3, 4, 5, 6, 7, 8, 9, 10, 11, 12, 14, 16, 17, 18, 20, 24, 25, 26, 28]
    !! not UC: [0, 1, 2, 3, 4, 6, 8, 12, 16, 17, 20]
    !! not UC: [0, 1, 2, 4, 5, 6, 8, 9, 10, 12, 13, 14]
    !! not UC: [0, 1, 2, 4, 5, 6, 8, 9, 10, 12, 16, 18, 20, 24, 28]
    !! not UC: [0, 1, 2, 3, 4, 6, 8, 12, 16, 17, 18, 20, 24]
    !! not UC: [0, 1, 2, 3, 4, 6, 8, 9, 10, 16, 17, 18, 19, 20, 24]
    !! not UC: [0, 1, 2, 3, 4, 5, 6, 16, 20]
    !! not UC: [0, 1, 2, 3, 4, 5, 6, 8, 16, 17, 24]
    !! not UC: [0, 1, 2, 4, 5, 6, 8, 9, 10, 12, 16, 17, 18, 20, 21, 22, 24, 25, 26]
    !! not UC: [0, 1, 2, 4, 8, 9, 12, 16, 20, 24, 28]
    !! not UC: [0, 1, 2, 3, 4, 6, 8, 9, 10, 12, 16, 17, 18, 19, 24]
    !! not UC: [0, 1, 2, 3, 4, 5, 6, 8, 9, 10, 12, 14, 16, 17, 18, 24]
    !! not UC: [0, 1, 2, 3, 4, 5, 6, 7, 8, 9, 10, 11, 12, 13, 14, 15, 16, 24]
    !! not UC: [0, 1, 2, 3, 4, 8, 9, 10, 11, 12, 16, 17]
    !! not UC: [0, 1, 2, 3, 4, 5, 6, 8, 9, 10, 12, 14, 16, 18, 20, 22, 24, 26]
    !! not UC: [0, 1, 2, 3, 4, 8, 9, 16, 17, 18, 20, 24, 25]
    !! not UC: [0, 1, 2, 4, 6, 8, 10, 12, 16, 17, 18, 20, 22]
    !! not UC: [0, 1, 2, 3, 4, 5, 6, 8, 9, 10, 12, 14, 16, 17, 18, 19, 20, 21, 24, 28]
    !! not UC: [0, 1, 2, 3, 4, 5, 6, 7, 8, 9, 10, 12, 13, 14, 16, 17, 18, 19, 20, 22, 24, 28]
    !! not UC: [0, 1, 2, 4, 8, 12, 16, 18, 20, 24]
    !! not UC: [0, 1, 2, 3, 4, 5, 6, 7, 8, 9, 10, 11, 12, 14, 16, 17, 18, 19, 20, 21, 22, 23, 24, 25, 26, 27, 28, 30]
    !! not UC: [0, 1, 2, 3, 4, 5, 8, 9, 12, 16, 17, 20, 21, 24, 25]
    !! not UC: [0, 1, 2, 3, 4, 5, 6, 7, 8, 10, 16, 17, 18, 19, 24]
    !! not UC: [0, 1, 2, 3, 4, 5, 6, 7, 8, 9, 10, 12, 13, 16, 17, 18, 20, 24, 26]
    !! not UC: [0, 1, 2, 3, 4, 5, 6, 7, 8, 9, 10, 11, 12, 13, 14, 15, 16, 17, 18, 20, 21, 24, 25, 26, 28]
    !! not UC: [0, 1, 2, 3, 4, 5, 6, 8, 9, 10, 11, 12, 14, 16, 18, 24, 26]
    !! not UC: [0, 1, 2, 3, 4, 5, 6, 7, 8, 10, 12, 14, 16, 17, 18, 19, 20, 21, 22, 24]
    !! not UC: [0, 1, 2, 3, 4, 5, 6, 8, 9, 12, 16, 17, 18, 19, 20, 21, 24]
    !! not UC: [0, 1, 2, 3, 4, 5, 6, 8, 9, 10, 16, 17, 18, 24, 25, 26]
    !! not UC: [0, 1, 2, 4, 5, 8, 9, 10, 12]
    !! not UC: [0, 1, 2, 3, 4, 5, 6, 8, 9, 10, 11, 12, 13, 16, 17, 18, 19, 20, 21, 24, 26, 28]
    !! not UC: [0, 2, 4, 6, 8, 10, 16, 18, 20, 22]
    !! not UC: [0, 1, 2, 4, 5, 6, 8, 9, 10, 16, 17, 18]
    !! not UC: [0, 1, 2, 3, 4, 5, 6, 8, 9, 10, 11, 12, 13, 16, 17]
    !! not UC: [0, 1, 2, 3, 4, 5, 6, 7, 8, 9, 10, 11, 12, 14, 16, 17, 18, 19, 20, 21, 22, 24]
    !! not UC: [0, 1, 2, 3, 4, 6, 8, 9, 10, 12, 14, 16, 17, 18, 19, 20, 24, 26]
    !! not UC: [0, 1, 2, 3, 4, 5, 6, 7, 8, 9, 10, 11, 12, 13, 14, 15, 16, 17, 18, 19, 20, 22, 24, 26]
    !! not UC: [0, 1, 2, 3, 4, 5, 6, 7, 8, 9, 10, 11, 16, 17, 24, 25]
    !! not UC: [0, 1, 2, 3, 4, 5, 6, 8, 9, 10, 11, 12, 14, 16, 17, 18, 20, 24, 26, 28]
    !! not UC: [0, 1, 2, 4, 5, 8, 12, 16, 17]
    !! not UC: [0, 1, 2, 3, 4, 5, 6, 7, 8, 9, 12, 16, 17, 18, 19, 20, 21, 22, 23, 24, 25, 28]
    !! not UC: [0, 1, 2, 4, 8, 9, 12, 16, 17, 20]
    !! not UC: [0, 1, 2, 3, 4, 5, 8, 9, 10, 12, 13, 16, 17, 18, 19, 20]
    !! not UC: [0, 1, 2, 3, 4, 5, 6, 8, 9, 10, 11, 12, 16, 18, 20, 22]
    !! not UC: [0, 1, 2, 3, 4, 5, 6, 7, 8, 9, 10, 12, 13, 16, 17, 18, 20, 21, 22, 24, 26, 28]
    !! not UC: [0, 1, 2, 3, 4, 5, 8, 9, 10, 11, 12, 13, 16, 17, 18, 19, 20, 21, 24]
    !! not UC: [0, 1, 2, 4, 6, 16, 20]
    !! not UC: [0, 1, 2, 4, 8, 9, 10, 12, 16, 17, 18, 20, 24, 25, 26, 28]
    !! not UC: [0, 1, 2, 3, 4, 5, 6, 7, 8, 9, 10, 12, 14, 16, 17, 18, 20, 21]
    !! not UC: [0, 1, 2, 3, 4, 6, 8, 16, 20]
    !! not UC: [0, 1, 2, 3, 4, 5, 6, 7, 8, 10, 12]
    !! not UC: [0, 1, 2, 3, 4, 5, 6, 7, 8, 9, 10, 12, 14, 16, 18, 20, 24, 26, 28]
    !! not UC: [0, 1, 2, 3, 4, 5, 6, 7, 8, 9, 10, 16, 17, 18, 20, 21, 24]
    !! not UC: [0, 1, 2, 3, 4, 5, 6, 7, 8, 10, 12, 16, 17, 18, 19, 24, 26]
    !! not UC: [0, 1, 2, 3, 4, 5, 6, 7, 8, 9, 10, 12, 13, 14, 16, 17, 18, 19, 20, 22]
    !! not UC: [0, 1, 2, 4, 5, 6, 8, 16, 18]
    !! not UC: [0, 1, 2, 4, 5, 6, 8, 10, 12, 16, 18, 20, 24, 26, 28]
    !! not UC: [0, 1, 2, 3, 4, 6, 8, 10, 16, 17, 18, 19, 20, 24, 26]
    !! not UC: [0, 1, 2, 3, 4, 5, 6, 8, 9, 12, 16, 17, 18, 24]
    !! not UC: [0, 1, 2, 4, 6, 8, 10, 12, 14, 16, 17, 18, 20, 24, 28]
    !! not UC: [0, 1, 2, 3, 4, 6, 8, 10, 16, 17, 18]
    !! not UC: [0, 1, 2, 3, 4, 6, 8, 10, 12, 14, 16, 17, 20, 24]
    !! not UC: [0, 1, 2, 4, 5, 6, 8, 9, 10, 12, 13]
    !! not UC: [0, 1, 2, 3, 4, 5, 6, 8, 9, 10, 12, 13, 14, 16, 18, 20, 24, 28]
    !! not UC: [0, 1, 2, 4, 5, 8, 9, 10, 12, 13, 16, 17, 18, 20, 21, 24, 26]
    !! not UC: [0, 1, 2, 4, 5, 6, 8, 9, 10, 12, 13, 16, 17, 18, 20, 21, 22, 24, 25]
    !! not UC: [0, 1, 2, 3, 4, 5, 8, 9, 10, 16, 17, 24]
    !! not UC: [0, 1, 2, 4, 5, 8, 9, 12, 13, 16, 17, 20, 21, 24, 28]
    !! not UC: [0, 1, 2, 3, 4, 5, 6, 7, 8, 12, 16, 18, 20, 22, 24]
    !! not UC: [0, 1, 2, 3, 4, 8, 9, 10, 16, 17, 18, 19, 24, 25, 26]
    !! not UC: [0, 1, 2, 3, 4, 5, 6, 8, 9, 10, 11, 12, 13, 14, 16, 17, 18, 20]
    !! not UC: [0, 1, 2, 3, 4, 5, 6, 8, 9, 10, 11, 12, 13, 16, 17, 18, 20, 21, 24, 25, 26, 28]
    !! not UC: [0, 1, 2, 3, 4, 5, 6, 8, 9, 10, 12, 13, 16, 18, 20, 24, 26]
    !! not UC: [0, 1, 2, 3, 4, 5, 6, 8, 9, 10, 12, 14, 16, 17, 20, 21, 24]
    !! not UC: [0, 1, 2, 3, 4, 5, 6, 7, 8, 10, 16, 17, 18, 20, 21]
    !! not UC: [0, 1, 2, 4, 6, 16, 18, 20, 22]
    !! not UC: [0, 1, 2, 3, 4, 5, 6, 7, 8, 16, 17, 18]
    !! not UC: [0, 1, 2, 3, 4, 5, 6, 7, 8, 10, 16, 17, 18]
    !! not UC: [0, 1, 2, 3, 4, 5, 6, 7, 8, 9, 12, 16, 17, 18, 19]
    !! not UC: [0, 1, 2, 3, 4, 6, 8, 9, 10, 11, 12, 16, 17, 18, 19, 20]
    !! not UC: [0, 1, 2, 3, 4, 5, 6, 7, 8, 9, 10, 12, 14, 16, 17, 18, 20, 24, 28]
    !! not UC: [0, 1, 2, 3, 4, 5, 6, 7, 8, 9, 10, 11, 12, 13, 14, 15, 16, 17, 18, 20, 21, 24, 25, 26]
    !! not UC: [0, 1, 2, 4, 5, 6, 8, 12, 16, 24]
    !! not UC: [0, 1, 2, 3, 4, 6, 8, 10, 12, 14, 16, 17, 18, 19, 20, 24, 28]
    !! not UC: [0, 2, 4, 6, 8, 10, 12, 16, 18, 20, 24, 26, 28]
    !! not UC: [0, 1, 2, 3, 4, 5, 8, 9, 12, 13, 16]
    !! not UC: [0, 1, 2, 3, 4, 5, 6, 7, 8, 9, 10, 12, 13, 14, 16, 17, 18, 19, 20, 24, 28]
    !! not UC: [0, 1, 2, 3, 4, 5, 6, 7, 8, 9, 10, 12, 13, 14, 16, 17, 18, 19, 20, 21, 22, 23, 24, 26]
    !! not UC: [0, 1, 2, 3, 4, 5, 6, 7, 8, 9, 10, 12, 13, 16, 17, 18, 20, 21, 24, 25, 26, 28, 29]
    !! not UC: [0, 1, 2, 3, 4, 6, 8, 9, 10, 16, 24]
    !! not UC: [0, 1, 2, 3, 4, 5, 6, 7, 8, 12, 16, 20]
    !! not UC: [0, 1, 2, 3, 4, 5, 6, 7, 8, 9, 10, 11, 12, 13, 14, 15, 16, 17, 18, 20, 21, 22, 24, 26, 28]
    !! not UC: [0, 1, 2, 3, 4, 5, 8, 9, 10, 11, 16, 17, 18, 19, 20]
    !! not UC: [0, 1, 2, 3, 4, 5, 8, 16, 17, 24]
    !! not UC: [0, 1, 2, 3, 4, 5, 6, 7, 8, 9, 10, 11, 12, 14, 16, 17, 18, 20]
    !! not UC: [0, 1, 2, 3, 4, 6, 8, 9, 10, 11, 12, 16, 18, 20, 24, 26, 28]
    !! not UC: [0, 1, 2, 3, 4, 6, 8, 9, 10, 11, 12, 14, 16, 20, 24, 28]
    !! not UC: [0, 1, 2, 3, 4, 6, 8, 9, 10, 12, 14, 16, 17, 18, 20, 24, 26, 28]
    !! not UC: [0, 1, 2, 3, 8, 10, 16, 17, 18, 19, 24, 26]
    !! not UC: [0, 1, 2, 4, 5, 6, 8, 9, 10, 12, 13, 14, 16, 17, 18, 20, 21, 22, 24]
    !! not UC: [0, 2, 4, 6, 8, 10, 12, 16, 18, 20, 24]
    !! not UC: [0, 1, 2, 3, 4, 5, 6, 7, 8, 9, 12, 13, 16, 17, 20, 24, 28]
    !! not UC: [0, 1, 2, 3, 4, 5, 6, 8, 9, 10, 12, 13, 16, 17, 18, 19, 20, 22, 24]
    !! not UC: [0, 1, 2, 3, 4, 6, 8, 9, 10, 11, 12, 16, 17, 18, 24]
    !! not UC: [0, 1, 2, 3, 4, 8, 16, 17, 18, 20, 24]
    !! not UC: [0, 1, 2, 3, 4, 5, 6, 8, 9, 10, 11, 12, 16, 17, 18, 20, 21, 24]
    !! not UC: [0, 1, 2, 4, 5, 8, 9, 10, 12, 16, 17, 24, 25]
    !! not UC: [0, 1, 2, 3, 4, 5, 6, 7, 8, 9, 16, 24]
    !! not UC: [0, 1, 2, 4, 8, 10, 12, 16, 17, 18, 24, 26]
    !! not UC: [0, 1, 2, 4, 5, 6, 8, 9, 12, 13, 16, 17, 18, 20, 21, 24, 25, 28]
    !! not UC: [0, 1, 2, 3, 4, 5, 6, 8, 9, 10, 12, 13, 16, 20, 24]
    !! not UC: [0, 1, 2, 3, 4, 5, 6, 8, 9, 10, 11, 12, 16, 24]
    !! not UC: [0, 1, 2, 4, 6, 8, 9, 12, 16, 17, 18]
    !! not UC: [0, 1, 2, 3, 4, 5, 6, 7, 8, 9, 12, 13, 16, 17, 18, 24, 25]
    !! not UC: [0, 1, 2, 3, 4, 5, 6, 7, 8, 9, 10, 11, 12, 13, 16, 18, 24, 26]
    !! not UC: [0, 1, 2, 3, 4, 5, 6, 8, 9, 10, 12, 16, 17, 18, 20, 21, 22, 24, 25]
    !! not UC: [0, 1, 2, 4, 5, 6, 8, 10, 16, 18, 24, 26]
    !! not UC: [0, 1, 2, 3, 4, 5, 8, 9, 12, 13, 16, 17, 18, 19, 20, 21, 24, 25]
    !! not UC: [0, 1, 2, 4, 5, 8, 9, 10, 12, 16, 18, 20, 24, 28]
    !! not UC: [0, 1, 2, 3, 4, 8, 9, 10, 16, 17, 18, 19, 20, 24]
    !! not UC: [0, 1, 2, 4, 5, 8, 9, 12, 13, 16, 17, 24]
    !! not UC: [0, 1, 2, 4, 5, 8, 10, 16, 17, 20]
    !! not UC: [0, 1, 2, 3, 4, 6, 8, 9, 10, 11, 12, 14, 16, 17, 18, 20, 22, 24, 25, 26]
    !! not UC: [0, 1, 2, 3, 4, 5, 6, 7, 8, 9, 12, 13, 16, 17, 18, 20, 21, 24]
    !! not UC: [0, 1, 2, 3, 4, 5, 8, 9, 12, 16, 17, 18, 20, 21, 24, 28]
    !! not UC: [0, 1, 2, 3, 4, 5, 6, 7, 8, 9, 10, 12, 13, 14, 16, 17, 18, 20, 24, 28]
    !! not UC: [0, 1, 2, 3, 4, 5, 6, 7, 8, 9, 10, 11, 12, 13, 16, 17, 18, 19, 20, 21, 22, 23]
    !! not UC: [0, 1, 2, 3, 4, 5, 6, 7, 8, 9, 10, 11, 12, 14, 16, 17, 18, 19, 20, 21, 22, 24, 25, 26, 28]
    !! not UC: [0, 1, 2, 3, 4, 5, 6, 7, 8, 10, 12, 16, 17, 18, 20, 21, 22]
    !! not UC: [0, 1, 2, 3, 4, 6, 8, 9, 10, 12, 14, 16, 17, 18, 20, 22, 24, 26, 28]
    !! not UC: [0, 1, 2, 3, 4, 5, 8, 9, 12, 13, 16, 20, 24]
    !! not UC: [0, 1, 2, 3, 4, 5, 6, 8, 9, 10, 11, 12, 13, 14, 16, 17, 18, 19, 20, 22, 24, 25, 26]
    !! not UC: [0, 1, 2, 3, 4, 5, 6, 7, 8, 9, 16, 17, 18, 24, 25]
    !! not UC: [0, 1, 2, 4, 5, 8, 10, 12, 16, 17, 18, 20, 21]
    !! not UC: [0, 2, 4, 8, 10, 12]
    !! not UC: [0, 1, 2, 3, 4, 5, 6, 8, 9, 10, 12, 13, 16, 18, 20, 22, 24, 26]
    !! not UC: [0, 1, 2, 3, 4, 5, 6, 8, 10, 12, 16, 24]
    !! not UC: [0, 1, 2, 3, 4, 5, 6, 7, 8, 9, 10, 12, 14, 16, 17, 20, 21]
    !! not UC: [0, 1, 2, 3, 4, 5, 6, 7, 8, 9, 10, 12, 13, 16, 17, 18, 19, 20, 22, 24, 25, 28]
    !! not UC: [0, 1, 4, 5, 8, 9, 12, 13, 16, 17]
    !! not UC: [0, 1, 2, 3, 4, 5, 6, 8, 9, 10, 11, 16, 17, 18, 19, 20, 21, 22]
    !! not UC: [0, 1, 4, 5, 8, 9, 16, 17, 20, 21, 24]
    !! not UC: [0, 1, 2, 3, 4, 5, 6, 8, 9, 10, 11, 12, 14, 16, 20, 24, 28]
    !! not UC: [0, 1, 2, 3, 4, 5, 6, 7, 8, 9, 10, 11, 12, 13, 16, 17, 18, 19, 20, 21, 22, 23, 24, 25, 26]
    !! not UC: [0, 1, 2, 3, 4, 5, 6, 7, 8, 12, 16, 17, 18, 19, 20, 24, 28]
    !! not UC: [0, 1, 2, 3, 4, 6, 8, 10, 12, 16, 18, 20, 22, 24]
    !! not UC: [0, 1, 2, 3, 4, 5, 6, 7, 8, 9, 10, 11, 12, 16, 18, 20, 24]
    !! not UC: [0, 1, 2, 4, 6, 8, 10, 12, 16, 17, 20, 24, 28]
    !! not UC: [0, 1, 2, 4, 5, 6, 8, 9, 10, 16, 18, 20, 22, 24]
    !! not UC: [0, 1, 2, 3, 4, 5, 6, 8, 9, 10, 11, 12, 13, 14, 16, 17, 18, 19, 20, 21, 22, 24, 25, 26, 28]
    !! not UC: [0, 1, 2, 4, 8, 9, 12, 16, 17, 18, 24]
    !! not UC: [0, 1, 2, 3, 4, 5, 8, 9, 10, 11, 12, 16, 17, 18, 19, 20, 24]
    !! not UC: [0, 1, 2, 4, 5, 6, 8, 9, 10, 12, 14, 16, 17, 18, 20, 21, 22, 24, 26]
    !! not UC: [0, 1, 2, 3, 4, 6, 8, 9, 10, 12, 16, 17, 18, 19, 20, 22, 24]
    !! not UC: [0, 2, 4, 8, 12, 16, 20]
    !! not UC: [0, 1, 2, 4, 8, 10, 12, 16]
    !! not UC: [0, 1, 2, 3, 4, 5, 6, 8, 9, 10, 12, 14, 16, 17, 18, 19, 20, 22, 24, 26, 28, 30]
    !! not UC: [0, 1, 2, 3, 4, 6, 8, 10, 16, 18, 20, 24]
    !! not UC: [0, 1, 2, 3, 4, 8, 9, 10, 11, 12, 16, 17, 18, 20, 24, 25, 26, 28]
    !! not UC: [0, 1, 2, 3, 4, 5, 6, 7, 8, 9, 10, 11, 12, 13, 14, 15, 16, 17, 18, 19, 20, 21, 22]
    !! not UC: [0, 1, 2, 3, 4, 5, 16, 17, 20, 21]
    !! not UC: [0, 1, 2, 3, 4, 5, 6, 8, 9, 16, 17, 24, 25]
    !! not UC: [0, 1, 2, 4, 5, 6, 8, 9, 10, 12, 13, 14, 16, 18, 20, 22, 24, 26]
    !! not UC: [0, 1, 2, 3, 4, 8, 10]
    !! not UC: [0, 1, 2, 4, 5, 8, 9, 16]
    !! not UC: [0, 1, 2, 3, 4, 6, 8, 9, 10, 11, 16, 18, 24]
    !! not UC: [0, 1, 2, 4, 5, 6, 16, 17, 18, 20, 21, 22]
    !! not UC: [0, 1, 2, 3, 4, 8, 10, 12, 16, 17, 18, 19, 24, 26]
    !! not UC: [0, 1, 2, 4, 5, 6, 8, 9, 10, 12, 14, 16, 17, 18, 20, 22, 24, 25, 28]
    !! not UC: [0, 1, 2, 4, 5, 6, 8, 9, 16, 17, 18, 20, 21, 22, 24, 25]
    !! not UC: [0, 1, 2, 3, 4, 5, 6, 7, 8, 9, 10, 12, 13, 14, 16, 17, 18, 19, 20, 21, 22, 23, 24, 25, 26, 28, 29, 30]
    !! not UC: [0, 1, 2, 4, 5, 8, 9, 16, 20, 24]
    !! not UC: [0, 1, 2, 4, 5, 8, 9, 10, 12, 13, 16, 17, 18, 20, 24, 28]
    !! not UC: [0, 1, 2, 3, 4, 5, 8, 9, 10, 11, 12, 13, 16, 17, 20]
    !! not UC: [0, 1, 2, 3, 4, 5, 6, 7, 8, 9, 10, 11, 12, 16, 17, 18, 19, 20, 24, 25, 26, 28]
    !! not UC: [0, 1, 2, 3, 4, 5, 6, 7, 8, 9, 10, 11, 12, 14, 16, 20]
    !! not UC: [0, 1, 2, 3, 4, 5, 6, 7, 8, 9, 10, 12, 16, 17, 18, 19, 20, 22, 24, 25, 26]
    !! not UC: [0, 1, 2, 3, 4, 5, 6, 7, 8, 9, 10, 11, 16]
    !! not UC: [0, 1, 2, 4, 5, 6, 8, 9, 10, 12, 13, 14, 16, 18]
    !! not UC: [0, 1, 4, 8, 9, 16, 17, 20, 24, 25]
    !! not UC: [0, 1, 2, 3, 4, 5, 6, 7, 8, 9, 10, 11, 12, 13, 16, 17, 18, 20, 24, 26]
    !! not UC: [0, 1, 2, 3, 4, 5, 6, 7, 8, 9, 10, 11, 12, 13, 14, 15, 16, 17, 18, 19, 20, 21, 22, 24, 26, 28, 30]
    !! not UC: [0, 1, 2, 4, 5, 6, 8, 9, 12, 16, 17, 18, 20, 24]
    !! not UC: [0, 1, 2, 8, 9, 16, 17, 18, 24, 25]
    !! not UC: [0, 1, 2, 3, 4, 5, 6, 7, 8, 10, 12, 14, 16, 17, 18, 20, 22]
    !! not UC: [0, 1, 2, 3, 4, 5, 6, 7, 8, 9, 10, 12, 13, 14, 16, 17, 20, 24]
    !! not UC: [0, 1, 2, 4, 5, 6, 8, 10, 12, 14, 16, 17, 18, 20, 24, 26]
    !! not UC: [0, 1, 2, 3, 4, 5, 6, 7, 8, 9, 10, 12, 13, 14, 16, 17, 18, 19, 20, 21, 22, 23, 24, 25, 26, 28, 30]
    !! not UC: [0, 1, 2, 8, 9, 10, 16, 18, 24, 26]
    !! not UC: [0, 1, 2, 3, 4, 5, 6, 7, 8, 9, 10, 11, 12, 13, 16, 17, 18, 19, 20, 24, 26, 28]
    !! not UC: [0, 1, 2, 3, 4, 5, 8, 9, 10, 12, 16, 17, 18, 20, 24, 26, 28]
    !! not UC: [0, 1, 2, 4, 6, 8, 9, 12, 16, 18, 24]
    !! not UC: [0, 1, 2, 4, 6, 8, 9, 10, 12, 16, 17, 20, 24]
    !! not UC: [0, 1, 2, 3, 4, 5, 6, 7, 8, 9, 10, 16, 17, 18, 19, 24, 25, 26]
    !! not UC: [0, 1, 2, 3, 4, 5, 6, 7, 8, 9, 10, 11, 16, 17, 18]
    !! not UC: [0, 1, 2, 4, 5, 6, 8, 9, 12, 16, 17, 20, 21, 24, 25]
    !! not UC: [0, 1, 2, 4, 8, 10, 16, 17, 18, 24, 26]
    !! not UC: [0, 1, 2, 4, 5, 6, 8, 9, 10, 12, 14, 16, 17, 18, 20, 22, 24]
    !! not UC: [0, 1, 2, 3, 4, 5, 6, 7, 8, 9, 10, 12, 16, 17, 18, 20, 21, 22, 24]
    !! not UC: [0, 1, 2, 3, 4, 5, 6, 7, 8, 9, 10, 11, 12, 14, 16, 18, 20, 24]
    !! not UC: [0, 1, 2, 3, 4, 5, 6, 8, 10, 12, 14, 16, 17, 18, 19, 20, 21]
    !! not UC: [0, 1, 2, 3, 4, 5, 6, 8, 9, 10, 12, 13, 14, 16, 17, 18, 20, 22, 24, 25]
    !! not UC: [0, 1, 2, 3, 4, 5, 6, 8, 9, 10, 12, 14, 16, 17, 18, 19, 20, 22, 24, 25, 26]
    !! not UC: [0, 1, 2, 3, 4, 5, 6, 7, 8, 9, 10, 12, 16, 17, 18, 20, 24, 25, 26, 28]
    !! not UC: [0, 1, 2, 3, 4, 5, 6, 7, 8, 9, 10, 11, 12, 13, 14, 16, 17]
    !! not UC: [0, 1, 2, 3, 4, 5, 6, 8, 10, 16, 17, 18, 20, 21, 24, 26]
    !! not UC: [0, 1, 2, 3, 4, 5, 6, 7, 8, 9, 10, 11, 12, 16, 17, 18, 24, 25, 26]
    !! not UC: [0, 1, 2, 3, 4, 6, 8, 9, 10, 11, 12, 16, 17, 18, 20, 22, 24, 25]
    !! not UC: [0, 1, 2, 3, 4, 16, 20]
    !! not UC: [0, 1, 2, 3, 4, 8, 9, 10, 16, 20, 24]
    !! not UC: [0, 1, 2, 4, 5, 8, 10, 12]
    !! not UC: [0, 1, 2, 3, 4, 5, 8, 9, 10, 12, 16, 17, 20, 24, 28]
    !! not UC: [0, 1, 2, 3, 4, 5, 8, 9, 10, 11, 16, 20, 24]
    !! not UC: [0, 1, 2, 3, 4, 5, 6, 8, 9, 10, 11, 12, 13, 16, 17, 18, 24, 25]
    !! not UC: [0, 1, 2, 4, 5, 8, 10, 16, 18]
    !! not UC: [0, 1, 2, 4, 5, 6, 8, 10, 16, 17, 20, 21, 24]
    !! not UC: [0, 1, 8, 9, 16, 17, 24, 25]
    !! not UC: [0, 1, 2, 3, 4, 5, 6, 8, 9, 10, 16, 17, 18, 19, 20, 21, 24, 25]
    !! not UC: [0, 1, 2, 3, 4, 6, 8, 9, 10, 11, 12, 16, 17, 24]
    !! not UC: [0, 1, 2, 3, 4, 5, 6, 7, 8, 9, 10, 11, 12, 13, 14, 16, 17, 18, 19, 20, 21, 22, 23, 24, 26, 28]
    !! not UC: [0, 1, 2, 4, 6, 8, 9, 10, 12, 16, 17]
    !! not UC: [0]
    !! not UC: [0, 1, 2, 3, 4, 8, 9, 10, 12, 16, 17, 18, 20, 24, 26, 28]
    !! not UC: [0, 1, 2, 4, 5, 6, 8, 10, 12, 14, 16, 17, 18, 20, 21, 24, 28]
    !! not UC: [0, 1, 2, 4, 6, 8, 9, 10, 16, 17, 20]
    !! not UC: [0, 1, 2, 3, 4, 5, 6, 7, 8, 9, 10, 12, 14, 16, 17, 18, 19, 20, 21, 22, 24, 25]
    !! not UC: [0, 1, 2, 3, 4, 5, 6, 7, 8, 9, 10, 16, 17, 18, 20, 22, 24, 25, 26]
    !! not UC: [0, 1, 2, 4, 5, 6, 8, 9, 12, 13, 16, 17, 18, 20, 22, 24, 25]
    !! not UC: [0, 1, 2, 4, 5, 8, 9, 12, 16, 17, 20, 21]
    !! not UC: [0, 1, 2, 4, 5, 6, 8, 10, 12, 14, 16, 18, 20, 22, 24]
    !! not UC: [0, 1, 2, 3, 4, 5, 6, 8, 9, 10, 12, 13, 14, 16, 17, 18, 19, 20, 22, 24, 25, 28]
    !! not UC: [0, 2, 4, 6, 8, 12, 16, 18, 24]
    !! not UC: [0, 1, 2, 3, 4, 6, 8, 10, 16, 17, 18, 20, 22]
    !! not UC: [0, 1, 2, 3, 4, 6, 8, 9, 12, 16, 17, 18, 19, 20, 22]
    !! not UC: [0, 1, 2, 3, 4, 5, 8, 9, 10, 11, 16, 18, 24, 26]
    !! not UC: [0, 1, 2, 3, 4, 6, 8, 12, 16, 17, 18, 20, 22]
    !! not UC: [0, 1, 2, 3, 4, 6, 8, 9, 10, 16, 17, 18, 19, 20, 22]
    !! not UC: [0, 1, 2, 3, 4, 5, 6, 7, 8, 9, 10, 11, 12, 13, 14, 16, 17, 18, 20, 21, 22, 24, 25, 26, 28]
    !! not UC: [0, 1, 2, 3, 4, 5, 6, 7, 8, 9, 10, 11, 16, 18, 24, 26]
    !! not UC: [0, 1, 2, 4, 5, 6, 8, 9, 12, 13, 16]
    !! not UC: [0, 1, 2, 3, 4, 5, 6, 7, 8, 9, 10, 11, 12, 16, 17, 18, 24, 25]
    !! not UC: [0, 1, 2, 3, 4, 5, 6, 7, 8, 9, 10, 11, 12, 13, 14, 15, 16, 17, 18, 19, 20, 21, 22, 23, 24]
    !! not UC: [0, 1, 2, 3, 4, 5, 6, 7, 8, 9, 10, 12, 13, 16, 17, 18, 19, 20, 21, 24, 26, 28]
    !! not UC: [0, 2, 4, 8, 16, 18]
    !! not UC: [0, 1, 2, 3, 4, 6, 8, 9, 10, 12, 16, 17, 18, 19, 20, 24, 25, 26]
    !! not UC: [0, 1, 2, 3, 8, 9, 10, 11, 16, 17, 18, 24, 25]
    !! not UC: [0, 1, 2, 3, 4, 5, 6, 7, 8, 10, 16, 17, 20, 21]
    !! not UC: [0, 1, 2, 3, 4, 5, 6, 8, 9, 12, 13, 16, 17, 18, 19, 20, 22, 24, 28]
    !! not UC: [0, 1, 2, 3, 4, 5, 8, 9, 10, 11, 12, 13, 16, 18, 20, 24, 26]
    !! not UC: [0, 1, 2, 4, 6, 8, 10, 12, 16, 18, 24]
    !! not UC: [0, 1, 2, 3, 4, 5, 6, 7, 8, 9, 10, 11, 12, 16, 17, 18, 19, 20, 21, 22, 24, 25]
    !! not UC: [0, 1, 2, 3, 4, 6, 8, 9, 10, 11, 12, 14, 16, 17, 18, 19, 20, 24, 25, 28]
    !! not UC: [0, 1, 2, 3, 4, 5, 8, 9, 12, 13, 16, 17, 18, 20, 21, 24, 25, 28]
    !! not UC: [0, 1, 2, 3, 4, 5, 6, 7, 8, 9, 10, 12, 13, 16, 17, 18, 20, 21, 22, 24, 25, 28]
    !! not UC: [0, 1, 2, 3, 4, 8, 9, 10, 11, 16, 17, 18, 19, 24, 26]
    !! not UC: [0, 1, 2, 3, 4, 5, 6, 8, 9, 12, 13, 16, 17, 18, 19, 20, 22, 24]
    !! not UC: [0, 1, 2, 4, 8, 9, 10, 12, 16, 18, 24, 26]
    !! not UC: [0, 1, 2, 3, 4, 5, 6, 8, 9, 10, 11, 12, 13, 16, 17, 18, 19, 20, 21, 24, 25]
    !! not UC: [0, 1, 2, 3, 4, 6, 8, 10, 12, 14]
    !! not UC: [0, 1, 2, 3, 4, 6, 8, 9, 12, 16, 17, 18, 19, 20, 22, 24, 25, 28]
    !! not UC: [0, 1, 2, 3, 4, 5, 8, 10, 16, 18, 24, 26]
    !! not UC: [0, 1, 2, 3, 4, 8, 9, 10, 11, 12, 16, 17, 18, 24, 25, 26]
    !! not UC: [0, 1, 2, 3, 4, 5, 8, 9, 10, 11, 16, 17, 18, 24, 25]
    !! not UC: [0, 1, 2, 3, 4, 5, 6, 8, 9, 10, 11, 12, 16, 17, 18, 19, 20, 21, 24, 26]
    !! not UC: [0, 1, 2, 3, 4, 5, 6, 7, 8, 9, 10, 11, 12, 13, 14, 16, 17, 20, 21, 24, 25, 28]
    !! not UC: [0, 1, 2, 3, 4, 5, 6, 7, 8, 9, 10, 12, 13, 14, 16, 20, 24]
    !! not UC: [0, 1, 2, 4, 6, 8, 10, 12, 14, 16, 17, 18, 24, 26]
    !! not UC: [0, 1, 2, 3, 4, 5, 6, 8, 9, 10, 11, 12, 16, 17, 18, 19, 20, 22, 24, 25, 26, 27]
    !! not UC: [0, 1, 2, 3, 4, 5, 6, 7, 8, 9, 10, 11, 12, 13, 16, 17, 18, 19, 20, 21, 22, 24, 26]
    !! not UC: [0, 1, 2, 3, 4, 5, 6, 8, 9, 10, 11, 16, 17, 18, 20, 21, 22, 24, 26]
    !! not UC: [0, 1, 2, 3, 4, 6, 8, 9, 10, 11, 12, 16, 17, 18, 19, 20, 22, 24, 25, 26]
    !! not UC: [0, 1, 2, 4, 5, 8, 9, 10, 12, 13, 16, 18, 20]
    !! not UC: [0, 1, 2, 3, 4, 5, 8, 9, 16, 17, 18, 19, 20, 21, 24]
    !! not UC: [0, 1, 2, 3, 4, 5, 6, 8, 9, 10, 11, 12, 16, 17, 18, 19, 20, 22, 24, 25, 26]
    !! not UC: [0, 1, 2, 3, 4, 6, 8, 9, 10, 12, 14, 16, 18, 20, 22]
    !! not UC: [0, 1, 2, 3, 4, 5, 6, 7, 8, 9, 10, 11, 12, 14, 16]
    !! not UC: [0, 1, 2, 3, 4, 5, 6, 7, 8, 9, 10, 11, 12, 13, 14, 16, 17, 18, 20, 22, 24, 26, 28]
    !! not UC: [0, 1, 2, 3, 4, 5, 6, 8, 9, 12, 13, 16, 17, 20, 21]
    !! not UC: [0, 1, 2, 3, 4, 5, 6, 7, 8, 9, 10, 12, 13, 14, 16, 17, 18, 19, 20, 21, 24, 25, 28, 29]
    !! not UC: [0, 1, 2, 3, 4, 6, 8, 9, 10, 11, 16, 18, 20, 24, 26]
    !! not UC: [0, 1, 2, 3, 4, 8, 9, 10, 12, 16, 17, 18, 19, 20, 24]
    !! not UC: [0, 1, 2, 4, 5, 6, 8, 9, 16, 17, 20, 21, 24]
    !! not UC: [0, 1, 2, 3, 4, 6, 8, 10, 12, 14, 16, 17, 18, 20, 22, 24, 26]
    !! not UC: [0, 1, 2, 3, 4, 5, 6, 7, 8, 9, 10, 11, 12, 14, 16, 17, 18, 20, 22, 24, 25, 26, 28, 30]
    !! not UC: [0, 1, 2, 3, 4, 8, 12, 16, 18, 20, 24]
    !! not UC: [0, 1, 2, 4, 5, 6, 16, 17, 18, 20, 22]
    !! not UC: [0, 1, 2, 3, 4, 5, 6, 7, 8, 9, 12, 13, 16, 17, 18, 20, 21, 24, 25, 28, 29]
    !! not UC: [0, 1, 2, 3, 4, 5, 6, 7, 8, 9, 10, 11, 12, 14, 16, 17, 18, 19, 20, 24, 25, 26, 27, 28]
    !! not UC: [0, 1, 2, 4, 5, 6, 8, 9, 12, 16, 17, 24]
    !! not UC: [0, 1, 2, 4, 5, 8, 16, 17, 20, 21, 24]
    !! not UC: [0, 1, 2, 3, 4, 5, 6, 7, 8, 12, 16, 17, 18, 19, 20, 21, 22]
    !! not UC: [0, 1, 2, 3, 4, 6, 8, 9, 12, 16, 17, 18, 20, 22, 24, 28]
    !! not UC: [0, 1, 2, 4, 5, 6, 8, 9, 10, 16, 17, 18, 20, 24]
    !! not UC: [0, 1, 2, 3, 4, 6, 8, 9, 10, 12, 14, 16, 20, 24]
    !! not UC: [0, 1, 2, 3, 4, 5, 6, 7, 8, 9, 10, 11, 12, 13, 16, 17, 18, 20]
    !! not UC: [0, 1, 2, 3, 4, 5, 6, 7, 8, 10, 12, 16, 17, 18, 19, 20, 21, 22, 23]
    !! not UC: [0, 1, 2, 3, 4, 5, 6, 8, 9, 12, 16, 17, 18, 19, 20, 21, 22]
    !! not UC: [0, 1, 2, 3, 4, 5, 6, 7, 8, 9, 10, 11, 12, 13, 16, 17, 18, 19, 20, 21, 22, 24, 25, 28]
    !! not UC: [0, 1, 2, 3, 4, 5, 6, 7, 8, 9, 10, 12, 16, 17, 18, 20, 21, 24, 28]
    !! not UC: [0, 1, 2, 3, 4, 5, 6, 8, 9, 10, 11, 12, 13, 16, 18, 20]
    !! not UC: [0, 1, 2, 4, 5, 8, 9, 10, 12, 16, 17, 18]
    !! not UC: [0, 1, 2, 3, 4, 5, 6, 8, 10, 12, 14]
    !! not UC: [0, 1, 2, 4, 6, 8, 9, 12, 16, 17, 18, 20, 24, 28]
    !! not UC: [0, 1, 2, 3, 4, 6, 8, 16, 18, 20, 22, 24]
    !! not UC: [0, 1, 2, 3, 4, 5, 6, 8, 10, 12, 14, 16, 17, 18, 19, 24, 26]
    !! not UC: [0, 1, 2, 3, 4, 5, 6, 8, 9, 10, 11, 12, 14, 16, 17, 18, 19, 20, 24, 26]
    !! not UC: [0, 1, 2, 3, 4, 5, 6, 7, 8, 10, 12, 16, 18, 20]
    !! not UC: [0, 1, 2, 3, 4, 5, 6, 7, 8, 9, 10, 12, 13, 16, 17, 18, 19, 20, 21, 22, 23, 24, 25, 26, 28, 29]
    !! not UC: [0, 1, 2, 3, 4, 5, 6, 8, 9, 10, 11, 12, 13, 16, 17, 18, 20]
    !! not UC: [0, 1, 2, 3, 4, 5, 8, 9, 10, 11, 12, 13, 16, 17, 20, 24, 25, 28]
    !! not UC: [0, 1, 2, 4, 5, 6, 8, 9, 10, 12, 13, 16, 17, 18, 20, 22, 24, 25, 26, 28]
    !! not UC: [0, 1, 2, 4]
    !! not UC: [0, 1, 4, 8, 9]
    !! not UC: [0, 1, 2, 3, 4, 5, 6, 8, 9, 10, 16, 17, 18, 20, 24]
    !! not UC: [0, 1, 2, 3, 4, 5, 6, 7, 8, 9, 10, 11, 12, 13, 16, 17, 18, 19, 20]
    !! not UC: [0, 1, 2, 3, 4, 5, 6, 8, 9, 10, 12, 13, 14, 16, 17, 18, 20, 21, 22, 24, 26, 28]
    !! not UC: [0, 1, 2, 4, 6, 8, 9, 10, 12, 14, 16, 18, 20]
    !! not UC: [0, 1, 2, 3, 4, 6, 8, 10, 12, 16, 17, 20, 24]
    !! not UC: [0, 1, 2, 3, 4, 5, 6, 8, 9, 10, 12, 14, 16, 17, 18, 20, 21, 22, 24, 25, 26]
    !! not UC: [0, 1, 2, 3, 4, 5, 6, 7, 8, 9, 10, 11, 12, 14, 16, 17, 18, 19, 20, 24, 25, 26, 28]
    !! not UC: [0, 1, 2, 4, 5, 6, 8, 10, 12, 16, 18, 24]
    !! not UC: [0, 1, 2, 3, 4, 5, 6, 8, 9, 10, 12, 13, 16, 17, 18, 19, 24, 25]
    !! not UC: [0, 1, 2, 3, 4, 5, 6, 8, 10, 12, 14, 16, 17, 20, 21, 24, 28]
    !! not UC: [0, 1, 2, 3, 4, 5, 6, 8, 12, 16, 17]
    !! not UC: [0, 1, 2, 3, 4, 5, 6, 8, 9, 12, 13]
    !! not UC: [0, 1, 2, 3, 4, 5, 6, 8, 9, 10, 11, 12, 16, 18, 20, 24]
    !! not UC: [0, 1, 2, 3, 4, 5, 6, 7, 8, 9, 10, 11, 12, 14, 16, 17, 18, 19, 20, 24, 25]
    !! not UC: [0, 1, 2, 3, 4, 5, 8, 9, 12, 16, 18, 20, 24, 28]
    !! not UC: [0, 1, 2, 3, 4, 5, 6, 7, 8, 9, 10, 11, 12, 13, 14, 15, 16, 17, 18, 19, 20, 21, 22, 24, 26]
    !! not UC: [0, 1, 2, 3, 4, 5, 6, 7, 8, 9, 10, 12, 13, 16, 17, 18, 20, 22, 24, 26]
    !! not UC: [0, 1, 2, 3, 4, 5, 6, 7, 8, 9, 10, 11, 12, 14, 16, 17, 18, 20, 21, 24, 26, 28]
    !! not UC: [0, 1, 2, 3, 4, 6, 8, 9, 10, 11, 16, 17, 18, 20, 22, 24, 25, 26]
    !! not UC: [0, 1, 2, 3, 4, 5, 6, 7, 8, 9, 10, 11, 12, 13, 14, 15, 16, 17, 18, 19, 20, 21, 22, 24, 25, 26]
    !! not UC: [0, 1, 2, 3, 4, 5, 6, 7, 8, 9, 10, 11, 12, 13, 14, 15, 16, 17, 18, 19, 20, 24, 25, 26, 27]
    !! not UC: [0, 1, 2, 3, 4, 8, 10, 12, 16, 17, 18, 19, 20, 24, 26]
    !! not UC: [0, 1, 2, 3, 4, 5, 6, 7, 8, 9, 10, 11, 12, 14, 16, 17, 18, 24, 25, 26]
    !! not UC: [0, 1, 2, 3, 4, 5, 6, 7, 8, 9, 10, 11, 12, 13, 14, 16, 17, 18, 20, 22, 24, 25, 26, 28]
    !! not UC: [0, 1, 2, 3, 4, 6, 8, 9, 10, 16, 17, 18, 19, 24, 25, 26]
    !! not UC: [0, 1, 2, 8, 10, 16]
    !! not UC: [0, 1, 2, 3, 4, 8, 9, 10, 12, 16, 17, 20, 24]
    !! not UC: [0, 1, 2, 3, 4, 5, 6, 8, 9, 10, 12, 13, 16, 17, 18, 19, 20, 21]
    !! not UC: [0, 1, 2, 3, 4, 5, 6, 7, 8, 9, 10, 12, 13, 14, 16, 17, 18, 20, 21, 22, 24, 26, 28]
    !! not UC: [0, 1, 2, 3, 4, 5, 6, 7, 8, 9, 12, 16, 17, 18, 19, 20, 22, 24, 25, 28]
    !! not UC: [0, 1, 2, 4, 5, 6, 8, 9, 10, 12, 16, 20]
    !! not UC: [0, 1, 2, 3, 4, 6, 8, 9, 10, 12, 16, 18, 20]
    !! not UC: [0, 1, 2, 3, 4, 8, 12]
    !! not UC: [0, 1, 2, 3, 4, 5, 6, 8, 9, 10, 12, 14, 16, 17, 18, 20, 21, 24, 26, 28]
    !! not UC: [0, 1, 2, 3, 4, 5, 6, 8, 10, 12, 16, 17, 18, 19, 20, 21, 24]
    !! not UC: [0, 1, 2, 3, 4, 5, 6, 7, 8, 9, 10, 11, 12, 13, 14, 16, 17, 18, 20, 21, 22]
    !! not UC: [0, 1, 2, 4, 6, 8, 10, 12, 16, 17, 18, 24]
    !! not UC: [0, 1, 2, 3, 4, 5, 6, 8, 9, 10, 12, 13, 14, 16, 17, 18, 20, 21, 22, 24, 25, 26, 28, 29]
    !! not UC: [0, 1, 2, 3, 4, 6, 8, 9, 10, 11, 12, 14, 16, 18, 20, 24, 26]
    !! not UC: [0, 1, 2, 3, 4, 5, 6, 8, 9, 12, 13, 16, 17, 18, 24]
    !! not UC: [0, 1, 2, 3, 4, 5, 6, 7, 8, 12, 16]
    !! not UC: [0, 1, 2, 3, 4, 5, 6, 7, 8, 9, 10, 12, 16, 18, 24, 26]
    !! not UC: [0, 1, 2, 4, 5, 8, 9, 12, 16, 17, 20, 21, 24, 28]
    !! not UC: [0, 1, 2, 3, 4, 5, 6, 7, 8, 9, 12, 16, 17, 18, 20, 21, 22, 24]
    !! not UC: [0, 1, 2, 3, 4, 5, 8, 9, 10, 11, 12, 16, 18, 20, 24, 26]
    !! not UC: [0, 1, 2, 3, 4, 5, 6, 7, 8, 9, 16, 17, 20, 24]
    !! not UC: [0, 1, 2, 3, 4, 5, 6, 7, 8, 9, 10, 12, 13, 16, 18, 20, 22, 24, 26]
    !! not UC: [0, 1, 2, 3, 4, 5, 6, 8, 9, 10, 11, 12, 13, 14, 16, 17, 18, 20, 21, 24, 25, 28]
    !! not UC: [0, 1, 2, 4, 6, 8, 9, 10, 12, 14, 16, 17, 18, 20, 22, 24]
    !! not UC: [0, 1, 2, 3, 4, 6, 8, 9, 10, 12, 14, 16, 18, 20, 24, 26, 28]
    !! not UC: [0, 1, 2, 3, 4, 16, 17]
    !! not UC: [0, 1, 2, 3, 4, 5, 6, 7, 8, 9, 10, 11, 12, 13, 14, 15, 16, 17, 20, 21, 24, 25, 28, 29]
    !! not UC: [0, 1, 2, 3, 4, 5, 6, 7, 8, 9, 10, 11, 12, 13, 16, 17, 18, 20, 22, 24, 28]
    !! not UC: [0, 1, 2, 3, 4, 5, 6, 7, 8, 9, 10, 11, 12, 16, 17, 18, 19, 20, 21, 22, 23, 24]
    !! not UC: [0, 1, 2, 3, 4, 5, 6, 8, 9, 10, 12, 16, 17, 18]
    !! not UC: [0, 1, 2, 4, 6, 8, 9, 10, 12, 14, 16, 17, 18, 24, 25, 26]
    !! not UC: [0, 1, 2, 3, 4, 5, 6, 7, 8, 9, 10, 11, 12, 16, 17, 18, 19, 20, 24, 25]
    !! not UC: [0, 1, 2, 4, 6, 8, 10, 16, 17, 18, 24, 26]
    !! not UC: [0, 1, 2, 3, 4, 5, 8, 9, 10, 16, 17, 18, 24, 25, 26]
    !! not UC: [0, 1, 2, 3, 4, 6, 8, 9, 10, 11, 12, 14, 16, 17, 18, 19, 20, 22, 24, 26, 28, 30]
    !! not UC: [0, 1, 2, 3, 4, 5, 6, 8, 9, 10, 12, 16, 17, 18, 19, 20, 21, 22, 24, 28]
    !! not UC: [0, 1, 2, 3, 4, 5, 6, 7, 8, 9, 10, 12, 13, 14, 16, 17, 18, 19, 20, 24, 25, 26, 28]
    !! not UC: [0, 1, 2, 3, 4, 5, 6, 7, 16, 18]
    !! not UC: [0, 1, 2, 3, 4, 5, 6, 8, 9, 10, 12, 13, 16, 17, 18, 19, 20, 21, 22, 24, 25, 28]
    !! not UC: [0, 2, 8, 10, 16, 18, 24]
    !! not UC: [0, 1, 2, 3, 4, 6, 8, 9, 10, 11, 12, 14, 16, 20, 24]
    !! not UC: [0, 1, 2, 4, 5, 6, 8, 10, 12, 14, 16, 17, 18, 20, 24, 28]
    !! not UC: [0, 1, 2, 3, 4, 5, 6, 8, 9, 10, 11, 12, 13, 16]
    !! not UC: [0, 1, 2, 3, 4, 5, 6, 8, 16, 17, 18, 19, 20, 21, 24]
    !! not UC: [0, 1, 2, 4, 5, 6, 8, 9, 10, 12, 13, 14, 16, 17, 18, 20, 22, 24, 25, 26, 28]
    !! not UC: [0, 1, 2, 3, 4, 5, 6, 8, 9, 10, 11, 12, 13, 14, 16, 17, 18, 20, 21, 22, 24, 25, 28]
    !! not UC: [0, 1, 2, 3, 4, 8, 9, 10, 16, 17, 20]
    !! not UC: [0, 1, 2, 3, 4, 5, 6, 7, 8, 10, 12, 14, 16, 17, 18, 20, 21, 22, 24, 26]
    !! not UC: [0, 1, 2, 4, 5, 6, 8, 9, 12, 16, 18, 20, 22]
    !! not UC: [0, 1, 2, 3, 4, 5, 6, 7, 8, 10, 12, 16]
    !! not UC: [0, 1, 2, 3, 4, 5, 6, 8, 9, 10, 11, 16]
    !! not UC: [0, 1, 4, 5, 8, 9, 12, 16, 17, 20]
    !! not UC: [0, 1, 2, 3, 4, 5, 6, 7, 8, 10, 12, 14, 16, 17, 18, 19, 20, 21, 22, 24, 26]
    !! not UC: [0, 1, 2, 3, 4, 5, 6, 8, 9, 10, 11, 12, 13, 16, 17, 18, 19, 20, 24, 25]
    !! not UC: [0, 1, 2, 3, 4, 5, 6, 8, 9, 10, 11, 12, 16, 17, 18, 19, 20, 21]
    !! not UC: [0, 1, 2, 3, 4, 5, 6, 7, 8, 10, 16, 18, 20, 22, 24, 26]
    !! not UC: [0, 1, 2, 3, 4, 5, 6, 7, 8, 9, 10, 11, 12, 16, 18, 20, 24, 26, 28]
    !! not UC: [0, 1, 2, 4, 8, 9, 10, 16, 18]
    !! not UC: [0, 1, 2, 3, 4, 5, 6, 7, 8, 9, 12, 13, 16, 17, 18, 20, 22]
    !! not UC: [0, 1, 2, 3, 4, 5, 6, 7, 8, 9, 10, 11, 16, 17, 18, 19, 20, 21, 24, 25, 26]
    !! not UC: [0, 1, 2, 3, 4, 8, 10, 12, 16, 18, 24]
    !! not UC: [0, 1, 2, 3, 4, 6, 8, 9, 12, 16, 20, 24, 28]
    !! not UC: [0, 1, 2, 3, 4, 5, 6, 8, 16, 17, 18, 20, 22, 24]
    !! not UC: [0, 1, 2, 3, 4, 5, 6, 8, 9, 10, 12, 13, 16, 17, 18, 19, 20, 24, 28]
    !! not UC: [0, 1, 2, 3, 4, 5, 6, 7, 8, 9, 10, 12, 13, 16, 18]
    !! not UC: [0, 1, 2, 3, 4, 8, 10, 16, 18, 20, 24]
    !! not UC: [0, 1, 2, 3, 4, 5, 6, 7, 8, 9, 10, 12, 16, 18, 20, 22, 24, 26, 28]
    !! not UC: [0, 1, 2, 4, 5, 8, 9, 10]
    !! not UC: [0, 1, 2, 4, 6, 8, 9, 12, 16, 17, 18, 24]
    !! not UC: [0, 1, 2, 3, 4, 5, 6, 7, 8, 9, 12, 13, 16, 17, 18, 19, 20, 24, 25, 28]
    !! not UC: [0, 1, 2, 3, 4, 5, 6, 7, 8, 12, 16, 17, 18, 19, 20, 21, 22, 23, 24]
    !! not UC: [0, 1, 2, 3, 4, 5, 6, 8, 9, 10, 11, 12, 13, 14, 16, 17, 18, 20, 21, 24, 25, 26, 28]
    !! not UC: [0, 1, 2, 3, 4, 5, 6, 8, 16, 24]
    !! not UC: [0, 1, 2, 3, 4, 8, 9, 10, 16, 17, 18, 19, 24, 26]
    !! not UC: [0, 1, 16]
    !! not UC: [0, 1, 2, 3, 4, 5, 6, 7, 8, 9, 10, 11, 12, 13, 14, 16]
    !! not UC: [0, 1, 2, 3, 4, 5, 6, 8, 10, 16, 18, 20, 24, 26]
    !! not UC: [0, 1, 2, 4, 5, 6, 8, 9, 12, 16, 17, 20, 24]
    !! not UC: [0, 1, 2, 3, 4, 5, 6, 7, 8, 9, 10, 11, 12, 16, 17, 18, 20, 21]
    !! not UC: [0, 1, 2, 4, 6, 8, 9, 12, 16, 17, 18, 20, 22, 24, 25]
    !! not UC: [0, 1, 2, 3, 4, 6, 8, 9, 10, 16, 17, 20, 24, 25]
    !! not UC: [0, 1, 2, 3, 4, 5, 6, 7, 8, 9, 10, 11, 12, 14, 16, 18, 20, 22]
    !! not UC: [0, 1, 2, 3, 4, 5, 6, 8, 9, 10, 11, 12, 13, 14, 16, 17, 18, 19, 20, 22, 24, 28]
    !! not UC: [0, 1, 2, 3, 4, 5, 6, 8, 9, 10, 11, 12, 13, 14, 16, 17, 18]
    !! not UC: [0, 1, 2, 4, 5, 6, 8, 9, 12, 13, 16, 17, 18, 20, 21, 22]
    !! not UC: [0, 1, 2, 3, 4, 5, 6, 7, 8, 9, 10, 11, 12, 13, 14, 16, 17, 18, 19]
    !! not UC: [0, 1, 2, 3, 4, 5, 8, 9, 12, 13, 16, 17, 18, 20, 24, 28]
    !! not UC: [0, 1, 2, 3, 8, 9, 10, 11, 16, 17, 18, 19, 24, 25]
    !! not UC: [0, 1, 2, 3, 4, 5, 6, 8, 9, 10, 11, 16, 17, 18, 19, 20, 21, 22, 24, 25, 26]
    !! not UC: [0, 1, 2, 3, 4, 5, 8, 9, 10, 11, 12, 13, 16, 17, 18, 19, 20]
    !! not UC: [0, 1, 2, 4, 5, 6, 8, 12, 16, 17, 18, 20, 24, 28]
    !! not UC: [0, 1, 2, 3, 4, 8, 9, 12, 16, 17, 18, 20]
    !! not UC: [0, 2, 4, 6, 8, 12, 16, 18, 20, 24]
    !! not UC: [0, 1, 2, 3, 4, 5, 6, 7, 8, 12, 16, 17, 18, 20, 21]
    !! not UC: [0, 1, 2, 3, 4, 5, 6, 7, 8, 9, 10, 11, 12, 13, 14, 15, 16, 17, 18, 19, 20, 24, 25, 28]
    !! not UC: [0, 1, 2, 4, 5, 8, 9, 10, 16, 18, 20, 24]
    !! not UC: [0, 1, 2, 3, 4, 6, 8, 9, 10, 12, 16, 17, 18, 20, 22, 24, 25, 26]
    !! not UC: [0, 1, 2, 4, 6, 8, 9, 10, 12, 16, 17, 20, 24, 28]
    !! not UC: [0, 1, 2, 4, 5, 6, 8, 10, 16, 18, 20, 22, 24]
    !! not UC: [0, 1, 2, 3, 4, 6, 8, 10, 16, 17, 18, 19, 24, 26]
    !! not UC: [0, 1, 2, 4, 5, 6, 8, 9, 10, 12, 13, 16, 17, 18, 20, 21, 24, 25, 26, 28]
    !! not UC: [0, 1, 2, 3, 4, 6, 8, 10, 12, 14, 16, 18, 20, 22, 24, 26, 28, 30]
    !! not UC: [0, 1, 2, 3, 4, 5, 6, 8, 9, 12, 13, 16, 17, 20, 21, 24, 25, 28]
    !! not UC: [0, 1, 2, 3, 4, 5, 6, 7, 8, 10, 16, 17, 18, 24]
    !! not UC: [0, 1, 2, 3, 4, 8, 9, 10, 11, 12, 16, 17, 20, 24, 28]
    !! not UC: [0, 1, 2, 3, 4, 5, 6, 7, 8, 9, 10, 16, 17, 18, 19, 20, 21, 24, 25, 26]
    !! not UC: [0, 1, 2, 3, 4, 5, 6, 7, 8, 10, 12, 16, 17, 18, 19, 20, 24, 26]
    !! not UC: [0, 1, 2, 3, 4, 5, 6, 8, 9, 10, 12, 13, 14, 16, 17]
    !! not UC: [0, 1, 2, 3, 4, 5, 6, 8, 9, 10, 16, 17, 18, 24]
    !! not UC: [0, 1, 2, 4, 5, 6, 8, 9, 12, 13, 16, 17, 20, 24, 25, 28]
    !! not UC: [0, 1, 2, 3, 4, 5, 6, 7, 8, 9, 10, 11, 12, 16, 17, 18, 20, 24, 25, 26, 28]
    !! not UC: [0, 1, 2, 3, 4, 5, 6, 8, 9, 10, 11, 12, 14, 16, 17, 18, 20, 24, 26]
    !! not UC: [0, 1, 2, 3, 4, 5, 6, 7, 8, 10, 12, 16, 17, 18, 20, 21, 22, 24, 28]
    !! not UC: [0, 1, 2, 8, 10, 16, 18]
    !! not UC: [0, 1, 2, 3, 4, 5, 6, 7, 8, 9, 10, 12, 13, 16, 17, 18, 20, 21, 24, 26]
    !! not UC: [0, 1, 2, 3, 4, 5, 8, 9, 10, 16, 17, 18, 24]
    !! not UC: [0, 1, 2, 3, 4, 5, 8, 9, 10, 16, 17, 18, 20, 21, 24]
    !! not UC: [0, 1, 2, 3, 4, 8, 9, 10, 16, 17, 18, 24, 25, 26]
    !! not UC: [0, 1, 2, 3, 4, 5, 6, 7, 8, 9, 12, 16, 17]
    !! not UC: [0, 1, 2, 3, 4, 5, 6, 8, 9, 10, 11, 12, 13, 14, 16, 18]
    !! not UC: [0, 1, 2, 3, 4, 5, 6, 8, 9, 10, 11, 12, 13, 14, 16, 17, 18, 20, 21, 22, 24, 25, 26, 28]
    !! not UC: [0, 1, 2, 3, 4, 5, 8, 9, 10, 11, 12, 16, 17, 18, 19, 20, 21, 24, 25, 26]
    !! not UC: [0, 1, 2, 3, 4, 5, 6, 7, 8, 9, 10, 11, 12, 14, 16, 17, 20]
    !! not UC: [0, 1, 2, 3, 4, 5, 6, 8, 9, 10, 11, 12, 16, 17, 18, 19, 24]
    !! not UC: [0, 1, 2, 4, 5, 8, 9, 10, 16, 24]
    !! not UC: [0, 1, 2, 4, 8, 12, 16, 17, 20, 24, 28]
    !! not UC: [0, 1, 2, 3, 4, 5, 6, 8, 9, 10, 11, 12, 16, 17, 18, 20, 22, 24, 26, 28]
    !! not UC: [0, 1, 2, 3, 4, 5, 6, 7, 8, 9, 10, 12, 13, 16, 17, 18, 19, 20, 21, 22, 24, 28]
    !! not UC: [0, 1, 2, 3, 4, 5, 8, 9, 10, 11, 12, 16, 17, 24, 25]
    !! not UC: [0, 1, 2, 4, 5, 6, 8, 9, 12, 16, 18, 20]
    !! not UC: [0, 1, 2, 4, 5, 8, 9, 10, 12, 16, 17, 18, 20, 24, 25]
    !! not UC: [0, 1, 2, 3, 4, 5, 6, 7, 8, 9, 12, 16, 17, 24, 25]
    !! not UC: [0, 1, 2, 3, 4, 6, 8, 16, 17, 18, 20, 24]
    !! not UC: [0, 1, 2, 3, 4, 5, 6, 7, 8, 10, 12, 14, 16, 17, 18, 20, 21, 24]
    !! not UC: [0, 1, 2, 3, 4, 6, 8, 9, 10, 11, 12, 16, 17, 20, 24, 25]
    !! not UC: [0, 1, 2, 3, 4, 5, 6, 8, 10, 12, 14, 16, 17, 18, 19]
    !! not UC: [0, 1, 2, 3, 4, 5, 6, 8, 9, 10, 12, 16, 18, 24]
    !! not UC: [0, 1, 2, 3, 4, 5, 8, 9, 12, 16, 17, 18, 19, 20, 21, 24, 28]
    !! not UC: [0, 1, 2, 4, 5, 6, 8, 10, 12, 16, 17, 18, 20, 21, 22, 24]
    !! not UC: [0, 1, 2, 3, 4, 16]
    !! not UC: [0, 1, 2, 3, 4, 8, 9, 10, 11, 12, 16, 17, 18, 19, 24, 26]
    !! not UC: [0, 1, 2, 3, 4, 6, 8, 9, 10, 12, 14, 16, 17, 20]
    !! not UC: [0, 1, 2, 3, 4, 5, 6, 8, 9, 12, 16, 17, 18, 20, 22, 24, 25]
    !! not UC: [0, 1, 2, 3, 4, 5, 6, 7, 8, 9, 12, 16, 17, 18, 19, 20, 22, 24, 25]
    !! not UC: [0, 1, 2, 3, 4, 5, 6, 8, 9, 12, 13, 16, 17, 18, 20, 21, 24, 25, 28]
    !! not UC: [0, 1, 2, 3, 4, 5, 6, 7, 8, 9, 16, 17, 18, 19, 20, 21]
    !! not UC: [0, 1, 2, 4, 6, 8, 10, 12, 16, 17, 18, 20, 22, 24, 28]
    !! not UC: [0, 1, 2, 3, 4, 5, 8, 9, 10, 11, 12, 16, 17, 18, 20, 21, 24, 25, 28]
    !! not UC: [0, 1, 2, 3, 4, 5, 6, 8, 9, 12, 13, 16]
    !! not UC: [0, 1, 2, 3, 4, 5, 6, 7, 8, 9, 10, 11, 12, 13, 16, 17, 18, 19, 24, 25, 26]
    !! not UC: [0, 2, 8, 10, 16]
    !! not UC: [0, 1, 2, 3, 4, 5, 6, 7, 8, 9, 10, 11, 12, 14, 16, 17, 18, 19, 20, 22, 24, 25, 28]
    !! not UC: [0, 1, 2, 3, 4, 5, 6, 8, 9, 12, 13, 16, 17, 18, 19]
    !! not UC: [0, 1, 2, 3, 4, 5, 6, 7, 8, 10, 12, 14, 16, 17, 18, 20, 22, 24, 26, 28]
    !! not UC: [0, 1, 2, 3, 4, 5, 6, 7, 8, 9, 10, 11, 12, 13, 14, 16, 17, 20, 24, 28]
    !! not UC: [0, 1, 2, 3, 4, 5, 6, 7, 8, 9, 10, 12, 14, 16, 17, 18, 20, 22, 24, 26, 28, 30]
    !! not UC: [0, 1, 2, 3, 4, 5, 6, 7, 8, 10, 12, 14, 16, 17, 18, 19, 20, 21, 24, 28]
    !! not UC: [0, 1, 2, 4, 6, 8, 12, 16, 18, 24]
    !! not UC: [0, 1, 2, 4, 5, 8, 9, 10, 12, 16, 17, 18, 20, 21, 24, 25]
    !! not UC: [0, 1, 2, 3, 4, 5, 6, 7, 8, 10, 12, 14, 16, 18, 24]
    !! not UC: [0, 1, 2, 4, 8, 9, 12, 16, 17, 18, 20, 24, 28]
    !! not UC: [0, 1, 2, 3, 4, 5, 6, 7, 8, 9, 10, 12, 13, 14, 16, 17, 18, 20, 21, 22, 24, 26]
    !! not UC: [0, 1, 2, 3, 4, 5, 6, 7, 8, 9, 10, 11, 12, 13, 14, 16, 17, 18, 19, 20, 22, 24, 26, 28, 30]
    !! not UC: [0, 1, 2, 3, 4, 5, 6, 7, 8, 9, 10, 11, 12, 16, 17, 18, 20, 21, 24, 25]
    !! not UC: [0, 1, 2, 3, 4, 5, 6, 8, 9, 10, 12, 13, 14, 16, 17, 18, 19, 20, 21, 22, 24, 25, 26, 28, 30]
    !! not UC: [0, 1, 2, 3, 4, 8, 12, 16, 18, 20, 24, 28]
    !! not UC: [0, 1, 2, 3, 4, 6, 8, 10, 12, 14, 16, 18, 20, 24]
    !! not UC: [0, 1, 2, 4, 5, 6, 8, 10, 12, 14, 16, 18, 20]
    !! not UC: [0, 1, 2, 4, 5, 8, 9, 10, 16, 17, 18, 24]
    !! not UC: [0, 1, 2, 3, 4, 5, 6, 7, 8, 10, 16, 18, 20, 24]
    !! not UC: [0, 1, 2, 3, 4, 5, 6, 7, 8, 9, 10, 11, 12, 13, 14, 16, 17, 18, 20, 21, 24, 26, 28]
    !! not UC: [0, 1, 2, 3, 4, 5, 6, 7, 8, 10, 12, 14, 16, 17, 18, 19, 20, 22]
    !! not UC: [0, 1, 2, 3, 4, 5, 8, 16, 17, 20, 24]
    !! not UC: [0, 1, 2, 4, 8, 9, 10, 12, 16, 17, 18, 24, 25]
    !! not UC: [0, 1, 2, 4, 6, 8, 12]
    !! not UC: [0, 1, 2, 3, 4, 5, 6, 8, 9, 16, 17, 18, 19, 20, 21, 22, 24]
    !! not UC: [0, 1, 2, 3, 4, 5, 6, 8, 9, 10, 11, 12, 14, 16, 17, 18, 19, 20, 22, 24, 25, 28]
    !! not UC: [0, 1, 2, 3, 4, 5, 6, 7, 8, 9, 10, 11, 12, 14, 16, 17, 18, 19, 20, 22, 24, 25, 26, 28, 30]
    !! not UC: [0, 1, 2, 4, 8, 10, 16, 20, 24]
    !! not UC: [0, 1, 2, 3, 4, 5, 8, 12, 16, 18]
    !! not UC: [0, 1, 2, 3, 4, 5, 6, 8, 9, 10, 12, 16, 18, 20, 24, 26, 28]
    !! not UC: [0, 1, 2, 3, 4, 5, 6, 8, 10, 12, 14, 16, 17, 24]
    !! not UC: [0, 1, 2, 3, 4, 6, 8, 9, 12, 16, 17, 18, 24, 25]
    !! not UC: [0, 1, 2, 3, 4, 5, 6, 7, 8, 10, 12, 14, 16, 17, 18, 20, 22, 24, 26, 28, 30]
    !! not UC: [0, 1, 2, 3, 4, 5, 6, 7, 8, 9, 10, 12, 14, 16, 17, 18, 19, 20, 21, 22, 23, 24, 25, 28]
    !! not UC: [0, 1, 2, 3, 4, 5, 6, 7, 8, 9, 10, 12, 16, 17, 20, 24, 25, 28]
    !! not UC: [0, 1, 2, 4, 5, 6, 8, 9, 10, 12, 14, 16, 17, 18, 20, 21, 22, 24]
    !! not UC: [0, 1, 2, 4, 5, 8, 9, 10, 12, 13, 16, 20]
    !! not UC: [0, 1, 2, 3, 4, 5, 8, 9, 10, 11, 12]
    !! not UC: [0, 1, 2, 3, 4, 5, 8, 9, 10, 11, 12, 16, 17, 18, 19, 24, 26]
    !! not UC: [0, 1, 2, 3, 4, 5, 6, 8, 12, 16, 17, 18, 20, 22, 24, 28]
    !! not UC: [0, 1, 2, 3, 4, 5, 6, 8, 9, 10, 11, 12, 16, 17, 18, 19, 20, 21, 24, 25]
    !! not UC: [0, 1, 2, 3, 4, 6, 8, 9, 16, 17, 20, 24]
    !! not UC: [0, 1, 2, 3, 4, 5, 6, 8, 10, 12, 16, 17, 18, 20, 21, 22, 24, 26, 28]
    !! not UC: [0, 1, 2, 3, 4, 5, 6, 8, 9, 10, 11, 12, 16, 17, 18, 19]
    !! not UC: [0, 1, 2, 3, 4, 5, 6, 7, 8, 9, 16, 18]
    !! not UC: [0, 1, 2, 3, 4, 5, 6, 8, 9, 10, 12, 14, 16, 17, 18, 20, 21, 24, 25]
    !! not UC: [0, 1, 2, 3, 4, 5, 6, 7, 8, 9, 10, 12, 13, 14, 16, 17, 18, 20, 24, 26, 28]
    !! not UC: [0, 1, 2, 3, 4, 5, 6, 8, 9, 10, 12, 14, 16, 17, 18, 19, 20, 21, 22, 24, 26]
    !! not UC: [0, 1, 2, 3, 4, 8, 9, 10, 11, 12, 16, 17, 18, 20]
    !! not UC: [0, 1, 2, 3, 4, 5, 16]
    !! not UC: [0, 1, 2, 3, 4, 5, 8, 9, 10, 16, 24]
    !! not UC: [0, 1, 2, 4, 6, 8, 10, 16, 18, 20, 22, 24]
    !! not UC: [0, 1, 8]
    !! not UC: [0, 1, 2, 3, 4, 8, 9, 12, 16, 18, 20, 24]
    !! not UC: [0, 1, 2, 3, 4, 8, 10, 16, 17, 18, 24, 26]
    !! not UC: [0, 1, 2, 3, 4, 5, 6, 8, 9, 10, 16, 17, 18, 20, 21, 24]
    !! not UC: [0, 1, 2, 3, 4, 5, 6, 7, 8, 9, 10, 12, 13, 16, 17, 18, 19, 24]
    !! not UC: [0, 1, 2, 3, 4, 6, 8, 9, 10, 16]
    !! not UC: [0, 1, 2, 3, 4, 5, 6, 7, 8, 9, 10, 12, 16, 17, 18, 19]
    !! not UC: [0, 1, 2, 3, 4, 5, 6, 7, 8, 9, 10, 11, 12, 13, 14, 15, 16, 17, 18, 19, 20, 21, 22, 24, 25, 28]
    !! not UC: [0, 1, 2, 3, 4, 5, 8, 10, 16, 17, 18, 19, 20]
    !! not UC: [0, 1, 2, 3, 4, 5, 6, 7, 8, 9, 10, 12, 13, 14, 16, 17, 18, 19, 20, 21, 22, 23, 24, 25, 26, 28, 29]
    !! not UC: [0, 1, 2, 3, 4, 5, 6, 8, 9, 16, 17, 18]
    !! not UC: [0, 1, 2, 3, 4, 5, 6, 7, 8, 10, 12, 14, 16, 20, 24]
    !! not UC: [0, 1, 2, 3, 4, 5, 6, 8, 9, 10, 12, 16, 17]
    !! not UC: [0, 1, 2, 3, 4, 5, 8, 9, 10, 11, 12, 16, 17, 18, 24]
    !! not UC: [0, 1, 2, 3, 4, 5, 8, 9, 16, 17, 18, 19, 24, 25]
    !! not UC: [0, 1, 2, 4, 5, 6, 8, 10, 12, 14, 16, 18, 20, 22, 24, 26, 28]
    !! not UC: [0, 2, 4, 6, 8, 10, 12, 16, 18, 20]
    !! not UC: [0, 1, 2, 3, 4, 5, 6, 7, 8, 9, 16, 17, 18, 20]
    !! not UC: [0, 1, 2, 3, 4, 5, 6, 7, 8, 9, 10, 11, 16, 17, 18, 20, 21, 22, 24, 25, 26]
    !! not UC: [0, 1, 2, 3, 4, 5, 6, 8, 9, 10, 12, 13, 16, 17, 18, 19, 20, 21, 22, 24, 25, 28, 29]
    !! not UC: [0, 1, 2, 3, 4, 5, 6, 7, 8, 9, 10, 12, 13, 14, 16, 17, 18, 20, 21, 22, 24, 25, 26, 28, 29, 30]
    !! not UC: [0, 1, 2, 3, 4, 6, 8, 9, 10, 12, 16, 17, 18, 24, 26]
    !! not UC: [0, 1, 2, 3, 4, 5, 6, 8, 9, 10, 12, 13, 16, 17, 18, 20, 22, 24, 26, 28]
    !! not UC: [0, 1, 2, 3, 4, 5, 6, 8, 16, 17, 18, 19, 20, 24]
    !! not UC: [0, 1, 2, 3, 4, 5, 6, 7, 8, 9, 10, 12, 13, 14, 16, 17, 20, 21]
    !! not UC: [0, 1, 2, 4, 5, 8, 10, 12, 16, 17, 18, 20, 21, 24, 26, 28]
    !! not UC: [0, 1, 2, 3, 4, 5, 6, 8, 10, 12, 16, 17, 18, 19, 20, 21, 24, 28]
    !! not UC: [0, 1, 2, 3, 4, 5, 6, 7, 8, 9, 16]
    !! not UC: [0, 1, 2, 4, 5, 6, 8, 9, 10, 12, 13, 16, 17, 18, 20, 21, 22, 24, 25, 26]
    !! not UC: [0, 1, 2, 3, 4, 5, 6, 8, 9, 10, 12, 16, 17, 18, 20, 21, 22, 24, 26]
    !! not UC: [0, 1, 2, 3, 4, 5, 6, 7, 8]
    !! not UC: [0, 1, 2, 3, 4, 8, 9, 10, 11, 16, 17, 18, 19, 24, 25, 26]
    !! not UC: [0, 1, 2, 3, 4, 5, 6, 8, 9, 10, 11, 12, 13, 16, 17, 18, 19, 20, 21, 22, 24]
    !! not UC: [0, 1, 2, 3, 4, 5, 6, 7, 8, 9, 10, 11, 16, 17, 18, 19, 20, 21, 22, 23]
    !! not UC: [0, 1, 2, 3, 4, 6, 8, 9, 10, 16, 18, 20]
    !! not UC: [0, 1, 2, 3, 4, 5, 6, 8, 10, 12, 14, 16, 17, 18, 19, 20, 21, 22, 24, 26, 28]
    !! not UC: [0, 1, 2, 3, 4, 6, 8, 9, 10, 11, 16, 17, 18, 19, 20, 22, 24, 25]
    !! not UC: [0, 1, 2, 4, 5, 6, 8, 9, 12, 13, 16, 17, 18, 20, 21, 22, 24, 28]
    !! not UC: [0, 1, 2, 3, 4, 5, 6, 8, 12, 16, 17, 18, 19, 20, 22, 24]
    !! not UC: [0, 1, 2, 3, 16, 17, 18]
    !! not UC: [0, 1, 2, 3, 4, 5, 6, 8, 9, 10, 12, 13, 16, 17, 18, 20, 21]
    !! not UC: [0, 1, 2, 3, 4, 5, 8, 9, 10, 12, 13, 16, 17, 20, 21, 24, 25, 28]
    !! not UC: [0, 1, 2, 3, 4, 5, 6, 7, 8, 9, 10, 12, 13, 16, 17, 18, 19, 20, 21]
    !! not UC: [0, 1, 2, 3, 4, 5, 6, 8, 9, 10, 11, 12, 13, 14, 16, 17, 18, 19, 20, 21, 22, 24, 25, 26, 27, 28, 29]
    !! not UC: [0, 1, 2, 3, 4, 8, 9, 10, 11, 16, 20, 24]
    !! not UC: [0, 1, 2, 3, 4, 5, 6, 8, 9, 10, 12, 16, 17, 18, 19, 20, 24, 26]
    !! not UC: [0, 1, 2, 3, 4, 5, 6, 8, 9, 10, 11, 16, 17, 18, 19, 24, 25]
    !! not UC: [0, 2, 4, 6, 8, 10, 16, 18, 20]
    !! not UC: [0, 1, 2, 3, 4, 5, 6, 7, 8, 9, 10, 12, 13, 14, 16, 17, 18, 19, 20, 21, 22, 24, 26, 28, 30]
    !! not UC: [0, 1, 2, 3, 4, 8, 9, 10, 11, 16, 17, 18, 19, 24, 25]
    !! not UC: [0, 1, 2, 3, 4, 5, 6, 7, 8, 9, 10, 11, 12, 16, 17, 18, 20, 24, 25]
    !! not UC: [0, 1, 2, 4, 5, 6, 8, 9, 10, 12, 14, 16, 17, 18, 20, 21, 24, 25]
    !! not UC: [0, 1, 2, 3, 4, 6, 8, 9, 10, 11, 12, 16, 17, 18, 19, 20, 24, 25, 26]
    !! not UC: [0, 1, 2, 3, 4, 5, 6, 7, 8, 10, 12, 14, 16, 17, 18, 19, 20, 21, 22, 24, 28]
    !! not UC: [0, 1, 2, 3, 4, 5, 6, 8, 9, 12, 16, 17, 18, 19, 20, 24]
    !! not UC: [0, 1, 2, 3, 4, 6, 8, 9, 10, 12, 14, 16, 17, 18, 19, 20, 22, 24, 25, 26, 28]
    !! not UC: [0, 1, 2, 3, 4, 5, 6, 7, 8, 9, 16, 17, 18, 19, 20, 21, 24, 25]
    !! not UC: [0, 2, 4, 8, 16, 18, 20]
    !! not UC: [0, 1, 2, 4, 8, 10, 16, 18]
    !! not UC: [0, 1, 2, 4, 5, 6, 8, 10, 16, 17, 18, 20, 24]
    !! not UC: [0, 1, 2, 3, 4, 6, 8, 10, 16, 17, 20, 24]
    !! not UC: [0, 1, 2, 3, 4, 6, 8, 9, 10, 11, 12, 16, 17, 18, 19, 20, 24, 26, 28]
    !! not UC: [0, 1, 2, 4, 5, 6, 8, 10, 16, 17, 18, 20, 21, 22, 24, 26]
    !! not UC: [0, 1, 2, 3, 4, 5, 6, 7, 8, 9, 10, 11, 12, 16, 17, 18, 20, 24, 28]
    !! not UC: [0, 2, 4, 8, 16]
    !! not UC: [0, 1, 2, 3, 4, 5, 6, 8, 9, 10, 11, 12, 13, 16, 17, 18, 19, 20, 22, 24, 26, 28]
    !! not UC: [0, 1, 2, 3, 4, 5, 8, 9, 10, 11, 12, 13, 16, 17, 18, 19, 20, 21, 24, 25, 26, 27]
    !! not UC: [0, 1, 2, 4, 5, 6, 8, 9]
    !! not UC: [0, 1, 2, 3, 4, 6, 8, 10, 16, 17]
    !! not UC: [0, 1, 2, 3, 4, 5, 6, 7, 8, 10, 12, 14, 16, 17, 18]
    !! not UC: [0, 1, 2, 3, 4, 6, 8, 9, 10, 11, 12, 16, 17, 18, 20, 24, 25, 26]
    !! not UC: [0, 1, 2, 3, 4, 5, 6, 7, 8, 9, 10, 12, 13, 14, 16, 17, 18, 20, 21, 22, 24, 25, 28]
    !! not UC: [0, 1, 2, 4, 5, 6, 8, 9, 10, 12, 14, 16, 17, 18, 24, 26]
    !! not UC: [0, 1, 2, 3, 4, 5, 8, 9, 10, 11, 12, 13, 16, 17, 18, 19, 20, 21, 24, 25, 28, 29]
    !! not UC: [0, 1, 2, 3, 4, 6, 8, 10, 12, 14, 16, 18, 20, 22, 24, 26]
    !! not UC: [0, 2, 4, 6, 16, 18, 20]
    !! not UC: [0, 1, 2, 4, 5, 6, 8, 10, 12, 16, 17, 18, 20, 22, 24, 26]
    !! not UC: [0, 1, 2, 3, 4, 5, 8, 12, 16, 20]
    !! not UC: [0, 1, 2, 3, 4, 5, 6, 8, 9, 10, 12, 14, 16, 17, 24]
    !! not UC: [0, 1, 2, 3, 4, 5, 8, 10, 12, 16, 20, 24]
    !! not UC: [0, 1, 2, 3, 4, 5, 6, 8, 9, 10, 11, 12, 13, 14, 16, 17, 18, 24, 25]
    !! not UC: [0, 1, 2, 3, 4, 6, 8, 9, 10, 16, 17, 18, 20, 22, 24, 25, 26]
    !! not UC: [0, 1, 2, 3, 4, 5, 6, 7, 8, 9, 10, 11, 12, 16, 17, 18, 19, 20, 21, 24, 26]
    !! not UC: [0, 1, 4, 8, 12, 16, 17, 20, 24, 28]
    !! not UC: [0, 1, 2, 3, 4, 6, 8, 9, 10, 11, 12, 14, 16, 17, 18, 19, 20, 24]
    !! not UC: [0, 1, 2, 4, 8, 10]
    !! not UC: [0, 1, 2, 3, 4, 8, 9, 10, 16, 20]
    !! not UC: [0, 1, 2, 3, 4, 6, 8, 9, 10, 11, 16, 17, 20, 24, 25]
    !! not UC: [0, 1, 4, 8, 9, 16]
    !! not UC: [0, 1, 2, 3, 4, 5, 6, 7, 8, 9, 10, 11, 12, 14, 16, 17, 18, 19, 20, 21, 24, 25]
    !! not UC: [0, 1, 2, 3, 4, 5, 6, 7, 8, 9, 10, 12, 14, 16, 17, 18, 19, 20, 21, 22, 24, 26]
    !! not UC: [0, 1, 2, 3, 4, 5, 6, 7, 8, 9, 10, 11, 12, 14, 16, 17, 18, 19, 20, 21, 22, 24, 25, 26, 27]
    !! not UC: [0, 1, 2, 3, 4, 5, 6, 7, 8, 9, 10, 12, 13, 14, 16, 17, 18, 19, 20, 22, 24, 26]
    !! not UC: [0, 1, 2, 3, 4, 6, 8, 9, 10, 11, 12, 16, 18, 20, 22, 24, 28]
    !! not UC: [0, 1, 2, 4, 5, 8, 9, 12, 13, 16, 17, 18, 20, 24, 28]
    !! not UC: [0, 1, 2, 3, 4, 5, 6, 8, 9, 10, 12, 13, 14, 16, 17, 20, 21, 24]
    !! not UC: [0, 1, 2, 3, 4, 6, 8, 9, 10, 11, 16, 17, 20, 24]
    !! not UC: [0, 1, 2, 3, 4, 5, 6, 8, 9, 12, 16, 17, 18, 20, 21, 22, 24, 28]
    !! not UC: [0, 1, 2, 3, 4, 8, 9, 10, 11, 16, 18, 20, 24]
    !! not UC: [0, 1, 2, 4, 5, 6, 8, 9, 10, 12, 13, 16, 17, 24]
    !! not UC: [0, 1, 2, 3, 4, 5, 6, 7, 8, 9, 12, 13, 16, 17, 18, 20, 24, 25, 28]
    !! not UC: [0, 1, 2, 3, 4, 5, 6, 8, 9, 10, 11, 12, 14, 16, 17, 18, 20, 24, 25, 28]
    !! not UC: [0, 1, 2, 3, 4, 5, 6, 8, 9, 10, 11, 12, 13, 16, 17, 18, 19, 20, 21, 24, 26]
    !! not UC: [0, 1, 2, 3, 4, 5, 6, 8, 9, 10, 11, 12, 14, 16, 17, 18, 19, 20, 21, 24, 28]
    !! not UC: [0, 1, 2, 3, 4, 5, 6, 8, 9, 10, 11, 12, 14, 16, 17, 18, 19, 20, 21, 24, 25, 26, 27]
    !! not UC: [0, 1, 2, 4, 5, 6, 8, 9, 10, 12, 16, 17, 24]
    !! not UC: [0, 1, 2, 3, 4, 5, 6, 8, 9, 10, 12, 13, 14, 16, 17, 18, 19, 20, 21, 22, 24, 26, 28]
    !! not UC: [0, 1, 2, 4, 6, 8, 9, 10, 12, 14, 16, 18, 20, 24]
    !! not UC: [0, 1, 2, 4, 5, 6, 8, 10, 12, 14, 16, 17, 18, 20]
    !! not UC: [0, 1, 2, 3, 4, 8, 9, 10, 12, 16, 17, 18, 20, 24, 25, 26, 28]
    !! not UC: [0, 1, 2, 3, 4, 5, 8, 9, 12, 13, 16, 17, 18, 19, 24]
    !! not UC: [0, 1, 2, 3, 8, 9, 16, 17, 18, 24, 25]
    !! not UC: [0, 1, 2, 3, 4, 5, 6, 7, 8, 9, 10, 12, 13, 14, 16, 18, 20]
    !! not UC: [0, 1, 4, 8, 9, 12, 16, 17, 20, 24]
    !! not UC: [0, 1, 2, 3, 4, 6, 8, 9, 10, 11, 16, 24]
    !! not UC: [0, 1, 2, 3, 4, 5, 6, 7, 8, 9, 10, 11, 12, 13, 14, 16, 17, 20, 24, 25]
    !! not UC: [0, 1, 2, 3, 4, 5, 6, 7, 8, 9, 10, 11, 12, 14, 16, 17, 20, 21]
    !! not UC: [0, 1, 2, 4, 8, 16, 20]
    !! not UC: [0, 1, 2, 3, 4, 5, 6, 8, 9, 10, 12, 14, 16, 17, 18, 19, 20, 24]
    !! not UC: [0, 1, 2, 3, 4, 5, 6, 7, 8, 9, 10, 11, 12, 16, 17, 18, 24, 26]
    !! not UC: [0, 1, 2, 4, 5, 6, 8, 9, 10, 16, 17, 18, 20, 22, 24, 25]
    !! not UC: [0, 1, 2, 8, 16, 24]
    !! not UC: [0, 1, 2, 4, 5, 8, 10, 16, 20]
    !! not UC: [0, 1, 2, 3, 4, 5, 6, 7, 8, 9, 12, 13, 16, 17, 18, 20, 21, 24, 25]
    !! not UC: [0, 1, 2, 3, 4, 5, 6, 7, 8, 9, 10, 12, 13, 16, 17, 18, 19, 20]
    !! not UC: [0, 1, 2, 4, 6, 8, 9, 10, 12, 14, 16, 17, 18, 20, 22, 24, 25, 26, 28, 30]
    !! not UC: [0, 1, 2, 3, 4, 16, 18]
    !! not UC: [0, 1, 2, 3, 4, 5, 8, 10, 12, 16, 17, 18, 20, 21, 24]
    !! not UC: [0, 1, 2, 3, 4, 5, 6, 7, 8, 9, 10, 11, 12, 13, 16, 17, 18, 19, 20, 21, 24]
    !! not UC: [0, 1, 2, 3, 4, 6, 8, 10, 12, 14, 16, 17, 18, 20, 22, 24, 26, 28]
    !! not UC: [0, 1, 2, 3, 4, 5, 6, 8, 9, 10, 12, 13, 16, 17, 18]
    !! not UC: [0, 1, 2, 4, 5, 8, 9, 12, 13, 16, 17, 18, 20, 21, 24, 25, 28]
    !! not UC: [0, 1, 2, 4, 6, 8, 10, 12]
    !! not UC: [0, 1, 2, 3, 4, 6, 8, 9, 10, 12, 16, 17, 20, 24, 28]
    !! not UC: [0, 1, 2, 4, 5, 6, 8, 9, 10, 12, 13, 14, 16, 17, 18, 20, 21, 24, 25]
    !! not UC: [0, 1, 2, 3, 4, 6, 8, 9, 10, 11, 12, 14, 16, 17, 18, 20, 22, 24, 25, 26, 28]
    !! not UC: [0, 1, 2, 3, 4, 6, 8, 9, 10, 12, 14, 16, 17, 18, 19, 20, 22, 24, 25, 26, 28, 30]
    !! not UC: [0, 1, 2, 4, 6, 8, 9, 12, 16, 17, 18, 20, 24, 25, 28]
    !! not UC: [0, 1, 2, 4, 5, 8, 9, 10, 12, 13, 16, 24]
    !! not UC: [0, 1, 2, 4, 5, 8, 9, 10, 12, 16, 18, 24, 26]
    !! not UC: [0, 1, 2, 3, 4, 5, 6, 8, 9, 10, 11, 12, 13, 16, 17, 18, 20, 21, 22]
    !! not UC: [0, 1, 2, 3, 4, 5, 6, 7, 8, 9, 10, 12, 16, 17, 18, 19, 20, 21, 24, 25, 26]
    !! not UC: [0, 1, 4, 5, 8, 9, 12, 16, 17, 20, 21]
    !! not UC: [0, 1, 2, 4, 5, 8, 9, 10, 16, 18, 20, 24, 26]
    !! not UC: [0, 1, 2, 3, 4, 5, 8, 9, 12, 16, 17, 18, 20, 21, 24, 25, 28]
    !! not UC: [0, 1, 2, 3, 4, 5, 8, 12, 16, 17, 20, 21, 24, 28]
    !! not UC: [0, 1, 2, 3, 4, 5, 6, 7, 8, 9, 10, 11, 12, 14, 16, 17, 18, 19, 20, 21, 22, 24, 25, 26, 27, 28]
    !! not UC: [0, 1, 2, 3, 4, 8, 9, 10, 11, 12, 16, 17, 18, 19, 24, 25]
    !! not UC: [0, 1, 2, 3, 4, 5, 6, 8, 9, 12, 16, 17, 18, 19, 20, 22, 24]
    !! not UC: [0, 1, 2, 3, 4, 6, 8, 9, 16]
    !! not UC: [0, 1, 2, 3, 4, 5, 6, 8, 9, 10, 11, 12, 13, 14, 16, 20, 24, 28]
    !! not UC: [0, 1, 2, 3, 4, 5, 6, 8, 9, 10, 12, 13, 14, 16, 17, 18, 19, 20, 22, 24, 25, 26, 28, 30]
    !! not UC: [0, 1, 2, 4, 6, 8, 10, 12, 14, 16, 18, 20, 24, 26]
    !! not UC: [0, 1, 2, 3, 4, 5, 6, 7, 8, 9, 10, 11, 12, 16, 17, 18, 20, 21, 22, 24, 26, 28]
    !! not UC: [0, 1, 2, 3, 4, 6, 8, 9, 10, 12, 16, 17, 18, 20]
    !! not UC: [0, 1, 2, 4, 5, 8, 9, 10, 12, 13, 16, 17, 24, 25]
    !! not UC: [0, 1, 2, 3, 4, 5, 8, 9, 12, 13, 16, 17, 18, 19, 20, 24, 28]
    !! not UC: [0, 1, 2, 3, 4, 5, 6, 7, 8, 9, 10, 11, 12, 13, 16, 17, 18, 19, 20, 21, 24, 26]
    !! not UC: [0, 1, 2, 3, 4, 5, 6, 8, 12, 16, 17, 18, 20, 21, 22, 24]
    !! not UC: [0, 1, 2, 3, 4, 6, 8, 9, 10, 12, 16, 17, 18, 20, 22, 24, 26, 28]
    !! not UC: [0, 1, 2, 3, 4, 5, 6, 8, 9, 10, 12, 14, 16, 17, 18, 20, 21, 22, 24, 25, 26, 28, 30]
    !! not UC: [0, 1, 2, 3, 4, 5, 6, 8, 9, 10, 12, 13, 14, 16, 17, 20]
    !! not UC: [0, 1, 2, 3, 4, 5, 6, 7, 8, 9, 10, 12, 13, 16, 17, 18, 19, 20, 21, 24, 25, 28]
    !! not UC: [0, 1, 2, 3, 4, 6, 8, 12, 16, 17, 18, 20, 22, 24, 28]
    !! not UC: [0, 1, 2, 3, 4, 5, 6, 7, 8, 9, 10, 11, 12, 13, 16, 17, 18, 19, 20, 21, 22, 23, 24, 25, 26, 27]
    !! not UC: [0, 1, 2, 4, 8, 9, 10, 12, 16, 20]
    !! not UC: [0, 1, 2, 3, 4, 5, 6, 8, 9, 10, 11, 12, 13, 16, 17, 18, 20, 22, 24, 28]
    !! not UC: [0, 1, 2, 3, 4, 8, 9, 10, 12, 16, 17, 20, 24, 25]
    !! not UC: [0, 1, 2, 3, 4, 6, 8, 9, 10, 11, 12, 16, 17, 18, 20, 22, 24, 28]
    !! not UC: [0, 1, 2, 3, 4, 5, 6, 7, 8, 10, 12, 16, 17, 18, 20, 24, 26, 28]
    !! not UC: [0, 1, 2, 3, 4, 5, 6, 8, 9, 10, 12, 13, 16, 17, 18, 19, 20, 21, 24, 25, 28]
    !! not UC: [0, 1, 2, 3, 4, 5, 6, 7, 8, 9, 10, 11, 12, 13, 16, 17, 20, 24, 25]
    !! not UC: [0, 1, 2, 3, 4, 8, 10, 16, 17, 18, 19, 24, 26]
    !! not UC: [0, 1, 2, 3, 4, 5, 6, 8, 9, 10, 12, 13, 16, 17, 20]
    !! not UC: [0, 1, 2, 3, 4, 5, 6, 7, 8, 9, 12, 16, 17, 18, 19, 20]
    !! not UC: [0, 1, 2, 3, 4, 5, 6, 8, 9, 16, 17, 18, 20, 21, 22, 24, 25]
    !! not UC: [0, 1, 2, 3, 4, 5, 6, 7, 8, 9, 16, 17, 18, 19, 20, 21, 22, 24, 25]
    !! not UC: [0, 1, 2, 3, 4, 6, 8, 9, 10, 11, 12, 16, 20]
    !! not UC: [0, 1, 2, 3, 4, 5, 6, 7, 8, 9, 10, 12, 13, 14, 16, 17, 18, 24, 26]
    !! not UC: [0, 1, 2, 3, 4, 5, 6, 8, 9, 10, 11, 12, 13, 14, 16, 17, 18, 19, 20, 21, 22]
    !! not UC: [0, 1, 2, 3, 4, 8, 12, 16, 24]
    !! not UC: [0, 1, 2, 3, 4, 6, 8, 10, 12, 16, 17, 18, 20, 24, 26]
    !! not UC: [0, 1, 2, 3, 4, 5, 8, 9, 12, 16, 17, 18, 19, 24, 25]
    !! not UC: [0, 1, 2, 4, 8, 10, 16, 17, 18, 24]
    !! not UC: [0, 1, 2, 3, 4, 5, 6, 8, 9, 10, 11, 12, 13, 14, 16, 17, 18, 20, 21, 22, 24, 26, 28]
    !! not UC: [0, 1, 2, 3, 4, 5, 8, 9, 10, 16, 18]
    !! not UC: [0, 1, 2, 3, 4, 5, 6, 7, 8, 9, 10, 11, 12, 13, 14, 16, 17, 18, 19, 20, 21, 22, 23, 24, 25, 26]
    !! not UC: [0, 1, 2, 3, 4, 5, 6, 7, 8, 9, 10, 11, 12, 16, 17, 18, 19, 20, 24, 28]
    !! not UC: [0, 1, 2, 3, 4, 5, 6, 8, 10, 12, 14, 16, 17, 18, 19, 20, 21, 22, 24, 26]
    !! not UC: [0, 1, 2, 4, 5, 8, 10, 16, 17, 20, 24]
    !! not UC: [0, 1, 2, 3, 4, 5, 6, 7, 8, 9, 10, 11, 12, 13, 14, 16, 17, 18, 20, 24, 28]
    !! not UC: [0, 1, 2, 3, 4, 5, 6, 7, 8, 9, 10, 11, 12, 13, 14, 16, 17, 18, 19, 20, 21, 24, 25, 28]
    !! not UC: [0, 1, 2, 3, 4, 6, 8, 9, 10, 12, 14, 16, 17, 18, 20, 22, 24, 25, 26, 28]
    !! not UC: [0, 1, 2, 4, 6, 8, 9, 10, 12, 16, 17, 24]
    !! not UC: [0, 1, 2, 4, 6, 8, 9, 16, 20, 24]
    !! not UC: [0, 1, 2, 3, 4, 5, 6, 7, 8, 9, 10, 11, 12, 14, 16, 17, 18, 19, 20, 21, 24, 25, 26, 27]
    !! not UC: [0, 1, 2, 4, 6, 8, 12, 16, 20]
    !! not UC: [0, 1, 2, 3, 4, 5, 8, 9, 12, 16, 17, 18, 19, 20, 24, 25]
    !! not UC: [0, 1, 2, 3, 4, 5, 6, 8, 9, 12, 13, 16, 17, 18, 19, 20]
    !! not UC: [0, 1, 2, 3, 4, 5, 6, 7, 8, 9, 10, 12, 16, 17, 20]
    !! not UC: [0, 1, 2, 3, 4, 8, 16, 24]
    !! not UC: [0, 1, 2, 3, 4, 5, 6, 8, 9, 10, 11, 16, 17, 18, 19, 20, 21, 24, 25, 26]
    !! not UC: [0, 1, 2, 3, 4, 5, 6, 8, 10, 16, 17, 18, 20]
    !! not UC: [0, 1, 2, 3, 4, 5, 6, 8, 9, 12, 16, 17, 18, 19, 20]
    !! not UC: [0, 1, 2, 3, 4, 5, 6, 8, 9, 10, 12, 13, 14, 16, 17, 18, 19, 20, 21, 24, 25, 28]
    !! not UC: [0, 1, 2, 3, 4, 5, 6, 7, 8, 10, 16, 18, 20, 24, 26]
    !! not UC: [0, 1, 2, 3, 4, 5, 6, 7, 8, 9, 10, 12, 13, 16, 17, 20]
    !! not UC: [0, 1, 2, 3, 4, 5, 6, 7, 8, 9, 10, 12, 13, 16, 17, 18, 20, 21, 22, 24]
    !! not UC: [0, 1, 2, 4, 6, 8, 10, 12, 14, 16, 17, 18, 20, 24, 26]
    !! not UC: [0, 1, 2, 3, 4, 5, 6, 8, 10, 12, 16, 18, 20, 24, 26]
    !! not UC: [0, 1, 2, 3, 4, 5, 6, 8, 9, 12, 13, 16, 17, 20]
    !! not UC: [0, 1, 2, 4, 5, 6, 8, 9, 12, 16, 17, 18, 20, 22]
    !! not UC: [0, 1, 2, 3, 4, 5, 6, 7, 8, 9, 12, 16, 17, 18, 20, 24, 25]
    !! not UC: [0, 1, 4, 5, 8, 9, 12, 13, 16, 17, 24]
    !! not UC: [0, 1, 2, 3, 4, 5, 6, 7, 8, 9, 10, 11, 12, 13, 14, 15, 16, 18, 20, 24, 28]
    !! not UC: [0, 1, 2, 4, 6, 8, 16, 18, 20, 22]
    !! not UC: [0, 1, 2, 3, 4, 5, 8, 9, 10, 12, 16, 17]
    !! not UC: [0, 1, 2, 4, 5, 6, 8, 16, 17, 18, 20, 22, 24]
    !! not UC: [0, 1, 2, 3, 4, 6, 8, 9, 10, 11, 16, 17, 18, 19, 24, 26]
    !! not UC: [0, 1, 2, 3, 4, 5, 6, 7, 8, 16, 20]
    !! not UC: [0, 1, 2, 3, 4, 5, 6, 7, 8, 9, 10, 11, 12, 13, 14, 16, 17, 18, 19, 20, 22, 24, 25, 26]
    !! not UC: [0, 1, 2, 4, 5, 6, 8, 9, 10, 12, 13, 16, 17, 18, 20, 21, 22, 24, 25, 28]
    !! not UC: [0, 1, 2, 3, 4, 5, 6, 8, 9, 10, 11, 12, 16, 17, 18, 19, 20, 24, 26, 28]
    !! not UC: [0, 1, 2, 3, 4, 5, 6, 16, 17, 20]
    !! not UC: [0, 1, 2, 4, 5, 6, 8, 10, 12, 16, 20, 24]
    !! not UC: [0, 1, 2, 4, 5, 8, 12, 16, 17, 18, 20, 21]
    !! not UC: [0, 1, 2, 3, 4, 5, 6, 8, 9, 10, 12, 14, 16, 17, 18, 19, 20, 21, 24, 25, 26]
    !! not UC: [0, 1, 2, 4, 5, 6, 8, 9, 10, 16, 17, 18, 20, 22, 24]
    !! not UC: [0, 1, 2, 3, 4, 5, 6, 8, 9, 12, 16, 17, 20, 24]
    !! not UC: [0, 1, 2, 4, 5, 6, 8, 9, 10, 12, 13, 16, 17, 18, 20, 24, 26, 28]
    !! not UC: [0, 1, 2, 4, 5, 6, 8, 9, 12, 13, 16, 17, 18, 20, 21, 24, 25, 28, 29]
    !! not UC: [0, 1, 2, 3, 4, 5, 6, 7, 8, 9, 16, 17, 18, 19, 20, 24, 25]
    !! not UC: [0, 1, 2, 3, 4, 6, 8, 12, 16, 17, 18, 19, 24]
    !! not UC: [0, 1, 2, 4, 8, 9, 16, 17, 20, 24]
    !! not UC: [0, 1, 2, 3, 4, 5, 8, 9, 10, 12, 13, 16, 17, 18, 19, 20, 21, 24, 25, 26, 28]
    !! not UC: [0, 1, 2, 4, 8, 9, 16, 20, 24]
    !! not UC: [0, 1, 2, 3, 4, 5, 6, 7, 8, 9, 10, 12, 14, 16, 17, 18, 19, 20, 22, 24, 25, 26, 28]
    !! not UC: [0, 1, 2, 4, 5, 6, 8, 9, 10, 16, 17, 18, 20, 21, 24, 25]
    !! not UC: [0, 1, 2, 4, 5, 6, 8, 9, 12, 16, 17, 18, 20, 21, 24, 25]
    !! not UC: [0, 1, 2, 3, 4, 5, 6, 8, 9, 10, 12, 16, 17, 18, 20, 22, 24, 26]
    !! not UC: [0, 1, 2, 3, 4, 5, 8, 10, 16, 17, 18, 20, 21, 24, 26]
    !! not UC: [0, 1, 2, 3, 4, 5, 6, 8, 9, 10, 12, 13, 16, 17, 18, 19, 20, 21, 22, 24, 26, 28]
    !! not UC: [0, 1, 2, 4, 5, 8, 16, 17, 18]
    !! not UC: [0, 2, 4, 6, 8, 10, 12, 14, 16]
    !! not UC: [0, 1, 2, 3, 4, 8, 9, 10, 16, 17, 18, 20, 24]
    !! not UC: [0, 1, 2, 3, 4, 5, 6, 7, 8, 9, 10, 12, 14, 16, 17, 18, 19, 20, 21, 22, 23, 24, 25]
    !! not UC: [0, 1, 2, 4, 8, 10, 16, 18, 20, 24, 26]
    !! not UC: [0, 1, 2, 3, 4, 8, 9, 16, 17, 18, 19, 24, 25]
    !! not UC: [0, 1, 2, 3, 4, 5, 6, 8, 9, 12, 13, 16, 17, 18, 19, 20, 21, 22, 24]
    !! not UC: [0, 1, 2, 3, 4, 5, 6, 7, 8, 9, 12, 16, 18, 20, 24]
    !! not UC: [0, 1, 2, 3, 4, 5, 6, 7, 8, 9, 10, 12, 13, 14, 16, 18, 20, 24, 26]
    !! not UC: [0, 1, 2, 3, 4, 5, 6, 8, 9, 10, 11, 12, 16, 17, 18, 19, 20, 21, 24, 25, 26, 27]
    !! not UC: [0, 1, 2, 3, 4, 5, 6, 7, 8, 9, 12, 16, 17, 18, 19, 20, 24]
    !! not UC: [0, 1, 2, 4, 5, 6, 8, 9, 10, 16, 17, 20]
    !! not UC: [0, 1, 2, 3, 4, 6, 8, 9, 10, 12, 16, 18, 20, 22, 24, 26, 28]
    !! not UC: [0, 1, 2, 3, 8, 9, 10, 16, 17, 18]
    !! not UC: [0, 1, 2, 3, 4, 8, 9, 10, 16, 17, 18, 19, 24, 25]
    !! not UC: [0, 1, 2, 3, 4, 5, 6, 7, 8, 9, 10, 12, 14, 16, 17, 18, 20, 21, 22, 24, 25, 26, 28, 30]
    !! not UC: [0, 1, 2, 3, 4, 6, 8, 9, 10, 12, 14, 16]
    !! not UC: [0, 1, 2, 3, 4, 5, 6, 8, 9, 10, 12, 16, 17, 18, 19, 20, 21, 22, 24, 26, 28]
    !! not UC: [0, 1, 2, 3, 4, 5, 6, 7, 8, 9, 10, 12, 16, 18, 24]
    !! not UC: [0, 1, 2, 3, 4, 5, 6, 7, 8, 9, 10, 11, 12, 13, 16, 17, 18, 19, 20, 21, 22, 23, 24, 25]
    !! not UC: [0, 1, 2, 4, 6, 8, 9, 10, 12, 16, 17, 20, 24, 25, 28]
    !! not UC: [0, 1, 2, 3, 4, 6, 8, 9, 10, 11, 12, 14, 16, 17, 20, 24, 28]
    !! not UC: [0, 4, 8, 12, 16, 20, 24]
    !! not UC: [0, 1, 2, 4, 6, 8, 12, 16, 20, 24, 28]
    !! not UC: [0, 1, 2, 3, 4, 5, 6, 8, 9, 10, 11, 12, 16, 17, 20, 21, 24, 25]
    !! not UC: [0, 1, 2, 4, 5, 6, 8, 9, 10, 12, 14, 16, 17, 18, 20, 22, 24, 26]
    !! not UC: [0, 1, 2, 4, 5, 6, 8, 9, 10, 12, 14, 16, 17, 18, 20, 22]
    !! not UC: [0, 1, 2, 3, 4, 6, 8, 9, 10, 11, 12, 16, 17, 18, 20, 24, 25, 26, 28]
    !! not UC: [0, 1, 2, 3, 4, 6, 8, 9, 10, 11, 16, 17, 18, 20, 22, 24, 25]
    !! not UC: [0, 1, 2, 3, 4, 5, 6, 8, 9, 10, 12, 13, 14, 16, 17, 18, 24, 25, 26]
    !! not UC: [0, 1, 2, 3, 4, 5, 6, 7, 8, 9, 10, 11, 16, 17, 18, 20, 21, 22, 24, 26]
    !! not UC: [0, 1, 2, 3, 4, 6, 8, 9, 10, 11, 12, 14, 16, 17, 18, 19, 24]
    !! not UC: [0, 1, 2, 4, 6, 8, 12, 16, 17, 20]
    !! not UC: [0, 1, 2, 3, 4, 6, 8, 9, 10, 12, 16, 17, 18, 20, 22, 24, 28]
    !! not UC: [0, 1, 2, 3, 4, 5, 6, 8, 9, 12, 16, 17, 18, 20, 21, 22, 24]
    !! not UC: [0, 1, 2, 3, 4, 6, 8, 9, 10, 16, 17, 18, 19, 24, 25]
    !! not UC: [0, 1, 2, 3, 4, 6, 8, 9, 10, 11, 12, 14, 16, 17, 18, 20, 22, 24, 26, 28]
    !! not UC: [0, 1, 2, 3, 4, 5, 6, 7, 8, 9, 12, 16, 17, 18, 19, 20, 21, 22, 24]
    !! not UC: [0, 1, 2, 4, 6, 8, 9, 10, 12, 16, 17, 18, 20, 22, 24, 28]
    !! not UC: [0, 1, 2, 3, 4, 5, 6, 8, 9, 16, 18, 20]
    !! not UC: [0, 1, 2, 3, 4, 5, 6, 8, 9, 10, 11, 12, 13, 16, 17, 18, 19, 20, 24, 26]
    !! not UC: [0, 1, 2, 3, 4, 5, 6, 8, 9, 16, 17]
    !! not UC: [0, 1, 2, 3, 4, 5, 6, 7, 8, 9, 10, 11, 12, 14, 16, 17, 18, 19, 20, 21, 22, 24, 25, 28]
    !! not UC: [0, 1, 2, 3, 4, 5, 6, 7, 8, 9, 10, 16, 17, 18, 19, 20, 21, 22, 23]
    !! not UC: [0, 1, 2, 3, 4, 5, 6, 8, 9, 12, 16, 18]
    !! not UC: [0, 1, 2, 4, 5, 8, 9, 10, 12, 16, 17, 18, 20, 21, 24, 26]
    !! not UC: [0, 1, 2, 4, 6, 8, 10, 12, 16, 17]
    !! not UC: [0, 1, 2, 3, 4, 5, 6, 8, 9, 10, 12, 14, 16, 17, 18, 19, 20, 21, 22, 24, 25, 26, 28, 30]
    !! not UC: [0, 1, 2, 3, 4, 5, 6, 8, 10, 16, 17, 18, 19, 20, 24]
    !! not UC: [0, 1, 2, 3, 4, 5, 6, 8, 9, 12, 16, 17, 18, 19, 20, 21, 24, 28]
    !! not UC: [0, 1, 2, 3, 4, 5, 6, 7, 8, 9, 10, 11, 16, 17, 18, 19, 20, 21, 24, 25]
    !! not UC: [0, 1, 2, 4, 8, 10, 16, 18, 24]
    !! not UC: [0, 1, 2, 3, 4, 5, 8, 9, 10, 12, 16, 17, 20]
    !! not UC: [0, 1, 2, 3, 4, 8, 12, 16, 17, 24]
    !! not UC: [0, 1, 2, 4, 6, 8, 9, 10, 12, 16, 17, 18, 20, 22, 24, 25, 26]
    !! not UC: [0, 1, 2, 3, 4, 5, 6, 8, 9, 10, 12, 16, 18, 24, 26]
    !! not UC: [0, 1, 2, 3, 4, 5, 6, 8, 9, 10, 11, 12, 13, 16, 17, 18, 20, 21, 24, 28]
    !! not UC: [0, 1, 2, 3, 4, 5, 6, 7, 8, 9, 10, 12, 14, 16, 17, 20, 21, 24, 28]
    !! not UC: [0, 1, 2, 3, 4, 5, 8, 9, 16, 17, 24, 25]
    !! not UC: [0, 1, 2, 4, 8, 9, 12, 16, 18, 20]
    !! not UC: [0, 1, 2, 3, 4, 5, 6, 7, 8, 9, 10, 11, 12, 13, 16, 18, 20, 24, 26, 28]
    !! not UC: [0, 1, 2, 3, 4, 5, 6, 8, 9, 10, 11, 12, 16, 17, 18, 19, 20, 21, 22, 24]
    !! not UC: [0, 1, 2, 3, 4, 5, 6, 7, 8, 10, 12, 14, 16, 17, 18, 19, 20, 24, 26, 28]
    !! not UC: [0, 1, 2, 4, 8, 16, 17, 20, 24]
    !! not UC: [0, 1, 2, 3, 4, 5, 6, 7, 8, 9, 10, 11, 12, 13, 16, 17, 18, 19, 20, 24, 25, 26, 27, 28]
    !! not UC: [0, 1, 2, 3, 4, 5, 6, 7, 8, 9, 10, 12, 13, 14, 16, 17, 18, 19, 24, 26]
    !! not UC: [0, 1, 2, 3, 4, 5, 6, 8, 16, 17, 20, 24]
    !! not UC: [0, 1, 2, 3, 4, 6, 8, 16, 18, 24]
    !! not UC: [0, 1, 2, 3, 4, 5, 8, 12, 16, 17, 18, 19, 20, 24]
    !! not UC: [0, 1, 2, 4, 6, 8, 16, 17, 20]
    !! not UC: [0, 1, 2, 3, 4, 5, 6, 7, 8, 9, 10, 11, 12, 13, 14, 16, 17, 18, 19, 20, 21, 22, 23]
    !! not UC: [0, 1, 2, 3, 4, 5, 6, 7, 8, 9, 12, 16, 17, 18, 20, 21]
    !! not UC: [0, 1, 2, 4, 5, 6, 8, 9, 10, 12, 13, 14, 16, 17, 18, 20, 22, 24, 25, 26, 28, 30]
    !! not UC: [0, 1, 2, 4, 5, 6, 8, 10, 12, 14, 16, 17, 18, 20, 22, 24, 28]
    !! not UC: [0, 1, 2, 3, 4, 5, 6, 8, 9, 10, 12, 13, 16, 17, 18, 19, 20, 21, 22, 24, 26]
    !! not UC: [0, 2, 4, 6, 8, 16, 18, 24]
    !! not UC: [0, 1, 2, 4, 5, 6, 8, 9, 10, 12, 14, 16, 17, 24]
    !! not UC: [0, 1, 2, 3, 4, 5, 8, 10, 12, 16, 17, 18, 20, 21]
    !! not UC: [0, 1, 2, 3, 4, 5, 6, 7, 8, 9, 10, 12, 16, 17, 18, 19, 20, 21, 22, 23]
    !! not UC: [0, 1, 2, 3, 4, 5, 8, 9, 10, 11, 12, 16, 17, 18, 19, 20]
    !! not UC: [0, 1, 2, 3, 4, 5, 6, 7, 8, 9, 10, 12, 14, 16, 17, 18, 19, 20, 21, 22, 24]
    !! not UC: [0, 1, 2, 3, 4, 5, 6, 8, 9, 10, 11, 12, 14, 16, 20, 24]
    !! not UC: [0, 1, 2, 4, 6, 8, 10, 12, 16, 17, 18, 20]
    !! not UC: [0, 1, 2, 4, 8, 9, 10, 16, 17]
    !! not UC: [0, 1, 2, 3, 4, 5, 6, 8, 9, 10, 11, 12, 13, 16, 17, 18, 20, 24, 25, 26]
    !! not UC: [0, 1, 2, 3, 4, 8, 9, 10, 12, 16, 18, 20]
    !! not UC: [0, 1, 2, 3, 4, 5, 6, 8, 10, 12, 14, 16, 17, 18, 19, 20, 21, 24, 26, 28]
    !! not UC: [0, 1, 2, 8, 9, 10, 16, 17]
    !! not UC: [0, 1, 2, 3, 4, 5, 6, 7, 8, 9, 10, 11, 16, 17, 18, 19, 20, 22, 24, 25, 26, 27]
    !! not UC: [0, 1, 2, 4, 5, 6, 8, 9, 10, 12, 13, 16, 17, 18, 20, 24, 26]
    !! not UC: [0, 1, 2, 3, 4, 6, 8, 9, 10, 11, 12, 16, 17, 18, 20, 22]
    !! not UC: [0, 1, 2, 3, 4, 5, 6, 7, 8, 9, 10, 16, 17, 18]
    !! not UC: [0, 1, 2, 4, 6, 16, 17, 20]
    !! not UC: [0, 1, 2, 3, 4, 5, 6, 7, 8, 9, 10, 11, 12, 13, 14, 15, 16, 17, 18, 19, 20, 21, 22, 24, 25]
    !! not UC: [0, 1, 2, 3, 4, 5, 6, 7, 8, 9, 10, 12, 13, 14, 16, 17, 18, 19, 20, 22, 24, 26, 28]
    !! not UC: [0, 1, 2, 3, 4, 5, 6, 7, 8, 9, 10, 11, 12, 14, 16, 17, 18, 19]
    !! not UC: [0, 1, 2, 3, 4, 5, 6, 7, 8, 9, 10, 11, 12, 16, 17, 20, 24, 25, 28]
    !! not UC: [0, 1, 2, 3, 4, 5, 6, 8, 9, 12, 16, 17, 24]
    !! not UC: [0, 1, 2, 3, 4, 6, 8, 9, 16, 17]
    !! not UC: [0, 1, 2, 3, 4, 6, 8, 9, 10, 12, 14, 16, 17, 18, 20, 24, 25, 26]
    !! not UC: [0, 1, 2, 3, 4, 5, 8, 9, 10, 11, 12, 16, 17, 18, 19, 24, 25]
    !! not UC: [0, 1, 2, 3, 4, 5, 6, 8, 9, 10, 11, 12, 14, 16, 17, 18, 20, 24, 25]
    !! not UC: [0, 1, 2, 3, 4, 6, 8, 9, 12, 16, 17, 18, 19, 20, 22, 24]
    !! not UC: [0, 1, 2, 3, 4, 5, 6, 7, 8, 9, 10, 12, 13, 14, 16, 17, 18, 20, 24, 25, 26]
    !! not UC: [0, 1, 2, 3, 4, 5, 6, 8, 9, 10, 12, 16, 17, 18, 20, 21, 22]
    !! not UC: [0, 1, 2, 3, 4, 5, 6, 7, 8, 9, 10, 12, 16, 17, 18, 19, 20, 21, 22]
    !! not UC: [0, 1, 2, 3, 4, 5, 6, 7, 8, 9, 12, 16, 17, 18, 20]
    !! not UC: [0, 1, 2, 4, 6, 8, 9, 10, 12, 16, 17, 24, 25]
    !! not UC: [0, 1, 2, 3, 4, 5, 6, 7, 8, 9, 10, 12, 13, 14, 16, 17, 18, 20, 21, 24, 25, 28]
    !! not UC: [0, 1, 2, 3, 4, 5, 6, 7, 8, 9, 10, 16, 17, 18, 19, 20, 24, 26]
    !! not UC: [0, 1, 2, 3, 4, 5, 6, 7, 8, 9, 10, 12, 13, 16, 17, 18, 24]
    !! not UC: [0, 1, 2, 3, 4, 5, 6, 7, 8, 9, 16, 17, 18, 19, 20, 21, 22, 23, 24]
    !! not UC: [0, 1, 2, 3, 4, 8, 10, 16, 18, 20]
    !! not UC: [0, 1, 2, 4, 5, 6, 8, 10, 16, 18, 20, 22, 24, 26]
    !! not UC: [0, 1, 2, 3, 4, 6, 16, 17, 18, 19]
    !! not UC: [0, 1, 2, 3, 4, 5, 6, 7, 8, 9, 10, 11, 12, 14, 16, 18]
    !! not UC: [0, 1, 2, 4, 5, 8, 9, 12, 16, 18, 20]
    !! not UC: [0, 1, 2, 3, 4, 5, 6, 8, 10, 12, 14, 16, 17, 18, 19, 24]
    !! not UC: [0, 1, 2, 3, 4, 5, 6, 8, 9, 10, 11, 12, 13, 14, 16, 17, 20]
    !! not UC: [0, 1, 2, 3, 4, 5, 6, 7, 8, 9, 10, 16, 17, 18, 20, 21, 22, 24, 25, 26]
    !! not UC: [0, 1, 2, 4, 6, 8, 12, 16, 17, 20, 24, 28]
    !! not UC: [0, 1, 2, 3, 4, 5, 6, 7, 8, 10, 12, 16, 18, 24]
    !! not UC: [0, 1, 2, 3, 4, 5, 6, 8, 9, 10, 12, 16, 17, 18, 20, 22, 24, 25, 26, 28]
    !! not UC: [0, 1, 2, 4, 8, 9, 16, 24]
    !! not UC: [0, 1, 2, 3, 4, 5, 6, 7, 8, 9, 10, 11, 12, 13, 14, 16, 17, 18, 19, 20, 21, 22, 23, 24, 25, 26, 28, 29]
    !! not UC: [0, 1, 2, 4, 6, 8, 9, 10, 12, 14, 16, 20]
    !! not UC: [0, 1, 2, 4, 5, 6, 8, 12, 16, 17, 18, 24]
    !! not UC: [0, 1, 2, 3, 4, 5, 6, 8, 9, 10, 11, 16, 17, 18, 20, 21, 22, 24, 25, 26]
    !! not UC: [0, 1, 2, 3, 4, 5, 6, 7, 8, 9, 10, 12, 13, 14, 16, 17, 20]
    !! not UC: [0, 1, 2, 8, 10, 16, 17]
    !! not UC: [0, 1, 2, 3, 4, 5, 6, 7, 8, 9, 10, 12, 13, 16, 17, 18, 20, 22, 24, 26, 28]
    !! not UC: [0, 1, 2, 3, 4, 5, 6, 7, 16, 17, 18, 19, 20, 21, 22, 23]
    !! not UC: [0, 1, 2, 3, 4, 5, 6, 7, 8, 9, 10, 12, 13, 16, 17, 18, 19, 20, 21, 24, 25, 26]
    !! not UC: [0, 1, 2, 3, 4, 5, 6, 7, 8, 9, 10, 11, 12, 13, 16, 17, 18, 24]
    !! not UC: [0, 1, 2, 3, 8, 9, 10, 16, 17, 18, 19, 24, 25]
    !! not UC: [0, 1, 2, 8, 9, 16, 18, 24]
    !! not UC: [0, 1, 2, 3, 4, 5, 6, 8, 9, 10, 11, 12, 16, 17, 18, 19, 20, 21, 22, 24, 25]
    !! not UC: [0, 1, 2, 3, 4, 5, 6, 7, 8, 9, 10, 12, 13, 16, 17, 18, 19, 20, 21, 22, 24, 25]
    !! not UC: [0, 1, 2, 3, 4, 8, 9, 10, 12, 16, 17, 24]
    !! not UC: [0, 1, 2, 4, 5, 8, 9, 12, 16, 17, 20, 24, 25]
    !! not UC: [0, 1, 2, 4, 8, 16, 17, 18, 20, 24]
    !! not UC: [0, 1, 2, 3, 4, 5, 8, 9, 12, 16, 20, 24]
    !! not UC: [0, 1, 2, 3, 4, 5, 6, 7, 8, 9, 10, 12, 14, 16, 17, 18, 19, 20, 21, 22, 24, 28]
    !! not UC: [0, 1, 2, 4, 8, 16, 17, 18]
    !! not UC: [0, 1, 2, 3, 4, 5, 6, 8, 9, 10, 11, 12, 13, 16, 20]
    !! not UC: [0, 1, 2, 3, 4, 5, 6, 7, 8, 9, 10, 11, 12, 14, 16, 17, 18, 19, 20, 21, 22, 23, 24, 26, 28, 30]
    !! not UC: [0, 1, 2, 4, 5, 6, 8, 9, 10, 12, 14, 16, 17, 18, 20, 24, 26]
    !! not UC: [0, 1, 2, 4, 6, 8, 12, 16, 17, 18, 24]
    !! not UC: [0, 1, 2, 4, 6, 8, 9, 12, 16, 18, 20, 22, 24, 28]
    !! not UC: [0, 1, 2, 3, 4, 5, 6, 8, 9, 10, 11, 12, 13, 16, 17, 18, 20, 22, 24, 26]
    !! not UC: [0, 1, 2, 3, 4, 6, 8, 16, 17, 18]
    !! not UC: [0, 1, 2, 3, 4, 8, 9, 10, 11, 12, 16, 17, 20, 24, 25, 28]
    !! not UC: [0, 1, 2, 3, 4, 6, 8, 9, 10, 11, 12, 16, 17, 18, 19, 20, 24]
    !! not UC: [0, 1, 2, 3, 4, 6, 8, 9, 10, 11, 12, 14, 16, 17, 18]
    !! not UC: [0, 1, 2, 4, 5, 6, 8, 9, 10, 12, 13, 16, 18, 20, 22, 24, 26, 28]
    !! not UC: [0, 1, 2, 3, 4, 5, 6, 8, 9, 10, 11, 12, 16, 20, 24]
    !! not UC: [0, 1, 2, 3, 8, 9, 10, 16, 17, 18, 19, 24]
    !! not UC: [0, 1, 2, 3, 4, 5, 8, 9, 10, 11, 12, 16, 17, 18, 20, 21, 24, 25, 26, 28]
    !! not UC: [0, 1, 2, 4, 6, 8, 9, 16]
    !! not UC: [0, 1, 2, 3, 4, 8, 9, 16, 24]
    !! not UC: [0, 1, 2, 4, 5, 8, 9, 12, 13, 16, 17, 18, 20, 24, 25, 28]
    !! not UC: [0, 1, 2, 3, 4, 5, 6, 8, 9, 10, 12, 13, 14, 16, 17, 20, 21, 24, 25, 28]
    !! not UC: [0, 1, 2, 3, 4, 5, 6, 7, 8, 9, 10, 12, 13, 14, 16]
    !! not UC: [0, 1, 2, 3, 4, 5, 8, 12, 16, 17, 18, 20]
    !! not UC: [0, 1, 2, 4, 6, 8, 9, 10, 12, 14, 16, 17, 18, 20, 22, 24, 26]
    !! not UC: [0, 1, 2, 3, 4, 5, 6, 8, 9, 10, 12, 16, 17, 18, 19, 20, 21, 22, 24]
    !! not UC: [0, 1, 2, 3, 4, 5, 6, 7, 8, 9, 10, 11, 12, 13, 16, 17, 18, 20, 22, 24]
    !! not UC: [0, 1, 2, 3, 4, 5, 8, 9, 10, 12, 16, 17, 18, 19, 20, 21, 24, 26]
    !! not UC: [0, 1, 2, 3, 4, 5, 6, 7, 8, 9, 10, 11, 12, 13, 16, 17, 18, 19, 20, 21, 22, 24, 25, 28, 29]
    !! not UC: [0, 1, 2, 3, 4, 5, 6, 7, 8, 9, 12, 13, 16, 17, 20, 21, 24, 25, 28, 29]
    !! not UC: [0, 1, 2, 3, 4, 5, 6, 8, 9, 10, 11, 12, 13, 14, 16, 17, 18, 19, 20, 24, 25, 26]
    !! not UC: [0, 1, 2, 3, 4, 5, 6, 8, 9, 10, 12, 14, 16, 17]
    !! not UC: [0, 1, 2, 3, 4, 5, 6, 7, 8, 9, 10, 11, 12, 13, 14, 15, 16, 17, 18, 19, 20, 21, 24, 25, 26]
    !! not UC: [0, 1, 2, 3, 4, 5, 6, 7, 8, 9, 10, 11, 12, 13, 14, 15, 16, 17, 18, 19, 20, 22, 24, 25, 26, 27]
    !! not UC: [0, 1, 2, 3, 8, 10, 16, 18, 24]
    !! not UC: [0, 1, 2, 3, 4, 8, 10, 12, 16, 17, 18, 19, 20, 24, 28]
    !! not UC: [0, 1, 2, 4, 6, 8, 9, 10, 12, 14, 16, 18]
    !! not UC: [0, 1, 2, 4, 5, 6, 8, 10, 16, 17, 18, 20, 21, 24, 26]
    !! not UC: [0, 1, 2, 3, 4, 5, 6, 8, 10, 16, 17, 18, 20, 21, 24]
    !! not UC: [0, 1, 2, 3, 4, 5, 6, 8, 9, 10, 12, 13, 14, 16, 17, 18, 19, 20, 21, 24, 25, 26]
    !! not UC: [0, 1, 2, 3, 4, 5, 6, 8, 12, 16, 17, 18, 19, 20, 22, 24, 28]
    !! not UC: [0, 1, 2, 3, 4, 5, 6, 8, 9, 10, 11, 16, 17, 18, 20, 22, 24, 25]
    !! not UC: [0, 1, 2, 4, 8, 10, 12, 16, 17, 20]
    !! not UC: [0, 1, 2, 3, 4, 5, 6, 8, 9, 10, 12, 13, 14, 16, 17, 18, 20, 22, 24, 26, 28]
    !! not UC: [0, 1, 2, 4, 5, 6, 8, 10, 12, 14, 16, 17, 18, 20, 24, 26, 28]
    !! not UC: [0, 1, 2, 4, 5, 8, 10, 16, 17, 18, 24]
    !! not UC: [0, 1, 2, 4, 5, 6, 8, 9, 10, 12, 13, 14, 16, 17, 18, 20, 21, 22, 24, 25, 28, 29]
    !! not UC: [0, 1, 2, 3, 4, 5, 8, 9, 10, 12, 13, 16, 17, 18, 20, 24, 25, 28]
    !! not UC: [0, 1, 2, 3, 4, 8, 9, 10, 11, 12, 16, 20, 24]
    !! not UC: [0, 1, 2, 3, 4, 8, 9, 10, 11, 16, 17, 18, 24, 25]
    !! not UC: [0, 1, 2, 3, 4, 8, 9, 10, 12, 16, 17, 18, 20, 24, 25, 26]
    !! not UC: [0, 1, 2, 3, 4, 5, 6, 8, 10, 12, 14, 16, 18, 24]
    !! not UC: [0, 1, 2, 3, 4, 8, 10, 16, 17, 18, 19, 24]
    !! not UC: [0, 1, 2, 3, 4, 5, 6, 7, 8, 9, 10, 11, 12, 13, 14, 16, 17, 18, 19, 20, 24, 25, 26]
    !! not UC: [0, 1, 2, 4, 5, 6, 8, 12, 16, 17, 20]
    !! not UC: [0, 1, 2, 4, 5, 6, 8, 9, 16, 17, 18]
    !! not UC: [0, 1, 2, 4, 5, 6, 8, 12, 16, 17, 18, 20, 24]
    !! not UC: [0, 1, 2, 3, 4, 6, 8, 9, 10, 12, 16, 18, 20, 24, 28]
    !! not UC: [0, 1, 2, 3, 4, 6, 8, 10, 16, 24]
    !! not UC: [0, 1, 2, 3, 4, 5, 6, 7, 8, 10, 12, 16, 17, 18, 19, 24]
    !! not UC: [0, 1, 2, 4, 8, 9, 16, 17]
    !! not UC: [0, 1, 2, 3, 4, 5, 6, 8, 9, 10, 12, 14, 16, 17, 18, 20, 22, 24, 26, 28]
    !! not UC: [0, 1, 2, 3, 4, 5, 6, 7, 8, 16, 18, 20, 22, 24]
    !! not UC: [0, 1, 2, 3, 4, 5, 6, 8, 9, 12, 16, 17, 18, 19, 20, 21]
    !! not UC: [0, 1, 2, 4, 6, 8, 10, 12, 16, 17, 18]
    !! not UC: [0, 2, 4, 6, 16, 18]
    !! not UC: [0, 1, 2, 3, 4, 8, 12, 16, 18, 20]
    !! not UC: [0, 1, 2, 3, 4, 5, 6, 8, 9, 10, 11, 12, 16, 17, 18, 20, 24, 26, 28]
    !! not UC: [0, 1, 2, 4, 5, 6, 8, 9, 10, 12, 13, 14, 16, 17, 20, 24, 25]
    !! not UC: [0, 1, 2, 3, 4, 5, 6, 7, 8, 9, 12, 13, 16, 17, 18, 20, 21, 22, 24, 28]
    !! not UC: [0, 1, 2, 3, 4, 5, 6, 8, 10, 16, 18, 20, 22, 24]
    !! not UC: [0, 1, 2, 3, 4, 5, 6, 7, 8, 9, 10, 12, 13, 16, 17, 20, 21, 24, 25]
    !! not UC: [0, 1, 2, 3, 4, 5, 6, 7, 8, 9, 10, 11, 12, 14, 16, 17, 18, 19, 20, 21, 24, 25, 26, 28]
    !! not UC: [0, 1, 2, 3, 4, 5, 6, 8, 9, 10, 12, 16, 17, 18, 19, 20, 24, 25]
    !! not UC: [0, 1, 2, 3, 4, 5, 6, 7, 8, 9, 10, 12, 14, 16, 17, 18, 20, 22, 24, 25, 28]
    !! not UC: [0, 1, 2, 3, 16, 17]
    !! not UC: [0, 1, 2, 3, 4, 6, 8, 9, 10, 12, 14, 16, 17, 20, 24, 28]
    !! not UC: [0, 1, 2, 3, 4, 5, 6, 8, 9, 10, 11, 12, 14, 16, 17, 20, 24, 25, 28]
    !! not UC: [0, 1, 2, 4, 5, 8, 9, 12, 16, 17, 18, 20, 24]
    !! not UC: [0, 1, 2, 3, 4, 6, 8, 9, 12, 16, 18, 20, 22, 24]
    !! not UC: [0, 1, 2, 4, 6, 8, 9, 10, 12, 14, 16, 17, 24]
    !! not UC: [0, 1, 2, 3, 4, 5, 6, 8, 9, 16, 17, 24]
    !! not UC: [0, 1, 2, 3, 4, 5, 8, 9, 10, 11, 12, 16, 17, 18, 20, 24, 25, 28]
    !! not UC: [0, 1, 2, 3, 4, 5, 6, 8, 9, 10, 12, 13, 16, 17, 18, 20, 21, 24, 26]
    !! not UC: [0, 1, 2, 4, 5, 8, 9, 10, 16, 17, 20, 21, 24]
    !! not UC: [0, 1, 4, 5, 8, 16, 17, 20, 24]
    !! not UC: [0, 1, 2, 3, 4, 5, 8, 9, 12]
    !! not UC: [0, 1, 2, 3, 4, 5, 8, 10, 16, 17, 20, 21]
    !! not UC: [0, 1, 2, 3, 4, 8, 9, 10, 11, 16, 17, 18, 19, 24]
    !! not UC: [0, 1, 2, 3, 4, 5, 6, 7, 8, 9, 10, 11, 12, 13, 14, 15, 16, 17, 18, 20, 24, 26, 28]
    !! not UC: [0, 1, 2, 3, 4, 5, 6, 7, 16, 17, 18, 20, 22]
    !! not UC: [0, 1, 2, 3, 4, 5, 6, 7, 8, 9, 10, 12, 13, 16, 17, 18, 19, 20, 22, 24, 25, 26, 28]
    !! not UC: [0, 1, 2, 3, 4, 6, 8, 9, 10, 16, 17, 18]
    !! not UC: [0, 1, 2, 3, 4, 8, 9, 10, 11, 16, 17, 18, 19, 20]
    !! not UC: [0, 1, 2, 4, 5, 6, 8, 9, 10, 12, 14, 16, 17, 18, 20, 22, 24, 26, 28, 30]
    !! not UC: [0, 1, 2, 3, 4, 5, 8, 9, 12, 16, 18, 24]
    !! not UC: [0, 1, 2, 3, 4, 5, 6, 7, 8, 9, 10, 11, 12, 13, 16, 17, 18, 20, 22, 24, 25]
    !! not UC: [0, 1, 2, 3, 4, 5, 6, 7, 8, 9, 10, 11, 12, 16, 18, 20, 22, 24, 28]
    !! not UC: [0, 1, 2, 4, 5, 6, 8, 9, 12, 13, 16, 17, 18, 20, 24, 25]
    !! not UC: [0, 1, 2, 3, 4, 5, 6, 8, 10, 12, 14, 16, 17, 18, 20, 21, 22, 24, 28]
    !! not UC: [0, 1, 2, 3, 4, 5, 6, 7, 8, 9, 10, 11, 12, 16, 17, 18, 19, 20, 24, 25, 28]
    !! not UC: [0, 1, 2, 3, 4, 5, 6, 7, 8, 9, 10, 11, 12, 13, 14, 15, 16, 17, 18, 20, 21, 22, 24, 25, 26, 28, 30]
    !! not UC: [0, 1, 2, 3, 4, 5, 6, 8, 9, 10, 11, 12, 13, 14, 16, 18, 20, 24, 26]
    !! not UC: [0, 1, 2, 3, 4, 8, 16, 17, 20]
    !! not UC: [0, 1, 2, 4, 5, 8, 9, 10, 12, 16, 20]
    !! not UC: [0, 1, 2, 3, 4, 5, 6, 7, 8, 9, 10, 12, 14, 16, 17, 18]
    !! not UC: [0, 1, 2, 4, 5, 6, 8, 9, 10, 12, 14, 16, 18, 20, 22, 24, 28]
    !! not UC: [0, 2, 4, 6, 8, 12, 16, 20, 24, 28]
    !! not UC: [0, 1, 2, 4, 5, 6, 8, 9, 10, 12, 13, 14, 16, 17, 18, 20, 21, 24, 26]
    !! not UC: [0, 1, 2, 3, 4, 6, 8, 9, 10, 11, 16, 17, 18, 19, 20]
    !! not UC: [0, 1, 2, 3, 4, 5, 8, 9, 10, 12, 16, 17, 18, 19, 20, 21, 24, 26, 28]
    !! not UC: [0, 1, 2, 3, 4, 5, 6, 7, 8, 9, 10, 11, 12, 14, 16, 17, 18, 19, 20, 21, 22, 23]
    !! not UC: [0, 1, 2, 4, 5, 6, 8, 9, 10, 12, 13, 16, 17, 18, 20]
    !! not UC: [0, 1, 2, 3, 4, 5, 8, 9, 10, 12, 13, 16, 17, 18, 20, 24, 26]
    !! not UC: [0, 1, 2, 3, 4, 5, 6, 8, 9, 10, 12, 16, 17, 18, 24, 26]
    !! not UC: [0, 1, 2, 3, 4, 5, 6, 7, 8, 9, 10, 16, 18, 20, 22]
    !! not UC: [0, 1, 2, 3, 4, 5, 6, 7, 8, 9, 10, 12, 16, 17, 20, 21, 24, 25, 28]
    !! not UC: [0, 1, 2, 3, 4, 5, 6, 8, 9, 10, 11, 12, 14, 16, 17, 18, 20, 21]
    !! not UC: [0, 1, 2, 4, 8, 12, 16, 18, 24]
    !! not UC: [0, 1, 2, 3, 4, 5, 6, 7, 8, 9, 12, 16, 18, 20, 22]
    !! not UC: [0, 1, 2, 3, 4, 5, 6, 8, 9, 10, 12, 16, 17, 24, 25]
    !! not UC: [0, 1, 2, 3, 4, 5, 8, 9, 10, 12, 13, 16, 18, 24, 26]
    !! not UC: [0, 1, 2, 3, 4, 5, 6, 7, 8, 9, 10, 11, 16, 17, 18, 20, 24, 26]
    !! not UC: [0, 1, 2, 4, 5, 8, 9, 16, 17, 18, 20]
    !! not UC: [0, 1, 2, 3, 4, 5, 6, 7, 8, 9, 10, 11, 12, 13, 16, 17, 18, 19, 20, 21, 24, 25, 26, 27, 28]
    !! not UC: [0, 1, 2, 3, 4, 5, 8, 9, 10, 12, 13, 16, 17, 18, 19, 20, 21, 24, 26, 28]
    !! not UC: [0, 1, 2, 3, 4, 5, 6, 8, 9, 10, 11, 12, 16, 17, 18, 19, 20, 21, 24, 25, 26, 28]
    !! not UC: [0, 1, 2, 3, 4, 5, 6, 8, 9, 10, 11, 12, 13, 16, 17, 18, 20, 21, 22, 24, 25, 26, 28]
    !! not UC: [0, 1, 2, 3, 4, 5, 8, 9, 12, 13, 16, 17, 18, 19, 20, 21, 24, 28]
    !! not UC: [0, 1, 4, 8, 16, 24]
    !! not UC: [0, 1, 2, 4, 8, 10, 16, 17]
    !! not UC: [0, 1, 2, 3, 4, 5, 6, 7, 8, 9, 10, 11, 12, 14, 16, 17, 18, 20, 21, 24, 25, 26]
    !! not UC: [0, 1, 2, 3, 4, 5, 6, 8, 9, 10, 12, 16, 17, 18, 20, 21, 24, 26, 28]
    !! not UC: [0, 1, 2, 3, 4, 5, 6, 8, 9, 12, 13, 16, 17, 18, 20, 22, 24, 25]
    !! not UC: [0, 1, 2, 3, 4, 5, 6, 8, 9, 10, 12, 14, 16, 17, 18, 20, 21, 22, 24, 25]
    !! not UC: [0, 1, 2, 3, 4, 5, 6, 7, 8, 9, 10, 11, 12, 13, 14, 15, 16, 17, 18, 19, 20, 21, 22, 23, 24, 25, 26, 27, 28, 29]
    !! not UC: [0, 1, 2, 3, 4, 5, 6, 8, 9, 10, 11, 12, 13, 14, 16, 17, 18, 19, 20, 21, 22, 24]
    !! not UC: [0, 1, 2, 4, 5, 6, 8, 9, 12, 16, 17, 20, 24, 25, 28]
    !! not UC: [0, 1, 2, 4, 5, 6, 8, 9, 10, 12, 14, 16, 18, 20, 22]
    !! not UC: [0, 1, 2, 3, 4, 5, 6, 8, 16, 17]
    !! not UC: [0, 1, 2, 3, 4, 6, 8, 9, 10, 11, 16, 18, 20]
    !! not UC: [0, 1, 2, 4, 6, 8, 10, 16, 17, 18, 20, 22, 24, 26]
    !! not UC: [0, 1, 2, 3, 4, 6, 8, 9, 10, 11, 12, 14, 16, 18, 20, 24, 28]
    !! not UC: [0, 1, 2, 4, 5, 8, 9, 10, 12, 13, 16, 17, 18, 20, 24, 25, 26, 28]
    !! not UC: [0, 1, 2, 3, 4, 5, 6, 7, 8, 9, 10, 11, 12, 13, 14, 16, 17, 18, 19, 20]
    !! not UC: [0, 1, 2, 4, 6, 8, 9, 10, 12, 16, 17, 18, 20, 24, 25]
    !! not UC: [0, 1, 2, 4, 5, 6, 8, 10, 12, 14, 16, 17, 18, 20, 22, 24, 26]
    !! not UC: [0, 1, 2, 3, 4, 5, 6, 7, 8, 9, 12, 13, 16, 17, 18, 19, 24]
    !! not UC: [0, 1, 2, 3, 4, 5, 6, 8, 9, 10, 11, 12, 13, 14, 16, 18, 24]
    !! not UC: [0, 1, 2, 3, 4, 5, 6, 8, 9, 10, 11, 12, 13, 14, 16, 17, 18, 20, 22, 24, 25, 26, 28, 30]
    !! not UC: [0, 1, 2, 4, 5, 8, 9, 12, 16, 17, 24]
    !! not UC: [0, 1, 2, 3, 4, 8, 9, 12, 16, 17, 18, 19, 20, 24, 25]
    !! not UC: [0, 1, 2, 4, 5, 8, 9, 10, 12, 13, 16, 17, 18, 20, 21, 24, 25]
    !! not UC: [0, 1, 2, 3, 4, 5, 8, 9, 10, 16, 18, 20, 24]
    !! not UC: [0, 1, 2, 3, 4, 8, 9, 10, 11, 12, 16, 17, 20]
    !! not UC: [0, 1, 2, 3, 4, 5, 6, 8, 9, 10, 11, 12, 16, 17, 18, 24, 25, 26]
    !! not UC: [0, 1, 4, 5, 16]
    !! not UC: [0, 1, 2, 3, 4, 5, 6, 8, 9, 10, 11, 12, 13, 14, 16, 17, 18, 20, 21, 24, 25, 26]
    !! not UC: [0, 1, 2, 3, 4, 5, 6, 16, 18, 20]
    !! not UC: [0, 1, 2, 3, 4, 5, 8, 9, 10, 11, 16, 18, 20, 24, 26]
    !! not UC: [0, 1, 2, 3, 4, 5, 6, 8, 12, 16, 17, 18]
    !! not UC: [0, 1, 2, 3, 4, 6, 8, 9, 10, 11, 12, 16, 17, 18, 24, 26]
    !! not UC: [0, 1, 2, 4, 6, 8, 10, 16, 18, 24]
    !! not UC: [0, 2, 4, 6, 8, 16, 20, 24]
    !! not UC: [0, 1, 2, 3, 4, 5, 6, 7, 8, 9, 10, 11, 12, 14, 16, 17, 20, 21, 24, 25]
    !! not UC: [0, 2, 4, 8, 10, 12, 16, 18, 20, 24]
    !! not UC: [0, 1, 2, 4, 5, 6, 8, 9, 16, 24]
    !! not UC: [0, 1, 2, 3, 4, 5, 6, 8, 10, 16, 17, 18, 20, 21, 22, 24, 26]
    !! not UC: [0, 1, 2, 3, 4, 5, 6, 7, 8, 10, 16, 17, 18, 19, 20, 21, 22, 24, 26]
    !! not UC: [0, 1, 2, 4, 5, 6, 8, 9, 16, 17, 18, 20, 24, 25]
    !! not UC: [0, 1, 2, 4, 5, 16, 18, 20]
    !! not UC: [0, 1, 2, 3, 4, 5, 6, 7, 8, 9, 10, 11, 16, 17, 18, 19, 20, 22, 24, 25, 26]
    !! not UC: [0, 1, 2, 4, 8, 9, 16, 18, 20, 24]
    !! not UC: [0, 1, 2, 3, 4, 5, 6, 7, 8, 9, 10, 12, 13, 16, 18, 20, 22]
    !! not UC: [0, 1, 2, 3, 4, 5, 8, 9, 10, 12, 13, 16, 17, 18, 19, 20, 21, 24, 28]
    !! not UC: [0, 2, 4, 8, 10, 12, 16, 18]
    !! not UC: [0, 1, 2, 3, 4, 5, 6, 8, 12, 16, 17, 18, 20, 21, 22, 24, 28]
    !! not UC: [0, 1, 2, 3, 4, 5, 6, 7, 8, 12, 16, 17, 18, 19, 20, 21, 22, 24, 28]
    !! not UC: [0, 1, 2, 3, 4, 5, 6, 8, 16, 17, 18, 20, 21, 24]
    !! not UC: [0, 1, 2, 4, 5, 8, 9, 10, 12, 16, 17, 20]
    !! not UC: [0, 1, 2, 3, 4, 5, 8, 9, 10, 11, 12, 13, 16, 17, 20, 21, 24, 25, 28, 29]
    !! not UC: [0, 1, 2, 3, 4, 5, 6, 8, 9, 10, 11, 12, 13, 16, 17, 18, 20, 22, 24, 26, 28]
    !! not UC: [0, 1, 2, 4, 8, 9, 10, 12, 16, 17, 24, 25]
    !! not UC: [0, 1, 2, 4, 5, 6, 8, 9, 12, 13, 16, 17, 24]
    !! not UC: [0, 1, 2, 4, 5, 6, 8, 12, 16, 17, 20, 24, 28]
    !! not UC: [0, 1, 2, 3, 4, 5, 6, 8, 9, 10, 11, 16, 17, 24]
    !! not UC: [0, 1, 2, 3, 4, 8, 12, 16, 17, 18, 19, 24]
    !! not UC: [0, 1, 2, 3, 4, 5, 6, 7, 8, 9, 10, 11, 12, 14, 16, 17, 18, 19, 20, 21, 24, 25, 26, 27, 28]
    !! not UC: [0, 1, 2, 3, 4, 5, 6, 8, 9, 10, 11, 12, 13, 16, 17, 18, 19, 20, 21, 24, 25, 28]
    !! not UC: [0, 1, 2, 3, 4, 6, 8, 10, 12, 14, 16, 20, 24]
    !! not UC: [0, 1, 2, 3, 4, 5, 6, 8, 9, 10, 12, 13, 16, 17, 18, 20, 22]
    !! not UC: [0, 1, 2, 3, 4, 5, 6, 7, 8, 9, 12, 16, 17, 20, 24, 25, 28]
    !! not UC: [0, 1, 2, 3, 4, 5, 6, 7, 8, 9, 10, 12, 13, 16, 17, 18, 19, 20, 22]
    !! not UC: [0, 1, 2, 4, 5, 6, 8, 12, 16, 17, 18, 20]
    !! not UC: [0, 1, 2, 4, 6, 8, 9, 10, 12, 16, 17, 18, 24, 26]
    !! not UC: [0, 1, 2, 3, 4, 8, 12, 16, 17, 18, 19, 20, 24]
    !! not UC: [0, 1, 2, 3, 4, 5, 6, 7, 8, 9, 10, 12, 13, 14, 16, 17, 24]
    !! not UC: [0, 1, 2, 3, 4, 5, 8, 9, 10, 11, 12, 13, 16, 17, 18, 20, 24, 25, 26]
    !! not UC: [0, 1, 2, 3, 4, 5, 6, 7, 8, 16, 17, 18, 20, 21, 22, 24]
    !! not UC: [0, 1, 2, 4, 6, 8, 10, 12, 14, 16, 17, 18, 20, 24, 26, 28]
    !! not UC: [0, 1, 2, 3, 4, 5, 6, 7, 8, 9, 10, 11, 12, 13, 14, 15, 16, 17, 18, 20, 21, 22, 24, 26]
    !! not UC: [0, 1, 2, 3, 4, 5, 6, 7, 8, 9, 10, 12, 13, 16, 17, 18, 20, 21, 22, 24, 25, 26, 28, 29]
    !! not UC: [0, 1, 2, 3, 4, 5, 6, 8, 9, 10, 11, 12, 13, 16, 17, 18, 20, 21, 24, 25, 28]
    !! not UC: [0, 1, 2, 3, 4, 6, 8, 9, 10, 12, 16, 18, 20, 22]
    !! not UC: [0, 1, 2, 4, 5, 6, 8, 9, 10, 12, 13, 14, 16, 17, 18, 20, 22, 24, 25, 28]
    !! not UC: [0, 1, 2, 3, 4, 5, 6, 8, 9, 10, 11, 12, 13, 14, 16, 17, 18, 19, 20, 22, 24]
    !! not UC: [0, 1, 2, 3, 4, 6, 8, 9, 12, 16, 18, 20, 24, 28]
    !! not UC: [0, 1, 2, 4, 5, 6, 8, 9, 10, 12, 14, 16, 17, 18, 20, 21, 22, 24, 25, 28]
    !! not UC: [0, 1, 2, 3, 8, 9]
    !! not UC: [0, 1, 2, 3, 4, 5, 6, 8, 9, 10, 11, 12, 13, 14, 16, 17, 18, 20, 21]
    !! not UC: [0, 1, 2, 3, 4, 5, 6, 7, 8, 9, 10, 12, 16, 20, 24]
    !! not UC: [0, 1, 4, 5, 8, 9, 12, 13, 16, 17, 20, 24, 28]
    !! not UC: [0, 1, 2, 3, 4, 6, 8, 9, 16, 17, 18, 24]
    !! not UC: [0, 1, 2, 3, 4, 5, 6, 7, 8, 9, 10, 11, 12, 13, 16, 17, 18, 19, 20, 21, 24, 25, 28]
    !! not UC: [0, 1, 2, 3, 4, 5, 6, 7, 8, 9, 10, 12, 13, 16, 17, 18, 19, 20, 21, 22, 23, 24, 25, 26, 28]
    !! not UC: [0, 1, 2, 4, 6, 8, 10, 12, 16, 17, 18, 20, 24, 26, 28]
    !! not UC: [0, 1, 2, 3, 4, 5, 6, 8, 9, 10, 12, 13, 14, 16, 18, 20, 22, 24, 26, 28, 30]
    !! not UC: [0, 1, 2, 3, 4, 5, 6, 7, 8, 9, 10, 12, 16, 17, 18, 19, 20, 22, 24, 28]
    !! not UC: [0, 1, 2, 3, 4, 5, 6, 7, 8, 9, 12, 13, 16, 17, 18, 20, 21, 22, 24, 25, 28, 29]
    !! not UC: [0, 1, 2, 3, 4, 6, 8, 10, 16, 17, 18, 24, 26]
    !! not UC: [0, 1, 2, 3, 4, 6, 16]
    !! not UC: [0, 1, 2, 3, 4, 5, 6, 7, 8, 9, 10, 12, 13, 14, 16, 17, 20, 24, 25]
    !! not UC: [0, 1, 2, 3, 4, 5, 6, 7, 8, 9, 12, 16, 17, 18, 24]
    !! not UC: [0, 1, 2, 3, 4, 5, 6, 7, 8, 9]
    !! not UC: [0, 2, 4, 6, 8, 10, 16, 20]
    !! not UC: [0, 1, 2, 4, 6, 8, 16]
    !! not UC: [0, 1, 2, 3, 4, 5, 6, 7, 8, 9, 10, 12, 14, 16, 17, 18, 20, 21, 22, 24]
    !! not UC: [0, 1, 2, 3, 4, 5, 6, 7, 8, 9, 10, 11, 12, 16, 17, 18, 20, 21, 24, 25, 28]
    !! not UC: [0, 1, 2, 3, 4, 6, 8, 10, 16, 17, 18, 19, 20]
    !! not UC: [0, 1, 2, 3, 4, 8, 9, 16, 17, 24, 25]
    !! not UC: [0, 2, 4, 8, 12, 16, 18, 24]
    !! not UC: [0, 1, 2, 4, 8, 10, 12, 16, 20, 24]
    !! not UC: [0, 1, 2, 3, 4, 5, 6, 8, 10, 16, 17, 18, 20, 21]
    !! not UC: [0, 1, 2, 3, 4, 5, 6, 7, 8, 9, 10, 11, 12, 13, 16, 17, 18, 20, 24, 25, 26, 28]
    !! not UC: [0, 1, 2, 3, 4, 5, 8, 9, 10, 11, 12, 13, 16, 17, 18, 19, 20, 24, 26]
    !! not UC: [0, 1, 2, 3, 4, 5, 8, 9, 10, 12, 16, 17, 18, 19, 20, 21]
    !! not UC: [0, 1, 2, 3, 4, 5, 6, 7, 8, 10, 12, 16, 17, 18, 20]
    !! not UC: [0, 1, 4, 5, 8, 9, 16, 17, 24]
    !! not UC: [0, 1, 2, 4, 5, 6, 8, 9, 10, 12, 13, 14, 16, 17, 20, 21, 24, 25, 28, 29]
    !! not UC: [0, 1, 2, 3, 4, 5, 6, 8, 9, 10, 16, 17, 20, 21, 24]
    !! not UC: [0, 2, 4, 6, 8, 10, 12, 14, 16, 18, 20, 22]
    !! not UC: [0, 1, 2, 3, 4, 5, 6, 7, 16, 17, 18, 19, 20]
    !! not UC: [0, 1, 2, 3, 4, 8, 16, 17, 18, 19, 20]
    !! not UC: [0, 1, 2, 3, 4, 5, 6, 7, 8, 9, 10, 12, 14, 16, 18, 20, 22, 24, 26, 28, 30]
    !! not UC: [0, 1, 2, 4, 5, 6, 8, 9, 10, 12, 13, 14, 16, 17, 24]
    !! not UC: [0, 1, 2, 3, 4, 5, 6, 8, 9, 10, 11, 12, 16, 17, 18, 19, 20, 21, 24]
    !! not UC: [0, 1, 2, 3, 4, 5, 6, 8, 9, 12, 16, 17, 18, 20]
    !! not UC: [0, 1, 2, 4, 5, 6, 8, 9, 10, 12, 16, 17, 18, 20, 21, 22, 24, 28]
    !! not UC: [0, 1, 2, 3, 4, 5, 6, 8, 9, 12, 13, 16, 17, 20, 24, 25]
    !! not UC: [0, 1, 2, 3, 4, 5, 6, 7, 8, 9, 10, 11, 16, 17, 18, 19, 20, 21, 22, 23, 24, 25, 26]
    !! not UC: [0, 1, 2, 3, 4, 5, 6, 7, 8, 9, 10, 11, 12, 16, 17, 18, 19, 20, 21, 22, 24, 28]
    !! not UC: [0, 1, 2, 4, 8, 9, 10, 16, 17, 18]
    !! not UC: [0, 1, 2, 3, 4, 5, 6, 8, 10, 16, 18, 20, 22]
    !! not UC: [0, 1, 2, 3, 4, 5, 6, 7, 8, 9, 10, 11, 12, 13, 16, 20, 24, 28]
    !! not UC: [0, 1, 2, 3, 4, 5, 6, 8, 9, 10, 12, 16, 17, 18, 20, 24, 25, 28]
    !! not UC: [0, 1, 2, 3, 4, 5, 6, 8, 9, 10, 12, 14, 16, 17, 18, 19, 24, 26]
    !! not UC: [0, 1, 2, 4, 8, 9, 10, 12, 16, 17, 18, 20, 24, 25]
    !! not UC: [0, 2, 4, 8, 12, 16, 18, 20]
    !! not UC: [0, 1, 2, 4, 5, 8, 9, 10, 12, 13, 16, 18, 24, 26]
    !! not UC: [0, 1, 2, 3, 4, 6, 8, 9, 10, 11, 12, 16, 17, 18, 19, 20, 22]
    !! not UC: [0, 1, 2, 3, 4, 5, 6, 8, 10, 12, 16, 17, 18]
    !! not UC: [0, 1, 4, 5, 8, 9, 12, 16, 20]
    !! not UC: [0, 1, 2, 3, 4, 5, 6, 7, 8, 9, 10, 12, 13, 14, 16, 17, 18, 24]
    !! not UC: [0, 1, 2, 4, 5, 6, 8, 9, 12, 16, 17]
    !! not UC: [0, 1, 2, 3, 4, 5, 6, 8, 10, 12, 14, 16, 17, 18, 19, 20, 22, 24, 26, 28, 30]
    !! not UC: [0, 1, 2, 4, 6, 8, 9, 12, 16, 20]
    !! not UC: [0, 1, 2, 3, 4, 5, 6, 7, 8, 9, 10, 11, 12, 13, 14, 16, 17, 18, 20, 21, 22, 24, 26, 28, 30]
    !! not UC: [0, 2, 4, 6, 8, 10, 16, 24]
    !! not UC: [0, 1, 2, 3, 4, 5, 6, 7, 8, 9, 10, 12, 14, 16, 17, 20, 24, 25, 28]
    !! not UC: [0, 1, 2, 3, 8, 9, 10, 16, 17, 24]
    !! not UC: [0, 1, 2, 4, 5, 8, 10, 12, 16, 17, 20]
    !! not UC: [0, 1, 2, 4, 5, 6, 8, 9, 10, 12, 13, 16, 18, 20]
    !! not UC: [0, 1, 2, 4, 5, 8, 10, 16, 18, 20, 24, 26]
    !! not UC: [0, 1, 2, 4, 5, 6, 8, 10, 12, 14, 16, 18, 20, 24, 26]
    !! not UC: [0, 1, 2, 3, 4, 5, 6, 7, 8, 9, 12, 16, 17, 18, 19, 20, 21]
    !! not UC: [0, 2, 8]
    !! not UC: [0, 1, 2, 4, 8, 12]
    !! not UC: [0, 1, 2, 3, 4, 6, 8, 9, 10, 12, 14, 16, 17, 18, 20, 24, 28]
    !! not UC: [0, 1, 2, 3, 4, 5, 6, 7, 8, 10, 16, 17, 18, 19, 20]
    !! not UC: [0, 1, 2, 3, 4, 6, 8, 10, 16, 18, 20, 24, 26]
    !! not UC: [0, 1, 2, 4, 8, 9, 12]
    !! not UC: [0, 1, 2, 3, 4, 5, 6, 7, 8, 9, 10, 11, 16, 17, 18, 20, 22, 24, 25]
    !! not UC: [0, 1, 2, 3, 4, 5, 6, 8, 10, 16, 17, 20, 24]
    !! not UC: [0, 1, 2, 4, 5, 6, 8, 12, 16, 18, 24]
    !! not UC: [0, 1, 2, 3, 4, 6, 8, 9, 12, 16, 17, 20, 24]
    !! not UC: [0, 1, 2, 3, 4, 6, 8, 9, 16, 18, 24]
    !! not UC: [0, 1, 2, 3, 4, 5, 6, 7, 8, 9, 12, 13, 16, 17, 20, 21, 24, 25, 28]
    !! not UC: [0, 1, 2, 3, 4, 5, 6, 7, 8, 9, 10, 11, 12, 13, 16, 17, 18, 20, 24, 25, 26]
    !! not UC: [0, 1, 2, 3, 4, 6, 8, 10, 12, 14, 16, 17, 20, 24, 28]
    !! not UC: [0, 1, 2, 3, 4, 5, 6, 8, 9, 10, 12, 14, 16, 17, 18, 20]
    !! not UC: [0, 1, 2, 4, 8]
    !! not UC: [0, 1, 2, 3, 8, 9, 10, 11, 16, 17, 18, 19, 24]
    !! not UC: [0, 1, 2, 3, 4, 5, 6, 7, 8, 9, 10, 11, 12, 13, 14, 15, 16, 17, 18, 20, 21, 24]
    !! not UC: [0, 1, 2, 3, 4, 5, 6, 8, 10, 12, 16, 17, 18, 19, 20, 22, 24, 26, 28]
    !! not UC: [0, 1, 2, 3, 4, 5, 6, 7, 8, 12, 16, 17, 20, 24, 28]
    !! not UC: [0, 1, 2, 3, 4, 5, 6, 8, 9, 12, 13, 16, 17, 18, 19, 20, 21, 22, 24, 28]
    !! not UC: [0, 1, 2, 4, 5, 6, 8, 9, 10, 12, 13, 16, 17]
    !! not UC: [0, 1, 2, 3, 4, 5, 6, 7, 8, 9, 10, 11, 12, 13, 14, 15, 16, 17, 18, 20, 22, 24, 28]
    !! not UC: [0, 1, 2, 3, 4, 5, 6, 8, 10, 12, 16, 17, 18, 20, 22, 24]
    !! not UC: [0, 1, 2, 4, 5, 8, 9, 12, 16, 17, 18, 20]
    !! not UC: [0, 1, 2, 3, 4, 5, 6, 8, 9, 10, 12, 14, 16, 17, 18, 20, 21, 22, 24, 25, 28]
    !! not UC: [0, 1, 2, 3, 4, 5, 6, 7, 8, 9, 10, 11, 12, 13, 16, 17, 18, 19, 24, 25]
    !! not UC: [0, 1, 2, 3, 4, 8, 16, 17, 20, 24]
    !! not UC: [0, 1, 2, 3, 4, 6, 8, 9, 10, 12, 16, 17, 18, 19, 20, 22, 24, 25, 26, 28]
    !! not UC: [0, 1, 2, 3, 4, 5, 6, 8, 9, 10, 12, 14, 16, 18, 20, 24, 28]
    !! not UC: [0, 1, 2, 3, 4, 5, 6, 7, 8, 9, 10, 11, 12, 16, 17, 24]
    !! not UC: [0, 1, 2, 3, 4, 5, 6, 8, 10, 12, 14, 16, 18, 24, 26]
    !! not UC: [0, 1, 2, 4, 5, 6, 8, 9, 16, 17, 18, 20, 21, 22, 24]
    !! not UC: [0, 1, 2, 3, 4, 5, 8, 10, 12, 16, 17]
    !! not UC: [0, 1, 2, 3, 4, 5, 6, 8, 9, 10, 12, 13, 14, 16, 17, 18, 20, 24, 25, 26]
    !! not UC: [0, 1, 2, 3, 4, 5, 8, 9, 10, 11, 12, 16, 17, 18, 20, 21, 24]
    !! not UC: [0, 1, 2, 3, 4, 5, 6, 8, 9, 10, 11, 12, 14, 16, 17, 18, 20]
    !! not UC: [0, 1, 2, 3, 4, 5, 6, 7, 8, 9, 10, 11, 12, 14, 16, 17, 18, 19, 20]
    !! not UC: [0, 1, 2, 4, 5, 6, 8, 12, 16, 18, 20]
    !! not UC: [0, 1, 2, 3, 4, 6, 8, 9, 10, 11, 16, 17, 18, 20, 24, 25]
    !! not UC: [0, 1, 2, 3, 4, 8, 9, 10, 11, 12, 16, 17, 18, 19, 20, 24, 25, 26]
    !! not UC: [0, 1, 2, 4, 5, 6, 8, 10, 12, 14, 16, 17, 18, 20, 22]
    !! not UC: [0, 1, 2, 3, 4, 6, 8, 9, 10, 11, 12, 16, 17, 18, 19, 20, 24, 25, 26, 28]
    !! not UC: [0, 1, 2, 3, 4, 5, 6, 7, 8, 9, 10, 16, 17, 18, 20, 22]
    !! not UC: [0, 1, 2, 3, 4, 5, 8, 9, 10, 11, 16, 17, 18, 19, 24, 26]
    !! not UC: [0, 1, 2, 3, 4, 6, 8, 10, 12, 14, 16, 20]
    !! not UC: [0, 1, 2, 3, 4, 5, 6, 8, 9, 10, 11, 12, 14, 16, 17, 18, 19, 20, 22, 24, 26, 28, 30]
    !! not UC: [0, 1, 2, 4, 5, 8, 9, 10, 12, 16, 18, 24]
    !! not UC: [0, 1, 2, 3, 4, 5, 8, 9, 10, 12, 16, 17, 20, 21, 24, 28]
    !! not UC: [0, 1, 2, 3, 4, 8, 9, 10, 16, 17, 18, 24, 26]
    !! not UC: [0, 1, 2, 3, 4, 8, 9, 10, 11, 12, 16, 17, 24]
    !! not UC: [0, 1, 2, 3, 4, 5, 6, 7, 8, 9, 10, 12, 14, 16]
    !! not UC: [0, 1, 2, 3, 4, 5, 6, 7, 8, 9, 10, 11, 12, 13]
    !! not UC: [0, 1, 2, 3, 4, 5, 6, 7, 8, 9, 10, 11, 12, 13, 14, 15, 16, 17, 18, 19, 20, 21, 24, 25, 28]
    !! not UC: [0, 1, 2, 4, 6, 8, 10, 12, 14, 16, 17, 18, 20, 22, 24, 26, 28, 30]
    !! not UC: [0, 1, 2, 3, 4, 5, 6, 8, 9, 10, 12, 16, 17, 18, 19, 20, 22, 24, 26]
    !! not UC: [0, 1, 2, 4, 6, 8, 10, 16, 17, 20]
    !! not UC: [0, 1, 2, 3, 4, 5, 6, 8, 9, 10, 11, 12, 16, 17, 18, 20, 24, 26]
    !! not UC: [0, 1, 2, 3, 4, 5, 6, 8, 9, 10, 11, 12, 16, 17, 18, 20]
    !! not UC: [0, 1, 2, 4, 5, 6, 8, 9, 10, 16, 17, 18, 20, 21, 22, 24, 25, 26]
    !! not UC: [0, 1, 2, 4, 5, 6, 8, 9, 10, 16, 17, 18, 20, 21, 22, 24, 25]
    !! not UC: [0, 1, 2, 3, 4, 6, 8, 10, 16, 17, 18, 20, 24, 26]
    !! not UC: [0, 1, 2, 3, 4, 5, 6, 8, 10, 12, 14, 16, 17, 18, 19, 20, 21, 24, 26]
    !! not UC: [0, 1, 2, 3, 4, 5, 8, 9, 10, 11, 12, 16, 17, 18, 19, 20, 21, 24, 25, 26, 27, 28]
    !! not UC: [0, 1, 2, 3, 4, 5, 6, 8, 9, 12, 13, 16, 17, 18, 19, 24]
    !! not UC: [0, 1, 2, 3, 4, 5, 6, 7, 8, 9, 10, 12, 16, 17, 24]
    !! not UC: [0, 1, 2, 3, 4, 5, 6, 7, 8, 9, 10, 11, 12, 13, 16, 17, 18, 20, 24]
    !! not UC: [0, 1, 2, 4, 5, 8, 10, 16, 18, 24, 26]
    !! not UC: [0, 1, 2, 3, 4, 6, 8, 9, 10, 11, 12, 14, 16, 18, 20, 22, 24]
    !! not UC: [0, 1, 2, 3, 4, 8, 10, 12, 16, 24]
    !! not UC: [0, 1, 2, 3, 4, 5, 6, 7, 8, 9, 10, 11, 12, 13, 16, 18, 20, 24, 28]
    !! not UC: [0, 1, 2, 3, 4, 5, 8, 9, 10, 11, 12, 16, 17, 20, 24, 25]
    !! not UC: [0, 1, 2, 3, 4, 5, 6, 7, 8, 9, 10, 11, 12, 13, 14, 15, 16, 17, 20, 21]
    !! not UC: [0, 1, 2, 3, 4, 5, 6, 8, 9, 10, 12, 16, 17, 18, 20, 22, 24]
    !! not UC: [0, 1, 2, 3, 4, 5, 6, 7, 8, 9, 10, 12, 16, 17, 18, 19, 20, 22, 24]
    !! not UC: [0, 1, 2, 3, 4, 5, 6, 7, 8, 9, 10, 11, 12, 13, 16, 17, 18, 20, 21, 22, 24, 25, 28, 29]
    !! not UC: [0, 1, 4, 8, 16, 20]
    !! not UC: [0, 1, 2, 4, 5, 6, 8, 9, 10, 12, 13, 14, 16, 18, 20, 22, 24, 26, 28]
    !! not UC: [0, 1, 2, 3, 4, 5, 6, 7, 8, 9, 10, 11, 12, 13, 14, 15, 16, 20, 24, 28]
    !! not UC: [0, 1, 2, 4, 6, 8, 9, 10, 12, 16, 18, 20, 22, 24]
    !! not UC: [0, 1, 2, 4, 5, 8, 9, 12, 16, 17, 18, 20, 24, 25, 28]
    !! not UC: [0, 1, 2, 4, 5, 8, 9, 16, 17, 18, 24]
    !! not UC: [0, 1, 2, 3, 4, 5, 6, 8, 9, 10, 11, 12, 13, 16, 17, 18, 19, 20, 21, 22, 24, 25, 28, 29]
    !! not UC: [0, 1, 2, 3, 4, 5, 6, 8, 9, 10, 11, 12, 16, 17, 18, 19, 20, 22, 24, 25, 26, 28]
    !! not UC: [0, 1, 2, 3, 4, 5, 6, 7, 8, 10, 16, 17, 18, 19, 20, 21, 22]
    !! not UC: [0, 1, 2, 3, 4, 5, 6, 7, 8, 9, 10, 11, 12, 13, 14, 16, 17, 18, 19, 20, 21, 22, 24, 25, 28]
    !! not UC: [0, 2, 4, 6, 8, 10, 12]
    !! not UC: [0, 1, 2, 3, 4, 5, 6, 8, 9, 10, 11, 12, 16, 17, 18, 19, 20, 22, 24]
    !! not UC: [0, 1, 2, 3, 4, 5, 6, 7, 8, 9, 10, 11, 12, 14, 16, 17, 18, 20, 24]
    !! not UC: [0, 1, 2, 3, 4, 5, 6, 7, 8, 9, 10, 11, 12, 14, 16, 17, 18, 20, 21, 22, 24, 26]
    !! not UC: [0, 1, 2, 3, 4, 8, 10, 12, 16, 17, 18, 20, 24]
    !! not UC: [0, 1, 2, 3, 4, 6, 8, 10, 12, 16, 18, 20, 22, 24, 28]
    !! not UC: [0, 1, 2, 4, 5, 8, 9, 16, 17, 18, 24, 25]
    !! not UC: [0, 1, 2, 4, 5, 6, 8, 9, 10, 12, 16, 17, 18, 20, 22, 24, 26]
    !! not UC: [0, 1, 2, 4, 5, 8, 10, 12, 16, 17]
    !! not UC: [0, 1, 2, 3, 4, 6, 8, 9, 16, 18, 20, 22]
    !! not UC: [0, 1, 2, 3, 4, 5, 6, 8, 9, 10, 11, 12, 13, 14, 16, 17, 18, 20, 24, 26]
    !! not UC: [0, 1, 2, 3, 4, 5, 6, 8, 9, 10, 11, 16, 17, 18, 19, 20, 24, 26]
    !! not UC: [0, 1, 2, 3, 4, 6, 8, 9, 12, 16, 17, 18, 24]
    !! not UC: [0, 1, 2, 3, 4, 5, 8, 9, 10, 12, 13, 16, 17, 18, 20, 21, 24, 25, 28]
    !! not UC: [0, 1, 2, 3, 4, 6, 8, 9, 10, 11, 16, 18, 24, 26]
    !! not UC: [0, 1, 2, 3, 4, 5, 6, 7, 8, 9, 10, 16, 17, 18, 19, 20, 24, 25]
    !! not UC: [0, 1, 2, 3, 4, 5, 6, 7, 8, 9, 10, 12, 13, 14, 16, 17, 18, 20, 24, 25]
    !! not UC: [0, 1, 2, 3, 4, 8, 9, 10, 11, 16, 17, 18, 19, 20, 24, 25, 26, 27]
    !! not UC: [0, 1, 2, 4, 5, 6, 8, 9, 10, 12, 16, 17, 20, 24]
    !! not UC: [0, 1, 2, 3, 4, 5, 6, 8, 9, 16, 17, 18, 20, 22, 24]
    !! not UC: [0, 1, 2, 4, 5, 6, 8, 9, 10, 16, 20]
    !! not UC: [0, 1, 2, 3, 4, 6, 8, 9, 10, 12, 16, 17, 18, 24]
    !! not UC: [0, 1, 2, 3, 4, 5, 8, 9, 12, 13, 16, 18, 20]
    !! not UC: [0, 1, 2, 3, 4, 6, 8, 9, 10, 11, 12, 16, 18, 20, 24, 26]
    !! not UC: [0, 1, 2, 3, 4, 5, 6, 8, 9, 10, 11, 12, 16, 17, 18, 19, 20, 21, 24, 25, 26]
    !! not UC: [0, 1, 2, 3, 4, 5, 8, 9, 10, 11, 12, 13, 16, 17, 18, 19, 24, 25]
    !! not UC: [0, 1, 2, 4, 8, 10, 16, 17, 18, 20, 24, 26]
    !! not UC: [0, 1, 2, 3, 4, 5, 6, 7, 8, 9, 10, 11, 12, 13, 14, 15, 16, 17, 18, 19, 20]
    !! not UC: [0, 1, 2, 8, 9]
    !! not UC: [0, 1, 2, 4, 5, 6, 8, 10, 16, 17, 18, 20, 21, 24]
    !! not UC: [0, 1, 2, 3, 4, 5, 6, 7, 8, 9, 10, 11, 12, 13, 14, 16, 17, 18, 19, 20, 21, 22, 23, 24, 25, 26, 27, 28]
    !! not UC: [0, 1, 2, 3, 4, 5, 8, 9, 10, 11, 16, 17, 20, 21, 24]
    !! not UC: [0, 1, 2, 3, 4, 5, 6, 7, 8, 10, 12, 16, 17, 18, 19, 20, 21, 22, 23, 24, 26, 28]
    !! not UC: [0, 1, 2, 3, 4, 5, 6, 8, 9, 10, 11, 12, 13, 14]
    !! not UC: [0, 1, 2, 3, 4, 6, 8, 9, 10, 16, 18]
    !! not UC: [0, 1, 2, 4, 5, 6, 8, 9, 12, 16, 17, 18, 20, 24, 28]
    !! not UC: [0, 1, 2, 3, 4, 6, 8, 10, 12, 16, 18, 20, 24]
    !! not UC: [0, 1, 2, 3, 4, 5, 6, 8, 9, 12, 16, 20]
    !! not UC: [0, 1, 2, 3, 4, 8, 12, 16, 17, 18, 19, 20]
    !! not UC: [0, 1, 2, 4, 5, 6, 8, 9, 10, 12, 13, 14, 16, 17, 20, 21, 24, 25]
    !! not UC: [0, 1, 2, 3, 4, 5, 6, 7, 8, 9, 12, 13, 16, 17, 18, 20, 22, 24, 25, 28]
    !! not UC: [0, 1, 2, 3, 4, 5, 6, 8, 9, 10, 11, 12, 14, 16, 18, 20, 24]
    !! not UC: [0, 1, 2, 3, 4, 6, 8, 9, 10, 11, 16, 17, 24, 25]
    !! not UC: [0, 1, 2, 4, 5, 6, 8, 10, 12, 16, 17, 18, 20, 22, 24, 26, 28]
    !! not UC: [0, 1, 2, 3, 4, 5, 6, 7, 8, 9, 10, 12, 14, 16, 17, 18, 19, 20, 21, 24]
    !! not UC: [0, 2, 4, 6, 8, 10, 12, 16, 18, 20, 24, 26]
    !! not UC: [0, 1, 2, 3, 4, 8, 10, 16, 17, 18, 20]
    !! not UC: [0, 1, 2, 3, 4, 5, 6, 7, 8, 9, 10, 11, 12, 13, 14, 16, 17, 18, 19, 20, 21, 22, 24, 28]
    !! not UC: [0, 1, 4, 5, 8, 16, 17, 24]
    !! not UC: [0, 1, 2, 3, 4, 5, 6, 8, 9, 10, 12, 13, 16, 17, 18, 20, 24, 25, 26]
    !! not UC: [0, 1, 2, 4, 5, 6, 8, 16, 17, 20, 21]
    !! not UC: [0, 1, 2, 3, 4, 6, 8, 9, 10, 11, 12, 14, 16, 17, 18, 20, 24, 28]
    !! not UC: [0, 1, 2, 3, 4, 5, 6, 7, 8, 9, 12, 13, 16, 17, 18, 20, 21, 22, 24, 25, 28]
    !! not UC: [0, 1, 2, 3, 4, 5, 6, 7, 8, 9, 12, 13]
    !! not UC: [0, 1, 2, 4, 5, 16, 17]
    !! not UC: [0, 1, 2, 3, 4, 5, 6, 7, 8, 9, 10, 12, 16, 17, 18, 20, 24, 25]
    !! not UC: [0, 1, 2, 3, 4, 5, 6, 7, 8, 12, 16, 17, 18, 19, 20, 21, 22, 23]
    !! not UC: [0, 1, 2, 3, 4, 5, 8, 9, 10, 12, 13, 16, 17, 18, 24, 26]
    !! not UC: [0, 1, 2, 3, 4, 8, 9, 10, 11, 16, 17, 18, 19, 24, 25, 26, 27]
    !! not UC: [0, 1, 2, 3, 4, 5, 6, 7, 8, 9, 10, 11, 12, 14, 16, 17, 18, 20, 21, 24, 26]
    !! not UC: [0, 1, 2, 3, 4, 5, 6, 8, 9, 10, 11, 12, 14, 16, 17, 24]
    !! not UC: [0, 1, 2, 4, 5, 6, 8, 9, 10, 12, 13, 14, 16, 17, 18]
    !! not UC: [0, 1, 2, 3, 4, 5, 6, 7, 8, 9, 10, 12, 16, 18, 20, 24, 28]
    !! not UC: [0, 1, 2, 3, 4, 5, 6, 8, 9, 10, 11, 12, 13, 16, 17, 18, 20, 21, 22, 24, 28]
    !! not UC: [0, 1, 2, 3, 4, 5, 6, 7, 8, 10, 16, 17, 18, 19, 20, 24]
    !! not UC: [0, 1, 2, 3, 4, 5, 6, 7, 8, 9, 10, 12, 16, 17, 18, 20]
    !! not UC: [0, 1, 2, 4, 8, 9, 10, 12, 16, 17, 18, 24]
    !! not UC: [0, 1, 2, 4, 5, 6, 8, 9, 10, 16, 17, 18, 20, 21, 24, 25, 26]
    !! not UC: [0, 1, 2, 3, 4, 5, 8, 9, 12, 16, 17, 20]
    !! not UC: [0, 1, 2, 3, 4, 6, 8, 10, 12, 14, 16, 20, 24, 28]
    !! not UC: [0, 2, 4, 8, 12, 16, 20, 24]
    !! not UC: [0, 1, 2, 3, 4, 5, 8, 9, 10, 12, 16, 17, 18, 19, 20, 24, 25, 26, 28]
    !! not UC: [0, 1, 2, 3, 4, 5, 6, 7, 8, 9, 10, 11, 12, 13, 16, 17, 18, 20, 22, 24, 25, 26, 28]
    !! not UC: [0, 2, 4, 6, 8, 10, 16, 18, 20, 24]
    !! not UC: [0, 1, 2, 3, 4, 8, 9, 10, 11, 16, 18, 20, 24, 26]
    !! not UC: [0, 1, 2, 4, 5, 8, 9, 10, 12, 16, 17, 20, 21, 24, 25, 28]
    !! not UC: [0, 2, 4, 6, 8, 12, 16, 18, 20, 22, 24]
    !! not UC: [0, 1, 2, 4, 16, 20]
    !! not UC: [0, 1, 2, 3, 4, 5, 6, 8, 9, 10, 11, 12, 13, 14, 16, 17, 18, 20, 21, 24, 26]
    !! not UC: [0, 1, 2, 3, 4, 5, 6, 7, 8, 9, 10, 11, 12, 13, 14, 16, 17, 18, 20, 24]
    !! not UC: [0, 1, 2, 3, 4, 6, 8, 9, 10, 12, 16, 18]
    !! not UC: [0, 1, 2, 3, 4, 5, 6, 7, 8, 9, 10, 12, 13, 14, 16, 17, 18, 20, 21, 22, 24, 25, 26, 28, 30]
    !! not UC: [0, 1, 2, 3, 4, 5, 6, 8, 9, 10, 11, 16, 17, 18, 19, 20, 21, 24, 26]
    !! not UC: [0, 1, 2, 3, 4, 5, 6, 7, 8, 9, 10, 11, 12, 14, 16, 18, 20, 24, 28]
    !! not UC: [0, 1, 2, 4, 5, 8, 9, 10, 16, 17, 18, 20, 21]
    !! not UC: [0, 1, 2, 3, 4, 5, 6, 8, 9, 10, 11, 12, 13, 16, 18, 20, 22, 24, 26]
    !! not UC: [0, 1, 2, 3, 4, 6, 16, 17]
    !! not UC: [0, 1, 2, 3, 4, 5, 6, 8, 9, 10, 12, 13, 14, 16, 17, 18, 20, 21, 24, 25, 26, 28, 29]
    !! not UC: [0, 1, 2, 3, 4, 5, 6, 8, 9, 12, 13, 16, 17, 18, 20, 21, 22, 24]
    !! not UC: [0, 1, 2, 3, 4, 5, 8, 9, 10, 11, 16, 17, 18, 20]
    !! not UC: [0, 1, 2, 4, 5, 8, 9, 10, 16, 17, 18, 24, 25]
    !! not UC: [0, 1, 2, 4, 5, 6, 8, 9, 12, 13, 16, 17, 20, 24, 28]
    !! not UC: [0, 1, 2, 3, 4, 6, 8, 9, 10, 11]
    !! not UC: [0, 1, 2, 3, 4, 5, 6, 8, 9, 10, 11, 12, 13, 16, 17, 18, 20, 22, 24, 25, 26, 28]
    !! not UC: [0, 1, 2, 3, 4, 6, 8, 9, 10, 16, 18, 20, 22]
    !! not UC: [0, 1, 2, 4, 6]
    !! not UC: [0, 1, 2, 3, 4, 5, 6, 7, 8, 10, 16, 18]
    !! not UC: [0, 1, 2, 4, 6, 8, 10, 12, 14]
    !! not UC: [0, 1, 2, 3, 4, 5, 6, 7, 8, 10, 12, 14, 16, 17, 20, 21, 24, 28]
    !! not UC: [0, 1, 2, 3, 4, 5, 6, 7, 8, 9, 16, 17, 18, 19, 20, 22, 24]
    !! not UC: [0, 1, 2, 3, 4, 5, 6, 8, 9, 12, 13, 16, 17, 20, 24, 28]
    !! not UC: [0, 1, 2, 3, 4, 5, 8, 9, 10, 12, 16, 17, 18, 20, 24, 25, 28]
    !! not UC: [0, 1, 2, 3, 4, 5, 6, 8, 9, 10, 11, 12, 13, 14, 16, 17, 18, 19, 20, 21, 22, 24, 25, 26, 27]
    !! not UC: [0, 1, 2, 3, 4, 5, 8, 10, 12, 16, 17, 20, 24, 28]
    !! not UC: [0, 1, 2, 4, 6, 8, 9, 10, 16, 17, 18, 24, 26]
    !! not UC: [0, 1, 2, 3, 4, 6, 8, 9, 10, 12, 14, 16, 18]
    !! not UC: [0, 1, 2, 3, 4, 5, 6, 7, 8, 10, 12, 14, 16, 17, 18, 20, 22, 24, 26]
    !! not UC: [0, 1, 2, 4, 5, 6, 8, 9, 10, 12, 16, 17, 18, 20, 21]
    !! not UC: [0, 1, 2, 4, 6, 8, 9, 10, 12, 16, 17, 18, 20, 24, 25, 28]
    !! not UC: [0, 1, 2, 4, 5, 6, 8, 9, 10, 12, 13, 14, 16, 24]
    !! not UC: [0, 1, 2, 3, 4, 6, 8, 9, 10, 12, 14, 16, 17, 18, 20, 22, 24]
    !! not UC: [0, 1, 2, 3, 4, 5, 6, 8, 9, 10, 12, 14, 16, 17, 18, 20, 22, 24, 26]
    !! not UC: [0, 1, 2, 3, 4, 5, 6, 7, 8, 9, 10, 11, 12, 13, 14, 16, 17, 18, 19, 20, 24]
    !! not UC: [0, 1, 2, 3, 4, 8, 9, 10, 12, 16, 24]
    !! not UC: [0, 1, 2, 4, 5, 6, 8, 9, 12, 13, 16, 17, 24, 25]
    !! not UC: [0, 1, 2, 3, 4, 5, 6, 7, 8, 9, 10, 12, 13, 16, 17, 18, 20, 24, 28]
    !! not UC: [0, 1, 2, 3, 4, 5, 6, 7, 8, 9, 10, 11, 12, 14, 16, 17, 18, 20, 22, 24, 28]
    !! not UC: [0, 1, 2, 3, 4, 5, 8, 9, 16, 18, 20, 24]
    !! not UC: [0, 1, 2, 3, 4, 5, 6, 8, 9, 12, 16, 17, 18, 20, 24, 28]
    !! not UC: [0, 1, 2, 3, 4, 5, 6, 8, 10, 12, 14, 16, 17, 18, 20]
    !! not UC: [0, 1, 2, 3, 4, 6, 8, 9, 10, 11, 12, 14, 16, 17, 18, 19, 20, 22, 24, 25, 26, 28]
    !! not UC: [0, 1, 2, 3, 4, 5, 8, 9, 10, 12, 13, 16, 17, 18, 19, 20, 24, 25, 28]
    !! not UC: [0, 1, 2, 3, 4, 8, 10, 12, 16, 17, 18, 19, 20]
    !! not UC: [0, 1, 2, 3, 4, 6, 8, 10, 12, 14, 16, 17, 18, 20]
    !! not UC: [0, 1, 2, 4, 6, 8, 9, 10, 12, 16, 17, 18, 20, 24]
    !! not UC: [0, 1, 2, 4, 5, 6, 8, 9, 12, 16, 17, 24, 25]
    !! not UC: [0, 1, 2, 3, 4, 5, 6, 8, 9, 10, 12, 14, 16, 17, 18, 19, 20, 21, 22, 24, 28]
    !! not UC: [0, 1, 2, 3, 4, 5, 6, 7, 8, 9, 10, 11, 16, 17, 18, 19, 20, 24, 25, 26, 27]
    !! not UC: [0, 1, 2, 3, 4, 5, 6, 8, 9, 10, 11, 12, 14, 16, 17, 18, 20, 21, 24, 25, 28]
    !! not UC: [0, 1, 2, 3, 4, 5, 6, 7, 8, 9, 10, 12, 13, 16, 17, 18, 20]
    !! not UC: [0, 1, 2, 4, 5, 6, 8, 10, 12, 16, 17, 18, 20, 21, 24, 28]
    !! not UC: [0, 1, 2, 3, 4, 5, 6, 8, 9, 10, 12, 16, 17, 20, 24, 25]
    !! not UC: [0, 1, 2, 3, 4, 5, 6, 7, 8, 9, 10, 11, 12, 13, 16, 17, 18, 19, 20, 22]
    !! not UC: [0, 1, 2, 3, 4, 5, 6, 8, 9, 10, 12, 16, 17, 18, 19, 20, 21, 22, 24, 25, 26, 28]
    !! not UC: [0, 1, 2, 3, 8, 9, 10, 16, 17, 18, 24]
    !! not UC: [0, 1, 2, 3, 4, 5, 6, 7, 8, 9, 10, 11, 12, 13, 16, 17, 18, 19, 20, 22, 24, 28]
    !! not UC: [0, 1, 2, 3, 4, 5, 8, 9, 12, 13, 16, 17, 18, 20, 24]
    !! not UC: [0, 1, 2, 3, 4, 5, 6, 8, 9, 10, 12, 14, 16, 17, 18, 19, 20, 22, 24, 28]
    !! not UC: [0, 1, 4, 5, 8, 9, 12, 13, 16]
    !! not UC: [0, 1, 2, 4, 5, 6, 8, 9, 10, 12, 13, 16, 17, 18, 20, 22, 24, 28]
    !! not UC: [0, 1, 2, 3, 4, 5, 8, 9, 10, 11, 12, 16, 17, 18, 19, 20, 21, 24, 25]
    !! not UC: [0, 1, 2, 4, 8, 9, 10, 12, 16, 18]
    !! not UC: [0, 1, 2, 4, 5, 8, 9, 10, 12, 16, 17, 18, 20, 21, 24, 25, 26, 28]
    !! not UC: [0, 1, 2, 3, 4, 5, 6, 8, 9, 10, 11, 12, 16, 17, 18, 19, 20, 24, 25, 26, 27]
    !! not UC: [0, 1, 2, 3, 4, 5, 6, 8, 9, 10, 12, 13, 16, 17, 18, 20, 21, 22]
    !! not UC: [0, 1, 2, 3, 4, 5, 6, 8, 9, 10, 16, 17, 18, 20, 21, 24, 25, 26]
    !! not UC: [0, 1, 2, 3, 4, 5, 6, 7, 8, 9, 10, 11, 12, 13, 14, 16, 17, 18, 19, 20, 24, 25, 26, 28]
    !! not UC: [0, 1, 2, 3, 4, 5, 6, 7, 8, 16, 17, 18, 19, 20]
    !! not UC: [0, 1, 2, 4, 5, 6, 8, 10, 12, 14, 16, 17, 18, 20, 21, 22, 24, 26, 28, 30]
    !! not UC: [0, 1, 2, 8, 10, 16, 17, 18, 24, 26]
    !! not UC: [0, 1, 2, 3, 4, 5, 6, 8, 9, 10, 12, 13, 16, 17, 18, 20, 24, 26, 28]
    !! not UC: [0, 1, 2, 3, 4, 5, 8, 9, 12, 16, 17, 18, 20, 24, 25]
    !! not UC: [0, 1, 2, 3, 4, 5, 6, 7, 8, 9, 10, 11, 12, 16, 17, 18, 19, 20, 21, 22, 24, 26]
    !! not UC: [0, 1, 2, 4, 6, 8, 10, 16, 17]
    !! not UC: [0, 1, 2, 4, 5, 8, 9, 10, 12, 13, 16, 17, 18, 20, 21, 24, 28]
    !! not UC: [0, 1, 2, 3, 4, 8, 9, 12, 16, 17, 18, 19, 20, 24, 28]
    !! not UC: [0, 2, 4, 6, 8, 16, 18, 20]
    !! not UC: [0, 1, 2, 4, 5, 6, 8, 9, 10, 12, 14, 16, 17, 20]
    !! not UC: [0, 1, 2, 3, 4, 5, 6, 7, 8, 9, 12, 13, 16, 17, 18, 19, 20, 21, 22, 24, 25, 28, 29]
    !! not UC: [0, 1, 2, 3, 4, 5, 6, 7, 8, 9, 12, 16, 17, 20, 21]
    !! not UC: [0, 1, 2, 4, 5, 6, 8, 9, 10, 12, 13, 16, 17, 18, 20, 21, 24, 25, 28]
    !! not UC: [0, 1, 2, 3, 4, 5, 6, 7, 8, 12, 16, 18, 20, 24, 28]
    !! not UC: [0, 1, 2, 3, 4, 5, 8, 9, 10, 16, 20]
    !! not UC: [0, 1, 2, 3, 8, 16, 18, 24]
    !! not UC: [0, 1, 2, 3, 4, 5, 8, 10, 16, 17, 18, 19, 20, 24, 26]
    !! not UC: [0, 1, 2, 4, 6, 8, 9, 12, 16, 17, 18, 20, 22]
    !! not UC: [0, 1, 2, 3, 4, 5, 6, 7, 8, 9, 10, 11, 12, 13, 16, 17, 18, 20, 22, 24, 25, 28]
    !! not UC: [0, 1, 2, 3, 4, 5, 8, 9, 10, 12, 13, 16, 17, 18, 19, 20, 21, 24, 25]
    !! not UC: [0, 1, 2, 3, 4, 5, 6, 7, 8, 9, 10, 11, 12, 14, 16, 17, 18, 19, 20, 24, 26]
    !! not UC: [0, 1, 2, 3, 4, 5, 6, 8, 9, 10, 11, 12, 13, 14, 16, 17, 18, 19, 20, 21, 22, 24, 25, 26, 28, 30]
    !! not UC: [0, 1, 2, 3, 4, 5, 6, 8, 9, 10, 12, 13, 14, 16, 17, 18, 20, 21, 22, 24, 26, 28, 30]
    !! not UC: [0, 1, 2, 3, 4, 5, 6, 7, 8, 9, 10, 11, 12, 13, 16, 17, 18, 20, 21, 22, 24, 25, 28]
    !! not UC: [0, 1, 4, 8, 9, 16, 17, 20, 24]
    !! not UC: [0, 1, 2, 3, 4, 5, 6, 8, 9, 10, 11, 12, 16, 17, 18, 20, 21, 24, 25, 28]
    !! not UC: [0, 1, 2, 3, 4, 5, 6, 8, 9, 10, 11, 12, 13, 14, 16, 17, 18, 19, 24, 25, 26, 27]
    !! not UC: [0, 1, 2, 3, 4, 5, 6, 7, 8, 9, 10, 12, 13, 16, 17, 18, 20, 21, 24, 26, 28]
    !! not UC: [0, 1, 2, 3, 4, 8, 10, 12, 16, 18, 20, 24, 26]
    !! not UC: [0, 1, 2, 3, 4, 5, 6, 8, 9, 10, 12, 13, 14, 16, 17, 18, 20, 21, 24, 26, 28]
    !! not UC: [0, 1, 2, 3, 4, 5, 6, 7, 8, 9, 10, 11, 12, 13, 16, 17, 18, 19, 24, 25, 26, 27]
    !! not UC: [0, 1, 2, 3, 4, 5, 8, 16, 24]
    !! not UC: [0, 1, 2, 3, 4, 5, 8, 9, 10, 12, 13, 16, 17, 18, 20, 21, 24, 25]
    !! not UC: [0, 1, 2, 3, 4, 5, 8, 9, 10, 12, 13, 16, 17, 18, 19, 20, 24]
    !! not UC: [0, 1, 2, 3, 4, 5, 6, 8, 9, 10, 11, 12, 13, 16, 17, 20, 24, 25]
    !! not UC: [0, 1, 2, 4, 8, 9, 10, 12, 16, 17, 18, 24, 25, 26]
    !! not UC: [0, 1, 2, 3, 4, 5, 6, 7, 8, 9, 10, 11, 16, 17, 18, 19, 20, 21, 24, 25, 26, 27]
    !! not UC: [0, 1, 2, 3, 4, 5, 8, 9, 10, 12, 16, 17, 18, 20]
    !! not UC: [0, 1, 2, 3, 4, 5, 6, 7, 8, 9, 10, 11, 12, 13, 16, 17, 18, 20, 21, 24, 25, 26]
    !! not UC: [0, 1, 2, 3, 4, 5, 6, 7, 8, 9, 10, 11, 12, 14, 16, 17, 18, 19, 20, 24]
    !! not UC: [0, 1, 2, 3, 4, 5, 6, 7, 8, 10, 12, 16, 17, 18, 20, 22]
    !! not UC: [0, 1, 2, 3, 4, 5, 6, 7, 8, 9, 16, 17, 18, 19]
    !! not UC: [0, 1, 2, 3, 4, 5, 6, 7, 8, 9, 10, 11, 12, 14, 16, 17, 18, 19, 20, 21, 22, 24, 25, 26, 28, 30]
    !! not UC: [0, 1, 2, 3, 4, 5, 6, 8, 9, 10, 12, 14, 16, 17, 18, 19, 20, 24, 25, 28]
    !! not UC: [0, 1, 2, 3, 4, 5, 6, 7, 8, 9, 10, 11, 12, 13, 14, 15, 16, 17, 18, 20, 21, 22, 24, 25, 28, 29]
    !! not UC: [0, 1, 2, 3, 4, 6, 8, 10, 16, 20, 24]
    !! not UC: [0, 1, 2, 3, 4, 6, 8, 10, 12, 16, 17, 18, 20]
    !! not UC: [0, 1, 2, 3, 4, 5, 6, 7, 8, 9, 10, 12, 14, 16, 17, 18, 20, 21, 24, 26, 28]
    !! not UC: [0, 2, 4, 8, 12, 16, 20, 24, 28]
    !! not UC: [0, 1, 2, 3, 4, 5, 6, 7, 8, 16, 18, 24]
    !! not UC: [0, 1, 2, 4, 5, 6, 8, 12, 16, 18, 20, 22]
    !! not UC: [0, 1, 2, 3, 4, 8, 9, 10, 16, 17]
    !! not UC: [0, 1, 2, 4, 6, 8, 9, 10, 16, 17, 18, 20, 22, 24]
    !! not UC: [0, 1, 2, 4, 5, 6, 8, 10, 12, 16, 20, 24, 28]
    !! not UC: [0, 1, 2, 3, 4, 5, 8, 10, 12, 16, 17, 18, 20, 24, 26]
    !! not UC: [0, 2, 4, 6, 8, 10, 12, 14, 16, 18, 20, 22, 24, 26]
    !! not UC: [0, 1, 2, 3, 4, 6, 8, 16, 17, 20]
    !! not UC: [0, 1, 2, 3, 4, 5, 6, 8, 9, 10, 11, 12, 13, 14, 16, 17, 18, 20, 24, 26, 28]
    !! not UC: [0, 1, 2, 3, 4, 5, 6, 8, 9, 10, 11, 16, 18]
    !! not UC: [0, 1, 2, 3, 4, 8, 9, 12, 16, 20, 24, 28]
    !! not UC: [0, 1, 2, 3, 4, 5, 8, 9, 10, 16, 17, 18, 20, 21, 24, 25, 26]
    !! not UC: [0, 1, 2, 4, 5, 8, 9, 10, 12, 13, 16, 17, 18, 20, 21, 24, 25, 26, 28]
    !! not UC: [0, 1]
    !! not UC: [0, 1, 2, 3, 4, 5, 6, 8, 10, 12, 16, 17, 18, 20, 22, 24, 28]
    !! not UC: [0, 1, 2, 3, 4, 5, 6, 7, 8, 10, 12, 16, 17, 18, 19, 20, 22, 24, 28]
    !! not UC: [0, 1, 2, 3, 4, 5, 6, 8, 9, 10, 12, 13, 14, 16, 17, 18, 20, 22, 24, 26]
    !! not UC: [0, 1, 2, 4, 6, 8, 9, 10, 16, 24]
    !! not UC: [0, 1, 2, 3, 4, 5, 8, 9, 10, 11, 12, 16, 17]
    !! not UC: [0, 1, 2, 4, 5, 6, 8, 9, 12, 13, 16, 17, 18]
    !! not UC: [0, 1, 2, 3, 4, 5, 6, 8, 9, 10, 12, 13, 14, 16, 17, 18, 20]
    !! not UC: [0, 1, 2, 3, 4, 5, 6, 7, 8, 9, 10, 12, 13, 14, 16, 17, 18, 19, 20]
    !! not UC: [0, 1, 2, 3, 4, 5, 6, 7, 8, 9, 12, 13, 16, 18, 20]
    !! not UC: [0, 1, 2, 3, 4, 5, 6, 8, 9, 10, 11, 12, 16, 20, 24, 28]
    !! not UC: [0, 1, 2, 3, 4, 5, 6, 7, 8, 9, 10, 12, 16, 17, 18, 19, 20, 21, 22, 24, 28]
    !! not UC: [0, 1, 2, 4, 5, 6, 8, 9, 10, 12, 16, 17, 18, 20, 24, 25, 26, 28]
    !! not UC: [0, 1, 2, 3, 4, 5, 8, 9, 12, 13, 16, 17, 18, 20, 24, 25, 28]
    !! not UC: [0, 1, 2, 3, 4, 6, 8, 16, 17, 18, 20]
    !! not UC: [0, 1, 2, 4, 5, 8, 9, 12, 13, 16, 17, 20, 24, 25, 28]
    !! not UC: [0, 1, 2, 3, 4, 5, 6, 7, 8, 9, 10, 12, 13, 14, 16, 18]
    !! not UC: [0, 1, 2, 3, 4, 6, 8, 9, 10, 12, 16, 17, 18, 19, 20, 24, 25, 28]
    !! not UC: [0, 1, 2, 3, 4, 5, 6, 7, 8, 10, 12, 14, 16, 17, 18, 19, 20, 24]
    !! not UC: [0, 1, 2, 4, 5, 6, 8, 10]
    !! not UC: [0, 1, 2, 3, 4, 5, 6, 8, 9, 10, 11, 12, 13, 16, 17, 18, 19, 20, 24, 25, 26, 27, 28]
    !! not UC: [0, 1, 2, 3, 4, 5, 8, 9, 10, 12, 16, 17, 20, 21, 24, 25]
    !! not UC: [0, 1, 2, 3, 4, 5, 6, 7, 8, 9, 12, 13, 16, 17, 18, 19, 20, 21, 22, 23, 24, 25, 28, 29]
    !! not UC: [0, 1, 2, 4, 5, 8, 9, 10, 12, 13, 16, 18, 20, 24]
    !! not UC: [0, 1, 2, 4, 5, 6, 8, 9, 10, 12, 13, 14, 16, 18, 20, 24, 26, 28]
    !! not UC: [0, 1, 2, 3, 4, 5, 6, 7, 8, 9, 12, 13, 16, 17, 18, 19, 20, 21, 22, 24, 28]
    !! not UC: [0, 1, 2, 4, 5, 8, 10, 12, 16, 17, 20, 24, 28]
    !! not UC: [0, 1, 2, 4, 6, 8, 9, 12, 16, 17, 20, 24]
    !! not UC: [0, 1, 2, 3, 4, 5, 6, 7, 8, 9, 10, 12, 16, 17, 18, 20, 24, 26]
    !! not UC: [0, 1, 2, 4, 5, 6, 8, 9, 10, 12, 16, 17, 18, 20, 24, 25, 28]
    !! not UC: [0, 1, 2, 3, 4, 5, 8, 9, 10, 12, 16, 18, 20, 24, 28]
    !! not UC: [0, 1, 2, 4, 6, 8, 9, 10, 16, 18, 20, 22, 24]
    !! not UC: [0, 1, 2, 4, 5, 6, 8, 10, 12, 16, 17, 20, 24, 28]
    !! not UC: [0, 1, 2, 3, 4, 5, 6, 7, 8, 9, 10, 12, 13, 14, 16, 17, 18, 20, 21, 24, 25]
    !! not UC: [0, 1, 2, 3, 4, 5, 6, 8, 9, 10, 11, 12, 14, 16, 17, 18, 20, 22, 24, 26]
    !! not UC: [0, 1, 2, 4, 8, 9, 10, 12, 16, 18, 20, 24]
    !! not UC: [0, 1, 2, 3, 4, 5, 6, 8, 9, 10, 16, 17, 18, 20, 22, 24, 25, 26]
    !! not UC: [0, 1, 2, 3, 4, 5, 6, 7, 8, 9, 10, 11, 12, 13, 14, 15, 16, 17, 18, 19, 20, 21, 22, 23, 24, 26]
    !! not UC: [0, 1, 2, 3, 4, 5, 6, 7, 8, 9, 10, 12, 14, 16, 17, 20, 24, 25]
    !! not UC: [0, 1, 2, 3, 4, 5, 6, 7, 8, 9, 10, 12, 13, 16, 17, 18, 19, 20, 21, 22, 23, 24, 25, 26]
    !! not UC: [0, 1, 2, 3, 4, 5, 6, 8, 9, 10, 11, 12, 16, 17, 18, 19, 20, 21, 22, 24, 25, 28]
    !! not UC: [0, 1, 2, 3, 4, 6, 8, 9, 16, 20, 24]
    !! not UC: [0, 1, 2, 3, 4, 5, 8, 9, 10, 12, 16, 17, 18, 19, 20, 24, 25]
    !! not UC: [0, 1, 2, 4, 6, 8, 16, 17, 24]
    !! not UC: [0, 1, 2, 4, 5, 8, 9, 12, 13, 16, 17, 20, 21, 24, 25, 28]
    !! not UC: [0, 1, 2, 3, 4, 5, 8, 9, 10, 11, 12, 13, 16, 17, 18, 19, 20, 24, 25, 28]
    !! not UC: [0, 1, 2, 3, 4, 5, 6, 7, 8, 9, 12, 16, 17, 18, 19, 24, 25]
    !! not UC: [0, 2, 4]
    !! not UC: [0, 1, 2, 3, 4, 8, 9, 10, 12, 16, 17, 18, 20, 24, 25, 28]
    !! not UC: [0, 1, 2, 3, 4, 8, 9, 10, 16, 17, 18, 19, 24]
    !! not UC: [0, 1, 2, 4, 5, 6, 8, 10, 16, 17]
    !! not UC: [0, 1, 2, 3, 4, 5, 6, 8, 9, 10, 16, 17, 18, 20, 21, 22]
    !! not UC: [0, 1, 2, 3, 4, 5, 8, 12, 16, 20, 24, 28]
    !! not UC: [0, 1, 2, 3, 4, 5, 8, 9, 12, 13, 16, 20, 24, 28]
    !! not UC: [0, 1, 2, 3, 4, 5, 6, 8, 9, 10, 16, 17, 18, 20, 22, 24, 25]
    !! not UC: [0, 1, 2, 3, 4, 5, 6, 8, 9, 10, 11, 12, 13, 16, 17, 18, 19, 20, 21, 22, 24, 28]
    !! not UC: [0, 1, 2, 3, 4, 5, 6, 7, 8, 9, 10, 16, 17, 18, 19, 20, 22, 24, 25]
    !! not UC: [0, 1, 2, 3, 4, 5, 6, 7, 8, 9, 10, 12, 16, 17, 18, 20, 22, 24, 26, 28]
    !! not UC: [0, 1, 2, 3, 4, 5, 6, 7, 8, 12, 16, 18, 24]
    !! not UC: [0, 1, 2, 4, 5, 6, 8, 12, 16, 17, 18, 20, 22, 24]
    !! not UC: [0, 1, 2, 4, 5, 6, 8, 9, 10, 16, 17, 18, 20, 22, 24, 25, 26]
    !! not UC: [0, 1, 2, 4, 8, 10, 16, 18, 20, 24]
    !! not UC: [0, 1, 2, 4, 5, 8, 10, 12, 16, 17, 18, 20, 24, 26, 28]
    !! not UC: [0, 1, 2, 3, 4, 5, 6, 8, 9, 10, 11, 12, 13, 16, 17, 18, 19, 20, 21]
    !! not UC: [0, 1, 2, 4, 5, 8, 9, 10, 12, 16, 17, 20, 24, 25, 28]
    !! not UC: [0, 1, 2, 4, 5, 8, 9, 10, 16, 18, 24]
    !! not UC: [0, 1, 2, 4, 5, 8, 9, 12, 13, 16, 24]
    !! not UC: [0, 1, 2, 3, 4, 5, 6, 8, 9, 12, 16, 17, 24, 25]
    !! not UC: [0, 1, 2, 3, 4, 5, 6, 8, 10, 12, 16, 17, 18, 20, 21, 24, 26, 28]
    !! not UC: [0, 1, 2, 3, 4, 6, 8, 10, 12, 16, 17, 18, 24]
    !! not UC: [0, 1, 2, 3, 4, 6, 8, 9, 12, 16, 17, 18, 20, 22, 24, 25, 28]
    !! not UC: [0, 1, 2, 3, 4, 5, 6, 7, 8, 9, 10, 11, 12, 16, 18]
    !! not UC: [0, 1, 2, 3, 4, 5, 6, 8, 9, 10, 12, 13, 14, 16, 17, 18, 19, 20, 24, 26, 28]
    !! not UC: [0, 1, 2, 3, 4, 5, 6, 8, 9, 10, 11, 12, 16, 17, 18, 20, 24, 25, 26, 28]
    !! not UC: [0, 1, 2, 4, 5, 8, 12, 16, 17, 24]
    !! not UC: [0, 1, 2, 3, 4, 5, 6, 7, 8, 9, 10, 11, 12, 14, 16, 17, 18, 19, 20, 21, 22, 24, 26]
    !! not UC: [0, 1, 2, 4, 5, 6, 8, 9, 10, 12, 13, 16, 17, 18, 20, 21, 22, 24]
    !! not UC: [0, 1, 2, 3, 4, 5, 8, 9, 10, 12, 16, 17, 18, 20, 21, 24, 26, 28]
    !! not UC: [0, 1, 2, 3, 4, 5, 6, 8, 9, 10, 12, 14, 16, 17, 18, 20, 24, 25]
    !! not UC: [0, 1, 2, 3, 4, 5, 6, 8, 9, 10, 11, 12, 13, 14, 16, 17, 18, 19, 20, 21, 22, 24, 25, 28, 29]
    !! not UC: [0, 1, 2, 3, 4, 5, 6, 8, 9, 10, 11, 12, 13, 14, 16, 17, 18, 20, 22, 24]
    !! not UC: [0, 1, 2, 3, 4, 5, 6, 7, 8, 9, 10, 11, 12, 14, 16, 17, 18, 20, 22, 24, 25, 26]
    !! not UC: [0, 1, 2, 3, 4, 5, 6, 7, 8, 9, 10, 12, 13, 16, 17, 20, 21, 24, 25, 28]
    !! not UC: [0, 1, 2, 4, 5, 6, 8, 16, 18, 24]
    !! not UC: [0, 1, 2, 4, 5, 8, 9, 10, 12, 16, 17, 18, 20, 24, 25, 26, 28]
    !! not UC: [0, 1, 2, 4, 5, 8, 12, 16, 17, 20, 21]
    !! not UC: [0, 1, 2, 4, 5, 6, 8, 10, 16, 17, 18, 20, 22, 24, 26]
    !! not UC: [0, 1, 2, 3, 4, 6, 8, 16, 18, 20, 24]
    !! not UC: [0, 1, 2, 3, 4, 6, 16, 17, 18]
    !! not UC: [0, 1, 2, 3, 4, 5, 6, 8, 9, 10, 11, 12, 13, 16, 17, 18, 19, 24]
    !! not UC: [0, 1, 2, 4, 5, 6, 8, 9, 10, 12, 13, 16, 17, 18, 20, 24, 25, 26, 28]
    !! not UC: [0, 1, 2, 4, 5, 6, 8, 9, 10, 12, 14, 16, 17, 20, 21]
    !! not UC: [0, 1, 2, 3, 4, 6, 8, 9, 10, 12, 14, 16, 17, 18, 19, 20, 22, 24, 25]
    !! not UC: [0, 1, 2, 3, 4, 5, 6, 8, 9, 10, 11, 16, 17, 18, 20, 24, 26]
    !! not UC: [0, 1, 2, 3, 4, 5, 6, 7, 8, 9, 10, 11, 16, 17, 18, 19, 20, 24, 26]
    !! not UC: [0, 1, 2, 4, 5, 8, 10, 12, 16, 20]
    !! not UC: [0, 1, 2, 3, 4, 5, 6, 7, 8, 9, 10, 11, 16, 17, 20, 24]
    !! not UC: [0, 1, 2, 4, 5, 6, 8, 10, 12, 14, 16, 17, 18, 20, 22, 24]
    !! not UC: [0, 1, 2, 3, 4, 5, 6, 8, 9, 10, 12, 16, 17, 18, 20, 22]
    !! not UC: [0, 1, 2, 3, 4, 5, 6, 7, 8, 9, 16, 17, 20]
    !! not UC: [0, 1, 2, 3, 4, 8, 12, 16, 17, 20, 24]
    !! not UC: [0, 1, 2, 3, 4, 5, 6, 7, 8, 9, 10, 11, 12, 13, 14, 16, 17, 18, 19, 20, 21, 22, 23, 24, 26]
    !! not UC: [0, 1, 2, 3, 4, 6, 8, 9, 10, 11, 12, 14, 16, 18, 20, 22]
    !! not UC: [0, 1, 2, 4, 6, 8, 9, 10, 16, 17, 18, 24]
    !! not UC: [0, 1, 2, 3, 4, 5, 6, 8, 9, 10, 11, 12, 13, 16, 17, 18, 19, 24, 25, 26]
    !! not UC: [0, 1, 2, 4, 6, 8, 9, 10, 12, 14, 16, 17, 18, 20, 22, 24, 28]
    !! not UC: [0, 1, 2, 3, 4, 5, 6, 7, 8, 9, 10, 12, 13, 14, 16, 17, 18, 20, 22, 24, 26, 28, 30]
    !! not UC: [0, 1, 2, 4, 5, 6, 8, 10, 12, 14, 16, 17, 18, 20, 22, 24, 26, 28]
    !! not UC: [0, 1, 2, 4, 6, 8, 16, 17, 18, 24]
    !! not UC: [0, 1, 2, 3, 4, 5, 6, 7, 8, 9, 10, 12, 16, 18, 20, 24, 26, 28]
    !! not UC: [0, 1, 2, 3, 4, 5, 6, 8, 9, 10, 12, 14, 16, 17, 18, 20, 24, 25, 26]
    !! not UC: [0, 1, 2, 3, 4, 5, 8, 9, 10, 11, 12, 13, 16, 17, 18, 24]
    !! not UC: [0, 1, 2, 3, 4, 6, 8, 9, 10, 11, 12, 14, 16, 17, 18, 24, 25]
    !! not UC: [0, 1, 2, 3, 4, 6, 8, 9, 10, 11, 16, 20]
    !! not UC: [0, 1, 2, 3, 4, 8, 9, 12, 16, 17, 18]
    !! not UC: [0, 1, 2, 4, 5, 6, 8, 9, 12, 16, 17, 18, 20, 24, 25, 28]
    !! not UC: [0, 1, 2, 3, 4, 5, 6, 7, 8, 9, 10, 11, 12, 16, 17, 18, 19, 20, 21, 22, 23, 24, 25, 26]
    !! not UC: [0, 1, 2, 3, 4, 5, 6, 7, 8, 10, 12, 14, 16, 18]
    !! not UC: [0, 1, 2, 4, 5, 8, 9, 10, 12, 13, 16, 18, 20, 24, 26, 28]
    !! not UC: [0, 1, 2, 3, 4, 5, 6, 8, 9, 10, 11, 16, 17, 20, 24]
    !! not UC: [0, 1, 2, 3, 4, 8, 9, 12, 16, 18, 20]
    !! not UC: [0, 1, 2, 4, 8, 12, 16, 17, 18]
    !! not UC: [0, 1, 2, 3, 4, 5, 6, 8, 9, 10, 12, 16, 17, 18, 20, 21, 24, 25]
    !! not UC: [0, 1, 2, 3, 4, 5, 8, 10, 16, 17, 18]
    !! not UC: [0, 1, 2, 3, 4, 5, 6, 8, 9, 10, 11, 12, 16, 17, 18, 19, 20, 21, 22]
    !! not UC: [0, 1, 4, 8, 16, 17, 20, 24]
    !! not UC: [0, 1, 2, 3, 4, 5, 6, 7, 8, 10, 12, 16, 17, 18, 19, 20, 21]
    !! not UC: [0, 1, 2, 3, 4, 5, 6, 8, 9, 12, 16, 17, 18, 20, 21, 24, 25, 28]
    !! not UC: [0, 1, 2, 3, 4, 5, 6, 7, 8, 9, 10, 16, 18, 20, 22, 24]
    !! not UC: [0, 1, 2, 3, 4, 6, 8, 9, 16, 18]
    !! not UC: [0, 1, 2, 3, 4, 6, 8, 10, 12, 16, 17, 18, 19, 24, 26]
    !! not UC: [0, 1, 2, 4, 6, 8, 9, 10, 12, 16, 17, 20]
    !! not UC: [0, 1, 2, 3, 4, 5, 6, 8, 9, 10, 12, 14, 16, 17, 18, 20, 21, 22, 24]
    !! not UC: [0, 1, 2, 3, 4, 5, 6, 8, 9, 10, 12, 13, 16, 17, 18, 20, 21, 24, 25, 26, 28, 29]
    !! not UC: [0, 1, 2, 3, 4, 5, 6, 8, 10, 12, 14, 16, 17, 18, 20, 22, 24, 26, 28]
    !! not UC: [0, 1, 2, 3, 4, 6, 8, 9, 10, 11, 12, 14, 16, 17, 20, 24]
    !! not UC: [0, 1, 2, 3, 4, 8, 9, 10, 12, 16, 17, 18, 19, 24, 25, 26]
    !! not UC: [0, 1, 2, 3, 4, 5, 6, 7, 8, 9, 10, 11, 12, 14, 16, 17, 18, 19, 20, 21, 22, 24, 25, 26, 27, 28, 30]
    !! not UC: [0, 1, 2, 3, 4, 5, 6, 8, 10, 12, 16, 17, 18, 19, 20, 21, 22, 24, 26]
    !! not UC: [0, 1, 2, 3, 4, 5, 6, 7, 8, 9, 10, 11, 12, 14, 16, 17, 18, 20, 24, 25, 26]
    !! not UC: [0, 1, 2, 3, 4, 5, 6, 7, 8, 9, 10, 11, 12, 16, 17, 18, 19, 20, 21, 24, 25]
    !! not UC: [0, 1, 2, 3, 4, 5, 6, 8, 9, 10, 11, 12, 13, 16, 17, 18, 20, 22, 24, 25, 28]
    !! not UC: [0, 1, 2, 3, 4, 5, 6, 8, 9, 10, 11, 12, 13, 16, 17, 18, 19, 20, 22, 24, 25, 26, 27, 28]
    !! not UC: [0, 1, 2, 3, 4, 5]
    !! not UC: [0, 1, 2, 4, 5, 6, 8, 9, 12, 13, 16, 17, 20, 21, 24]
    !! not UC: [0, 1, 2, 3, 4, 8, 9, 10, 16, 24]
    !! not UC: [0, 1, 2, 3, 4, 5, 6, 7, 8, 9, 10, 11, 12, 16, 20]
    !! not UC: [0, 1, 2, 3, 4, 5, 6, 8, 9, 10, 11, 12, 13, 16, 17, 18, 20, 21, 22, 24, 25, 26, 28, 29]
    !! not UC: [0, 1, 2, 3, 4, 5, 6, 8, 9, 12, 13, 16, 17, 18, 19, 20, 21, 24, 25, 28]
    !! not UC: [0, 1, 2, 3, 4, 8, 9, 10, 11, 16, 17, 18, 19, 20, 24, 26]
    !! not UC: [0, 1, 2, 3, 4, 5, 8, 9, 12, 13, 16, 17, 18]
    !! not UC: [0, 1, 2, 3, 4, 5, 6, 7, 8, 9, 10, 11, 12, 14, 16, 17, 20, 21, 24]
    !! not UC: [0, 1, 2, 3, 4, 5, 6, 7, 8, 9, 10, 11, 12, 13, 14, 15, 16, 17, 18, 19, 20, 21, 22, 24, 25, 26, 27, 28, 30]
    !! not UC: [0, 1, 2, 4, 5, 8, 10, 16, 17, 20, 21, 24]
    !! not UC: [0, 1, 2, 3, 4, 5, 8, 9, 10, 11, 12, 13, 16, 17, 18, 20, 21, 24, 26, 28]
    !! not UC: [0, 1, 2, 4, 5, 16]
    !! not UC: [0, 1, 2, 4, 5, 6, 8, 9, 10, 12, 14, 16, 18, 20, 22, 24, 26, 28]
    !! not UC: [0, 1, 2, 4, 5, 8, 9, 12, 16, 17, 18, 20, 21, 24]
    !! not UC: [0, 1, 2, 3, 4, 5, 6, 7, 8, 9, 10, 11, 12, 13, 16, 18, 20, 22]
    !! not UC: [0, 1, 2, 3, 4, 5, 6, 8, 9, 10, 11, 12, 14, 16, 17, 18, 19, 24, 25, 26, 27]
    !! not UC: [0, 1, 2, 3, 4, 5, 8, 9, 10, 12, 16, 17, 18, 19, 20, 21, 24, 25, 26]
    !! not UC: [0, 1, 2, 3, 4, 6, 8, 9, 10, 11, 16, 17, 18, 19, 20, 24, 25]
    !! not UC: [0, 1, 2, 3, 4, 5, 6, 7, 8, 9, 10, 11, 12, 16, 18, 20, 22, 24, 26, 28]
    !! not UC: [0, 1, 2, 3, 4, 8, 10, 16, 17, 18]
    !! not UC: [0, 1, 2, 3, 4, 5, 6, 8, 9, 10, 11, 12, 13, 14, 16, 17, 18, 19, 20, 21, 24, 25, 26, 27, 28, 29]
    !! not UC: [0, 1, 2, 3, 4, 5, 6, 8, 10, 16, 17, 18, 20, 22]
    !! not UC: [0, 1, 2, 3, 4, 5, 6, 8, 9, 10, 11, 12, 16, 17, 18, 20, 21, 22, 24, 28]
    !! not UC: [0, 1, 2, 3, 4, 5, 6, 7, 8, 9, 10, 11, 12, 13, 14, 16, 18, 20, 22, 24]
    !! not UC: [0, 1, 2, 3, 4, 5, 6, 7, 8, 9, 10, 11, 16, 17, 18, 20, 21, 24, 25]
    !! not UC: [0, 2, 4, 8, 10, 16, 20]
    !! not UC: [0, 1, 2, 4, 5, 6, 8, 9, 10, 12, 13, 16, 17, 18, 20, 21, 24, 25, 28, 29]
    !! not UC: [0, 1, 2, 4, 6, 8, 10, 16, 18, 24, 26]
    !! not UC: [0, 1, 2, 3, 4, 5, 8, 9, 10, 11, 12, 13, 16, 17, 18, 19, 20, 21]
    !! not UC: [0, 1, 2, 4, 5, 6, 8, 9, 12, 16, 17, 18, 20, 21, 24]
    !! not UC: [0, 1, 2, 4, 5, 6, 8, 9, 10, 12, 13, 16, 17, 18, 20, 22, 24, 26]
    !! not UC: [0, 1, 2, 3, 4, 5, 6, 7, 8, 9, 10, 11, 12, 16, 20, 24, 28]
    !! not UC: [0, 1, 2, 3, 4, 5, 6, 8, 9, 10, 12, 16, 18, 20, 22]
    !! not UC: [0, 1, 2, 3, 4, 5, 6, 8, 9, 10, 12, 14, 16, 17, 18, 19, 20, 21, 22, 24, 25, 26, 28]
    !! not UC: [0, 1, 2, 4, 8, 9, 16, 17, 18, 20, 24]
    !! not UC: [0, 1, 2, 3, 4, 6, 8, 9, 10, 11, 16, 17, 18, 19]
    !! not UC: [0, 1, 2, 4, 5, 8, 9, 16, 17, 20, 24, 25]
    !! not UC: [0, 1, 2, 4, 5, 6, 8, 10, 12, 14, 16, 17, 18, 20, 21, 24, 26]
    !! not UC: [0, 2, 4, 6, 8, 10, 12, 16, 18, 20, 22, 24, 28]
    !! not UC: [0, 1, 2, 3, 4, 5, 6, 8, 9, 10, 16, 17, 18, 19, 20, 21, 22, 24, 25]
    !! not UC: [0, 1, 2, 3, 4, 5, 6, 7, 8, 12, 16, 17, 18, 19, 20, 21]
    !! not UC: [0, 1, 2, 4, 5, 6, 8, 9, 12, 16, 17, 18, 20, 21, 22, 24, 28]
    !! not UC: [0, 1, 2, 3, 4, 5, 6, 8, 9, 10, 11, 16, 17, 18, 20, 22]
    !! not UC: [0, 1, 2, 3, 4, 6, 8, 9, 10, 12, 14, 16, 18, 20, 22, 24, 26]
    !! not UC: [0, 1, 2, 3, 4, 5, 6, 7, 8, 9, 10, 12, 13, 16, 17, 18, 20, 24, 25, 26]
    !! not UC: [0, 1, 2, 3, 4, 5, 6, 7, 8, 9, 10, 11, 12, 13, 14, 16, 17, 18, 19, 20, 24, 25, 26, 27]
    !! not UC: [0, 1, 2, 3, 4, 6, 8, 9, 10, 16, 17, 18, 20, 22, 24]
    !! not UC: [0, 1, 2, 3, 4, 5, 8, 9, 10, 11, 12, 16, 17, 20, 21, 24, 25]
    !! not UC: [0, 1, 2, 3, 4, 5, 8, 9, 10, 12, 13, 16, 17, 18]
    !! not UC: [0, 1, 2, 3, 4, 5, 6, 8, 9, 10, 11, 12, 13, 16, 20, 24, 28]
    !! not UC: [0, 1, 2, 3, 4, 5, 6, 7, 8, 9, 10, 11, 12, 13, 14, 16, 18]
    !! not UC: [0, 1, 2, 3, 4, 5, 6, 7, 8, 9, 10, 11, 12, 13, 14, 16, 17, 18, 19, 20, 22, 24, 26, 28]
    !! not UC: [0, 1, 2, 3, 4, 5, 8, 9, 10, 11, 12, 16, 17, 18, 20]
    !! not UC: [0, 1, 2, 3, 4, 5, 6, 7, 8, 9, 10, 12, 14, 16, 17, 18, 20, 22, 24, 28]
    !! not UC: [0, 1, 2, 3, 4, 5, 8, 9, 10, 12, 13, 16, 18, 20, 24, 28]
    !! not UC: [0, 1, 2, 3, 4, 5, 8, 9, 10, 11, 16, 18, 24]
    !! not UC: [0, 2, 4, 6, 8, 12]
    !! not UC: [0, 1, 2, 3, 4, 5, 6, 7, 8, 9, 10, 11, 12, 13, 14, 15, 16, 17, 18, 19, 20, 22, 24, 25, 28]
    !! not UC: [0, 1, 2, 3, 4, 8, 9, 12, 16, 24]
    !! not UC: [0, 1, 2, 4, 8, 9, 10, 16, 17, 18, 20, 24]
    !! not UC: [0, 1, 2, 3, 4, 5, 8, 9, 10, 11, 12, 13, 16, 17, 18, 19, 20, 24, 25, 26]
    !! not UC: [0, 1, 2, 3, 4, 5, 8, 9, 10, 11, 16, 17, 20, 24]
    !! not UC: [0, 2, 4, 8, 16, 20, 24]
    !! not UC: [0, 1, 2, 4, 8, 10, 16, 24]
    !! not UC: [0, 1, 2, 3, 4, 5, 6, 7, 8, 9, 16, 17, 18, 19, 20, 21, 22, 23]
    !! not UC: [0, 1, 2, 3, 4, 5, 6, 7, 8, 9, 10, 12, 14, 16, 17, 18, 19, 20, 22, 24, 28]
    !! not UC: [0, 1, 2, 4, 5, 8, 9, 12, 13, 16, 18, 20, 24, 28]
    !! not UC: [0, 1, 2, 3, 4, 5, 6, 7, 8, 10, 12, 16, 17, 18, 20, 24]
    !! not UC: [0, 1, 2, 4, 5, 8, 16, 18, 24]
    !! not UC: [0, 1, 2, 3, 4, 5, 6, 7, 8, 10, 12, 16, 20, 24, 28]
    !! not UC: [0, 1, 2, 3, 4, 5, 8, 9, 10, 11, 12, 13, 16, 17, 18, 20, 21, 24]
    !! not UC: [0, 1, 2, 3, 4, 5, 6, 8, 9, 16, 17, 18, 20, 22]
    !! not UC: [0, 1, 2, 3, 4, 5, 6, 8, 10, 12, 16, 17, 18, 20, 24, 26, 28]
    !! not UC: [0, 1, 2, 3, 4, 5, 6, 8, 10, 12, 14, 16, 18, 20, 24]
    !! not UC: [0, 1, 2, 3, 8, 9, 10, 11, 16, 17, 18, 19, 24, 25, 26, 27]
    !! not UC: [0, 1, 2, 3, 4, 5, 6, 7, 8, 10, 12, 16, 17, 18, 19, 20, 24, 26, 28]
    !! not UC: [0, 1, 2, 3, 4, 5, 6, 7, 8, 9, 10, 12, 16, 17, 18, 19, 20, 24, 26, 28]
    !! not UC: [0, 1, 2, 4, 6, 8, 9, 10, 12, 16, 17, 18, 20, 24, 26, 28]
    !! not UC: [0, 1, 2, 3, 4, 5, 6, 7, 8, 9, 10, 11, 12, 13, 16, 17, 20, 21, 24, 25, 28, 29]
    !! not UC: [0, 1, 2, 4, 5, 6, 8, 9, 10, 12, 13, 16, 17, 18, 20, 24]
    !! not UC: [0, 1, 2, 3, 4, 5, 6, 7, 8, 9, 10, 11, 12, 13, 16, 17, 18, 19, 20, 21, 24, 25, 26, 27]
    !! not UC: [0, 2, 4, 8, 12, 16]
    !! not UC: [0, 1, 2, 3, 4, 5, 6, 7, 8, 10, 12, 14, 16, 17, 18, 19, 20, 21, 24, 26]
    !! not UC: [0, 1, 2, 3, 4, 5, 8, 10, 12, 16, 17, 18, 19, 20, 21, 24, 28]
    !! not UC: [0, 1, 2, 3, 4, 5, 6, 7, 8, 9, 10, 12, 13, 14, 16, 17]
    !! not UC: [0, 1, 2, 3, 4, 5, 6, 7, 8, 9, 10, 11, 12, 13, 14, 16, 17, 18, 20, 24, 25, 26, 28]
    !! not UC: [0, 1, 2, 4, 5, 6, 8, 9, 12, 16, 17, 18, 20]
    !! not UC: [0, 1, 2, 3, 4, 5, 6, 7, 8, 9, 12, 16, 17, 18, 20, 22, 24]
    !! not UC: [0, 1, 2, 3, 4, 5, 6, 8, 9, 16]
    !! not UC: [0, 1, 2, 3, 4, 5, 6, 7, 8, 9, 10, 11, 12, 13, 14, 16, 17, 18, 19, 20, 21]
    !! not UC: [0, 1, 2, 3, 4, 5, 6, 8, 9, 10, 11, 12, 14, 16, 17, 18, 19, 20, 21, 22, 24, 28]
    !! not UC: [0, 2, 4, 16, 18]
    !! not UC: [0, 1, 2, 4, 5, 6, 8, 10, 12, 14, 16, 18, 24]
    !! not UC: [0, 1, 2, 3, 4, 5, 6, 8, 9, 10, 11, 12, 16, 17, 18, 20, 21, 22, 24]
    !! not UC: [0, 1, 2, 3, 4, 5, 8, 9, 12, 13, 16, 18, 24]
    !! not UC: [0, 1, 2, 4, 5, 6, 8, 9, 12, 16, 24]
    !! not UC: [0, 1, 2, 4, 16, 17, 20]
    !! not UC: [0, 1, 2, 4, 5, 8, 9, 16, 17]
    !! not UC: [0, 1, 8, 16, 17]
    !! not UC: [0, 1, 2, 3, 4, 5, 6, 7, 8, 10, 16, 17, 18, 20, 24, 26]
    !! not UC: [0, 1, 2, 4, 5, 6, 8, 9, 10, 16, 17, 18, 20, 24, 25]
    !! not UC: [0, 1, 2, 3, 4, 5, 6, 8, 9, 10, 12, 14, 16, 17, 20]
    !! not UC: [0, 1, 2, 3, 4, 8, 12, 16, 17, 18, 20, 24]
    !! not UC: [0, 1, 2, 4, 8, 9, 16, 17, 20, 24, 25]
    !! not UC: [0, 1, 2, 4, 8, 9, 10, 12, 16, 18, 20, 24, 26]
    !! not UC: [0, 1, 2, 3, 4, 8, 9, 10, 11, 16, 17, 18, 20]
    !! not UC: [0, 2, 4, 6, 8, 10, 12, 14, 16, 18, 20, 22, 24, 28]
    !! not UC: [0, 1, 2, 3, 4, 5, 6, 7, 8, 9, 10, 12, 14, 16, 17, 18, 19, 20, 21, 22, 23, 24, 25, 26]
    !! not UC: [0, 1, 2, 3, 4, 5, 6, 7, 8, 9, 10, 11, 12, 14, 16, 17, 18, 20, 22, 24, 25, 28]
    !! not UC: [0, 1, 2, 4, 5, 6, 8, 9, 10, 12, 13, 16, 18, 20, 22, 24, 26]
    !! not UC: [0, 1, 2, 3, 4, 5, 6, 8, 9, 10, 11, 12, 13, 14, 16, 17, 18, 20, 24, 25, 26, 28]
    !! not UC: [0, 1, 2, 4, 5, 6, 8, 9, 10, 12, 16, 18, 20, 22, 24]
    !! not UC: [0, 1, 2, 8, 10, 16, 24]
    !! not UC: [0, 1, 2, 4, 5, 8, 9, 10, 12, 16, 17, 18, 20, 21]
    !! not UC: [0, 1, 2, 3, 4, 5, 6, 8, 9, 10, 11, 12, 13, 16, 17, 20, 21, 24]
    !! not UC: [0, 1, 2, 3, 4, 5, 6, 7, 8, 9, 10, 11, 12, 13, 14, 15, 16, 17, 18, 19, 20, 22, 24, 28]
    !! not UC: [0, 1, 2, 4, 6, 8, 9, 12, 16, 18, 20]
    !! not UC: [0, 1, 2, 3, 4, 6, 8, 9, 10, 12, 14, 16, 17, 24]
    !! not UC: [0, 1, 2, 3, 4, 5, 6, 8, 9, 10, 12, 13, 16, 17, 18, 20, 22, 24]
    !! not UC: [0, 1, 2, 4, 5, 6, 8, 10, 16, 17, 18]
    !! not UC: [0, 1, 2, 3, 4, 5, 6, 8, 9, 10, 12, 16, 18, 20]
    !! not UC: [0, 2, 4, 8, 10, 12, 16, 18, 20, 24, 28]
    !! not UC: [0, 1, 2, 3, 4, 8, 12, 16, 17, 18, 20]
    !! not UC: [0, 1, 2, 3, 4, 5, 6, 7, 8, 9, 10, 16, 17, 18, 24, 26]
    !! not UC: [0, 1, 2, 3, 4, 5, 6, 7, 8, 9, 10, 11, 12, 13, 14, 15, 16, 17, 18, 20, 22, 24]
    !! not UC: [0, 1, 2, 3, 4, 5, 6, 8, 9, 10, 12, 16, 17, 18, 19, 20]
    !! not UC: [0, 1, 2, 3, 4, 5, 6, 7, 8, 9, 12, 13, 16, 17, 20]
    !! not UC: [0, 1, 2, 3, 4, 5, 6, 7, 8, 9, 10, 11, 12, 13, 14, 15, 16, 17, 18, 20, 21, 24, 28]
    !! not UC: [0, 1, 2, 3, 4, 5, 6, 8, 9, 10, 11, 12, 14, 16, 17, 18, 19, 20, 24, 25, 26, 27, 28]
    !! not UC: [0, 1, 2, 3, 4, 5, 6, 7, 8, 9, 10, 11, 12, 13, 14, 16, 17, 18, 20, 24, 25, 28]
    !! not UC: [0, 1, 2, 3, 4, 5, 6, 8, 9, 10, 11, 12, 13, 14, 16, 17, 20, 24, 25]
    !! not UC: [0, 1, 2, 4, 5, 8, 9, 10, 12, 13, 16, 17, 18, 20, 21, 24, 25, 28, 29]
    !! not UC: [0, 1, 2, 4, 5, 8, 9, 10, 16, 20]
    !! not UC: [0, 4, 8, 16, 24]
    !! not UC: [0, 1, 2, 3, 4, 5, 6, 8, 10, 12, 14, 16, 17, 18, 20, 24, 26, 28]
    !! not UC: [0, 1, 2, 3, 4, 5, 8, 9, 10, 16, 17, 20, 24, 25]
    !! not UC: [0, 1, 2, 3, 4, 5, 6, 8, 9, 10, 12, 16, 17, 18, 19, 20, 21, 24, 25, 26]
    !! not UC: [0, 1, 2, 4, 5, 6, 8, 9, 10, 12, 14, 16, 17, 18, 20, 24]
    !! not UC: [0, 1, 2, 3, 4, 5, 6, 7, 8, 9, 10, 11, 12, 13, 14, 16, 17, 18]
    !! not UC: [0, 1, 2, 3, 4, 6, 8, 9, 10, 11, 12, 14, 16, 18, 24, 26]
    !! not UC: [0, 1, 2, 4, 5, 6]
    !! not UC: [0, 1, 2, 4, 5, 8, 9, 10, 12, 16, 17, 18, 20, 24, 26]
    !! not UC: [0, 1, 2, 3, 4, 6, 8, 9, 10, 12, 16, 17, 18, 20, 22]
    !! not UC: [0, 1, 2, 3, 4, 6, 8, 16, 17, 18, 19, 20, 22]
    !! not UC: [0, 1, 2, 3, 4, 5, 6, 7, 8, 9, 10, 11, 12, 16, 17]
    !! not UC: [0, 1, 2, 3, 4, 5, 6, 8, 10, 12, 16, 17, 20, 24]
    !! not UC: [0, 1, 2, 3, 4, 5, 8, 10, 12]
    !! not UC: [0, 1, 2, 3, 4, 5, 8, 9, 16, 17, 20, 21]
    !! not UC: [0, 1, 2, 3, 4, 5, 6, 8, 9, 10, 11, 12, 16, 17, 18, 20, 21, 22, 24, 25, 28]
    !! not UC: [0, 1, 2, 3, 4, 5, 6, 7, 8, 9, 10, 12, 16, 17, 18, 24]
    !! not UC: [0, 1, 2, 3, 4, 5, 6, 7, 8, 9, 10, 11, 12, 14, 16, 17, 18, 19, 20, 21, 24, 25, 28]
    !! not UC: [0, 1, 2, 3, 4, 5, 6, 7, 8, 9, 10, 12, 14, 16, 17, 18, 19, 20, 21, 22, 23, 24, 25, 26, 28]
    !! not UC: [0, 1, 2, 3, 4, 5, 8, 9, 12, 13, 16, 17, 18, 19, 20, 21, 24, 25, 28]
    !! not UC: [0, 1, 2, 3, 4, 5, 6, 7, 8, 10, 16, 17, 18, 19, 20, 21, 24, 26]
    !! not UC: [0, 1, 2, 3, 4, 5, 6, 8, 9, 10, 11, 12, 13, 14, 16, 18, 20, 22, 24, 26, 28]
    !! not UC: [0, 1, 2, 3, 4, 6, 8, 12, 16, 17, 20, 24, 28]
    !! not UC: [0, 1, 2, 3, 4, 5, 6, 8, 9, 16, 18, 20, 22, 24]
    !! not UC: [0, 1, 2, 3, 4, 6, 8, 10, 16, 17, 20]
    !! not UC: [0, 1, 2, 3, 4, 6, 8, 9, 10, 16, 17, 18, 24]
    !! not UC: [0, 1, 2, 3, 4, 5, 8, 9, 12, 13, 16, 17, 18, 24]
    !! not UC: [0, 1, 2, 3, 4, 6, 8, 10, 12, 14, 16, 18, 24, 26]
    !! not UC: [0, 1, 2, 3, 4, 5, 6, 8, 9, 10, 12, 13, 14, 16, 17, 18, 20, 21]
    !! not UC: [0, 1, 2, 3, 4, 5, 6, 7, 8, 9, 10, 11, 12, 14, 16, 20, 24, 28]
    !! not UC: [0, 1, 2, 3, 4, 5, 6, 7, 8, 10, 12, 16, 18, 20, 24]
    !! not UC: [0, 1, 2, 3, 4, 5, 6, 7, 8, 9, 12, 13, 16, 17, 18, 24]
    !! not UC: [0, 1, 2, 3, 4, 5, 6, 7, 8, 9, 10, 12, 13, 16, 18, 24, 26]
    !! not UC: [0, 1, 2, 4, 5, 6, 8, 12, 16]
    !! not UC: [0, 1, 2, 3, 4, 5, 6, 8, 9, 12, 13, 16, 17, 20, 24, 25, 28]
    !! not UC: [0, 1, 2, 3, 4, 5, 6, 8, 9, 10, 12, 13, 14, 16, 18, 20, 22]
    !! not UC: [0, 1, 2, 3, 4, 8, 9, 10, 11, 12, 16, 17, 18, 24]
    !! not UC: [0, 1, 2, 4, 5, 6, 8, 9, 12, 13, 16, 17, 18, 20, 21]
    !! not UC: [0, 1, 2, 3, 4, 5, 6, 7, 8, 9, 10, 12, 13, 14, 16, 17, 20, 21, 24, 25, 28, 29]
    !! not UC: [0, 1, 2, 3, 4, 5, 6, 8, 9, 10, 12, 13, 16, 17, 18, 24]
    !! not UC: [0, 1, 2, 3, 4, 5, 6, 7, 8, 10, 16, 17, 24]
    !! not UC: [0, 1, 2, 3, 4, 5, 6, 8, 9, 10, 12, 13, 16, 17, 18, 20, 21, 22, 24, 26]
    !! not UC: [0, 1, 2, 3, 4, 5, 8, 10, 12, 16, 18, 24]
    !! not UC: [0, 1, 2, 4, 5, 8, 9, 12, 13, 16, 17, 18, 20, 21, 24, 25]
    !! not UC: [0, 1, 2, 3, 4, 5, 6, 8, 9, 10, 12, 13, 16, 17, 18, 20, 21, 24, 25, 26, 28]
    !! not UC: [0, 1, 2, 4, 6, 8, 12, 16, 17, 18, 20, 22, 24]
    !! not UC: [0, 1, 2, 3, 4, 5, 8, 9, 10, 11, 12, 16, 17, 18, 19, 20, 24, 25, 26, 27, 28]
    !! not UC: [0, 1, 2, 3, 4, 5, 6, 7, 8, 9, 10, 11, 16, 17, 18, 19, 24, 25, 26, 27]
    !! not UC: [0, 2, 4, 6, 8, 10, 12, 14, 16, 18, 20, 24, 26, 28]
    !! not UC: [0, 1, 2, 3, 4, 5, 6, 8, 9, 10, 11, 12, 14, 16, 17, 18, 19, 20, 21, 24, 25, 26, 28]
    !! not UC: [0, 1, 2, 4, 5, 6, 8, 10, 12, 14, 16, 17, 18, 20, 21]
    !! not UC: [0, 1, 2, 4, 5, 6, 8, 9, 12, 13, 16, 17, 20, 21, 24, 25, 28, 29]
    !! not UC: [0, 1, 2, 3, 4, 5, 6, 7, 8, 9, 10, 12, 14, 16, 17, 20, 21, 24, 25]
    !! not UC: [0, 1, 2, 3, 4, 5, 6, 7, 8, 9, 10, 11, 12, 13, 14, 16, 17, 18, 20, 22, 24, 28]
    !! not UC: [0, 1, 2, 3, 4, 5, 6, 7, 8, 9, 10, 12, 14, 16, 18, 20, 22]
    !! not UC: [0, 1, 2, 3, 4, 5, 6, 8, 9, 10, 12]
    !! not UC: [0, 1, 2, 3, 4, 5, 6, 8, 9, 10, 12, 16, 17, 18, 19, 24, 26]
    !! not UC: [0, 1, 2, 3, 4, 5, 6, 8, 9, 10, 11, 12, 14, 16, 17, 18, 20, 21, 22, 24, 26, 28, 30]
    !! not UC: [0, 1, 2, 3, 4, 5, 6, 7, 8, 9, 10, 12, 14, 16, 17, 18, 19, 20, 24, 25, 26, 28]
    !! not UC: [0, 1, 2, 3, 4, 8, 10, 16, 17, 18, 20, 24]
    !! not UC: [0, 1, 2, 3, 4, 5, 6, 7, 8, 9, 10, 12, 14, 16, 17, 18, 19, 20, 21, 22, 24, 25, 26]
    !! not UC: [0, 1, 2, 4, 5, 6, 8, 10, 12, 16, 18, 20, 22, 24]
    !! not UC: [0, 1, 2, 3, 4, 6, 8, 10, 12, 16, 18, 20, 22]
    !! not UC: [0, 1, 2, 4, 5, 8, 9, 16, 24]
    !! not UC: [0, 1, 2, 3, 4, 8, 10, 12, 16, 17, 18, 24]
    !! not UC: [0, 1, 2, 3, 4, 5, 8, 9, 10, 11, 12, 13, 16, 17, 18, 19, 24, 25, 26]
    !! not UC: [0, 1, 2, 3, 4, 5, 6, 8, 9, 10, 12, 13, 14, 16, 17, 20, 24]
    !! not UC: [0, 1, 4, 5, 8, 9, 12, 16, 17, 20, 24, 28]
    !! not UC: [0, 1, 2, 4, 5, 8, 16]
    !! not UC: [0, 1, 2, 3, 4, 8, 9, 10, 16, 17, 24]
    !! not UC: [0, 1, 2, 4, 5, 6, 8, 9, 10, 16, 17, 20, 21, 24]
    !! not UC: [0, 1, 2, 3, 4, 5, 6, 8, 9, 10, 11, 12, 16, 17, 18, 19, 20, 21, 22, 24, 26]
    !! not UC: [0, 1, 2, 3, 4, 5, 6, 7, 8, 10, 12, 14, 16, 18, 20]
    !! not UC: [0, 1, 2, 3, 4, 5, 8, 9, 10, 11, 16, 17, 18, 20, 21, 24]
    !! not UC: [0, 1, 2, 4, 5, 6, 8, 10, 16, 18, 20, 24]
    !! not UC: [0, 1, 2, 4, 6, 8, 9, 10, 12, 14, 16, 18, 20, 22, 24, 26, 28]
    !! not UC: [0, 1, 2, 3, 4, 5, 6, 7, 8, 9, 10, 16, 18, 24, 26]
    !! not UC: [0, 1, 2, 3, 4, 5, 6, 8, 10, 12, 14, 16, 17, 18, 19, 20, 22, 24, 26]
    !! not UC: [0, 1, 2, 3, 4, 6, 8, 16, 17, 20, 24]
    !! not UC: [0, 1, 2, 3, 4, 5, 8, 9, 12, 13, 16, 17, 18, 19, 20, 21, 24]
    !! not UC: [0, 1, 2, 4, 6, 8, 9, 10, 16, 17, 18, 20, 22, 24, 25]
    !! not UC: [0, 1, 2, 4, 6, 8, 9, 12, 16, 24]
    !! not UC: [0, 1, 2, 3, 4, 6, 8, 9, 12, 16, 17, 20, 24, 25]
    !! not UC: [0, 1, 2, 4, 6, 16, 17]
    !! not UC: [0, 1, 2, 3, 4, 5, 6, 7, 8, 16, 17, 18, 20, 24]
    !! not UC: [0, 1, 2, 3, 4, 5, 6, 7, 8, 12, 16, 18, 20]
    !! not UC: [0, 1, 2, 3, 4, 6, 8, 9, 10, 11, 12, 14, 16, 17, 18, 19, 20, 22, 24, 25, 28]
    !! not UC: [0, 1, 2, 3, 4, 5, 6, 7, 8, 9, 10, 11, 12, 13, 14, 16, 17, 18, 19, 20, 22, 24, 26]
    !! not UC: [0, 1, 2, 3, 4, 5, 6, 8, 9, 10, 11, 12, 14, 16, 17, 18, 19]
    !! not UC: [0, 1, 2, 3, 4, 5, 6, 8, 9, 10, 12, 13, 16, 17, 20, 24]
    !! not UC: [0, 1, 2, 4, 6, 8, 16, 17, 18, 20, 22]
    !! not UC: [0, 1, 2, 4, 5, 8, 9, 12]
    !! not UC: [0, 1, 2, 3, 4, 5, 8, 9, 16, 17, 18, 19, 20, 21]
    !! not UC: [0, 1, 2, 3, 4, 5, 8, 9, 10, 11, 16, 17, 20]
    !! not UC: [0, 1, 2, 3, 4, 5, 6, 7, 8, 9, 10, 11, 12, 13, 14, 16, 18, 20, 22, 24, 28]
    !! not UC: [0, 1, 2, 4, 6, 8, 9, 10, 12, 16, 18, 20, 22, 24, 26, 28]
    !! not UC: [0, 1, 2, 3, 4, 5, 6, 8, 9, 10, 12, 16, 17, 18, 19, 20, 21, 22, 24, 25, 28]
    !! not UC: [0, 1, 2, 3, 4, 5, 6, 8, 9, 10, 11, 16, 17, 18, 24, 26]
    !! not UC: [0, 1, 2, 3, 4, 5, 6, 8, 9, 12, 13, 16, 17, 18, 19, 20, 24, 25]
    !! not UC: [0, 1, 2, 3, 4, 6, 8, 9, 10, 16, 17, 18, 19, 20, 22, 24, 25, 26]
    !! not UC: [0, 1, 2, 3, 4, 5, 8, 9, 10, 11, 12, 16, 17, 18, 20, 24, 25, 26, 28]
    !! not UC: [0, 1, 2, 3, 4, 5, 6, 7, 8, 9, 10, 12, 14, 16, 17, 18, 20, 22, 24, 26]
    !! not UC: [0, 1, 2, 4, 6, 8, 12, 16, 17, 18]
    !! not UC: [0, 1, 2, 3, 4, 5, 6, 8, 12, 16, 17, 18, 19, 20, 21, 24]
    !! not UC: [0, 1, 2, 3, 4, 5, 6, 7, 8, 9, 10, 12, 14, 16, 17, 18, 20, 24, 26, 28]
    !! not UC: [0, 1, 2, 3, 4, 5, 6, 8, 9, 10, 11, 12, 13, 14, 16, 17, 18, 20, 22, 24, 25]
    !! not UC: [0, 1, 2, 3, 4, 8, 9, 12, 16, 18]
    !! not UC: [0, 1, 2, 3, 4, 5, 8, 9, 12, 16, 17, 18, 20]
    !! not UC: [0, 1, 2, 4, 5, 8, 9, 12, 13, 16, 17, 18, 20, 21]
    !! not UC: [0, 1, 2, 3, 4, 6, 8, 9, 10, 11, 12, 14, 16, 18, 20, 24, 26, 28]
    !! not UC: [0, 1, 2, 4, 5, 6, 8, 9, 10, 12, 14, 16, 17, 18, 20, 22, 24, 25, 26, 28]
    !! not UC: [0, 1, 2, 3, 4, 5, 6, 7, 8, 9, 10, 11, 12, 13, 14, 15, 16, 17, 18, 19, 20, 22, 24, 25, 26]
    !! not UC: [0, 1, 2, 3, 4, 5, 6, 7, 8, 9, 10, 11, 12, 13, 14, 15, 16, 17, 18, 19, 20, 21, 24, 25, 26, 27]
    !! not UC: [0, 1, 2, 3, 4, 5, 6, 8, 9, 10, 12, 13, 16, 20, 24, 28]
    !! not UC: [0, 1, 4, 5, 8, 9, 12, 16, 17, 20, 21, 24, 28]
    !! not UC: [0, 1, 2, 3, 4, 5, 8, 9, 10, 12, 16, 17, 18, 24, 26]
    !! not UC: [0, 1, 2, 3, 4, 5, 6, 7, 8, 9, 10, 12, 14, 16, 17, 18, 19, 20]
    !! not UC: [0, 2, 8, 10, 16, 24]
    !! not UC: [0, 1, 2, 3, 8, 9, 10, 16, 17, 18, 24, 26]
    !! not UC: [0, 1, 2, 3, 4, 5, 8, 9, 10, 11, 12, 16, 17, 18, 19, 20, 21, 24, 25, 28]
    !! not UC: [0, 1, 2, 4, 5, 6, 8, 9, 16, 17, 20]
    !! not UC: [0, 1, 2, 3, 4, 5, 8, 9, 10, 16, 17, 18, 20, 24, 26]
    !! not UC: [0, 1, 2, 3, 4, 5, 6, 7, 8, 9, 10, 11, 12, 13, 14, 16, 17, 18, 19, 20, 21, 22, 23, 24, 26, 28, 30]
    !! not UC: [0, 1, 2, 3, 4, 6, 8, 9, 10, 12, 14, 16, 17, 20, 24, 25]
    !! not UC: [0, 1, 2, 3, 4, 5, 6, 7, 8, 9, 10, 11, 16, 17, 18, 19, 24, 26]
    !! not UC: [0, 1, 2, 3, 4, 5, 6, 7, 8, 10, 16, 20]
    !! not UC: [0, 1, 2, 3, 4, 5, 8, 10, 12, 16, 20]
    !! not UC: [0, 1, 2, 3, 4, 5, 6, 7, 8, 10, 12, 16, 17, 18, 20, 22, 24, 26, 28]
    !! not UC: [0, 1, 2, 3, 4, 8, 9, 10, 12, 16, 17, 18, 19, 20, 24, 25, 26, 28]
    !! not UC: [0, 1, 2, 8, 10, 16, 18, 24]
    !! not UC: [0, 1, 2, 3, 4, 5, 6, 8, 9, 10, 11, 12, 13, 16, 17, 18, 19, 20, 24, 25, 26, 28]
    !! not UC: [0, 1, 2, 3, 4, 5, 6, 8, 9, 10, 16, 18, 20, 22, 24, 26]
    !! not UC: [0, 1, 2, 3, 4, 5, 6, 8, 12, 16, 17, 18, 19]
    !! not UC: [0, 1, 2, 3, 4, 6, 8, 9, 10, 11, 12, 14, 16, 17, 18, 20, 22, 24, 25]
    !! not UC: [0, 1, 2, 3, 4, 5, 6, 7, 8, 9, 10, 11, 12, 14, 16, 17, 18, 19, 20, 22, 24, 25]
    !! not UC: [0, 1, 2, 3, 4, 5, 6, 8, 10, 12, 16, 17, 18, 24, 26]
    !! not UC: [0, 1, 2, 3, 4, 5, 6, 8, 9, 10, 11, 12, 14, 16, 17, 18, 19, 24, 25, 26]
    !! not UC: [0, 1, 2, 4, 5, 6, 8, 9, 12, 13, 16, 17, 18, 20, 24, 28]
    !! not UC: [0, 1, 2, 3, 4, 6, 8, 9, 10, 16, 18, 20, 24, 26]
    !! not UC: [0, 1, 2, 3, 4, 5, 6, 7, 8, 9, 10, 12, 13, 16, 17, 18, 20, 21, 22, 24, 25]
    !! not UC: [0, 1, 2, 3, 4, 5, 6, 7, 8, 9, 10, 11, 12, 13, 16, 17, 18, 19, 20, 21, 22, 23, 24, 26]
    !! not UC: [0, 1, 2, 3, 4, 5, 6, 8, 9, 10, 16, 18, 24]
    !! not UC: [0, 1, 2, 4, 5, 8, 16, 17]
    !! not UC: [0, 1, 2, 3, 4, 5, 6, 8, 9, 10, 11, 12, 13, 16, 17, 20, 21, 24, 25]
    !! not UC: [0, 1, 2, 3, 4, 5, 6, 8, 9, 10, 11, 12, 14, 16, 17, 18, 24]
    !! not UC: [0, 1, 2, 3, 4, 5, 6, 7, 8, 9, 10, 11, 12, 14, 16, 17, 18, 19, 24]
    !! not UC: [0, 1, 2, 4, 6, 8, 9, 12, 16, 17, 18, 20]
    !! not UC: [0, 1, 2, 4, 6, 8, 12, 16, 20, 24]
    !! not UC: [0, 1, 2, 3, 4, 6, 8, 9, 10, 11, 12, 16, 17, 18, 19, 20, 22, 24, 26]
    !! not UC: [0, 1, 2, 3, 4, 5, 6, 8, 9, 10, 12, 14, 16, 17, 18, 24, 25, 26]
    !! not UC: [0, 1, 2, 3, 4, 8, 9, 10, 11, 12, 16, 17, 18, 19, 20, 24, 25]
    !! not UC: [0, 1, 2, 3, 4, 5, 8, 9, 10, 12, 13, 16, 17, 18, 20, 21, 24, 25, 26, 28]
    !! not UC: [0, 1, 2, 4, 5, 8, 9, 16, 17, 18, 20, 21]
    !! not UC: [0, 1, 2, 3, 4, 6, 8, 10, 12, 14, 16, 18, 20, 22, 24, 28]
    !! not UC: [0, 1, 2, 3, 4, 5, 6, 7, 8, 9, 10]
    !! not UC: [0, 1, 2, 4, 5, 8, 12, 16, 17, 18, 20, 21, 24]
    !! not UC: [0, 1, 2, 3, 4, 5, 6, 8, 9, 10, 11, 12, 14, 16, 17, 20, 21, 24, 25, 28]
    !! not UC: [0, 1, 2, 3, 4, 5, 6, 7, 8, 9, 10, 16, 17, 18, 19, 24, 26]
    !! not UC: [0, 1, 2, 4, 6, 8, 12, 16]
    !! not UC: [0, 1, 2, 4, 8, 10, 12, 16, 18, 24, 26]
    !! not UC: [0, 1, 2, 3, 4, 5, 6, 8, 9, 10, 12, 13, 14, 16, 17, 18, 20, 21, 24, 25, 26, 28]
    !! not UC: [0, 1, 2, 4, 5, 6, 8, 9, 10, 12, 13, 16, 17, 20, 21]
    !! not UC: [0, 1, 2, 4, 5, 8, 9, 10, 12, 16, 18]
    !! not UC: [0, 1, 2, 4, 6, 8, 9, 12, 16, 17, 20, 24, 28]
    !! not UC: [0, 1, 2, 3, 4, 5, 6, 7, 8, 9, 12, 16, 18]
    !! not UC: [0, 1, 2, 3, 4, 5, 6, 7, 8, 9, 10, 11, 16, 20]
    !! not UC: [0, 1, 2, 3, 4, 5, 8, 9, 10, 11, 16, 17, 18, 20, 24, 26]
    !! not UC: [0, 1, 2, 3, 4, 6, 8, 9, 10, 11, 12, 16, 17, 18, 20, 22, 24, 26]
    !! not UC: [0, 1, 2, 4, 6, 8, 12, 16, 17, 18, 20, 24, 28]
    !! not UC: [0, 1, 2, 3, 4, 5, 6, 8, 9, 10, 12, 16, 18, 20, 24]
    !! not UC: [0, 1, 2, 3, 4, 5, 6, 7, 8, 9, 10, 11, 12, 16, 18, 24]
    !! not UC: [0, 1, 2, 3, 4, 5, 6, 7, 8, 9, 10, 12, 16, 17]
    !! not UC: [0, 1, 2, 4, 5, 6, 8, 10, 12, 14, 16, 17, 18, 24, 26]
    !! not UC: [0, 1, 2, 3, 4, 5, 6, 7, 8, 10, 12, 14, 16, 17, 18, 19, 20, 21, 24, 26, 28]
    !! not UC: [0, 1, 2, 3, 4, 5, 6, 7, 8, 9, 12, 16, 17, 18, 20, 24, 28]
    !! not UC: [0, 1, 2, 3, 4, 5, 6, 7, 8, 9, 10, 12, 16, 17, 18, 20, 21, 24, 26]
    !! not UC: [0, 1, 2, 3, 4, 5, 6, 8, 9, 10, 11, 12, 13, 16, 18, 20, 24, 28]
    !! not UC: [0, 1, 2, 3, 4, 5, 6, 8, 9, 10, 11, 12, 14, 16, 17, 18, 19, 20, 22, 24, 25, 26]
    !! not UC: [0, 1, 2, 3, 4, 5, 6, 7, 8, 9, 10, 11, 12, 16, 17, 18, 20, 21, 24, 25, 26]
    !! not UC: [0, 1, 2, 3, 4, 5, 8, 9, 16, 17, 18, 19, 24]
    !! not UC: [0, 1, 2, 4, 5, 6, 8, 9, 10, 12, 14, 16]
    !! not UC: [0, 1, 2, 4, 5, 6, 8, 9, 12, 13, 16, 17, 20, 21, 24, 25]
    !! not UC: [0, 1, 2, 3, 4, 5, 6, 8, 9, 10, 12, 13, 14, 16, 17, 18, 19, 24, 25, 26]
    !! not UC: [0, 1, 2, 4, 5, 8, 9, 10, 12, 13, 16, 18, 24]
    !! not UC: [0, 1, 2, 3, 4, 6, 8, 9, 10, 11, 16, 17, 18, 19, 24, 25]
    !! not UC: [0, 1, 2, 4, 8, 10, 16, 18, 24, 26]
    !! not UC: [0, 1, 2, 3, 4, 6, 8, 9, 10, 11, 12, 16, 17, 18, 20, 22, 24]
    !! not UC: [0, 1, 2, 3, 4, 5, 6, 7, 8, 9, 10, 12, 14, 16, 17, 18, 20, 21, 24, 25, 26, 28]
    !! not UC: [0, 1, 2, 3, 4, 5, 8, 9, 12, 16, 17, 18, 19, 20, 24, 28]
    !! not UC: [0, 1, 2, 3, 4, 5, 6, 7, 8, 9, 10, 11, 12, 13, 14, 15, 16, 17, 18, 19, 20, 21, 22, 23, 24, 25, 26, 28, 29, 30]
    !! not UC: [0, 1, 2, 3, 4, 5, 6, 7, 8, 9, 10, 12, 13, 16, 17, 18, 20, 24, 25, 28]
    !! not UC: [0, 1, 2, 4, 5, 8, 9, 16, 17, 24]
    !! not UC: [0, 1, 4, 5, 8, 9, 12, 16, 24]
    !! not UC: [0, 1, 2, 3, 4, 5, 6, 7, 8, 9, 12, 16, 17, 18, 19, 20, 21, 22]
    !! not UC: [0, 1, 4, 5, 8, 12, 16]
    !! not UC: [0, 1, 2, 3, 4, 5, 6, 7, 8, 9, 10, 11, 12, 13, 14, 16, 17, 18, 20, 24, 25, 26]
    !! not UC: [0, 1, 2, 3, 4, 8, 10, 16, 17, 18, 19]
    !! not UC: [0, 1, 2, 3, 4, 5, 6, 8, 9, 10, 12, 16, 20, 24, 28]
    !! not UC: [0, 1, 2, 4, 5, 8, 16, 17, 18, 20, 21]
    !! not UC: [0, 1, 2, 4, 5, 6, 8, 10, 12, 14, 16, 17, 24]
    !! not UC: [0, 1, 2, 3, 4, 6, 8, 9, 16, 24]
    !! not UC: [0, 1, 2, 3, 4, 6, 8, 12, 16, 18, 20, 22, 24, 28]
    !! not UC: [0, 1, 2, 4, 6, 8, 9, 12, 16, 17, 18, 20, 24]
    !! not UC: [0, 1, 2, 3, 4, 5, 6, 8, 10, 12, 16, 18, 20, 24, 28]
    !! not UC: [0, 1, 2, 3, 4, 5, 6, 8, 9, 16, 17, 20, 24]
    !! not UC: [0, 1, 2, 3, 4, 5, 6, 7, 8, 10, 12, 16, 17, 18, 19, 20, 24]
    !! not UC: [0, 1, 2, 3, 4, 5, 6, 7, 8, 9, 10, 11, 16, 18, 20, 22, 24]
    !! not UC: [0, 1, 2, 4, 8, 9, 10, 16, 18, 20, 24]
    !! not UC: [0, 1, 2, 3, 4, 5, 6, 8, 9, 10, 11, 12, 14, 16, 18]
    !! not UC: [0, 1, 2, 4, 5, 8, 12, 16, 17, 20, 21, 24, 28]
    !! not UC: [0, 1, 2, 3, 4, 5, 6, 8, 9, 10, 12, 14, 16, 17, 18, 20, 21, 22, 24, 25, 26, 28]
    !! not UC: [0, 1, 2, 3, 4, 5, 6, 8, 9, 10, 11, 12, 14, 16, 17, 18, 20, 21, 24, 25]
    !! not UC: [0, 1, 2, 3, 4, 5, 6, 8, 9, 16, 17, 18, 20, 21]
    !! not UC: [0, 1, 2, 3, 4, 5, 8, 9, 12, 13, 16, 17, 20, 21, 24, 25, 28, 29]
    !! not UC: [0, 1, 2, 3, 4, 5, 6, 8, 9, 12, 13, 16, 17, 18, 20, 24]
    !! not UC: [0, 1, 2, 3, 4, 5, 6, 7, 8, 16, 17, 20, 24]
    !! not UC: [0, 1, 2, 3, 4, 5, 6, 7, 8, 9, 10, 11, 12, 16, 17, 18, 24]
    !! not UC: [0, 1, 2, 4, 5, 8, 9]
    !! not UC: [0, 1, 2, 3, 4, 5, 6, 8, 9, 12, 16, 17, 18, 20, 22, 24, 28]
    !! not UC: [0, 1, 2, 3, 4, 5, 6, 8, 9, 16, 17, 18, 19, 24, 25]
    !! not UC: [0, 1, 2, 3, 4, 5, 6, 7, 8, 9, 12, 16, 17, 18, 19, 20, 22, 24, 28]
    !! not UC: [0, 1, 2, 3, 4, 5, 6, 7, 8, 10, 12, 16, 17, 18, 24]
    !! not UC: [0, 1, 2, 3, 4, 5, 8, 9, 10, 11, 12, 16, 18, 20, 24, 28]
    !! not UC: [0, 1, 2, 3, 4, 5, 6, 7, 8, 9, 10, 11, 12, 14, 16, 17, 18, 19, 20, 22, 24, 25, 26, 27, 28]
    !! not UC: [0, 1, 2, 3, 4, 5, 6, 8, 9, 10, 11, 12, 13, 14, 16, 17, 18, 19, 24, 25, 26]
    !! not UC: [0, 1, 2, 3, 4, 5, 8, 9, 12, 13, 16, 18, 20, 24]
    !! not UC: [0, 1, 2, 3, 4, 5, 6, 8, 9, 10, 16, 17, 18, 20, 21, 22, 24, 25, 26]
    !! not UC: [0, 1, 2, 3, 4, 6, 8, 10, 12, 14, 16, 17, 18, 20, 22, 24, 28]
    !! not UC: [0, 2, 4, 6, 8, 16]
    !! not UC: [0, 1, 2, 4, 5, 6, 8, 12, 16, 17]
    !! not UC: [0, 1, 2, 3, 4, 5, 6, 8, 9, 12, 16, 17, 18, 20, 21, 22]
    !! not UC: [0, 1, 2, 3, 4, 5, 6, 7, 8, 10, 12, 14, 16, 18, 20, 24, 26]
    !! not UC: [0, 1, 2, 3, 4, 5, 6, 8, 9, 10, 11, 12, 13, 16, 17, 18, 24, 26]
    !! not UC: [0, 1, 2, 4, 6, 8, 10, 16, 17, 18, 20, 22]
    !! not UC: [0, 1, 2, 3, 4, 5, 8, 9, 12, 16]
    !! not UC: [0, 1, 2, 3, 4, 5, 6, 8, 9, 16, 17, 18, 19, 20, 24, 25]
    !! not UC: [0, 1, 2, 3, 4, 5, 6, 7, 8, 9, 12, 16, 17, 18, 20, 22, 24, 28]
    !! not UC: [0, 1, 4, 8, 9, 12, 16, 17, 20, 24, 25, 28]
    !! not UC: [0, 1, 2, 3, 4, 5, 6, 8, 9, 12, 16, 17, 18, 20, 21, 22, 24, 25, 28]
    !! not UC: [0, 1, 2, 3, 4, 5, 6, 8, 9, 10, 12, 13, 16, 17, 18, 19, 20, 21, 24, 25]
    !! not UC: [0, 1, 2, 3, 4, 5, 8, 9, 10, 16, 17, 18, 20, 24, 25, 26]
    !! not UC: [0, 1, 2, 3, 4, 5, 6, 7, 8, 9, 10, 11, 12, 16, 17, 18, 19, 20, 22, 24, 26]
    !! not UC: [0, 1, 2, 3, 4, 8, 9, 10, 11, 12, 16]
    !! not UC: [0, 1, 2, 3, 4, 5, 6, 8, 9, 10, 11, 12, 13, 16, 17, 18, 20, 21, 24, 25, 26, 28, 29]
    !! not UC: [0, 1, 2, 3, 4, 6, 8, 10, 12, 14, 16, 17, 18, 24]
    !! not UC: [0, 1, 2, 3, 4, 8, 10, 12, 16, 17, 18, 19, 24]
    !! not UC: [0, 1, 2, 3, 4, 5, 8, 9, 10, 11, 12, 13, 16, 17, 18, 20, 21, 24, 25, 28]
    !! not UC: [0, 1, 2, 4, 5, 8, 9, 12, 13, 16, 20, 24]
    !! not UC: [0, 1, 2, 3, 4, 5, 6, 7, 8, 9, 10, 12, 13, 14, 16, 17, 20, 21, 24, 25, 28]
    !! not UC: [0, 1, 2, 3, 4, 5, 6, 7, 8, 9, 10, 12, 13, 16, 17, 18, 19, 20, 21, 22, 23, 24, 25]
    !! not UC: [0, 1, 2, 3, 4, 5, 6, 7, 8, 9, 10, 11, 12, 13, 14, 16, 18, 24, 26]
    !! not UC: [0, 1, 2, 3, 4, 8, 10, 12, 16, 17, 18, 19, 20, 24]
    !! not UC: [0, 1, 2, 4, 8, 16, 18, 24]
    !! not UC: [0, 1, 2, 4, 6, 8, 9, 16, 17, 18, 20]
    !! not UC: [0, 1, 2, 3, 4, 5, 6, 7, 8, 10, 16, 17, 18, 20, 21, 24, 26]
    !! not UC: [0, 1, 2, 3, 4, 5, 6, 8, 10, 12, 16, 17, 18, 20, 24, 26]
    !! not UC: [0, 1, 2, 4, 5, 6, 16]
    !! not UC: [0, 2, 4, 8, 10, 16, 18, 20, 24, 26]
    !! not UC: [0, 1, 2, 3, 8, 9, 10, 11, 16, 18, 24, 26]
    !! not UC: [0, 1, 2, 3, 4, 5, 6, 7, 8, 9, 10, 11, 12, 16, 20, 24]
    !! not UC: [0, 1, 2, 4, 5, 6, 8, 9, 10, 12, 14, 16, 17, 18, 20, 24, 26, 28]
    !! not UC: [0, 1, 2, 4, 5, 6, 8, 16, 17, 18, 20, 21]
    !! not UC: [0, 1, 2, 3, 4, 8, 9, 10, 11, 12, 16, 17, 18, 19, 20, 24, 25, 28]
    !! not UC: [0, 1, 2, 4, 5, 8, 9, 12, 13, 16, 17, 18, 20, 24, 25]
    !! not UC: [0, 1, 2, 3, 4, 5, 6, 8, 9, 10, 11, 12, 13, 14, 16, 17, 18, 24, 25, 26]
    !! not UC: [0, 1, 2, 3, 4, 8, 9, 10, 16, 17, 20, 24]
    !! not UC: [0, 1, 2, 3, 4, 5, 8, 9, 10, 12, 13, 16, 17, 20]
    !! not UC: [0, 1, 2, 3, 4, 5, 6, 8, 9, 10, 11, 16, 17, 20]
    !! not UC: [0, 1, 2, 3, 4, 5, 8, 9, 10, 12, 13, 16, 18]
    !! not UC: [0, 1, 2, 8, 9, 16, 18]
    !! not UC: [0, 1, 2, 3, 4, 5, 6, 8, 9, 10, 12, 13, 16, 17, 18, 19, 20, 24, 26]
    !! not UC: [0, 1, 2, 3, 4, 5, 6, 8, 9, 10, 12, 14, 16, 17, 18, 19, 20, 24, 28]
    !! not UC: [0, 1, 2, 3, 4, 5, 8, 9, 12, 13, 16, 17, 18, 19, 20, 21, 24, 25, 28, 29]
    !! not UC: [0, 1, 2, 3, 4, 5, 6, 8, 9, 10, 11, 12, 16, 18, 20, 22, 24, 26, 28]
    !! not UC: [0, 1, 2, 3, 4, 5, 8, 9, 10, 16, 17, 18, 19, 20, 24, 26]
    !! not UC: [0, 1, 2, 3, 4, 5, 6, 7, 8, 10, 12, 16, 18, 20, 22, 24]
    !! not UC: [0, 1, 2, 3, 4, 5, 6, 8, 9, 10, 11, 12, 14, 16, 17, 18, 19, 20, 21, 22, 24, 26, 28, 30]
    !! not UC: [0, 1, 2, 4, 5, 8, 9, 10, 16, 17, 20, 21]
    !! not UC: [0, 1, 2, 3, 4, 5, 8, 9, 10, 11, 12, 13, 16, 17, 20, 21]
    !! not UC: [0, 1, 2, 3, 4, 5, 6, 8, 10, 12, 14, 16, 17, 18, 19, 20, 22, 24, 28]
    !! not UC: [0, 1, 2, 3, 4, 5, 6, 7, 8, 9, 10, 11, 12, 13, 14, 15, 16, 17, 18, 19, 20, 22, 24, 25, 26, 28, 30]
    !! not UC: [0, 1, 2, 3, 4, 5, 6, 8, 10, 12, 16, 17, 18, 20, 22, 24, 26]
    !! not UC: [0, 1, 2, 3, 4, 5, 6, 7, 8, 10, 12, 16, 17, 18, 19, 20, 22, 24, 26]
    !! not UC: [0, 1, 2, 3, 4, 5, 6, 8, 9, 10, 12, 13, 16, 17, 18, 19, 20, 24, 25, 28]
    !! not UC: [0, 1, 2, 3, 4, 5, 8, 9, 10, 11, 12, 13, 16, 20, 24, 28]
    !! not UC: [0, 1, 2, 4, 5, 6, 8, 9, 10, 16, 17, 18, 20, 24, 26]
    !! not UC: [0, 1, 2, 3, 4, 5, 6, 8, 9, 10, 12, 16, 17, 18, 19, 20, 21, 24, 25, 28]
    !! not UC: [0, 1, 2, 3, 4, 5, 6, 7, 8, 9, 10, 11, 12, 14, 16, 18, 20, 24, 26, 28]
    !! not UC: [0, 1, 2, 3, 4, 5, 6, 8, 10, 12, 16, 17, 18, 19, 20, 22]
    !! not UC: [0, 1, 2, 4, 6, 8, 9, 10, 12, 16, 20]
    !! not UC: [0, 1, 2, 3, 4, 5, 6, 8, 9, 10, 12, 13, 16, 17, 18, 19, 24]
    !! not UC: [0, 1, 2, 3, 4, 5, 6, 8, 9, 10, 11, 16, 17, 18, 19]
    !! not UC: [0, 1, 2, 3, 4, 5, 6, 8, 10, 16, 17, 20]
    !! not UC: [0, 1, 2, 3, 4, 5, 6, 8, 10, 16, 17, 18, 19, 20, 22, 24, 26]
    !! not UC: [0, 1, 2, 3, 4, 6, 8, 9, 10, 11, 12, 16, 20, 24]
    !! not UC: [0, 1, 2, 3, 4, 5, 6, 7, 8, 9, 10, 12, 16, 17, 18, 19, 20, 21, 22, 23, 24, 26]
    !! not UC: [0, 1, 2, 3, 4, 5, 8, 9, 12, 16, 17, 20, 21, 24]
    !! not UC: [0, 1, 2, 3, 4, 5, 8, 9, 10, 12, 13, 16, 17, 18, 19]
    !! not UC: [0, 1, 2, 3, 4, 5, 6, 8, 10, 12, 16, 18, 20, 22, 24]
    !! not UC: [0, 1, 2, 3, 4, 6, 8, 9, 10, 12, 14, 16, 17, 18, 19, 20, 22, 24, 26, 28]
    !! not UC: [0, 1, 2, 3, 4, 5, 8, 9, 10, 11, 12, 16, 17, 18, 19, 20, 21]
    !! not UC: [0, 1, 2, 3, 4, 5, 6, 7, 8, 9, 10, 11, 12, 13, 14, 16, 17, 18, 19, 24]
    !! not UC: [0, 2, 4, 6, 8, 10, 12, 16, 18, 24, 26]
    !! not UC: [0, 1, 2, 3, 4, 5, 6, 7, 8, 9, 10, 11, 16, 17, 18, 19, 20, 22, 24, 25]
    !! not UC: [0, 1, 2, 3, 4, 5, 6, 7, 8, 9, 10, 11, 12, 13, 14, 15, 16, 17, 18, 19, 20, 22, 24]
    !! not UC: [0, 1, 2, 3, 4, 5, 6, 7, 8, 9, 10, 12, 13, 14, 16, 17, 18, 20, 21, 24, 26]
    !! not UC: [0, 1, 2, 3, 4, 5, 6, 7, 8, 9, 10, 12, 16, 17, 18, 19, 20, 24, 25, 28]
    !! not UC: [0, 1, 2, 3, 4, 8, 12, 16, 20, 24]
    !! not UC: [0, 8, 16, 24]
    !! not UC: [0, 1, 2, 3, 4, 5, 6, 7, 8, 9, 10, 11, 12, 14, 16, 17, 18, 20, 21, 22, 24, 25, 28]
    !! not UC: [0, 1, 2, 4, 5, 6, 8, 9, 10, 16, 17, 18, 20, 21, 24, 26]
    !! not UC: [0, 1, 2, 3, 4, 5, 6, 7, 8, 10, 12, 16, 17, 18, 19, 20, 22, 24]
    !! not UC: [0, 1, 2, 3, 4, 5, 6, 7, 8, 9, 10, 11, 12, 13, 14, 15, 16, 17, 18, 19, 20, 21, 22, 23, 24, 25, 26, 27, 28]
    !! not UC: [0, 1, 2, 4, 5, 6, 8, 10, 16, 18, 20, 24, 26]
    !! not UC: [0, 1, 2, 3, 4, 5, 6, 8, 9, 12, 13, 16, 17, 18, 20, 21, 22, 24, 28]
    !! not UC: [0, 1, 2, 3, 4, 6, 8, 9, 12, 16, 17, 18, 20, 22, 24]
    !! not UC: [0, 1, 2, 3, 4, 5, 6, 8, 9, 10, 16, 17, 20]
    !! not UC: [0, 1, 2, 8, 9, 10, 16, 18, 24]
    !! not UC: [0, 1, 2, 3, 4, 5, 6, 8, 9, 10, 11, 12, 16, 17, 18, 19, 20, 22]
    !! not UC: [0, 1, 2, 3, 4, 5, 6, 7, 8, 9, 10, 11, 12, 13, 14, 16, 17, 18, 20, 21, 24, 28]
    !! not UC: [0, 1, 2, 3, 4, 5, 6, 7, 8, 9, 16, 17, 18, 20, 22, 24, 25]
    !! not UC: [0, 1, 2, 3, 4, 6, 8, 9, 10, 12, 14, 16, 17, 18, 20, 22, 24, 25, 28]
    !! not UC: [0, 1, 2, 4, 6, 8, 9, 10, 16, 18, 24]
    !! not UC: [0, 1, 2, 3, 4, 5, 6, 8, 10, 12, 16, 20]
    !! not UC: [0, 1, 2, 4, 5, 8, 10, 12, 16, 18, 20]
    !! not UC: [0, 1, 2, 4, 5, 6, 8, 9, 12, 16, 17, 18, 20, 21]
    !! not UC: [0, 1, 2, 3, 4, 5, 8, 12, 16, 17, 20, 24]
    !! not UC: [0, 1, 2, 3, 4, 8, 10, 16, 17, 18, 24]
    !! not UC: [0, 1, 2, 3, 4, 5, 6, 8, 9, 12, 13, 16, 17, 18, 20, 24, 25]
    !! not UC: [0, 1, 2, 3, 4, 5, 6, 7, 8, 9, 12, 13, 16, 17, 18, 19, 20, 24, 25]
    !! not UC: [0, 1, 2, 3, 4, 5, 6, 7, 8, 10, 16, 17, 18, 20, 22]
    !! not UC: [0, 1, 2, 3, 4, 6, 8, 12, 16, 17, 18, 19]
    !! not UC: [0, 1, 2, 4, 5, 6, 8, 9, 10, 12, 16, 17, 18, 24, 25]
    !! not UC: [0, 1, 2, 3, 4, 5, 6, 7, 8, 9, 10, 11, 12, 14, 16, 17, 18, 20, 21, 22, 24, 25, 26, 28, 30]
    !! not UC: [0, 1, 2, 3, 4, 5, 6, 8, 9, 10, 11, 12, 13, 14, 16, 17, 18, 20, 22, 24, 28]
    !! not UC: [0, 1, 2, 4, 5, 6, 8, 9, 12, 13, 16, 17, 18, 20, 21, 22, 24]
    !! not UC: [0, 1, 2, 3, 4, 5, 6, 7, 8, 9, 10, 12, 13, 14, 16, 18, 20, 24, 28]
    !! not UC: [0, 1, 2, 4, 6, 8, 9, 10, 16, 17, 18, 20, 22]
    !! not UC: [0, 1, 2, 4, 6, 8, 9, 12, 16]
    !! not UC: [0, 1, 2, 3, 4, 5, 6, 7, 8, 9, 10, 11, 16, 17, 18, 19, 24, 25]
    !! not UC: [0, 1, 2, 3, 4, 5, 6, 7, 8, 10, 12, 14, 16, 17, 18, 20, 21, 22, 24, 28]
    !! not UC: [0, 1, 2, 3, 4, 5, 6, 8, 9, 10, 12, 16, 17, 18, 19, 20, 24, 25, 26, 28]
    !! not UC: [0, 1, 2, 3, 4, 5, 6, 8, 9, 12, 16, 24]
    !! not UC: [0, 1, 2, 3, 4, 8, 9, 10, 11, 12, 16, 18, 20, 24, 26]
    !! not UC: [0, 1, 2, 3, 4, 5, 8, 9, 10, 12, 13, 16, 17, 24]
    !! not UC: [0, 1, 2, 3, 4, 5, 6, 8, 16, 18, 20, 24]
    !! not UC: [0, 1, 2, 3, 4, 5, 6, 8, 10, 16, 18, 20, 24]
    !! not UC: [0, 1, 2, 3, 4, 5, 6, 7, 8, 9, 10, 12, 13, 16, 20, 24]
    !! not UC: [0, 1, 2, 3, 4, 5, 6, 7, 8, 9, 10, 12, 13, 14, 16, 17, 18, 20, 22, 24, 26, 28]
    !! not UC: [0, 1, 2, 3, 4, 5, 8, 9, 10, 12, 13, 16, 20, 24]
    !! not UC: [0, 1, 2, 3, 4, 5, 6, 7, 8, 9, 10, 11, 12, 13, 16, 17, 18, 19, 20, 22, 24, 26, 28]
    !! not UC: [0, 1, 2, 4, 5, 8, 9, 12, 13, 16, 17, 20]
    !! not UC: [0, 1, 2, 4, 5, 6, 8, 10, 12, 14, 16, 20]
    !! not UC: [0, 1, 2, 3, 4, 5, 6, 7, 8, 9, 10, 11, 12, 13, 14, 16, 17, 20, 21, 24, 25]
    !! not UC: [0, 1, 2, 3, 4, 5, 6, 8, 9, 10, 12, 14, 16, 17, 18, 20, 22, 24]
    !! not UC: [0, 1, 2, 3, 4, 5, 6, 7, 8, 9, 10, 11, 12, 13, 16, 17, 18, 19, 20, 21, 22, 23, 24, 25, 28, 29]
    !! not UC: [0, 1, 2, 4, 5, 6, 8, 10, 16, 18, 20, 22]
    !! not UC: [0, 1, 2, 3, 4, 8, 9, 12, 16, 17]
    !! not UC: [0, 1, 2, 3, 4, 5, 6, 8, 9, 10, 12, 14, 16, 17, 18, 19, 20, 24, 25]
    !! not UC: [0, 1, 2, 3, 4, 5, 6, 7, 8, 9, 10, 11, 12, 13, 14, 15, 16, 17, 18, 19, 24]
    !! not UC: [0, 1, 2, 4, 5, 8, 9, 10, 12, 16, 17, 18, 20, 24]
    !! not UC: [0, 1, 2, 4, 5, 8, 9, 10, 12, 13, 16, 17, 20, 21, 24, 25]
    !! not UC: [0, 1, 2, 3, 4, 5, 6, 7, 8, 10, 12, 14, 16, 17, 18, 19, 20, 21, 22, 23, 24, 28]
    !! not UC: [0, 1, 2, 4, 5, 6, 8, 9, 12, 13, 16, 17, 18, 20, 22, 24, 25, 28]
    !! not UC: [0, 1, 2, 4, 5, 6, 8, 9, 10, 12, 14, 16, 17, 20, 24, 28]
    !! not UC: [0, 1, 2, 4, 5, 6, 8, 9, 12, 16, 18, 20, 22, 24]
    !! not UC: [0, 1, 2, 3, 4, 5, 6, 8, 9, 12, 13, 16, 18, 20, 22, 24]
    !! not UC: [0, 1, 2, 3, 4, 5, 8, 16, 17, 18, 19, 24]
    !! not UC: [0, 1, 2, 4, 6, 8, 9, 10, 12, 14, 16, 17, 20]
    !! not UC: [0, 1, 2, 3, 4, 5, 6, 7, 8, 10, 12, 16, 17, 18, 19, 20, 21, 22, 24, 26]
    !! not UC: [0, 1, 2, 3, 4, 5, 6, 7, 8, 12, 16, 17, 18, 20, 21, 24]
    !! not UC: [0, 1, 2, 3, 4, 5, 6, 8, 9, 10, 12, 13, 16, 17, 18, 19, 20, 22, 24, 26, 28]
    !! not UC: [0, 1, 2, 3, 4, 5, 6, 8, 9, 10, 11, 12, 13, 16, 17, 18, 20, 24, 25, 26, 28]
    !! not UC: [0, 1, 2, 3, 4, 5, 6, 7, 8, 9, 10, 11, 12, 16, 17, 18, 20, 21, 24]
    !! not UC: [0, 1, 2, 4, 6, 16, 18]
    !! not UC: [0, 1, 2, 4, 5, 6, 8, 10, 12, 16, 17, 18, 20, 21, 24]
    !! not UC: [0, 1, 2, 4, 8, 10, 12, 16, 18, 20, 24, 28]
    !! not UC: [0, 1, 2, 3, 4, 5, 6, 7, 8, 9, 12, 13, 16, 17, 18, 20, 22, 24]
    !! not UC: [0, 1, 2, 4, 5, 6, 8, 9, 10, 12, 14, 16, 17, 18, 20, 21]
    !! not UC: [0, 1, 2, 3, 4, 5, 8, 9, 12, 13, 16, 17, 18, 24, 25]
    !! not UC: [0, 1, 2, 3, 4, 5, 8, 9, 10, 11, 12, 13]
    !! not UC: [0, 1, 2, 3, 4, 5, 6, 7, 8, 9, 10, 12, 16, 17, 18, 20, 21, 22, 24, 25, 26]
    !! not UC: [0, 1, 2, 3, 4, 6, 8, 9, 10, 11, 12, 16, 17, 18, 19, 24]
    !! not UC: [0, 1, 2, 3, 4, 8, 10, 16, 18]
    !! not UC: [0, 1, 2, 3, 4, 5, 6, 8, 9, 12, 13, 16, 17, 18, 20, 21, 22, 24, 25, 28, 29]
    !! not UC: [0, 1, 2, 3, 4, 8, 9, 12, 16, 17, 18, 20, 24, 25, 28]
    !! not UC: [0, 1, 2, 3, 4, 5, 6, 7, 8, 9, 10, 11, 16, 18, 20, 22, 24, 26]
    !! not UC: [0, 1, 2, 3, 4, 5, 6, 8, 9, 10, 11, 12, 13, 14, 16, 17, 18, 19, 20]
    !! not UC: [0, 1, 2, 3, 4, 5, 6, 8, 9, 10, 12, 13, 14, 16, 17, 18, 20, 24, 28]
    !! not UC: [0, 1, 2, 4, 6, 8, 9, 10, 12, 16, 17, 18, 24, 25]
    !! not UC: [0, 1, 2, 3, 4, 6, 8, 9, 10, 16, 17, 24]
    !! not UC: [0, 1, 2, 3, 4, 5, 6, 8, 10, 12, 14, 16, 18, 20]
    !! not UC: [0, 1, 2, 3, 4, 5, 6, 7, 8, 9, 10, 11, 12, 16, 17, 18, 19, 20, 24, 26]
    !! not UC: [0, 1, 2, 3, 4, 5, 6, 8, 9, 10, 12, 14, 16, 17, 18, 20, 21, 24, 28]
    !! not UC: [0, 1, 2, 4, 5, 6, 8, 9, 16, 17, 20, 24, 25]
    !! not UC: [0, 1, 2, 3, 4, 5, 6, 7, 8, 10, 12, 14, 16, 17, 18, 19, 20, 21, 22, 23]
    !! not UC: [0, 1, 2, 3, 4, 5, 6, 7, 8, 9, 10, 11, 12, 13, 14, 16, 17, 18, 19, 20, 21, 22, 24, 25, 26, 27, 28, 30]
    !! not UC: [0, 1, 2, 3, 4, 5, 6, 8, 9, 10, 12, 13, 14, 16, 17, 18, 20, 21, 24, 25, 28, 29]
    !! not UC: [0, 1, 2, 3, 4, 5, 6, 7, 8, 9, 10, 11, 16, 17, 18, 19, 20, 24, 25, 26]
    !! not UC: [0, 1, 2, 3, 4, 5, 6, 7, 8, 16, 17, 18, 20]
    !! not UC: [0, 1, 2, 3, 4, 5, 6, 7, 8, 9, 10, 12, 13, 16, 17, 18, 19, 20, 22, 24, 28]
    !! not UC: [0, 1, 2, 3, 4, 5, 6, 8, 9, 10, 11, 12, 14, 16, 17, 18, 20, 21, 22, 24, 26, 28]
    !! not UC: [0, 1, 2, 3, 4, 5, 6, 8, 9, 10, 12, 13, 14, 16, 17, 18, 20, 24]
    !! not UC: [0, 1, 2, 3, 4, 5, 6, 8, 9, 10, 12, 13, 16, 17, 18, 20, 21, 24, 25, 28]
    !! not UC: [0, 1, 2, 3, 4, 5, 8, 9, 12, 13, 16, 17, 18, 19, 20, 24, 25]
    !! not UC: [0, 1, 2, 4, 6, 8, 9, 12, 16, 20, 24]
    !! not UC: [0, 1, 2, 4, 5, 6, 8, 10, 16, 17, 24]
    !! not UC: [0, 1, 2, 3, 4, 5, 6, 8, 10, 12, 16, 17, 18, 19, 20, 21]
    !! not UC: [0, 1, 2, 3, 4, 5, 6, 7, 8, 9, 16, 17, 18, 19, 24, 25]
    !! not UC: [0, 1, 2, 4, 6, 8, 10, 12, 16, 17, 18, 20, 24, 26]
    !! not UC: [0, 1, 2, 4, 5, 6, 8, 10, 16, 20, 24]
    !! not UC: [0, 1, 2, 3, 4, 6, 8, 9, 10, 11, 12, 16, 17, 18, 24, 25, 26]
    !! not UC: [0, 1, 2, 3, 4, 5, 6, 8, 10, 12, 14, 16, 20, 24, 28]
    !! not UC: [0, 4, 8, 12, 16, 24]
    !! not UC: [0, 1, 2, 3, 4, 5, 6, 8, 16, 17, 18, 20]
    !! not UC: [0, 1, 2, 3, 4, 6, 8, 10, 12, 16, 17]
    !! not UC: [0, 1, 2, 3, 4, 5, 8, 9, 10, 11, 12, 13, 16, 17, 20, 21, 24, 28]
    !! not UC: [0, 1, 2, 3, 4, 8, 9, 10, 12, 16, 18, 20, 24, 26]
    !! not UC: [0, 1, 2, 3, 4, 5, 8, 9, 10, 12, 16, 18, 24]
    !! not UC: [0, 1, 2, 3, 4, 5, 6, 8, 9, 10, 12, 13, 14, 16, 17, 18, 20, 22, 24, 25, 26, 28]
    !! not UC: [0, 1, 2, 3, 4, 5, 6, 7, 8, 9, 10, 12, 13, 14, 16, 20, 24, 28]
    !! not UC: [0, 1, 2, 3, 4, 5, 6, 7, 8, 16]
    !! not UC: [0, 1, 2, 3, 4, 5, 6, 7, 8, 9, 10, 11, 12, 13, 14, 15, 16, 17, 18, 19, 20, 21, 24]
    !! not UC: [0, 1, 2, 4, 5, 8, 9, 10, 16, 18]
    !! not UC: [0, 1, 2, 4, 8, 9, 16, 18, 24]
    !! not UC: [0, 1, 2, 3, 4, 5, 6, 8, 9, 10, 11, 12, 13, 14, 16, 18, 20, 22, 24, 28]
    !! not UC: [0, 1, 2, 3, 4, 5, 6, 7, 8, 9, 10, 11, 12, 14, 16, 17, 18, 19, 20, 21, 22, 23, 24, 26, 28]
    !! not UC: [0, 1, 2, 4, 5, 6, 8, 10, 12, 14, 16, 17, 18, 20, 21, 22, 24, 28]
    !! not UC: [0, 2, 4, 8, 10, 16, 18, 20]
    !! not UC: [0, 1, 2, 4, 8, 16, 18]
    !! not UC: [0, 1, 2, 4, 8, 9, 10, 16, 17, 18, 24, 25, 26]
    !! not UC: [0, 1, 2, 3, 4, 5, 6, 8, 9, 10, 11, 12, 13, 14, 16, 17, 18, 19, 20, 22, 24, 25, 26, 28, 30]
    !! not UC: [0, 1, 2, 4, 5, 8, 9, 10, 16, 17, 18, 20, 24, 25]
    !! not UC: [0, 1, 2, 3, 4, 5, 6, 8, 9, 10, 11, 12, 16, 17, 18, 19, 24, 25]
    !! not UC: [0, 1, 2, 3, 4, 5, 6, 8, 9, 10, 16, 17, 18, 19, 20, 24, 26]
    !! not UC: [0, 1, 2, 4, 6, 8, 10, 12, 14, 16, 17, 18]
    !! not UC: [0, 1, 2, 3, 4, 5, 6, 8, 9, 10, 11, 12, 13, 16, 17, 18, 19, 20, 24, 25, 26, 27]
    !! not UC: [0, 1, 2, 3, 4, 5, 8, 9, 10, 11, 12, 13, 16, 17, 18, 19, 20, 21, 24, 25, 26]
    !! not UC: [0, 1, 2, 3, 4, 5, 6, 7, 8, 10, 12, 14, 16, 18, 20, 24, 26, 28]
    !! not UC: [0, 1, 2, 4, 5, 6, 8, 9, 12, 13, 16, 17, 18, 20, 21, 24]
    !! not UC: [0, 1, 2, 3, 4, 5, 6, 8, 9, 10, 11, 16, 17, 18, 19, 20, 22]
    !! not UC: [0, 1, 2, 3, 4, 5, 6, 7, 8, 9, 10, 11, 12, 13, 16, 18, 20, 24]
    !! not UC: [0, 1, 2, 4, 5, 6, 8, 9, 10, 16, 18]
    !! not UC: [0, 1, 2, 4, 5, 8, 9, 10, 12, 16, 20, 24, 28]
    !! not UC: [0, 1, 2, 3, 4, 5, 6, 7, 8, 9, 10, 11, 12, 13, 16, 17, 18, 19, 20, 21, 24, 25, 26, 28]
    !! not UC: [0, 1, 2, 3, 4, 5, 6, 7, 8, 10, 12, 14, 16, 17, 18, 20, 21]
    !! not UC: [0, 1, 2, 3, 4, 5, 6, 7, 8, 9, 10, 11, 12, 13, 14, 16, 17, 20, 21, 24, 25, 28, 29]
    !! not UC: [0, 1, 2, 3, 4, 5, 6, 7, 8, 9, 10, 12, 16, 18, 20]
    !! not UC: [0, 1, 2, 3, 4, 5, 6, 8, 9, 10, 11, 12, 14, 16, 17, 18, 24, 26]
    !! not UC: [0, 1, 2, 4, 5, 6, 8, 9, 10, 12, 13, 16, 17, 18, 20, 21, 24, 26]
    !! not UC: [0, 1, 2, 3, 4, 5, 6, 8, 9, 12, 16, 17, 18, 20, 22]
    !! not UC: [0, 1, 2, 3, 4, 5, 6, 8, 9, 10, 12, 13, 14, 16, 17, 18, 20, 21, 22, 24, 25, 28]
    !! not UC: [0, 1, 2, 3, 4, 5, 6, 8, 9, 12, 16, 17, 18, 19, 20, 22, 24, 28]
    !! not UC: [0, 1, 2, 3, 4, 5, 6, 7, 8, 10, 12, 14, 16, 17, 20, 24]
    !! not UC: [0, 1, 2, 3, 4, 5, 6, 8, 9, 10, 11, 12, 13, 16, 18, 20, 24]
    !! not UC: [0, 1, 2, 4, 5, 8, 10, 16, 17, 24]
    !! not UC: [0, 1, 2, 3, 4, 5, 6, 8, 9, 10, 11, 12, 13, 16, 18, 20, 24, 26]
    !! not UC: [0, 1, 2, 3, 4, 5, 6, 8, 9, 10, 11, 12, 14, 16, 17, 18, 19, 20, 21, 22, 24, 25]
    !! not UC: [0, 1, 2, 3, 4, 5, 6, 7, 8, 12, 16, 20, 24]
    !! not UC: [0, 1, 2, 3, 4, 5, 6, 7, 8, 9, 12, 16, 17, 18, 19, 20, 21, 22, 24, 25, 28]
    !! not UC: [0, 1, 2, 4, 6, 8, 9, 10, 12, 14, 16, 24]
    !! not UC: [0, 1, 2, 4, 5, 6, 8, 9, 10, 16]
    !! not UC: [0, 1, 2, 3, 4, 5, 6, 7, 8, 9, 10, 11, 12, 16, 17, 18, 20, 24, 25, 28]
    !! not UC: [0, 1, 2, 3, 4, 5, 6, 7, 8, 9, 10, 11, 12, 13, 14, 15, 16, 17, 18, 20, 21, 22, 24, 26, 28, 30]
    !! not UC: [0, 1, 2, 3, 4, 6, 8, 10, 12, 16, 17, 18, 19, 20, 22, 24]
    !! not UC: [0, 1, 2, 3, 4, 5, 6, 7, 8, 9, 10, 12, 13, 16, 17, 18, 19, 20, 21, 24, 26]
    !! not UC: [0, 1, 2, 3, 4, 5, 6, 7, 8, 9, 10, 12, 14, 16, 17, 18, 19, 20, 21, 22, 23, 24, 26, 28]
    !! not UC: [0, 1, 2, 3, 4, 5, 6, 8, 9, 10, 16, 17, 18, 20, 21]
    !! not UC: [0, 1, 4, 16, 20]
    !! not UC: [0, 1, 2, 3, 4, 5, 8, 9, 10, 12, 13, 16, 18, 20, 24, 26, 28]
    !! not UC: [0, 1, 2, 3, 4, 5, 8, 10, 16, 18, 20, 24, 26]
    !! not UC: [0, 1, 2, 3, 4, 8, 9, 10, 11, 12, 16, 17, 18, 19, 20, 24, 25, 26, 28]
    !! not UC: [0, 1, 2, 3, 4, 5, 6, 7, 8, 9, 10, 12, 14, 16, 18, 20, 24, 26]
    !! not UC: [0, 1, 2, 3, 4, 8, 9, 10, 16, 17, 20, 24, 25]
    !! not UC: [0, 1, 2, 3, 4, 5, 6, 8, 9, 12, 13, 16, 17, 18, 20, 21, 24, 28]
    !! not UC: [0, 1, 2, 3, 4, 6, 8, 9, 12, 16, 17, 18, 19, 20]
    !! not UC: [0, 1, 2, 3, 4, 5, 6, 7, 8, 12, 16, 24]
    !! not UC: [0, 1, 2, 3, 4, 5, 6, 8, 9, 10, 12, 13, 16, 17, 18, 19, 20, 22, 24, 25, 26]
    !! not UC: [0, 1, 2, 3, 4, 5, 8, 10, 12, 16, 18, 20, 24, 26]
    !! not UC: [0, 1, 2, 3, 4, 5, 6, 7, 8, 9, 10, 12, 13, 14, 16, 18, 20, 22]
    !! not UC: [0, 1, 2, 3, 4, 8, 9, 10, 12, 16, 17, 18]
    !! not UC: [0, 1, 2, 4, 5, 6, 8, 9, 12, 16, 17, 20, 21, 24, 28]
    !! not UC: [0, 1, 2, 3, 4, 5, 6, 7, 8, 9, 10, 11, 12, 16, 17, 18, 19, 20, 21, 24]
    !! not UC: [0, 1, 4, 5, 8, 9, 12, 13, 16, 17, 20]
    !! not UC: [0, 1, 2, 3, 4, 5, 6, 8, 9, 10, 11, 16, 18, 24, 26]
    !! not UC: [0, 2, 4, 6, 8, 10, 16, 20, 24]
    !! not UC: [0, 1, 2, 4, 5, 8, 9, 16, 18, 24]
    !! not UC: [0, 1, 2, 3, 4, 5, 16, 17, 18, 19, 20, 21]
    !! not UC: [0, 1, 2, 3, 4, 5, 8, 9, 10, 11, 12, 13, 16, 17, 18, 24, 25]
    !! not UC: [0, 1, 2, 3, 4, 5, 6, 7, 8, 9, 10, 12, 13, 14, 16, 17, 18, 19, 20, 21, 24, 26, 28]
    !! not UC: [0, 1, 2, 3, 4, 5, 8, 9, 10, 12]
    !! not UC: [0, 1, 2, 3, 4, 5, 6, 7, 8, 9, 10, 11, 12, 13, 14, 16, 17, 18, 19, 20, 21, 22, 23, 24, 28]
    !! not UC: [0, 1, 2, 3, 4, 5, 6, 8, 9, 10, 11, 12, 13, 16, 17, 18, 20, 21, 24, 26]
    !! not UC: [0, 1, 2, 3, 4, 5, 8, 9, 12, 16, 17, 18, 20, 21]
    !! not UC: [0, 1, 2, 3, 4, 5, 8, 9, 16, 17, 20, 21, 24, 25]
    !! not UC: [0, 1, 2, 3, 4, 5, 6, 8, 9, 10, 11, 12, 14, 16, 17, 18, 19, 20, 21, 24, 26]
    !! not UC: [0, 1, 2, 3, 4, 8, 9, 10, 11, 12, 16, 17, 18, 20, 24, 25, 28]
    !! not UC: [0, 1, 2, 4, 8, 16, 17, 24]
    !! not UC: [0, 1, 2, 3, 4, 5, 6, 8, 9, 10, 11, 16, 17, 18, 24, 25]
    !! not UC: [0, 1, 2, 3, 4, 5, 8, 9, 10, 11, 12, 16, 17, 18, 19, 24, 25, 26]
    !! not UC: [0, 1, 2, 3, 4, 5, 8, 9, 16, 17, 18, 20, 21]
    !! not UC: [0, 1, 2, 3, 4, 5, 8, 10, 12, 16, 17, 18, 19, 20, 21]
    !! not UC: [0, 1, 2, 3, 4, 5, 6, 7, 8, 12, 16, 17, 20, 24]
    !! not UC: [0, 1, 2, 3, 4, 5, 6, 7, 8, 9, 12, 16, 17, 18, 20, 21, 24, 28]
    !! not UC: [0, 2, 4, 6, 8, 10, 12, 16, 20]
    !! not UC: [0, 1, 2, 3, 4, 5, 8, 9, 10, 16, 17, 20]
    !! not UC: [0, 1, 2, 3, 4, 5, 6, 7, 8, 9, 10, 12, 14, 16, 18, 20, 22, 24, 26, 28]
    !! not UC: [0, 1, 2, 3, 4, 8, 9, 10, 11, 16, 18, 24]
    !! not UC: [0, 1, 2, 4, 5, 6, 8, 9, 10, 12, 13, 14, 16, 17, 20, 24]
    !! not UC: [0, 1, 2, 4, 5, 6, 8, 9, 10, 12, 13, 16, 20, 24]
    !! not UC: [0, 1, 2, 3, 4, 5, 6, 7, 8, 9, 12, 16, 18, 20, 22, 24, 28]
    !! not UC: [0, 1, 2, 3, 8, 9, 16, 17, 18, 19]
    !! not UC: [0, 1, 2, 3, 4, 5, 6, 7, 8, 9, 10, 12, 13, 16, 17, 18, 19]
    !! not UC: [0, 1, 2, 3, 4, 5, 8, 16, 17, 18, 19, 20, 21, 24]
    !! not UC: [0, 1, 2, 3, 4, 5, 6, 7, 8, 9, 10, 11, 12, 13, 16, 17, 18, 19, 20, 22, 24, 25, 26, 27]
    !! not UC: [0, 1, 2, 3, 4, 5, 6, 7, 8, 9, 10, 11, 12, 13, 16, 17, 18, 19, 20, 21, 24, 25, 26, 28, 29]
    !! not UC: [0, 1, 2, 3, 4, 5, 6, 8, 9, 10, 12, 16, 17, 24]
    !! not UC: [0, 1, 2, 3, 8, 16, 17]
    !! not UC: [0, 1, 2, 3, 4, 5, 6, 7, 8, 9, 10, 12, 14, 16, 17, 18, 19, 20, 21, 24, 25, 26]
    !! not UC: [0, 2, 4, 8, 10, 12, 16, 20, 24, 28]
    !! not UC: [0, 1, 2, 3, 4, 5, 8, 9, 10, 11, 12, 13, 16, 17, 18, 19, 24, 25, 26, 27]
    !! not UC: [0, 1, 2, 3, 4, 6, 8, 10, 16, 17, 18, 19, 24]
    !! not UC: [0, 1, 2, 3, 4, 5, 6, 8, 9, 10, 11, 12, 14, 16, 17, 18, 19, 20, 22, 24, 26, 28]
    !! not UC: [0, 1, 2, 4, 8, 9, 16, 17, 24, 25]
    !! not UC: [0, 1, 2, 3, 4, 6, 8, 9, 10, 12, 14, 16, 17, 18, 19, 20]
    !! not UC: [0, 1, 2, 3, 4, 5, 6, 7, 8, 10, 12, 16, 17, 18, 19, 20, 21, 22, 24, 26, 28]
    !! not UC: [0, 1, 2, 4, 5, 6, 8, 9, 12, 13, 16, 18, 20, 24, 28]
    !! not UC: [0, 1, 2, 3, 4, 6, 8, 9, 10, 11, 12, 14, 16, 18, 20]
    !! not UC: [0, 1, 2, 3, 4, 5, 8, 9, 10, 11, 12, 13, 16, 17, 20, 21, 24]
    !! not UC: [0, 1, 2, 3, 4, 8, 9, 12, 16, 17, 18, 19, 20, 24, 25, 28]
    !! not UC: [0, 1, 2, 3, 4, 5, 6, 7, 8, 9, 10, 11, 12, 13, 14, 16, 18, 20, 24, 28]
    !! not UC: [0, 1, 2, 4, 5, 6, 8, 9, 10, 12, 13, 16, 17, 20, 24]
    !! not UC: [0, 1, 2, 4, 6, 8, 12, 16, 17, 24]
    !! not UC: [0, 1, 2, 3, 4, 6, 8, 9, 12, 16, 18]
    !! not UC: [0, 1, 2, 3, 4, 5, 6, 8, 9, 12, 16, 17, 20, 21, 24, 28]
    !! not UC: [0, 1, 2, 4, 5, 6, 8, 9, 10, 12, 16, 17, 18]
    !! not UC: [0, 1, 2, 3, 4, 5, 6, 7, 8, 9, 10, 12, 13, 14, 16, 17, 18, 19, 20, 21, 24]
    !! not UC: [0, 1, 2, 3, 4, 5, 6, 7, 8, 9, 10, 11, 12, 13, 14, 15, 16, 17, 18, 19, 20, 21, 22, 24, 26, 28]
    !! not UC: [0, 1, 2, 3, 4, 6, 8, 9, 10, 16, 17, 24, 25]
    !! not UC: [0, 1, 2, 3, 4, 6, 8, 9, 16, 17, 18, 19, 20, 24, 25]
    !! not UC: [0, 1, 2, 3, 4, 5, 6, 7, 8, 9, 10, 12, 14, 16, 17, 18, 19, 20, 22, 24, 25, 28]
    !! not UC: [0, 1, 2, 3, 4, 5, 6, 16, 17, 18, 20, 21, 22]
    !! not UC: [0, 1, 2, 3, 8, 10, 16, 17]
    !! not UC: [0, 1, 2, 3, 4, 6, 8, 9, 10, 11, 12, 16, 17, 18, 20, 24, 25, 28]
    !! not UC: [0, 1, 2, 3, 4, 5, 6, 7, 8, 9, 10, 11, 12, 13, 14, 16, 17, 18, 19, 20, 21, 24, 25, 26, 27, 28, 29]
    !! not UC: [0, 1, 2, 4, 6, 8, 10, 12, 14, 16, 18, 20, 24, 28]
    !! not UC: [0, 1, 2, 4, 8, 10, 12, 16, 18, 24]
    !! not UC: [0, 1, 2, 4, 5, 8, 9, 12, 13]
    !! not UC: [0, 1, 2, 8, 9, 10, 16, 18]
    !! not UC: [0, 1, 2, 3, 4, 5, 6, 8, 9, 10, 11, 12, 16, 17, 18, 19, 20, 24]
    !! not UC: [0, 1, 2, 3, 4, 5, 6, 7, 8, 9, 16, 17, 18, 19, 20, 21, 24]
    !! not UC: [0, 1, 2, 3, 4, 5, 6, 8, 9, 16, 17, 18, 24]
    !! not UC: [0, 1, 2, 3, 4, 5, 6, 8, 10, 12, 16, 17, 18, 19, 24]
    !! not UC: [0, 1, 2, 3, 4, 5, 6, 7, 8, 9, 10, 11, 12, 13, 16, 17, 18, 19, 20, 21, 22, 24, 25, 26, 28]
    !! not UC: [0, 1, 2, 3, 4, 5, 6, 7, 8, 9, 12, 16, 17, 20, 24, 28]
    !! not UC: [0, 1, 2, 3, 4, 8, 9, 10, 11, 16, 17, 18, 24, 25, 26]
    !! not UC: [0, 1, 2, 3, 4, 5, 6, 7, 8, 9, 10, 11, 12, 13, 14, 15, 16, 17, 18, 19, 20, 21, 22, 23, 24, 25, 26, 28, 30]
    !! not UC: [0, 1, 2, 3, 4, 5, 6, 7, 8, 9, 10, 12, 14, 16, 17, 18, 19, 20, 21, 22, 24, 26, 28]
    !! not UC: [0, 1, 2, 8, 9, 10, 16, 17, 18, 24, 25]
    !! not UC: [0, 1, 2, 3, 4, 5, 6, 8, 16, 17, 18, 20, 21, 22]
    !! not UC: [0, 1, 2, 4, 6, 8, 9, 16, 17, 18, 24, 25]
    !! not UC: [0, 1, 2, 4, 6, 8, 10, 12, 14, 16, 17, 18, 24]
    !! not UC: [0, 1, 2, 3, 4, 5, 8, 9, 10, 11, 16, 17, 18, 19, 24, 25, 26, 27]
    !! not UC: [0, 1, 2, 3, 4, 5, 6, 7, 8, 9, 10, 12, 16, 17, 18, 20, 21, 24, 25]
    !! not UC: [0, 1, 2, 3, 4, 5, 6, 8, 9, 10, 11, 12, 16, 17, 18, 20, 21, 22, 24, 25]
    !! not UC: [0, 1, 2, 3, 4, 5, 6, 8, 9, 12, 16, 17, 18, 20, 21]
    !! not UC: [0, 1, 4, 8, 12, 16, 24]
    !! not UC: [0, 1, 2, 3, 4, 5, 8, 9, 10, 16, 17, 18, 19, 24, 25]
    !! not UC: [0, 2, 8, 16, 24]
    !! not UC: [0, 1, 2, 3, 4, 8, 10, 16, 24]
    !! not UC: [0, 1, 2, 3, 4, 5, 6, 7, 8, 16, 17, 18, 19, 20, 24]
    !! not UC: [0, 1, 2, 3, 4, 5, 6, 7, 8, 9, 10, 11, 12, 13, 14, 16, 17, 18, 19, 20, 21, 22, 24, 25, 26, 27, 28, 29, 30]
    !! not UC: [0, 1, 2, 3, 4, 5, 6, 7, 8, 9, 10, 11, 16, 18, 20, 24]
    !! not UC: [0, 2, 4, 6, 8, 10, 12, 14, 16, 24]
    !! not UC: [0, 1, 2, 4, 8, 9, 10, 12, 16, 17]
    !! not UC: [0, 1, 2, 3, 4, 5, 6, 8, 16, 18, 20, 22]
    !! not UC: [0, 1, 4, 5, 8, 9, 12, 16, 17, 20, 21, 24, 25]
    !! not UC: [0, 1, 2, 4, 5, 6, 8, 9, 12, 16, 20, 24, 28]
    !! not UC: [0, 1, 2, 3, 4, 5, 6, 7, 8, 9, 10, 16, 17, 18, 19, 20, 22, 24]
    !! not UC: [0, 1, 2, 3, 4, 5, 6, 7, 8, 9, 10, 12, 13, 16, 17, 18, 19, 20, 21, 22, 23, 24, 25, 28, 29]
    !! not UC: [0, 1, 2, 4, 5, 6, 8, 9, 10, 12, 16, 17, 18, 20, 24, 28]
    !! not UC: [0, 1, 2, 4, 5, 6, 8, 9, 10, 12, 14, 16, 18, 20, 24]
    !! not UC: [0, 1, 2, 3, 4, 5, 6, 8, 9, 16, 17, 20, 21, 24]
    !! not UC: [0, 1, 2, 3, 4, 5, 6, 7, 8, 9, 10, 12, 13, 16, 17, 18, 20, 21, 24, 25]
    !! not UC: [0, 2, 4, 6, 8, 10, 12, 14, 16, 18, 24, 26]
    !! not UC: [0, 1, 2, 3, 4, 5, 8, 9, 12, 13, 16, 17, 18, 20]
    !! not UC: [0, 1, 2, 3, 4, 5, 6, 8, 9, 10, 11, 16, 17, 18, 20, 21, 22, 24]
    !! not UC: [0, 1, 2, 3, 4, 5, 6, 7, 8, 9, 10, 11, 12, 16, 18, 20, 24, 28]
    !! not UC: [0, 1, 2, 3, 4, 5, 6, 7, 8, 9, 10, 11, 12, 16, 17, 18, 19, 20, 22, 24, 25, 28]
    !! not UC: [0, 1, 2, 4, 5, 8, 9, 12, 16, 17, 20, 21, 24, 25, 28]
    !! not UC: [0, 1, 2, 3, 4, 5, 6, 7, 8, 9, 10, 11, 12, 13, 14, 16, 17, 18, 20, 24, 26]
    !! not UC: [0, 1, 2, 3, 4, 5, 6, 8, 9, 10, 12, 14, 16, 17, 20, 24]
    !! not UC: [0, 1, 2, 3, 4, 5, 8, 9, 10, 11]
    !! not UC: [0, 1, 2, 3, 4, 5, 6, 8, 9, 10, 12, 16, 17, 18, 20, 21, 24, 28]
    !! not UC: [0, 1, 2, 3, 4, 5, 6, 7, 8, 9, 16, 17, 18, 20, 21, 24, 25]
    !! not UC: [0, 1, 2, 3, 4, 5, 6, 7, 8, 9, 10, 12, 13, 14, 16, 18, 24]
    !! not UC: [0, 1, 2, 3, 4, 5, 6, 8, 10, 16, 18, 24, 26]
    !! not UC: [0, 1, 2, 3, 4, 5, 6, 7, 8, 9, 10, 11, 12, 13, 14, 16, 17, 18, 19, 20, 21, 24, 26]
    !! not UC: [0, 1, 2, 3, 4, 6, 8, 9, 10, 11, 12, 14, 16, 17, 18, 19, 20, 24, 25, 26]
    !! not UC: [0, 1, 4, 16]
    !! not UC: [0, 1, 2, 3, 4, 5, 8, 9, 12, 13, 16, 17, 18, 20, 21, 24]
    !! not UC: [0, 1, 2, 3, 4, 5, 6, 7, 8, 9, 10, 11, 12, 16, 17, 18]
    !! not UC: [0, 1, 2, 3, 4, 5, 6, 8, 9, 12, 13, 16, 17, 18, 19, 20, 24, 28]
    !! not UC: [0, 1, 2, 4, 5, 8, 9, 10, 16, 17, 18, 24, 26]
    !! not UC: [0, 1, 2, 3, 4, 5, 6, 8, 9, 10, 11, 12, 16, 17, 24]
    !! not UC: [0, 1, 2, 3, 4, 5, 6, 7, 8, 9, 10, 12, 13, 14, 16, 17, 18, 19, 20, 21, 22, 24]
    !! not UC: [0, 1, 2, 3, 4, 8, 10, 12, 16, 17, 18, 24, 26]
    !! not UC: [0, 1, 2, 4, 8, 9, 16, 17, 18, 24]
    !! not UC: [0, 1, 2, 4, 8, 9, 10, 12, 16, 18, 24]
    !! not UC: [0, 1, 2, 3, 4, 5, 6, 8, 9, 10, 12, 13, 16, 17, 18, 19, 24, 26]
    !! not UC: [0, 1, 2, 3, 4, 5, 8, 9, 10, 12, 16, 17, 20, 21]
    !! not UC: [0, 1, 2, 4, 6, 8, 9, 16, 17, 18]
    !! not UC: [0, 1, 2, 3, 4, 5, 6, 8, 9, 10, 12, 13, 16, 17, 18, 19, 20, 21, 24, 28]
    !! not UC: [0, 1, 2, 3, 4, 5, 8, 9, 10, 11, 12, 16, 17, 20, 24, 25, 28]
    !! not UC: [0, 1, 4, 5, 8, 9, 12, 13, 16, 17, 20, 21]
    !! not UC: [0, 1, 2, 3, 4, 5, 6, 7, 8, 9, 10, 11, 12, 13, 14, 16, 18, 24]
    !! not UC: [0, 1, 2, 3, 4, 5, 8, 9, 10, 12, 13, 16, 17, 18, 19, 20, 21, 24, 26]
    !! not UC: [0, 1, 2, 3, 4, 5, 6, 8, 9, 10, 16, 17, 18, 19, 20, 21]
    !! not UC: [0, 1, 2, 3, 4, 5, 6, 7, 8, 9, 10, 12, 14, 16, 17, 18, 20, 24, 25]
    !! not UC: [0, 1, 2, 4, 8, 10, 16, 17, 18, 20]
    !! not UC: [0, 1, 2, 3, 4, 5, 8, 12, 16, 18, 20, 24]
    !! not UC: [0, 1, 2, 4, 6, 8, 9, 10, 12]
    !! not UC: [0, 1, 2, 3, 4, 5, 6, 7, 8, 9, 10, 12, 16, 17, 20, 21, 24, 28]
    !! not UC: [0, 1, 2, 4, 8, 12, 16, 18, 20]
    !! not UC: [0, 1, 4, 8, 16, 17]
    !! not UC: [0, 1, 4, 5, 8, 9, 12]
    !! not UC: [0, 1, 2, 3, 4, 5, 6, 7, 8, 9, 10, 11, 12, 13, 14, 15, 16, 17, 18, 19, 20, 21, 22, 23, 24, 25, 28]
    !! not UC: [0, 1, 2, 3, 4, 5, 6, 8, 9, 10, 12, 13, 16, 18]
    !! not UC: [0, 1, 2, 4, 5, 8, 9, 12, 13, 16, 17, 20, 21, 24, 25]
    !! not UC: [0, 1, 2, 4, 5, 6, 8, 9, 10, 12, 13, 16, 18, 20, 24, 26, 28]
    !! not UC: [0, 1, 2, 4, 6, 8, 9, 10, 16, 17, 20, 24, 25]
    !! not UC: [0, 1, 2, 3, 4, 5, 6, 8, 9, 10, 11, 12, 13, 14, 16, 18, 20, 22, 24, 26]
    !! not UC: [0, 1, 2, 3, 4, 5, 6, 7, 8, 9, 10, 12, 16, 17, 18, 19, 24, 26]
    !! not UC: [0, 1, 2, 3, 4, 5, 6, 7, 8, 9, 10, 11, 12, 13, 14, 15, 16, 17, 18, 20, 21, 24, 25]
    !! not UC: [0, 1, 2, 4, 8, 9, 10, 12, 16, 20, 24, 28]
    !! not UC: [0, 1, 2, 3, 4, 5, 16, 17, 18, 20, 21]
    !! not UC: [0, 1, 2, 3, 4, 5, 6, 7, 8, 10, 12, 16, 17, 18, 20, 22, 24]
    !! not UC: [0, 1, 2, 3, 4, 5, 6, 7, 8, 10, 12, 16, 17, 18, 20, 24, 28]
    !! not UC: [0, 1, 2, 4, 5, 6, 8, 10, 12, 16, 18]
    !! not UC: [0, 1, 2, 3, 4, 5, 6, 8, 9, 10, 12, 13, 14, 16, 17, 18, 20, 21, 24, 26]
    !! not UC: [0, 1, 2, 3, 4, 5, 6, 7, 8, 9, 10, 12, 13, 16, 18, 20, 24, 28]
    !! not UC: [0, 1, 2, 3, 4, 8, 9, 10, 11, 16, 20]
    !! not UC: [0, 1, 2, 4, 5, 8, 10, 12, 16, 17, 18, 20, 24]
    !! not UC: [0, 2, 4, 6, 8, 16, 24]
    !! not UC: [0, 1, 2, 3, 4, 5, 6, 7, 8, 9, 10, 12, 13, 16, 17]
    !! not UC: [0, 1, 2, 3, 4, 5, 6, 7, 8, 9, 10, 11, 12, 16, 17, 18, 20, 21, 22]
    !! not UC: [0, 1, 2, 3, 4, 5, 6, 16, 17, 20, 21]
    !! not UC: [0, 1, 2, 3, 4, 6, 8, 9, 10, 11, 12, 14, 16, 17, 18, 19, 20, 22, 24, 26, 28]
    !! not UC: [0, 1, 2, 3, 4, 5, 8, 10, 12, 16, 17, 18, 19, 20, 21, 24]
    !! not UC: [0, 1, 2, 3, 4, 5, 6, 7, 8, 9, 16, 17, 18, 20, 21, 22, 24]
    !! not UC: [0, 1, 2, 3, 4, 5, 6, 8, 12, 16, 17, 18, 20, 21]
    !! not UC: [0, 1, 2, 4, 5, 6, 8, 9, 12, 16, 17, 18, 24]
    !! not UC: [0, 1, 2, 3, 4, 5, 6, 8, 9, 10, 11, 12, 13, 16, 17, 18, 19, 20, 21, 24, 25, 28, 29]
    !! not UC: [0, 1, 2, 4, 5, 6, 8, 16, 17, 18, 20]
    !! not UC: [0, 1, 2, 3, 4, 5, 6, 7, 8, 9, 10, 11, 12, 13, 14, 16, 20, 24]
    !! not UC: [0, 1, 2, 3, 4, 5, 8, 9, 10, 11, 12, 13, 16, 17, 20, 24]
    !! not UC: [0, 1, 2, 3, 4, 5, 6, 8, 10, 16, 20, 24]
    !! not UC: [0, 1, 2, 3, 4, 5, 6, 7, 8, 9, 10, 11, 12, 13, 14, 15, 16, 18, 20]
    !! not UC: [0, 1, 2, 3, 4, 5, 6, 7, 8, 9, 10, 11, 12, 13, 14, 15, 16, 17, 18, 24]
    !! not UC: [0, 1, 2, 3, 4, 8, 9, 10, 11, 12, 16, 17, 20, 24, 25]
    !! not UC: [0, 2, 8, 10, 16, 18, 24, 26]
    !! not UC: [0, 1, 2, 3, 4, 5, 6, 8, 9, 10, 12, 16, 17, 18, 20, 22, 24, 25, 28]
    !! not UC: [0, 1, 2, 3, 4, 5, 6, 7, 8, 9, 10, 16, 17, 18, 24]
    !! not UC: [0, 1, 2, 3, 4, 5, 8, 9, 10, 12, 13, 16, 17, 18, 24, 25, 26]
    !! not UC: [0, 4, 16, 20]
    !! not UC: [0, 1, 2, 3, 4, 5, 6, 7, 8, 9, 10, 12, 13, 16, 17, 18, 19, 20, 24, 26]
    !! not UC: [0, 1, 2, 3, 4, 5, 6, 8, 9, 10, 12, 16, 17, 18, 20, 21, 22, 24, 26, 28]
    !! not UC: [0, 1, 2, 3, 4, 5, 6, 8, 9, 10, 12, 16, 17, 18, 19, 20, 21, 24, 26, 28]
    !! not UC: [0, 1, 2, 4, 8, 9, 16, 17, 18, 24, 25]
    !! not UC: [0, 1, 2, 4, 5, 16, 17, 18, 20]
    !! not UC: [0, 1, 2, 3, 4, 6, 8, 9, 12, 16, 17, 18, 20, 22]
    !! not UC: [0, 1, 2, 4, 8, 9, 16, 17, 24]
    !! not UC: [0, 2, 4, 6]
    !! not UC: [0, 1, 2, 4, 5, 8, 12, 16, 17, 18, 20, 21, 24, 28]
    !! not UC: [0, 1, 2, 3, 4, 5, 6, 8, 9, 10, 12, 14, 16, 20, 24]
    !! not UC: [0, 1, 2, 3, 4, 5, 8, 9, 10, 16, 20, 24]
    !! not UC: [0, 1, 2, 3, 4, 5, 6, 7, 8, 9, 12, 16, 17, 18, 19, 20, 21, 22, 24, 25]
    !! not UC: [0, 1, 2, 3, 4, 5, 6, 8, 9, 10, 11, 12, 13, 16, 17, 18, 20, 21, 22, 24, 25, 28]
    !! not UC: [0, 1, 2, 4, 5, 6, 8, 10, 12, 16, 18, 20, 24]
    !! not UC: [0, 1, 2, 3, 4, 6, 8, 9, 12, 16, 17, 18, 20, 24, 28]
    !! not UC: [0, 1, 2, 4, 5, 6, 8, 12, 16, 17, 24]
    !! not UC: [0, 1, 4, 5, 8, 16, 17]
    !! not UC: [0, 1, 2, 3, 8, 9, 10, 11, 16, 17, 24]
    !! not UC: [0, 1, 2, 3, 4, 5, 6, 8, 9, 10, 11, 12, 13, 16, 17, 20, 21]
    !! not UC: [0, 1, 2, 3, 4, 5, 6, 7, 8, 9, 10, 11, 12, 13, 14, 15, 16, 17, 18, 24, 26]
    !! not UC: [0, 1, 2, 3, 4, 6, 8, 9, 12, 16, 17, 18, 19, 20, 22, 24, 25]
    !! not UC: [0, 1, 4, 5, 8, 12, 16, 17, 20, 21, 24, 28]
    !! not UC: [0, 2, 4, 8, 12, 16, 18, 20, 24]
    !! not UC: [0, 1, 2, 4, 5, 8, 9, 12, 13, 16, 18, 24]
    !! not UC: [0, 1, 4, 8, 9, 12, 16, 17, 24, 25]
    !! not UC: [0, 1, 2, 3, 4, 5, 6, 8, 9, 10, 11, 12, 14, 16, 18, 20, 24, 26, 28]
    !! not UC: [0, 1, 2, 3, 4, 5, 6, 8, 9, 10, 11, 16, 17, 18, 20, 21, 24]
    !! not UC: [0, 1, 2, 4, 5, 6, 8, 9, 10, 12, 13, 14, 16, 17, 18, 20]
    !! not UC: [0, 1, 2, 3, 4, 5, 6, 7, 8, 9, 10, 11, 16, 17, 18, 19, 20, 21, 24]
    !! not UC: [0, 1, 2, 4, 5, 8, 10, 16, 17, 18, 20]
    !! not UC: [0, 1, 2, 3, 4, 8, 16, 18, 24]
    !! not UC: [0, 1, 2, 3, 4, 5, 8, 9, 10, 12, 13, 16, 17, 20, 24]
    !! not UC: [0, 1, 2, 3, 4, 5, 6, 8, 9, 10, 12, 14, 16, 17, 18, 19, 24, 25]
    !! not UC: [0, 1, 2, 3, 4, 8, 9, 10, 11, 12, 16, 17, 18, 20, 24, 25, 26]
    !! not UC: [0, 1, 2, 3, 4, 5, 8, 9, 10, 11, 16, 17, 18, 20, 21]
    !! not UC: [0, 1, 2, 3, 4, 5, 6, 7, 8, 9, 10, 11, 12, 13, 14, 16, 17, 18, 19, 20, 21, 22, 24, 25, 26, 28, 29, 30]
    !! not UC: [0, 1, 2, 3, 4, 5, 8, 9, 10, 12, 13, 16, 17, 24, 25]
    !! not UC: [0, 1, 2, 4, 6, 8, 9, 10, 12, 14, 16, 18, 20, 24, 26, 28]
    !! not UC: [0, 1, 2, 3, 4, 5, 6, 8, 12, 16, 17, 18, 19, 24]
    !! not UC: [0, 1, 2, 3, 4, 5, 6, 8, 9, 10, 12, 14, 16, 17, 18, 19, 20, 21, 24, 25, 28]
    !! not UC: [0, 1, 2, 3, 4, 8, 9, 10, 11, 12, 16, 24]
    !! not UC: [0, 1, 2, 4, 5, 8, 10, 16, 17, 18, 24, 26]
    !! not UC: [0, 1, 2, 3, 8, 9, 10, 11, 16, 17, 24, 25]
    !! not UC: [0, 1, 2, 3, 4, 6, 8, 9, 10, 16, 18, 20, 22, 24, 26]
    !! not UC: [0, 1, 2, 4, 5, 6, 8, 10, 12, 14, 16, 18]
    !! not UC: [0, 1, 2, 4, 5, 6, 8, 9, 10, 16, 18, 24]
    !! not UC: [0, 1, 8, 9, 16, 24]
    !! not UC: [0, 1, 2, 3, 4, 5, 6, 7, 8, 10, 12, 14, 16, 17, 18, 20, 24, 28]
    !! not UC: [0, 1, 2, 4, 5, 6, 8, 9, 10, 12, 13, 16, 17, 18, 20, 24, 28]
    !! not UC: [0, 1, 2, 3, 4, 6, 8, 10, 12, 14, 16, 18, 20, 22, 24, 26, 28]
    !! not UC: [0, 1, 2, 3, 4, 5, 6, 8, 9, 10, 12, 16, 17, 18, 19, 20, 22, 24, 25]
    !! not UC: [0, 1, 2, 8, 9, 10, 16, 17, 18, 24]
    !! not UC: [0, 1, 2, 3, 4, 6, 8, 9, 10, 12, 14, 16, 17, 18, 20, 22]
    !! not UC: [0, 1, 2, 3, 8, 10, 16, 24]
    !! not UC: [0, 1, 2, 3, 4, 5, 8, 9, 10, 11, 12, 16, 17, 18, 19, 20, 21, 24, 25, 26, 27]
    !! not UC: [0, 1, 2, 3, 4, 5, 8, 9, 12, 16, 18, 20, 24]
    !! not UC: [0, 1, 2, 3, 4, 6, 8, 10, 12, 16, 17, 18, 19, 20, 22, 24, 26, 28]
    !! not UC: [0, 1, 2, 3, 4, 5, 6, 8, 9, 10, 11, 12, 13, 14, 16, 17, 18, 20, 22, 24, 25, 28]
    !! not UC: [0, 1, 2, 3, 4, 6, 8, 9, 10, 11, 12, 16, 17]
    !! not UC: [0, 1, 2, 4, 5, 6, 8, 9, 10, 12, 16, 17, 18, 20, 22, 24, 28]
    !! not UC: [0, 1, 2, 3, 4, 5, 6, 8, 9, 10, 11, 12, 14, 16, 17, 18, 19, 20, 22, 24, 25, 26, 27, 28, 30]
    !! not UC: [0, 2, 4, 8, 10, 16, 24]
    !! not UC: [0, 1, 2, 4, 8, 16, 20, 24]
    !! not UC: [0, 1, 2, 3, 4, 5, 6, 8, 9, 10, 11, 12, 14, 16, 17, 18, 19, 20, 22, 24]
    !! not UC: [0, 1, 2, 4, 5, 6, 8, 9, 10, 12, 13, 14, 16, 18, 20]
    !! not UC: [0, 1, 2, 3, 4, 5, 6, 7, 8, 9, 10, 12, 14, 16, 17, 18, 19, 20, 24, 26]
    !! not UC: [0, 2, 4, 8, 12, 16, 18]
    !! not UC: [0, 1, 2, 4, 5, 6, 8, 9, 12, 13, 16, 17, 18, 20]
    !! not UC: [0, 1, 2, 3, 4, 5, 6, 7, 8, 9, 16, 17, 18, 19, 20, 22]
    !! not UC: [0, 1, 2, 3, 4, 5, 6, 7, 8, 9, 10, 11, 12, 13, 16, 17, 18, 19, 20, 21, 22, 24]
    !! not UC: [0, 1, 2, 3, 4, 8, 9, 10, 11, 12, 16, 17, 18]
    !! not UC: [0, 1, 2, 3, 4, 5, 6, 8, 9, 10, 16, 17, 18, 19, 24, 26]
    !! not UC: [0, 1, 2, 4, 5, 6, 8, 12, 16, 17, 18, 20, 21, 24]
    !! not UC: [0, 1, 2, 3, 4, 5, 6, 8, 12, 16, 17, 20, 21, 24, 28]
    !! not UC: [0, 1, 2, 3, 4, 5, 6, 8, 9, 12, 13, 16, 18, 24]
    !! not UC: [0, 1, 2, 3, 4, 5, 6, 8, 9, 10, 11, 12, 13, 16, 17, 18, 19, 20, 22]
    !! not UC: [0, 1, 2, 3, 4, 5, 8, 9, 12, 16, 17, 20, 24, 25, 28]
    !! not UC: [0, 1, 2, 3, 4, 5, 6, 8, 10, 12, 16, 18, 20, 22]
    !! not UC: [0, 1, 2, 4, 5, 6, 8, 9, 10, 12, 14, 16, 17, 18, 24, 25]
    !! not UC: [0, 1, 2, 4, 6, 8, 12, 16, 18, 20, 22, 24, 28]
    !! not UC: [0, 1, 2, 3, 4, 5, 6, 7, 8, 9, 12, 13, 16, 17, 18, 19, 20, 21, 24, 25]
    !! not UC: [0, 1, 2, 4, 5, 8, 9, 12, 13, 16]
    !! not UC: [0, 1, 2, 3, 4, 8, 9, 10, 11, 16, 17, 18, 19]
    !! not UC: [0, 1, 2, 3, 4, 5, 6, 8, 9, 10, 12, 13, 14, 16, 17, 18, 19, 20, 24, 26]
    !! not UC: [0, 1, 2, 3, 4, 5, 8, 12, 16, 18, 20, 24, 28]
    !! not UC: [0, 1, 2, 3, 4, 5, 6, 8, 9, 10, 11, 12, 14, 16, 17, 20, 21, 24, 28]
    !! not UC: [0, 1, 2, 4, 5, 6, 8, 9, 10, 12, 14, 16, 17, 18, 20, 21, 24, 25, 26]
    !! not UC: [0, 1, 2, 3, 4, 6, 8, 9, 10, 12, 16, 17, 18, 19, 20, 24, 25]
    !! not UC: [0, 1, 2, 3, 4, 5, 6, 8, 9, 10]
    !! not UC: [0, 1, 2, 3, 4, 5, 8, 9, 10, 11, 12, 16, 17, 18, 20, 21, 24, 28]
    !! not UC: [0, 1, 2, 3, 4, 5, 6, 7, 8, 9, 16, 17]
    !! not UC: [0, 1, 2, 3, 4, 8, 10, 16, 18, 24]
    !! not UC: [0, 1, 2, 3, 4, 8, 9, 16, 17, 18]
    !! not UC: [0, 1, 2, 3, 4, 6, 8, 9, 10, 12, 14, 16, 17, 24, 25]
    !! not UC: [0, 1, 2, 3, 4, 5, 6, 7, 8, 9, 10, 11, 12, 14, 16, 17, 24]
    !! not UC: [0, 1, 2, 3, 4, 5, 6, 7, 8, 9, 10, 11, 12, 13, 14, 16, 17, 18, 19, 20, 21, 22, 23, 24, 25, 26, 28]
    !! not UC: [0, 1, 2, 3, 4, 5, 6, 8, 9, 12, 13, 16, 17, 20, 21, 24]
    !! not UC: [0, 1, 2, 3, 4, 6, 8, 9, 10, 12, 16, 17, 18, 20, 22, 24, 25, 28]
    !! not UC: [0, 1, 2, 3, 4, 5, 6, 8, 9, 12, 16, 17, 20]
    !! not UC: [0, 1, 2, 3, 4, 5, 6, 7, 8, 9, 10, 12, 16, 17, 18, 20, 22, 24, 26]
    !! not UC: [0, 1, 2, 4, 5, 8, 10, 12, 16, 17, 18, 20, 21, 24]
    !! not UC: [0, 1, 2, 3, 4, 5, 6, 7, 8, 9, 10, 11, 12, 13, 16, 18, 20, 24, 26]
    !! not UC: [0, 1, 2, 3, 4, 5, 8, 9, 10, 12, 16, 17, 18, 19, 24, 25]
    !! not UC: [0, 1, 2, 3, 4, 5, 6, 7, 8, 9, 10, 11, 12, 13, 14, 16, 17, 18, 19, 20, 21, 22, 24]
    !! not UC: [0, 1, 2, 3, 4, 5, 6, 7, 8, 9, 10, 11, 12, 13, 14, 15, 16, 17, 18, 19, 24, 25, 26]
    !! not UC: [0, 1, 2, 3, 4, 5, 6, 7, 8, 16, 17, 20]
    !! not UC: [0, 1, 2, 3, 4, 5, 8, 9, 10, 11, 12, 13, 16, 17, 18, 20, 21, 24, 25, 26, 28, 29]
    !! not UC: [0, 1, 2, 3, 4, 5, 6, 8, 10, 12, 14, 16, 18, 20, 22, 24, 26, 28, 30]
    !! not UC: [0, 1, 2, 3, 4, 5, 6, 8, 10, 12, 14, 16, 17, 18, 20, 22, 24]
    !! not UC: [0, 1, 2, 3, 4, 5, 6, 7, 8, 10, 12, 14, 16, 17, 18, 19, 20, 22, 24]
    !! not UC: [0, 1, 2, 3, 4, 5, 6, 8, 10, 12, 16, 17, 18, 19, 20, 24]
    !! not UC: [0, 1, 2, 4, 5, 6, 8, 10, 12, 14, 16, 17, 18, 20, 21, 24]
    !! not UC: [0, 1, 2, 3, 4, 5, 6, 7, 8, 9, 10, 12, 13, 16, 17, 18, 19, 20, 21, 24, 25, 26, 28, 29]
    !! not UC: [0, 1, 2, 3, 4, 5, 6, 7, 8, 9, 10, 11, 12, 13, 14, 15, 16, 17, 18, 19, 20, 21, 24, 26]
    !! not UC: [0, 1, 2, 3, 4, 5, 6, 8, 9, 10, 12, 13, 14, 16, 18, 24]
    !! not UC: [0, 1, 2, 3, 4, 8, 9, 10, 11, 12, 16, 17, 18, 19, 20, 24, 25, 26, 27, 28]
    !! not UC: [0, 1, 2, 3, 4, 5, 6, 7, 8, 9, 10, 11, 12, 13, 14, 15, 16, 17, 20, 24, 28]
    !! not UC: [0, 1, 2, 3, 4, 5, 6, 7, 8, 9, 10, 11, 12, 13, 16, 17, 18, 19, 20, 21, 22, 24, 25, 26, 27]
    !! not UC: [0, 1, 2, 3, 4, 5, 6, 7, 8, 9, 12, 16, 20, 24, 28]
    !! not UC: [0, 1, 2, 3, 4, 5, 6, 7, 8, 9, 10, 12, 13, 14, 16, 17, 18, 20, 24, 25, 28]
    !! not UC: [0, 1, 2, 3, 4, 5, 6, 8, 9, 10, 12, 13, 14, 16, 17, 20, 21, 24, 28]
    !! not UC: [0, 1, 2, 3, 4, 5, 6, 7, 8, 9, 10, 11, 12, 13, 14, 15, 16, 17, 18, 20, 22, 24, 25, 26, 28, 30]
    !! not UC: [0, 1, 2, 3, 4, 6, 8, 9, 10, 12, 14, 16, 17, 20, 24]
    !! not UC: [0, 1, 2, 3, 4, 5, 6, 7, 8, 9, 10, 12, 13, 14, 16, 17, 20, 21, 24, 25]
    !! not UC: [0, 1, 2, 3, 4, 6, 8, 9, 12, 16, 17, 20, 24, 28]
    !! not UC: [0, 1, 2, 3, 4, 5, 6, 8, 16, 18, 20, 22, 24]
    !! not UC: [0, 1, 2, 3, 4, 6, 8, 9, 10, 12, 14, 16, 18, 20, 22, 24]
    !! not UC: [0, 1, 2, 3, 4, 5, 6, 8, 9, 12, 13, 16, 17, 20, 24]
    !! not UC: [0, 1, 2, 3, 4, 5, 6, 7, 8, 9, 10, 11, 12, 13, 14, 15, 16, 17, 18, 19, 20, 24, 25, 26, 27, 28]
    !! not UC: [0, 1, 2, 3, 4, 5, 6, 7, 8, 9, 10, 11, 12, 16, 17, 18, 19, 20, 21, 22, 23, 24, 28]
    !! not UC: [0, 1, 2, 3, 4, 5, 6, 7, 8, 9, 10, 11, 12, 14, 16, 17, 18, 20, 22, 24, 25, 26, 28]
    !! not UC: [0, 1, 2, 3, 4, 5, 6, 8, 9, 12, 13, 16, 17, 18, 20, 24, 25, 28]
    !! not UC: [0, 1, 2, 3, 4, 6, 8, 9, 10, 11, 12, 14, 16, 17, 24, 25]
    !! not UC: [0, 1, 2, 3, 4, 5, 8, 9, 10, 12, 13, 16, 17, 18, 19, 20, 24, 25, 26, 28]
    !! not UC: [0, 1, 2, 3, 8, 16, 18]
    !! not UC: [0, 1, 2, 4, 5, 6, 8, 9, 10, 12, 13, 14, 16, 17, 18, 24, 26]
    !! not UC: [0, 1, 2, 3, 4, 5, 6, 7, 8, 12, 16, 17, 18, 19, 20, 22, 24]
    !! not UC: [0, 1, 2, 3, 4, 5, 6, 7, 8, 9, 10, 16, 17, 24]
    !! not UC: [0, 1, 2, 4, 8, 9, 10, 16, 17, 20, 24, 25]
    !! not UC: [0, 1, 2, 3, 4, 5, 6, 7, 8, 9, 10, 11, 12, 13, 16, 17, 20, 21, 24]
    !! not UC: [0, 1, 2, 4, 6, 8, 10, 16, 18, 20, 22, 24, 26]
    !! not UC: [0, 1, 2, 3, 4, 5, 6, 7, 8, 9, 10, 16, 20, 24]
    !! not UC: [0, 1, 2, 3, 4, 5, 6, 7, 8, 9, 10, 11, 12, 13, 16, 17, 18, 20, 21, 24, 26]
    !! not UC: [0, 1, 2, 3, 4, 8, 16]
    !! not UC: [0, 1, 2, 4, 5, 16, 18]
    !! not UC: [0, 1, 2, 3, 4, 5, 8, 9, 10, 12, 13, 16, 17, 18, 20, 21, 24, 25, 26]
    !! not UC: [0, 1, 2, 3, 4, 5, 6, 7, 8, 9, 10, 11, 12, 13, 14, 15, 16, 17, 18, 20, 24, 25]
    !! not UC: [0, 4, 8, 16, 20, 24]
    !! not UC: [0, 1, 2, 4, 5, 6, 8, 10, 16, 17, 18, 20, 21, 22]
    !! not UC: [0, 1, 2, 3, 4, 6, 8, 9, 10, 12, 14, 16, 17, 18, 20, 24, 26]
    !! not UC: [0, 1, 4, 5, 8, 9, 12, 16, 17, 20, 21, 24, 25, 28]
    !! not UC: [0, 1, 2, 3, 4, 5, 6, 8, 9, 10, 11, 12, 13, 14, 16, 17, 18, 20, 22, 24, 25, 26, 28]
    !! not UC: [0, 1, 2, 3, 4, 5, 6, 8, 9, 10, 11, 16, 17, 18, 19, 20, 22, 24, 25]
    !! not UC: [0, 1, 2, 3, 4, 5, 6, 8, 10, 12, 14, 16, 17, 18, 20, 21, 22, 24, 26, 28, 30]
    !! not UC: [0, 1, 2, 3, 4, 5, 6, 7, 8, 9, 10, 12, 13, 14, 16, 17, 18, 19, 20, 21, 24, 25, 26, 28, 29]
    !! not UC: [0, 1, 2, 3, 4, 5, 6, 7, 8, 10, 12, 16, 18, 20, 22, 24, 26]
    !! not UC: [0, 1, 2, 8]
    !! not UC: [0, 1, 2, 3, 4, 8, 9, 10, 11, 16, 17, 18, 19, 20, 24, 25]
    !! not UC: [0, 1, 2, 3, 4, 5, 6, 7, 8, 9, 10, 12, 13, 16, 17, 18, 24, 25]
    !! not UC: [0, 1, 2, 4, 5, 6, 8, 10, 12, 14, 16, 17, 18, 20, 21, 22, 24, 26, 28]
    !! not UC: [0, 2, 4, 8, 12, 16, 18, 20, 24, 28]
    !! not UC: [0, 1, 2, 3, 4, 6, 8, 10, 12, 16, 17, 18, 19, 20, 22, 24, 28]
    !! not UC: [0, 1, 2, 3, 4, 6, 8, 10, 12, 14, 16, 18, 20, 24, 26, 28]
    !! not UC: [0, 1, 2, 3, 4, 5, 6, 8, 9, 10, 12, 16, 17, 20, 24, 25, 28]
    !! not UC: [0, 1, 4, 5, 8, 9, 16, 17]
    !! not UC: [0, 1, 2, 3, 4, 5, 6, 7, 8, 9, 10, 11, 12, 13, 14, 15, 16, 17, 18, 19, 20, 21, 22, 23, 24, 25]
    !! not UC: [0, 1, 2, 4, 5, 8, 9, 10, 16, 17, 18, 20]
    !! not UC: [0, 1, 2, 3, 4, 5, 6, 7, 8, 9, 10, 11, 12, 13, 14, 15, 16, 17, 18, 20, 21, 24, 26, 28]
    !! not UC: [0, 1, 2, 3, 4, 5, 6, 8, 10, 12, 16, 17, 18, 20, 24, 28]
    !! not UC: [0, 1, 2, 3, 4, 5, 6, 8, 9, 10, 11, 12, 14, 16, 18, 20, 24, 28]
    !! not UC: [0, 1, 2, 3, 4, 5, 6, 7, 8, 9, 10, 11, 12, 14, 16, 17, 18, 19, 20, 21, 22, 24, 25, 26]
    !! not UC: [0, 1, 2, 3, 4, 5, 6, 7, 8, 9, 10, 11, 12, 14, 16, 17, 18, 20, 24, 26]
    !! not UC: [0, 1, 2, 3, 4, 5, 6, 8, 9, 10, 12, 13, 14, 16, 17, 18, 20, 21, 24, 25]
    !! not UC: [0, 1, 2, 3, 4, 5, 6, 8, 9, 10, 12, 13, 14, 16, 17, 18, 20, 22, 24, 26, 28, 30]
    !! not UC: [0, 1, 2, 3, 4, 5, 6, 7, 8, 9, 10, 11, 16, 17, 18, 19, 20, 21, 22, 24, 26]
    !! not UC: [0, 1, 2, 3, 4, 5, 6, 7, 8, 9, 10, 11, 12, 14, 16, 17, 18, 20, 22, 24, 26]
    !! not UC: [0, 1, 2, 3, 4, 5, 6, 8, 9, 10, 11, 12, 13, 16, 17, 18, 20, 21, 22, 24, 25, 28, 29]
    !! not UC: [0, 1, 2, 3, 4, 5, 8, 9, 10, 11, 12, 13, 16, 17, 18, 20, 21, 24, 28]
    !! not UC: [0, 1, 2, 4, 5, 8, 9, 12, 13, 16, 20]
    !! not UC: [0, 1, 2, 4, 5, 6, 8, 10, 16, 18, 24]
    !! not UC: [0, 1, 2, 3, 4, 5, 8, 9, 12, 13, 16, 17, 20, 21, 24, 25, 28]
    !! not UC: [0, 1, 2, 3, 4, 5, 6, 7, 8, 9, 10, 11]
    !! not UC: [0, 1, 2, 3, 4, 5, 8, 9, 10, 11, 16, 17, 18, 20, 21, 24, 25]
    !! not UC: [0, 1, 2, 3, 4, 5, 6, 8, 9, 12, 16, 20, 24]
    !! not UC: [0, 1, 2, 3, 4, 5, 6, 8, 9, 10, 12, 13, 16, 17, 18, 19, 20, 24]
    !! not UC: [0, 1, 2, 3, 4, 5, 6, 7, 8, 9, 10, 11, 12, 13, 14, 16, 17, 18, 19, 20, 21, 22, 24, 26]
    !! not UC: [0, 1, 2, 4, 8, 9, 16, 17, 18]
    !! not UC: [0, 1, 2, 3, 4, 5, 8, 9, 16, 17, 18, 24]
    !! not UC: [0, 1, 2, 3, 4, 5, 6, 7, 8, 9, 10, 11, 12, 13, 14, 15, 16, 17, 18, 19, 20, 21, 22, 24, 25, 26, 28]
    !! not UC: [0, 1, 2, 3, 4, 5, 8, 9, 12, 16, 17]
    !! not UC: [0, 1, 2, 3, 4, 6, 8, 10, 12, 14, 16, 17, 18, 20, 24, 26, 28]
    !! not UC: [0, 1, 2, 3, 4, 6, 8, 9, 10, 11, 16, 17, 18, 20, 22, 24]
    !! not UC: [0, 1, 2, 4, 5, 6, 8, 9, 10, 12, 13, 16, 20]
    !! not UC: [0, 1, 2, 3, 4, 5, 6, 8, 9, 10, 11, 12, 13, 14, 16, 17, 18, 24, 26]
    !! not UC: [0, 1, 2, 3, 4, 5, 6, 7, 8, 10, 12, 16, 17, 18, 19, 20, 24, 28]
    !! not UC: [0, 1, 2, 3, 4, 5, 8, 9, 16, 17, 18, 20, 24]
    !! not UC: [0, 1, 2, 3, 4, 5, 8, 10, 12, 16, 18, 24, 26]
    !! not UC: [0, 1, 2, 3, 4, 5, 8, 10, 12, 16, 17, 18, 19, 20, 24]
    !! not UC: [0, 1, 2, 3, 4, 5, 6, 8, 12, 16, 17, 18, 20, 21, 22]
    !! not UC: [0, 1, 2, 3, 4, 8, 16, 20, 24]
    !! not UC: [0, 1, 2, 3, 4, 5, 6, 7, 8, 9, 10, 11, 12, 14, 16, 17, 18, 20, 21, 24, 28]
    !! not UC: [0, 1, 2, 3, 4, 5, 8, 10, 12, 16, 17, 18, 20, 24, 26, 28]
    !! not UC: [0, 1, 2, 3, 4, 6, 8, 9, 10, 12, 14, 16, 18, 20, 24, 26]
    !! not UC: [0, 1, 2, 3, 4, 5, 6, 8, 10, 12, 14, 16, 17, 18, 20, 21, 24, 28]
    !! not UC: [0, 1, 2, 3, 4, 5, 6, 7, 8, 9, 10, 12, 16, 17, 18, 19, 20, 21, 22, 23, 24, 25, 28]
    !! not UC: [0, 1, 2, 4, 5, 6, 8, 9, 10, 12, 13, 14, 16, 17, 18, 20, 21, 24, 25, 26]
    !! not UC: [0, 1, 2, 3, 4, 5, 6, 7, 8, 9, 12, 13, 16, 17, 18, 20, 21, 24, 25, 28]
    !! not UC: [0, 1, 2, 3, 4, 5, 6, 8, 9, 10, 11, 12, 16, 17, 20, 21, 24, 25, 28]
    !! not UC: [0, 1, 2, 3, 4, 5, 6, 8, 9, 10, 12, 13, 16, 17, 18, 19, 20, 24, 25, 26]
    !! not UC: [0, 1, 2, 3, 4, 5, 6, 7, 8, 9, 10, 11, 12, 16, 17, 18, 19, 20, 21, 22, 23, 24, 26, 28]
    !! not UC: [0, 1, 2, 3, 4, 6, 8, 9, 16, 17, 20]
    !! not UC: [0, 1, 2, 3, 4, 5, 6, 7, 8, 9, 10, 12, 16, 17, 18, 19, 20, 21, 22, 24, 25, 26]
    !! not UC: [0, 1, 2, 3, 4, 6, 8, 9, 10, 12, 16, 17, 18, 19, 20, 22]
    !! not UC: [0, 1, 2, 3, 4, 5, 6, 8, 9, 10, 11, 12, 14, 16, 17, 18, 24, 25, 26]
    !! not UC: [0, 1, 2, 3, 4, 5, 6, 8, 10, 12, 14, 16, 17, 18, 20, 24, 26]
    !! not UC: [0, 1, 2, 3, 4, 5, 6, 7, 8, 10, 12, 14, 16, 17, 18, 19, 20, 24, 26]
    !! not UC: [0, 1, 2, 3, 4, 6, 8, 9, 10, 11, 12, 16, 17, 18, 19, 20, 24, 25]
    !! not UC: [0, 1, 2, 4, 5, 8, 12, 16, 18, 20]
    !! not UC: [0, 1, 2, 4, 5, 6, 8, 9, 10, 12, 13, 14, 16, 18, 24, 26]
    !! not UC: [0, 1, 2, 4, 8, 9, 12, 16, 17, 18]
    !! not UC: [0, 1, 2, 4, 5, 6, 8, 9, 10, 12, 14, 16, 18, 24, 26]
    !! not UC: [0, 1, 2, 3, 4, 5, 6, 8, 10, 12, 14, 16, 17, 18, 19, 20, 21, 24, 28]
    !! not UC: [0, 1, 2, 3, 4, 6, 8, 9, 10, 12, 16, 18, 20, 24, 26]
    !! not UC: [0, 1, 2, 3, 4, 5, 6, 7, 8, 12, 16, 17, 18, 19, 20]
    !! not UC: [0, 1, 2, 3, 4, 5, 6, 8, 9, 10, 12, 14, 16, 17, 20, 24, 28]
    !! not UC: [0, 1, 2, 4, 6, 8, 9, 10, 12, 14, 16, 17, 18, 20, 22, 24, 25, 26]
    !! not UC: [0, 1, 2, 3, 4, 5, 6, 8, 9, 10, 12, 13, 14, 16, 17, 18, 19, 20, 24, 25, 26]
    !! not UC: [0, 1, 2, 3, 4, 5, 6, 7, 8, 9, 10, 11, 12, 13, 16, 17, 20]
    !! not UC: [0, 1, 2, 3, 4, 8, 12, 16, 17, 18, 19]
    !! not UC: [0, 1, 2, 3, 4, 5, 6, 8, 9, 12, 16]
    !! not UC: [0, 1, 2, 3, 4, 5, 6, 7, 8, 9, 10, 12, 13, 16, 17, 24, 25]
    !! not UC: [0, 1, 2, 4, 5, 8, 9, 12, 13, 16, 18]
    !! not UC: [0, 1, 2, 3, 4, 5, 6, 7, 8, 9, 10, 11, 12, 14, 16, 18, 20, 22, 24, 26, 28, 30]
    !! not UC: [0, 1, 2, 3, 4, 5, 6, 7, 8, 9, 10, 11, 12, 16, 17, 18, 19, 20, 22, 24, 26, 28]
    !! not UC: [0, 1, 2, 3, 4, 5, 6, 8, 9, 16, 20]
    !! not UC: [0, 1, 2, 3, 8, 9, 10, 16, 24]
    !! not UC: [0, 1, 2, 4, 5, 6, 8, 10, 12, 16, 18, 20]
    !! not UC: [0, 1, 2, 3, 4, 5, 8, 9, 10, 11, 12, 16, 17, 18, 20, 21]
    !! not UC: [0, 1, 2, 3, 4, 5, 6, 8, 9, 10, 12, 13, 14, 16, 17, 18, 24]
    !! not UC: [0, 1, 2, 3, 4, 5, 6, 7, 8, 9, 10, 12, 13, 14, 16, 17, 18, 19, 24]
    !! not UC: [0, 1, 2, 3, 4, 6, 8, 10, 12, 14, 16, 17, 18, 20, 22, 24, 26, 28, 30]
    !! not UC: [0, 1, 2, 4, 5, 6, 8, 9, 10, 12, 13, 14, 16, 17, 20, 21, 24, 25, 28]
    !! not UC: [0, 1, 2, 3, 4, 5, 6, 8, 9, 10, 11, 16, 17, 18, 20, 22, 24]
    !! not UC: [0, 1, 2, 3, 4, 5, 6, 7, 8, 9, 10, 11, 16, 17, 18, 19, 20, 22, 24]
    !! not UC: [0, 1, 2, 4, 8, 10, 16, 17, 20]
    !! not UC: [0, 1, 2, 4, 5, 6, 8, 9, 10, 16, 17, 18, 20, 21, 22]
    !! not UC: [0, 1, 2, 3, 4, 5, 6, 8, 9, 12, 16, 17, 20, 21]
    !! not UC: [0, 1, 2, 3, 4, 5, 6, 8, 10, 12, 14, 16, 17, 20, 24]
    !! not UC: [0, 1, 2, 3, 4, 6, 8, 9, 10, 11, 12, 16, 17, 18, 20, 22, 24, 25, 26]
    !! not UC: [0, 1, 2, 3, 4, 5, 8, 9, 10, 11, 12, 16, 17, 18, 19, 20, 24, 26, 28]
    !! not UC: [0, 1, 2, 4, 8, 10, 12, 16, 17]
    !! not UC: [0, 1, 2, 3, 4, 5, 6, 8, 9, 10, 11, 12, 13, 16, 18, 24]
    !! not UC: [0, 1, 2, 3, 4, 5, 6, 7, 8, 9, 10, 11, 12, 13, 14, 16, 17, 18, 19, 24, 25]
    !! not UC: [0, 1, 2, 3, 4, 5, 8, 9, 10, 12, 16, 17, 18, 20, 24, 25, 26]
    !! not UC: [0, 1, 2, 3, 4, 5, 6, 8, 9, 12, 16, 17, 18, 19, 20, 24, 25, 28]
    !! not UC: [0, 1, 2, 3, 4, 5, 6, 7, 8, 9, 10, 12, 14, 16, 17, 18, 20, 22, 24, 25, 26]
    !! not UC: [0, 1, 2, 3, 4, 5, 6, 7, 8, 10, 12, 16, 17, 18, 19, 20, 21, 24, 26, 28]
    !! not UC: [0, 1, 2, 3, 4, 5, 6, 8, 9, 10, 12, 14, 16, 17, 18, 19, 20, 22, 24]
    !! not UC: [0, 1, 2, 3, 8, 9, 10, 11, 16, 18, 24]
    !! not UC: [0, 1, 2, 4, 6, 8, 12, 16, 18]
    !! not UC: [0, 1, 2, 3, 4, 5, 6, 8, 9, 10, 11, 12, 13, 14, 16, 18, 20, 24, 28]
    !! not UC: [0, 1, 2, 3, 4, 5, 8, 9, 10, 11, 12, 16, 17, 18, 20, 24, 26, 28]
    !! not UC: [0, 1, 2, 3, 8, 10, 16]
    !! not UC: [0, 1, 4, 5, 16, 17, 20, 21]
    !! not UC: [0, 1, 2, 3, 4, 5, 6, 8, 16, 17, 18]
    !! not UC: [0, 1, 2, 3, 4, 5, 8, 9, 10, 11, 16, 17, 18, 19, 20, 21, 24, 25, 26]
    !! not UC: [0, 1, 2, 3, 4, 5, 6, 8, 9, 10, 12, 13, 16, 17, 20, 21, 24, 25, 28]
    !! not UC: [0, 1, 2, 3, 4, 6, 8, 9, 10, 16, 17, 18, 19]
    !! not UC: [0, 1, 2, 3, 4, 5, 6, 7, 8, 9, 10, 12, 13, 16, 17, 18, 19, 20, 21, 22, 23, 24, 26, 28]
    !! not UC: [0, 1, 2, 4, 6, 8, 9, 10, 12, 14, 16, 17, 24, 25]
    !! not UC: [0, 1, 2, 3, 4, 5, 6, 7, 8, 9, 10, 12, 14, 16, 17, 18, 20, 21, 24]
    !! not UC: [0, 1, 2, 3, 4, 5, 6, 7, 8, 9, 10, 11, 12, 13, 16, 17, 18, 20, 21, 22, 24, 25]
    !! not UC: [0, 1, 2, 3, 4, 5, 8, 9, 10, 11, 12, 16, 17, 18, 20, 24, 28]
    !! not UC: [0, 1, 2, 3, 4, 5, 6, 8, 10, 12, 16, 18, 24, 26]
    !! not UC: [0, 1, 2, 3, 4, 5, 6, 8, 9, 10, 11, 12, 14, 16, 17, 18, 20, 21, 24, 26, 28]
    !! not UC: [0, 1, 2, 3, 4, 5, 6, 8, 10, 12, 14, 16, 18, 20, 22]
    !! not UC: [0, 1, 2, 3, 4, 6, 8, 9, 10, 11, 12, 14, 16, 20]
    !! not UC: [0, 1, 2, 3, 4, 5, 6, 8, 9, 10, 11, 12, 13, 16, 17, 18, 19, 20, 21, 22, 24, 25]
    !! not UC: [0, 1, 2, 3, 4, 5, 6, 7, 8, 9, 10, 11, 12, 13, 14, 15, 16, 18, 20, 22, 24, 28]
    !! not UC: [0, 1, 2, 4, 5, 8, 16, 17, 18, 20, 21, 24]
    !! not UC: [0, 1, 2, 3, 4, 5, 6, 7, 8, 9, 10, 12, 13, 16, 17, 18, 19, 20, 24, 28]
    !! not UC: [0, 1, 2, 3, 4, 5, 6, 8, 9, 16, 24]
    !! not UC: [0, 1, 2, 3, 4, 5, 8, 9, 10, 11, 12, 16, 17, 18, 20, 21, 24, 26]
    !! not UC: [0, 1, 2, 3, 4, 5, 8, 9, 10, 12, 16, 17, 18, 20, 21, 24, 25, 28]
    !! not UC: [0, 1, 2, 4, 8, 10, 12, 16, 17, 18, 20, 24]
    !! not UC: [0, 1, 2, 4, 8, 9, 16]
    !! not UC: [0, 1, 2, 3, 4, 5, 6, 8, 9, 10, 12, 14, 16, 17, 20, 21]
    !! not UC: [0, 1, 2, 3, 4, 5, 6, 8, 9, 10, 11, 12, 14, 16, 17, 20, 21]
    !! not UC: [0, 1, 2, 3, 4, 8, 9, 12, 16, 17, 24]
    !! not UC: [0, 1, 2, 3, 4, 5, 6, 8, 9, 10, 11, 12, 14, 16, 17, 18, 19, 20, 24, 25, 26, 27]
    !! not UC: [0, 1, 2, 3, 4, 5, 6, 7, 8, 9, 10, 16, 17, 18, 24, 25]
    !! not UC: [0, 1, 2, 3, 4, 5, 6, 7, 8, 9, 10, 12, 14, 16, 17, 18, 19, 20, 21, 22, 23, 24, 25, 26, 28, 30]
    !! not UC: [0, 1, 8, 16]
    !! not UC: [0, 1, 2, 3, 4, 5, 6, 7, 16, 17, 18, 19]
    !! not UC: [0, 1, 2, 4, 6, 8, 9, 10, 12, 14, 16, 17, 20, 24, 28]
    !! not UC: [0, 1, 2, 4, 5, 6, 8, 9, 10, 12, 16, 18, 20, 22, 24, 28]
    !! not UC: [0, 1, 2, 3, 4, 6, 8, 9, 10, 16, 17, 18, 19, 20, 22, 24]
    !! not UC: [0, 1, 2, 3, 4, 5, 6, 8, 9, 10, 11, 16, 17, 18]
    !! not UC: [0, 1, 2, 3, 4, 6, 8, 9, 10, 11, 16, 17, 18, 19, 20, 22, 24, 25, 26, 27]
    !! not UC: [0, 1, 2, 4, 5, 6, 8, 16, 20, 24]
    !! not UC: [0, 1, 2, 3, 4, 5, 6, 8, 9, 10, 12, 13, 16, 17, 18, 20, 21, 24, 25]
    !! not UC: [0, 1, 2, 3, 4, 5, 6, 8, 9, 10, 12, 13, 14, 16, 17, 18, 19, 20, 21, 22, 24, 25, 26, 28]
    !! not UC: [0, 1, 2, 3, 4, 5, 6, 7, 8, 9, 10, 11, 12, 16, 17, 18, 19, 20, 21, 22]
    !! not UC: [0, 1, 2, 3, 4, 5, 6, 8, 12, 16, 17, 18, 24]
    !! not UC: [0, 1, 2, 3, 4, 5, 6, 8, 9, 10, 16, 17, 18, 19, 24]
    !! not UC: [0, 1, 2, 3, 4, 5, 6, 7, 8, 9, 10, 12, 14, 16, 17, 20, 21, 24]
    !! not UC: [0, 1, 2, 4, 5, 6, 8, 9, 10, 12, 13, 14, 16, 17, 18, 20, 21, 22, 24, 25, 26, 28, 30]
    !! not UC: [0, 1, 2, 3, 4, 5, 8, 9, 10, 12, 16, 17, 18, 19, 20, 21, 24]
    !! not UC: [0, 1, 2, 3, 4, 5, 6, 8, 9, 10, 11, 12, 13, 14, 16, 17, 18, 20, 24, 25, 26]
    !! not UC: [0, 1, 2, 3, 4, 5, 8, 9, 10, 12, 16, 17, 20, 24]
    !! not UC: [0, 1, 2, 3, 4, 5, 6, 8, 9, 10, 11, 12, 13, 14, 16, 18, 24, 26]
    !! not UC: [0, 1, 2, 3, 4, 6, 8, 9, 10, 11, 12, 16, 17, 18, 19, 20, 22, 24, 25, 26, 28]
    !! not UC: [0, 1, 2, 4, 5, 6, 8, 9, 12, 13, 16, 18, 20]
    !! not UC: [0, 1, 2, 3, 4, 5, 6, 7, 8, 9, 10, 11, 12, 13, 16, 17, 18, 20, 21, 22, 24, 25, 26]
    !! not UC: [0, 1, 4, 5, 8, 9, 12, 13, 16, 17, 20, 24]
    !! not UC: [0, 1, 2, 3, 4, 5, 8, 9, 16, 17, 18, 24, 25]
    !! not UC: [0, 1, 2, 3, 8, 16]
    !! not UC: [0, 1, 2, 3, 4, 5, 8, 9, 16, 17, 18, 20, 21, 24, 25]
    !! not UC: [0, 1, 2, 3, 4, 5, 6, 8, 9, 10, 16, 17, 18, 19, 20, 24]
    !! not UC: [0, 1, 2, 3, 4, 5, 6, 8, 9, 10, 12, 16, 17, 18, 19, 20, 21, 24, 25, 26, 28]
    !! not UC: [0, 1, 2, 3, 4, 5, 6, 8, 9, 10, 12, 16, 17, 18, 20, 21, 22, 24, 28]
    !! not UC: [0, 1, 2, 3, 4, 5, 6, 7, 8, 9, 12, 16, 17, 18, 19, 20, 21, 24, 25, 28]
    !! not UC: [0, 1, 2, 4, 5, 6, 8, 9, 10, 12, 14, 16, 17, 20, 21, 24, 25, 28]
    !! not UC: [0, 1, 2, 3, 4, 6, 8, 9, 10, 12, 16, 18, 24]
    !! not UC: [0, 1, 2, 3, 4, 5, 8, 9, 10, 11, 12, 13, 16, 17, 18, 20, 21, 24, 25, 26, 28]
    !! not UC: [0, 1, 2, 3, 4, 6, 8, 10, 16, 18, 20]
    !! not UC: [0, 1, 2, 4, 5, 6, 8, 10, 12, 14, 16, 17, 18, 24]
    !! not UC: [0, 1, 2, 3, 4, 5, 6, 8, 9, 10, 16, 17, 18, 20, 21, 22, 24, 25]
    !! not UC: [0, 1, 2, 4, 5, 8, 9, 10, 16, 17, 20, 21, 24, 25]
    !! not UC: [0, 1, 2, 3, 4, 5, 6, 7, 8, 16, 17, 18, 19, 24]
    !! not UC: [0, 1, 2, 3, 4, 6, 8, 9, 10, 11, 16, 20, 24]
    !! not UC: [0, 1, 2, 3, 4, 5, 6, 7, 8, 9, 10, 12, 14, 16, 17, 18, 19, 20, 22, 24, 25, 26, 28, 30]
    !! not UC: [0, 1, 2, 3, 4, 5, 6, 7, 8, 9, 10, 11, 12, 13, 14, 15, 16, 17, 18, 19, 24, 25, 26, 27]
    !! not UC: [0, 1, 2, 3, 4, 5, 6, 7, 8, 9, 12, 13, 16, 17, 18, 19, 20, 21, 22, 24, 25, 28]
    !! not UC: [0, 1, 2, 3, 4, 6, 8, 9, 10, 16, 17, 18, 20, 24, 25, 26]
    !! not UC: [0, 1, 2, 3, 16, 17, 18, 19]
    !! not UC: [0, 1, 2, 3, 8, 9, 10, 11, 16, 17, 18, 19, 24, 25, 26]
    !! not UC: [0, 1, 2, 3, 4, 8, 10, 12, 16, 18, 20, 24, 28]
    !! not UC: [0, 1, 2, 3, 4, 5, 6, 8, 9, 10, 11, 16, 17, 18, 19, 20, 21, 24, 25, 26, 27]
    !! not UC: [0, 1, 2, 3, 4, 5, 6, 7, 8, 9, 10, 11, 12, 13, 14, 15, 16, 17, 18, 19, 20, 21, 22, 24, 25, 26, 28, 30]
    !! not UC: [0, 1, 2, 3, 4, 5, 8, 9, 16, 17, 18, 20, 21, 24]
    !! not UC: [0, 1, 2, 4, 5, 6, 8, 9, 10, 12, 13, 16, 17, 20, 24, 25]
    !! not UC: [0, 1, 2, 3, 4, 6, 8, 9, 10, 12, 14, 16, 17, 18, 20, 22, 24, 25, 26]
    !! not UC: [0, 1, 2, 3, 4, 6, 8, 9, 10, 11, 12, 16, 17, 18, 19, 20, 22, 24, 25, 28]
    !! not UC: [0, 1, 2, 4, 8, 9, 10, 16, 17, 18, 24, 26]
    !! not UC: [0, 1, 2, 3, 4, 5, 6, 8, 9, 10, 16, 17, 20, 21, 24, 25]
    !! not UC: [0, 1, 2, 3, 4, 5, 6, 8, 9, 10, 11, 12, 13, 16, 17, 18, 19, 20, 22, 24]
    !! not UC: [0, 1, 2, 3, 4, 5, 6, 8, 9, 10, 12, 13, 16, 17, 18, 20, 21, 24, 28]
    !! not UC: [0, 1, 2, 3, 8, 9, 10, 16, 17, 18, 19, 24, 26]
    !! not UC: [0, 1, 2, 4, 8, 9, 10, 12]
    !! not UC: [0, 2, 4, 6, 8, 16, 18, 20, 22, 24]
    !! not UC: [0, 1, 2, 4, 5, 6, 8, 9, 16, 17, 18, 24]
    !! not UC: [0, 1, 2, 3, 4, 5, 8, 9, 10, 11, 12, 13, 16, 20]
    !! not UC: [0, 1, 2, 3, 4, 5, 6, 8, 16]
    !! not UC: [0, 1, 2, 3, 4, 5, 6, 8, 9, 10, 11, 12, 13, 14, 16, 18, 20, 22, 24]
    !! not UC: [0, 1, 2, 3, 4, 6, 8, 10, 12, 16, 17, 18, 19, 20, 24, 26, 28]
    !! not UC: [0, 1, 2, 4, 6, 8, 9, 10, 16, 18, 20, 24]
    !! not UC: [0, 1, 2, 4, 5, 6, 8, 9, 16, 17, 18, 20, 24]
    !! not UC: [0, 1, 2, 3, 4, 5, 6, 8, 9, 10, 11, 12, 14, 16, 17, 18, 20, 22]
    !! not UC: [0, 1, 2, 4, 5, 6, 8, 10, 12, 16, 17, 18, 20, 24, 26, 28]
    !! not UC: [0, 1, 2, 3, 4, 5, 6, 7, 8, 10, 12, 16, 18, 20, 22, 24, 28]
    !! not UC: [0, 1, 2, 3, 4, 6, 8, 10, 12]
    !! not UC: [0, 1, 2, 3, 4, 5, 6, 7, 8, 9, 10, 11, 12, 14, 16, 17, 18, 20, 24, 28]
    !! not UC: [0, 1, 2, 4, 5, 6, 8, 9, 12, 16, 17, 20]
    !! not UC: [0, 1, 2, 3, 4, 5, 8, 9, 10, 11, 16, 17, 18, 19, 20, 24, 26]
    !! not UC: [0, 1, 2, 3, 4, 5, 6, 8, 9, 10, 12, 13, 16, 17, 18, 20, 21, 22, 24, 25, 28]
    !! not UC: [0, 1, 2, 3, 4, 5, 6, 8, 10, 12, 16, 18, 20, 22, 24, 26, 28]
    !! not UC: [0, 1, 2, 4, 5, 6, 8, 12, 16, 17, 18]
    !! not UC: [0, 1, 2, 3, 4, 5, 6, 7, 8, 9, 10, 12, 13, 14, 16, 17, 18, 19, 20, 22, 24, 25, 28]
    !! not UC: [0, 2, 4, 6, 8, 10, 16, 18, 24]
    !! not UC: [0, 1, 4, 8, 9, 16, 20, 24]
    !! not UC: [0, 1, 2, 3, 4, 8, 9, 10, 11, 12, 16, 17, 18, 19, 20]
    !! not UC: [0, 1, 2, 3, 4, 5, 6, 7, 8, 9, 10, 12, 13, 14, 16, 17, 18, 20, 21, 24]
    !! not UC: [0, 1, 2, 3, 4, 5, 6, 8, 9, 10, 12, 13, 16, 24]
    !! not UC: [0, 1, 2, 4, 5, 8, 9, 10, 12, 16, 17, 18, 20]
    !! not UC: [0, 1, 2, 3, 4, 5, 8, 16, 17]
    !! not UC: [0, 1, 2, 3, 4, 6, 8, 9, 10, 11, 12, 16, 17, 20, 24, 25, 28]
    !! not UC: [0, 1, 2, 3, 4, 5, 6, 7, 8, 10, 12, 14, 16]
    !! not UC: [0, 1, 2, 3, 4, 5, 8, 10, 16, 18]
    !! not UC: [0, 1, 2, 3, 4, 5, 6, 8, 9, 10, 11, 16, 17, 18, 19, 20, 21, 22, 24, 25, 26, 27]
    !! not UC: [0, 1, 2, 3, 4, 5, 6, 7, 8, 9, 10, 11, 12, 16, 18, 24, 26]
    !! not UC: [0, 1, 2, 3, 4, 8, 10, 12, 16, 18, 20, 24, 26, 28]
    !! not UC: [0, 1, 2, 3, 4, 5, 6, 8, 10, 12, 16, 17]
    !! not UC: [0, 1, 2, 3, 4, 5, 6, 7, 8, 10, 12, 16, 17, 18, 20, 21, 22, 24, 26, 28]
    !! not UC: [0, 1, 2, 4, 5, 6, 8, 9, 10, 12, 13, 14, 16, 17, 18, 20, 21, 22, 24, 25, 28]
    !! not UC: [0, 1, 2, 3, 4, 5, 6, 8, 9, 10, 12, 16, 17, 18, 20, 24, 25]
    !! not UC: [0, 1, 2, 3, 4, 5, 6, 7, 8, 9, 10, 12, 16, 17, 18, 19, 20, 24, 25]
    !! not UC: [0, 1, 2, 4, 6, 8, 10, 12, 16, 18, 24, 26]
    !! not UC: [0, 1, 2, 3, 4, 5, 6, 7, 8, 9, 10, 11, 12, 14, 16, 17, 18, 19, 20, 21, 22]
    !! not UC: [0, 1, 2, 3, 4, 5, 6, 7, 8, 9, 10, 11, 12, 16, 17, 18, 19, 20, 21, 22, 23, 24, 25, 26, 27, 28]
    !! not UC: [0, 1, 2, 3, 4, 6, 8, 9, 10, 11, 16, 17, 18, 19, 24, 25, 26]
    !! not UC: [0, 1, 2, 3, 4, 5, 6, 7, 8, 9, 10, 12, 16, 17, 18, 19, 20, 21, 22, 24, 25, 28]
    !! not UC: [0, 1, 2, 3, 4, 6, 16, 17, 18, 19, 20]
    !! not UC: [0, 1, 2, 3, 4, 5, 6, 8, 9, 10, 11, 12, 13, 16, 17, 20]
    !! not UC: [0, 1, 2, 3, 4, 5, 6, 7, 8, 9, 10, 11, 12, 13, 14, 15, 16, 17, 20, 24, 25, 28]
    !! not UC: [0, 1, 2, 3, 4, 8, 9, 10, 11, 12, 16, 18, 20]
    !! not UC: [0, 1, 2, 4, 6, 8, 10, 12, 16, 18, 20]
    !! not UC: [0, 1, 2, 4, 5, 6, 8, 10, 16, 20]
    !! not UC: [0, 1, 2, 3, 4, 5, 6, 7, 8, 9, 10, 11, 12, 13, 14, 16, 17, 18, 20, 21, 22, 24, 25, 26, 28, 30]
    !! not UC: [0, 1, 2, 3, 4, 5, 6, 7, 8, 9, 10, 11, 12, 13, 14, 16, 17, 18, 19, 20, 22, 24, 25, 28]
    !! not UC: [0, 1, 2, 3, 4, 5, 8, 9, 10, 11, 12, 16, 17, 18, 19, 24, 25, 26, 27]
    !! not UC: [0, 1, 2, 3, 4, 5, 6, 7, 8, 9, 10, 16, 17, 18, 20, 21, 24, 25]
    !! not UC: [0, 1, 2, 3, 4, 5, 6, 8, 9, 10, 12, 13, 16, 17, 18, 20, 21, 24, 25, 28, 29]
    !! not UC: [0, 1, 2, 3, 4, 5, 6, 8, 9, 10, 11, 12, 13, 14, 16, 17, 18, 20, 21, 22, 24, 25, 26, 28, 29, 30]
    !! not UC: [0, 1, 2, 3, 8, 9, 10, 16, 17, 24, 25]
    !! not UC: [0, 1, 2, 4, 5, 6, 8, 12, 16, 20, 24]
    !! not UC: [0, 1, 2, 3, 4, 5, 6, 7, 8, 9, 10, 12, 13, 14, 16, 24]
    !! not UC: [0, 1, 2, 4, 6, 8, 9, 10, 12, 14, 16, 17, 18, 20, 22]
    !! not UC: [0, 1, 2, 3, 4, 5, 8, 9, 12, 13, 16, 17, 24, 25]
    !! not UC: [0, 1, 2, 4, 5, 8, 16, 20]
    !! not UC: [0, 1, 2, 4, 5, 8, 9, 10, 12, 13, 16, 17, 18, 20, 21, 24, 25, 26]
    !! not UC: [0, 1, 2, 4, 5, 8, 9, 16, 17, 18, 20, 24, 25]
    !! not UC: [0, 1, 2, 3, 4, 5, 6, 8, 9, 16, 17, 18, 19, 20, 22]
    !! not UC: [0, 1, 2, 3, 4, 5, 6, 7, 8, 9, 10, 11, 12, 14, 16, 17]
    !! not UC: [0, 1, 2, 3, 4, 8, 9, 10, 12, 16, 17, 18, 20, 24]
    !! not UC: [0, 8, 16]
    !! not UC: [0, 1, 2, 3, 4, 5, 6, 8, 9, 12, 13, 16, 24]
    !! not UC: [0, 1, 2, 3, 4, 5, 6, 7, 8, 9, 10, 12, 16, 17, 18, 19, 20, 21, 22, 23, 24]
    !! not UC: [0, 1, 2, 3, 4, 5, 6, 7, 8, 9, 10, 11, 12, 13, 14, 15, 16, 17, 18, 20, 24]
    !! not UC: [0, 1, 2, 4, 5, 8, 9, 16, 17, 18, 20, 21, 24, 25]
    !! not UC: [0, 1, 2, 4, 5, 8, 9, 10, 12, 13, 16, 17, 20, 21, 24, 25, 28]
    !! not UC: [0, 1, 2, 3, 4, 6, 8, 9, 10, 16, 18, 24, 26]
    !! not UC: [0, 1, 2, 3, 4, 5, 6, 8, 9, 10, 12, 13, 14, 16, 17, 18, 19, 24, 25]
    !! not UC: [0, 1, 2, 3, 4, 5, 6, 7, 8, 9, 10, 11, 12, 13, 16, 18, 24]
    !! not UC: [0, 1, 2, 3, 4, 5, 8, 9, 10, 11, 12, 16, 17, 20, 24]
    !! not UC: [0, 1, 2, 3, 4, 6, 8, 16, 17, 18, 19, 24]
    !! not UC: [0, 1, 2, 3, 4, 5, 6, 7, 8, 9, 10, 16, 18]
    !! not UC: [0, 1, 2, 3, 4, 5, 6, 7, 8, 12, 16, 17, 18, 20, 21, 24, 28]
    !! not UC: [0, 1, 2, 4, 5, 6, 8, 9, 12, 16, 17, 18, 20, 24, 25]
    !! not UC: [0, 1, 2, 4, 5, 6, 8, 9, 12, 13, 16, 17, 18, 20, 21, 24, 28]
    !! not UC: [0, 1, 2, 4, 5, 6, 8, 12, 16, 18, 20, 22, 24]
    !! not UC: [0, 1, 2, 3, 4, 8, 9, 16, 17, 24]
    !! not UC: [0, 1, 2, 3, 4, 5, 8, 9, 10, 12, 13, 16, 17, 18, 24]
    !! not UC: [0, 1, 2, 3, 4, 5, 6, 7, 8, 9, 10, 11, 12, 13, 16, 18, 20]
    !! not UC: [0, 1, 2, 3, 4, 6, 8, 9, 12, 16, 17, 18, 20]
    !! not UC: [0, 1, 2, 3, 4, 5, 6, 8, 9, 10, 12, 13, 14, 16, 18, 20, 24, 26, 28]
    !! not UC: [0, 1, 2, 3, 4, 5, 6, 7, 8, 9, 12, 13, 16, 17, 18, 19, 20, 21, 24, 25, 28, 29]
    !! not UC: [0, 1, 2, 3, 4, 6, 8, 10, 12, 16, 18, 20, 24, 26, 28]
    !! not UC: [0, 1, 2, 3, 4, 5, 6, 7, 8, 9, 12, 13, 16, 24]
    !! not UC: [0, 1, 2, 3, 4, 5, 6, 7, 8, 10, 16, 17, 18, 20, 21, 24]
    !! not UC: [0, 1, 2, 3, 4, 6, 8, 9, 16, 17, 24, 25]
    !! not UC: [0, 1, 2, 3, 4, 5, 6, 7, 8, 9, 10, 12, 13, 16, 17, 18, 19, 20, 22, 24, 25, 26]
    !! not UC: [0, 1, 2, 3, 4, 5, 6, 7, 8, 9, 10, 11, 12, 13, 14, 15, 16, 18, 24, 26]
    !! not UC: [0, 1, 2, 4, 6, 8, 10, 12, 16, 18, 20, 22, 24, 28]
    !! not UC: [0, 1, 2, 4, 5, 6, 8, 9, 10, 16, 17, 20, 24]
    !! not UC: [0, 1, 2, 3, 4, 5, 6, 7, 8, 9, 10, 12, 13, 14, 16, 17, 18, 19, 20, 21, 22, 24, 25, 26]
    !! not UC: [0, 1, 2, 3, 4, 8, 9, 10, 11, 16, 17, 24, 25]
    !! not UC: [0, 1, 2, 3, 4, 5, 6, 8, 9, 10, 12, 14, 16, 17, 18, 19, 20, 22, 24, 25, 26, 28, 30]
    !! not UC: [0, 1, 4, 5, 8, 9, 12, 16]
    !! not UC: [0, 1, 2, 3, 4, 5, 6, 8, 9, 12, 13, 16, 17, 18, 19, 20, 21, 24, 25]
    !! not UC: [0, 1, 2, 3, 4, 5, 8, 9, 10, 12, 13, 16, 17, 18, 20, 21, 24, 25, 26, 28, 29]
    !! not UC: [0, 1, 2, 3, 4, 5, 6, 8, 12, 16, 18, 20, 22, 24, 28]
    !! not UC: [0, 1, 2, 3, 4, 5, 6, 8, 9, 10, 11, 16, 17, 18, 19, 20, 21, 22, 24]
    !! not UC: [0, 1, 2, 3, 4, 5, 6, 7, 8, 9, 10, 12, 13, 14, 16, 17, 18, 19, 20, 21, 24, 28]
    !! not UC: [0, 1, 2, 3, 4, 5, 8, 10, 16, 17, 18, 24]
    !! not UC: [0, 1, 2, 3, 4, 5, 6, 7, 8, 9, 10, 12, 13, 14, 16, 17, 18, 20, 22, 24, 25]
    !! not UC: [0, 1, 4, 8, 9, 16, 17, 20]
    !! not UC: [0, 1, 2, 3, 4, 5, 6, 7, 8, 9, 12, 13, 16, 17, 18, 19, 20, 21, 22, 23, 24]
    !! not UC: [0, 1, 2, 3, 4, 5, 6, 7, 8, 9, 10, 11, 12, 13, 14, 16, 17, 18, 19, 20, 21, 24, 25, 26]
    !! not UC: [0, 1, 2, 3, 4, 5, 6, 8, 12, 16, 17, 18, 19, 20]
    !! not UC: [0, 2, 4, 8, 10, 12, 16, 20]
    !! not UC: [0, 1, 2, 4, 8, 12, 16]
    !! not UC: [0, 1, 2, 3, 4, 8, 9, 16, 17, 18, 24]
    !! not UC: [0, 1, 2, 8, 10]
    !! not UC: [0, 1, 2, 4, 5, 6, 8, 9, 16, 17, 18, 20, 21, 24]
    !! not UC: [0, 1, 2, 4, 6, 8, 9, 10, 16, 20, 24]
    !! not UC: [0, 1, 2, 4, 5, 8, 10, 12, 16, 17, 18, 20, 24, 28]
    !! not UC: [0, 1, 2, 3, 4, 5, 6, 7, 8, 9, 10, 11, 12, 13, 16, 17, 18, 24, 25, 26]
    !! not UC: [0, 1, 2, 3, 4, 6, 8, 9, 10, 11, 12, 14, 16, 17, 18, 20]
    !! not UC: [0, 1, 2, 3, 8, 10]
    !! not UC: [0, 2, 4, 6, 8, 10, 12, 16, 18, 20, 22]
    !! not UC: [0, 1, 2, 3, 4, 5, 8, 9, 10, 12, 13, 16, 18, 20, 24, 26]
    !! not UC: [0, 1, 2, 3, 4, 5, 6, 8, 9, 10, 11, 12, 14, 16, 18, 20, 22, 24, 28]
    !! not UC: [0, 1, 2, 3, 4, 5, 6, 7, 8, 9, 10, 11, 12, 13, 14, 16, 17, 18, 19, 20, 21, 22, 24, 25, 26, 28, 29]
    !! not UC: [0, 1, 2, 3, 4, 5, 8, 10, 16, 17, 20, 21, 24]
    !! not UC: [0, 1, 2, 3, 4, 5, 8, 9, 10, 11, 12, 13, 16, 17, 18, 19, 20, 21, 24, 28]
    !! not UC: [0, 1, 2, 3, 4, 5, 6, 7, 8, 9, 16, 17, 18, 20, 24, 25]
    !! not UC: [0, 1, 2, 3, 4, 6, 8, 12, 16, 17, 18, 19, 20, 24, 28]
    !! not UC: [0, 1, 2, 4, 5, 6, 8, 9, 12, 16, 17, 18, 20, 22, 24, 25]
    !! not UC: [0, 1, 2, 3, 4, 5, 8, 9, 10, 16, 17, 18, 20]
    !! not UC: [0, 1, 2, 3, 4, 5, 8, 9, 10, 12, 16]
    !! not UC: [0, 1, 2, 3, 4, 5, 6, 8, 9, 10, 12, 16, 17, 18, 20, 21, 24, 26]
    !! not UC: [0, 1, 2, 3, 8, 9, 16, 17, 18, 19, 24]
    !! not UC: [0, 1, 2, 3, 4, 6, 8, 9, 10, 11, 12, 16, 18, 20, 24]
    !! not UC: [0, 1, 2, 3, 4, 8, 9, 10, 16, 18]
    !! not UC: [0, 1, 2, 3, 4, 5, 6, 7, 8, 9, 10, 16, 20]
    !! not UC: [0, 1, 2, 3, 4, 5, 6, 8, 10, 16, 17, 18, 19]
    !! not UC: [0, 1, 2, 3, 4, 5, 6, 8, 16, 17, 18, 19]
    !! not UC: [0, 1, 2, 3, 4, 5, 6, 7, 8, 9, 10, 11, 12, 13, 16, 17, 18, 19, 20, 24, 25, 26, 28]
    !! not UC: [0, 1, 2, 3, 4, 5, 6, 7, 8, 9, 10, 11, 12, 13, 14, 16, 17, 18, 19, 20, 21, 22, 24, 25, 28, 29]
    !! not UC: [0, 1, 2, 3, 4, 5, 6, 8, 9, 10, 12, 13, 14, 16]
    !! not UC: [0, 1, 2, 4, 5, 6, 8, 9, 10, 12, 13, 14, 16, 17, 18, 20, 24]
    !! not UC: [0, 1, 2, 3, 4, 5, 6, 7, 8, 12, 16, 17]
    !! not UC: [0, 1, 2, 3, 4, 5, 6, 8, 9, 10, 11, 16, 17, 18, 20, 21]
    !! not UC: [0, 1, 2, 3, 4, 5, 6, 7, 8, 9, 10, 12, 13, 16, 17, 18, 20, 21, 24]
    !! not UC: [0, 1, 2, 3, 4, 6, 8, 9, 10, 12, 16, 17, 18, 19, 20, 22, 24, 25]
    !! not UC: [0, 1, 2, 3, 4, 6, 8, 9, 10, 12, 14, 16, 17, 18]
    !! not UC: [0, 1, 2, 3, 4, 5, 6, 7, 8, 9, 10, 12, 13, 14, 16, 17, 18, 19, 20, 21]
    !! not UC: [0, 1, 2, 3, 4, 5, 8, 9, 10, 11, 12, 16, 17, 20, 24, 28]
    !! not UC: [0, 1, 2, 3, 4, 5, 6, 8, 9, 10, 12, 13, 14, 16, 17, 20, 21, 24, 25]
    !! not UC: [0, 1, 2, 3, 4, 6, 8, 10, 12, 16, 18, 20, 22, 24, 26, 28]
    !! not UC: [0, 1, 2, 3, 4, 6, 8, 9, 10, 11, 16, 17, 18, 20, 24, 26]
    !! not UC: [0, 1, 2, 3, 4, 5, 6, 7, 8, 9, 10, 16, 17, 18, 20]
    !! not UC: [0, 1, 2, 3, 4, 6, 8, 9, 10, 11, 12, 14, 16, 17, 18, 19, 20, 24, 28]
    !! not UC: [0, 1, 2, 3, 4, 5, 6, 8, 10, 16, 17, 18, 19, 20, 22, 24]
    !! not UC: [0, 1, 2, 3, 4, 6, 8, 9, 12, 16, 17, 20, 24, 25, 28]
    !! not UC: [0, 1, 2, 3, 4, 5, 6, 7, 8, 10, 12, 14, 16, 17, 18, 20, 21, 24, 28]
    !! not UC: [0, 1, 2, 3, 4, 5, 6, 8, 9, 10, 12, 13, 16, 20]
    !! not UC: [0, 1, 2, 3, 4, 5, 6, 8, 12, 16, 17, 20, 21]
    !! not UC: [0, 1, 2, 3, 4, 5, 6, 7, 8, 9, 12, 13, 16, 18, 20, 24, 28]
    !! not UC: [0, 1, 2, 4, 5, 8, 9, 10, 12, 13, 16, 17, 20, 21]
    !! not UC: [0, 1, 2, 4, 5, 6, 8, 9, 10, 12, 13, 14, 16, 17, 24, 25]
    !! not UC: [0, 1, 2, 3, 4, 5, 8, 12, 16, 17, 18]
    !! not UC: [0, 1, 2, 3, 4, 5, 6, 8, 9, 10, 11, 16, 17, 18, 20]
    !! not UC: [0, 1, 2, 4, 6, 8, 10, 16, 17, 18, 20, 24, 26]
    !! not UC: [0, 2, 8, 16, 18, 24]
    !! not UC: [0, 1, 2, 3, 4, 5, 6, 8, 10, 12, 14, 16, 17, 18, 20, 21, 24, 26, 28]
    !! not UC: [0, 1, 2, 3, 4, 5, 6, 7, 8, 9, 10, 12, 16, 17, 18, 20, 22, 24, 25]
    !! not UC: [0, 1, 2, 3, 4, 5, 8, 9, 10, 12, 16, 17, 18, 20, 24, 25, 26, 28]
    !! not UC: [0, 1, 2, 3, 4, 5, 8, 9, 10, 12, 13, 16, 17, 20, 24, 28]
    !! not UC: [0, 1, 4, 5, 8, 9, 16, 17, 20, 21, 24, 25]
    !! not UC: [0, 1, 2, 4, 5, 6, 8, 9, 10, 12, 16, 17, 20, 21, 24, 25]
    !! not UC: [0, 1, 2, 3, 4, 5, 6, 8, 9, 10, 12, 13, 16]
    !! not UC: [0, 1, 2, 3, 4, 5, 6, 7, 8, 9, 10, 11, 12, 13, 14, 15, 16, 17, 20, 21, 24, 25]
    !! not UC: [0, 1, 2, 3, 4, 6, 8, 9, 10, 12, 16, 18, 20, 22, 24, 26]
    !! not UC: [0, 1, 2, 3, 4, 5, 8, 10, 12, 16, 17, 18, 19, 20, 24, 28]
    !! not UC: [0, 1, 2, 4, 6, 8, 10, 12, 14, 16, 20, 24, 28]
    !! not UC: [0, 1, 2, 4, 5, 8, 9, 10, 16, 17, 18, 20, 21, 24, 25, 26]
    !! not UC: [0, 1, 2, 3, 4, 5, 6, 7, 8, 9, 10, 12, 13, 16, 17, 18]
    !! not UC: [0, 1, 2, 3, 4, 5, 8, 9, 10, 11, 12, 13, 16, 18]
    !! not UC: [0, 1, 2, 3, 4, 5, 8, 9, 12, 13, 16, 17]
    !! not UC: [0, 1, 2, 3, 4, 5, 6, 7, 8, 9, 10, 11, 12, 13, 14, 16, 17, 18, 19, 20, 21, 24, 25, 28, 29]
    !! not UC: [0, 1, 2, 3, 4, 5, 6, 7, 8, 9, 10, 11, 12, 13, 14, 15, 16, 17, 18, 20, 22, 24, 25]
    !! not UC: [0, 1, 2, 4, 5, 6, 8, 9, 16, 17, 18, 20]
    !! not UC: [0, 1, 2, 4, 5, 6, 8, 10, 12, 14, 16, 17, 18, 20, 21, 24, 26, 28]
    !! not UC: [0, 1, 2, 3, 4, 5, 6, 7, 8, 9, 10, 12, 13, 16, 17, 18, 19, 20, 21, 24, 25, 26, 28]
    !! not UC: [0, 1, 2, 3, 4, 5, 6, 7, 8, 9, 10, 11, 12, 13, 16, 17, 18, 19, 20, 21, 22, 23, 24, 25, 28]
    !! not UC: [0, 1, 2, 3, 4, 5, 6, 7, 8, 16, 17, 18, 19, 20, 21, 22, 23]
    !! not UC: [0, 1, 2, 3, 4, 6, 8, 12, 16, 17, 18, 20]
    !! not UC: [0, 1, 2, 3, 4, 5, 6, 8, 10, 16, 17]
    !! not UC: [0, 1, 2, 3, 4, 8, 9, 10, 12, 16, 17, 18, 24, 25, 26]
    !! not UC: [0, 1, 2, 3, 4, 5, 8, 16, 17, 20]
    !! not UC: [0, 1, 2, 3, 4, 5, 6, 7, 8, 9, 10, 16, 18, 20]
    !! not UC: [0, 1, 2, 3, 4, 5, 6, 7, 8, 16, 18]
    !! not UC: [0, 1, 2, 3, 4, 8, 9, 10, 11, 12, 16, 17, 18, 20, 24, 25]
    !! not UC: [0, 1, 2, 3, 4, 6, 8, 9, 10, 11, 16, 17, 18, 19, 20, 24, 25, 26]
    !! not UC: [0, 1, 2, 3, 4, 5, 6, 8, 9, 10, 11, 12, 14, 16, 17, 18, 20, 21, 24, 25, 26]
    !! not UC: [0, 1, 2, 3, 4, 6, 8, 9, 10, 12, 14, 16, 18, 20, 22, 24, 26, 28, 30]
    !! not UC: [0, 1, 2, 3, 4, 5, 6, 8, 9, 10, 12, 14, 16, 17, 18, 20, 22, 24, 25, 26]
    !! not UC: [0, 1, 2, 3, 4, 5, 6, 8, 9, 10, 12, 14, 16, 17, 18, 20, 21, 24, 26]
    !! not UC: [0, 1, 2, 3, 4, 6, 8, 9, 10, 11, 12, 16, 17, 18, 19, 24, 25, 26]
    !! not UC: [0, 1, 2, 4, 8, 9, 10, 12, 16, 18, 20]
    !! not UC: [0, 1, 2, 3, 4, 5, 8, 9, 10, 12, 16, 17, 18, 19, 24]
    !! not UC: [0, 1, 2, 4, 6, 8, 9, 10, 12, 14, 16, 18, 20, 22, 24, 26]
    !! not UC: [0, 1, 2, 3, 4, 5, 6, 8, 9, 10, 12, 14, 16, 17, 18, 19, 20, 21, 22, 24, 25]
    !! not UC: [0, 1, 2, 4, 6, 8, 9, 10, 12, 16, 18, 20, 22]
    !! not UC: [0, 1, 2, 3, 4, 5, 6, 8, 9, 10, 11, 12, 13, 14, 16, 17, 18, 19, 20, 21, 22, 24, 25, 26]
    !! not UC: [0, 1, 2, 4, 6, 8, 9, 10, 12, 14, 16, 17, 18, 20, 24, 25, 26, 28]
    !! not UC: [0, 1, 2, 3, 4, 5, 8, 9, 10, 11, 12, 13, 16, 17, 18, 19]
    !! not UC: [0, 1, 2, 3, 4, 5, 6, 8, 9, 10, 16, 17, 18, 19, 20, 21, 24]
    !! not UC: [0, 1, 2, 3, 4, 5, 6, 8, 9, 10, 11, 12, 16, 18, 20, 22, 24, 28]
    !! not UC: [0, 1, 2, 4, 6, 8, 9, 16, 17, 20, 24, 25]
    !! not UC: [0, 1, 2, 3, 4, 5, 6, 8, 9, 10, 11, 12, 13, 14, 16, 17, 18, 19, 20, 21, 24, 25, 26]
    !! not UC: [0, 1, 2, 3, 4, 5, 6, 7, 8, 9, 10, 12, 13, 14, 16, 17, 18, 19, 20, 21, 22, 23, 24]
    !! not UC: [0, 1, 2, 4, 6, 8, 9, 12, 16, 17, 24, 25]
    !! not UC: [0, 1, 2, 3, 4, 5, 8, 9, 10, 12, 16, 17, 18, 19, 20, 24]
    !! not UC: [0, 1, 2, 4, 5, 8, 9, 10, 12, 16, 18, 20, 24, 26, 28]
    !! not UC: [0, 1, 2, 3, 4, 8, 9, 10, 16, 17, 18, 19, 20, 24, 26]
    !! not UC: [0, 1, 2, 3, 4, 5, 6, 8, 9, 10, 11, 12, 13, 14, 16, 17, 18, 24]
    !! not UC: [0, 1, 2, 3, 4, 5, 8, 9, 10, 11, 12, 13, 16, 17, 18, 19, 20, 24, 25]
    !! not UC: [0, 1, 2, 3, 4, 5, 6, 7, 8, 9, 10, 11, 12, 16, 17, 20, 21, 24, 25, 28]
    !! not UC: [0, 1, 2, 4, 16, 18, 20]
    !! not UC: [0, 1, 2, 4, 5, 8, 9, 16, 18]
    !! not UC: [0, 1, 2, 4, 5, 8, 9, 10, 12, 13, 16, 17, 18, 20, 21, 24, 25, 26, 28, 29]
    !! not UC: [0, 1, 2, 3, 4, 5, 6, 7, 8, 9, 10, 16, 17, 18, 20, 24, 25]
    !! not UC: [0, 1, 2, 3, 4, 8, 9, 10, 16, 17, 18]
    !! not UC: [0, 1, 2, 3, 4, 6, 8, 9, 10, 11, 12, 14, 16, 17, 18, 20, 22, 24]
    !! not UC: [0, 1, 2, 3, 4, 5, 6, 7, 8, 9, 10, 11, 12, 13, 16, 17, 18, 19, 20, 21, 24, 25, 28, 29]
    !! not UC: [0, 1, 2, 3, 4, 6, 8, 9, 10, 12, 16, 17, 18, 24, 25]
    !! not UC: [0, 1, 2, 3, 4, 5, 6, 7, 8, 9, 10, 11, 12, 14, 16, 17, 18, 24, 26]
    !! not UC: [0, 1, 2, 3, 4, 6, 8, 9, 10, 12, 16, 17, 18, 19, 20, 24, 26]
    !! not UC: [0, 1, 2, 3, 4, 5, 6, 7, 8, 9, 10, 12, 16, 17, 18, 20, 24]
    !! not UC: [0, 1, 2, 3, 4, 5, 8, 9, 10, 11, 16, 17, 18, 19, 24, 25]
    !! not UC: [0, 1, 2, 3, 4, 5, 6, 7, 8, 9, 10, 12, 13, 14, 16, 17, 18, 19, 20, 21, 22, 24, 26]
    !! not UC: [0, 1, 2, 3, 4, 5, 6, 8, 9, 10, 12, 13, 16, 17, 18, 20, 24, 25, 26, 28]
    !! not UC: [0, 1, 2, 4, 5, 6, 8, 10, 16]
    !! not UC: [0, 1, 2, 4, 5, 6, 8, 9, 10, 12, 13, 16, 17, 18, 20, 22]
    !! not UC: [0, 1, 2, 4, 5, 6, 8, 9, 10, 12, 14, 16, 18]
    !! not UC: [0, 1, 4, 8, 12, 16, 20]
    !! not UC: [0, 1, 2, 3, 4, 5, 6, 8, 10, 12, 16, 17, 24]
    !! not UC: [0, 1, 2, 3, 4, 5, 8, 16, 17, 18, 20, 21, 24]
    !! not UC: [0, 1, 2, 3, 4, 5, 6, 7, 8, 9, 10, 11, 12, 13, 14, 16, 17, 18, 19, 24, 25, 26, 27]
    !! not UC: [0, 1, 4, 5, 8, 16, 24]
    !! not UC: [0, 1, 2, 3, 4, 5, 8, 9, 12, 13, 16, 17, 18, 20, 21, 24, 28]
    !! not UC: [0, 1, 2, 4, 5, 6, 8, 9, 16, 17, 18, 20, 22, 24, 25]
    !! not UC: [0, 1, 2, 3, 4, 5, 8, 9, 10, 11, 12, 16, 17, 18, 20, 24, 25]
    !! not UC: [0, 1, 2, 3, 4, 5, 6, 7, 8, 9, 10, 11, 12, 16, 17, 18, 19, 20, 21, 22, 23, 24, 25, 26, 28]
    !! not UC: [0, 1, 2, 3, 4, 5, 6, 8, 9, 10, 12, 13, 16, 18, 24, 26]
    !! not UC: [0, 1, 2, 3, 4, 5, 6, 7, 8, 9, 10, 12, 13, 14, 16, 17, 18, 19, 24, 25, 26]
    !! not UC: [0, 1, 2, 3, 4, 5, 6, 8, 9, 16, 17, 18, 20, 22, 24, 25]
    !! not UC: [0, 1, 2, 3, 4, 5, 6, 7, 8, 9, 12, 13, 16, 17, 18, 20, 22, 24, 25]
    !! not UC: [0, 1, 2, 3, 4, 8, 9, 10, 11, 12, 16, 17, 18, 19, 20, 24, 26, 28]
    !! not UC: [0, 1, 2, 3, 4, 5, 6, 8, 9, 10, 12, 14, 16, 17, 18, 19, 20, 21, 22]
    !! not UC: [0, 1, 2, 3, 4, 5, 6, 7, 8, 9, 16, 18, 20]
    !! not UC: [0, 1, 2, 3, 4, 6, 8, 9, 12, 16, 17, 18, 19, 20, 22, 24, 28]
    !! not UC: [0, 1, 2, 4, 5, 6, 8, 9, 10, 12, 16, 17, 18, 20, 21, 24]
    !! not UC: [0, 1, 2, 3, 4, 6, 8, 12, 16, 20, 24, 28]
    !! not UC: [0, 1, 2, 3, 8, 16, 17, 18, 19, 24]
    !! not UC: [0, 1, 2, 4, 5, 6, 8, 9, 10, 12, 14, 16, 17, 18, 24, 25, 26]
    !! not UC: [0, 1, 2, 3, 4, 6, 16, 17, 18, 20]
    !! not UC: [0, 1, 2, 3, 4, 6, 8, 9, 10, 11, 12, 14, 16, 24]
    !! not UC: [0, 1, 2, 3, 4, 5, 6, 8, 9, 10, 12, 13, 14, 16, 17, 18, 19, 20, 21, 22, 24, 26]
    !! not UC: [0, 1, 2, 4, 6, 8, 9, 10, 12, 14, 16]
    !! not UC: [0, 1, 2, 3, 4, 5, 6, 8, 9, 10, 12, 16, 20, 24]
    !! not UC: [0, 1, 2, 3, 4, 5, 8]
    !! not UC: [0, 1, 2, 3, 4, 5, 6, 7, 8, 9, 10, 12, 14, 16, 17, 18, 19, 24, 25, 26]
    !! not UC: [0, 1, 2, 3, 4, 5, 6, 8, 9, 10, 12, 16, 18]
    !! not UC: [0, 1, 2, 3, 4, 6, 8, 9, 10, 11, 12, 16, 17, 18, 24, 25]
    !! not UC: [0, 1, 2, 4, 6, 8, 10, 12, 14, 16, 17, 18, 20, 24]
    !! not UC: [0, 1, 2, 3, 4, 5, 6, 8, 9, 10, 11, 12, 16, 17, 18, 20, 21, 24, 28]
    !! not UC: [0, 1, 2, 3, 4, 5, 8, 9, 12, 13, 16, 24]
    !! not UC: [0, 1, 2, 3, 4, 5, 6, 8, 9, 10, 11, 12, 16, 17, 18, 20, 22, 24, 25, 28]
    !! not UC: [0, 1, 2, 3, 4, 5, 6, 8, 10, 12, 16, 18, 20, 24]
    !! not UC: [0, 1, 2, 3, 4, 6, 8, 10, 12, 16, 18, 24, 26]
    !! not UC: [0, 1, 2, 3, 4, 5, 6, 7, 8, 9, 10, 12, 14, 16, 17, 18, 19, 20, 22, 24]
    !! not UC: [0, 1, 2, 3, 4, 5, 6, 7, 8, 9, 10, 11, 12, 14, 16, 17, 18, 19, 20, 24, 26, 28]
    !! not UC: [0, 1, 2, 4, 5, 8, 9, 12, 13, 16, 17, 20, 21, 24]
    !! not UC: [0, 1, 2, 3, 4, 8, 9, 10, 12, 16, 17, 18, 24]
    !! not UC: [0, 1, 2, 3, 4, 5, 6, 8, 9, 10, 12, 13, 14, 16, 17, 18, 20, 21, 24, 28]
    !! not UC: [0, 2, 4, 6, 16, 18, 20, 22]
    !! not UC: [0, 1, 2, 3, 4, 5, 6, 7, 8, 9, 10, 11, 12, 16, 17, 18, 20, 24, 26]
    !! not UC: [0, 1, 2, 3, 4, 5, 6, 7, 8, 9, 10, 12, 13, 14, 16, 17, 18, 20, 21]
    !! not UC: [0, 1, 2, 3, 4, 5, 6, 8, 9, 10, 12, 13, 16, 17, 18, 19, 20, 24, 26, 28]
    !! not UC: [0, 1, 2, 4, 5, 6, 8, 9, 10, 12, 13, 14, 16, 17, 18, 20, 21, 24, 26, 28]
    !! not UC: [0, 1, 2, 3, 4, 5, 8, 9, 10, 11, 12, 13, 16, 18, 24]
    !! not UC: [0, 1, 2, 3, 4, 5, 8, 10, 12, 16, 17, 18, 24]
    !! not UC: [0, 1, 2, 3, 4, 6, 8, 9, 10, 11, 16, 17, 18, 19, 24, 25, 26, 27]
    !! not UC: [0, 1, 4, 5, 8, 12, 16, 17, 20, 24, 28]
    !! not UC: [0, 1, 2, 3, 4, 5, 6]
    !! not UC: [0, 1, 2, 4, 5, 6, 8, 9, 10, 12, 13, 16, 18, 20, 24, 26]
    !! not UC: [0, 1, 2, 4, 5, 6, 8, 9, 10, 12, 14, 16, 18, 20, 24, 28]
    !! not UC: [0, 1, 2, 3, 4, 5, 6, 7, 8, 9, 16, 17, 18, 19, 20, 22, 24, 25]
    !! not UC: [0, 1, 2, 3, 4, 6, 8, 9, 10, 11, 12, 14, 16, 17, 18, 20, 24, 25, 26]
    !! not UC: [0, 1, 2, 3, 4, 5, 6, 7, 8, 9, 12, 13, 16, 18]
    !! not UC: [0, 1, 2, 3, 4, 6, 8, 9, 10, 11, 16, 17, 18, 24]
    !! not UC: [0, 1, 2, 4, 5, 6, 8, 9, 10, 12, 16, 17, 18, 20, 21, 22, 24, 25]
    !! not UC: [0, 1, 2, 3, 4, 5, 6, 7, 8, 9, 10, 11, 16, 17, 18, 19, 20, 24]
    !! not UC: [0, 1, 2, 3, 4, 5, 6, 8, 9, 10, 11, 12, 13, 16, 17, 18, 19, 20, 22, 24, 25, 28]
    !! not UC: [0, 1, 2, 3, 4, 6, 8, 12, 16, 18, 24]
    !! not UC: [0, 1, 2, 4, 5, 6, 8, 9, 10, 16, 17, 18, 20]
    !! not UC: [0, 1, 2, 3, 4, 5, 6, 8, 9, 10, 11, 12, 14, 16, 17, 18, 20, 21, 24, 25, 26, 28]
    !! not UC: [0, 1, 2, 3, 4, 6, 8, 9, 10, 11, 12, 14, 16, 17, 18, 19, 20, 22, 24, 25, 26, 27]
    !! not UC: [0, 1, 2, 3, 4, 5, 6, 8, 9, 10, 11, 12, 14, 16, 17, 20, 24]
    !! not UC: [0, 1, 2, 3, 4, 5, 6, 7, 8, 9, 10, 11, 12, 13, 14, 16, 17, 18, 19, 20, 21, 24]
    !! not UC: [0, 1, 2, 4, 6, 8, 9, 12, 16, 17, 18, 20, 22, 24, 25, 28]
    !! not UC: [0, 1, 2, 4, 5, 6, 8, 10, 12, 14, 16, 18, 20, 22, 24, 28]
    !! not UC: [0, 1, 2, 4, 6, 8, 9, 16, 17, 18, 20, 24]
    !! not UC: [0, 1, 2, 3, 4, 5, 6, 7, 8, 9, 10, 11, 12, 13, 14, 16, 17, 18, 19, 20, 22, 24, 28]
    !! not UC: [0, 1, 2, 4, 5, 8, 9, 10, 12, 16, 17, 20, 21, 24, 28]
    !! not UC: [0, 1, 2, 3, 4, 5, 8, 12, 16, 17, 18, 19, 20, 21]
    !! not UC: [0, 1, 2, 3, 4, 6, 8, 9, 10, 12, 14, 16, 17, 18, 20, 22, 24, 25]
    !! not UC: [0, 1, 2, 3, 4, 5, 6, 7, 8, 9, 12, 16, 17, 18, 20, 24]
    !! not UC: [0, 1, 4, 5, 8, 9, 12, 13, 16, 24]
    !! not UC: [0, 1, 2, 3, 4, 6, 8, 9, 10, 12, 16, 17, 18, 19]
    !! not UC: [0, 1, 2, 3, 4, 5, 6, 8, 9, 10, 11, 12, 14, 16, 24]
    !! not UC: [0, 1, 2, 3, 8, 9, 10, 11, 16, 17, 18, 19, 24, 26]
    !! not UC: [0, 2, 4, 6, 8, 12, 16, 18, 20, 24, 28]
    !! not UC: [0, 1, 2, 3, 4, 5, 6, 7, 8, 9, 10, 12, 13, 16, 17, 20, 24]
    !! not UC: [0, 1, 2, 3, 4, 5, 6, 7, 8, 12, 16, 17, 18, 19, 20, 21, 24, 28]
    !! not UC: [0, 1, 2, 3, 4, 6, 8, 10, 12, 14, 16, 17, 18, 20, 22]
    !! not UC: [0, 1, 2, 3, 4, 5, 6, 7, 8, 9, 10, 11, 12, 14, 16, 17, 18, 20, 21, 24, 25, 26, 28]
    !! not UC: [0, 2, 4, 6, 8, 10, 16, 18, 20, 22, 24, 26]
    !! not UC: [0, 1, 2, 3, 4, 6, 8, 9, 10, 12, 16, 17, 18, 20, 22, 24, 25, 26, 28]
    !! not UC: [0, 1, 2, 3, 4, 5, 6, 8, 9, 10, 16, 18, 24, 26]
    !! not UC: [0, 1, 2, 3, 4, 6, 8, 9, 10, 16, 18, 20, 24]
    !! not UC: [0, 1, 2, 3, 4, 5, 6, 7, 8, 9, 16, 17, 18, 19, 20]
    !! not UC: [0, 1, 2, 3, 4, 8, 10, 16, 17, 18, 20, 24, 26]
    !! not UC: [0, 1, 2, 3, 4, 5, 6, 7, 8, 9, 10, 16, 17]
    !! not UC: [0, 1, 2, 3, 4, 5, 8, 9, 10, 11, 16, 17, 18, 19, 20, 21, 24, 26]
    !! not UC: [0, 2, 4, 6, 8, 10, 12, 14]
    !! not UC: [0, 1, 2, 4, 5, 6, 8, 9, 10, 12, 13, 16, 17, 18, 20, 21, 24, 26, 28]
    !! not UC: [0, 1, 2, 3, 4, 5, 6, 7, 8, 9, 12, 16, 17, 20, 21, 24, 25, 28]
    !! not UC: [0, 1, 2, 3, 4, 5, 8, 9, 10, 11, 16, 20]
    !! not UC: [0, 1, 2, 3, 4, 5, 6, 8, 10, 12, 14, 16, 17, 18, 20, 22, 24, 28]
    !! not UC: [0, 1, 2, 3, 4, 8, 9, 10, 16, 17, 18, 19, 20, 24, 25, 26]
    !! not UC: [0, 1, 2, 4, 5, 6, 8, 9, 10, 12, 16, 17, 18, 24, 25, 26]
    !! not UC: [0, 1, 2, 3, 4, 5, 8, 12, 16, 17, 18, 20, 24, 28]
    !! not UC: [0, 1, 2, 3, 4, 5, 6, 8, 9, 16, 18]
    !! not UC: [0, 1, 2, 3, 4, 5, 8, 10, 12, 16, 17, 20, 21]
    !! not UC: [0, 1, 2, 3, 4, 5, 6, 8, 9, 10, 11, 12, 13, 16, 17, 18, 19, 20, 21, 22]
    !! not UC: [0, 1, 2, 3, 4, 5, 6, 7, 8, 9, 10, 12, 14, 16, 17, 18, 19, 20, 21, 22, 24, 25, 26, 28]
    !! not UC: [0, 1, 2, 4, 5, 8, 9, 10, 12, 13, 16, 17, 20, 21, 24]
    !! not UC: [0, 1, 2, 4, 5, 6, 8, 12, 16, 18, 20, 22, 24, 28]
    !! not UC: [0, 1, 2, 3, 4, 6, 8, 16, 17, 18, 19, 20, 22, 24]
    !! not UC: [0, 1, 2, 4, 5, 8, 9, 10, 12, 13, 16, 17, 18, 20, 21, 24, 25, 28]
    !! not UC: [0, 1, 2, 3, 4, 8, 9, 10, 11, 16, 17, 18, 19, 20, 24, 25, 26]
    !! not UC: [0, 1, 2, 3, 4, 5, 6, 7, 8, 10, 12, 14, 16, 17, 18, 20, 21, 24, 26]
    !! not UC: [0, 1, 2, 3, 4, 6, 8, 10, 12, 16, 18]
    !! not UC: [0, 1, 2, 4, 16, 18]
    !! not UC: [0, 1, 2, 3, 4, 6, 8, 10, 12, 16, 17, 18, 19, 20, 24, 26]
    !! not UC: [0, 1, 2, 3, 4, 8, 10, 16, 18, 24, 26]
    !! not UC: [0, 1, 2, 3, 4, 5, 6, 8, 10, 12, 14, 16, 17, 20, 24, 28]
    !! not UC: [0, 1, 2, 3, 4, 5, 6, 7, 8, 9, 10, 11, 12, 16, 17, 18, 19, 20, 21, 22, 23, 24, 25]
    !! not UC: [0, 1, 2, 4, 5, 8, 9, 10, 16, 17]
    !! not UC: [0, 1, 2, 3, 4, 6, 8, 12, 16, 18, 20, 22]
    !! not UC: [0, 1, 2, 3, 4, 5, 8, 9, 10, 11, 12, 16, 17, 18, 19, 20, 21, 24, 26]
    !! not UC: [0, 1, 2, 3, 4, 5, 6, 7, 8, 9, 12, 16, 20]
    !! not UC: [0, 1, 2, 3, 4, 5, 6, 7, 8, 9, 10, 11, 12, 16, 17, 18, 20, 22, 24, 28]
    !! not UC: [0, 1, 2, 3, 4, 5, 6, 8, 9, 10, 11, 12, 16, 17, 18, 19, 20, 21, 24, 26, 28]
    !! not UC: [0, 1, 2, 3, 4, 5, 6, 7, 8, 9, 10, 12, 13, 16, 17, 18, 19, 20, 24, 25, 28]
    !! not UC: [0, 1, 2, 4, 5, 6, 8, 16, 17, 20]
    !! not UC: [0, 1, 2, 3, 4, 5, 6, 7, 8, 9, 10, 16, 17, 20, 21, 24]
    !! not UC: [0, 1, 2, 3, 4, 5, 6, 7, 8, 9, 10, 12, 16, 17, 18, 19, 20, 21, 22, 23, 24, 25]
    !! not UC: [0, 1, 2, 4, 5, 6, 8, 9, 10, 16, 17, 18, 20, 21, 24]
    !! not UC: [0, 1, 2, 3, 4, 5, 6, 7, 8, 9, 12, 13, 16, 17, 18, 19, 20, 22, 24, 25]
    !! not UC: [0, 1, 2, 4, 6, 8, 9, 10, 12, 14, 16, 18, 20, 24, 28]
    !! not UC: [0, 1, 2, 3, 4, 5, 6, 8, 9, 12, 16, 18, 20, 22, 24]
    !! not UC: [0, 1, 2, 3, 4, 5, 6, 7, 8, 9, 10, 12, 13, 14, 16, 17, 18, 19, 20, 24, 26, 28]
    !! not UC: [0, 1, 2, 3, 4, 8, 9, 10, 11, 12]
    !! not UC: [0, 1, 4, 8, 9, 12, 16, 20, 24]
    !! not UC: [0, 1, 2, 3, 4, 5, 6, 8, 10, 12, 16, 18, 20, 22, 24, 26]
    !! not UC: [0, 1, 2, 3, 4, 5, 6, 8, 9, 10, 12, 13, 14, 16, 17, 18, 20, 21, 22, 24]
    !! not UC: [0, 1, 2, 4, 6, 8, 9, 10, 12, 14]
    !! not UC: [0, 1, 2, 4, 8, 10, 12, 16, 17, 18, 20]
    !! not UC: [0, 2, 4, 16, 18, 20]
    !! not UC: [0, 1, 2, 3, 4, 5, 6, 8, 9, 10, 11, 12, 13, 14, 16, 17, 18, 20, 21, 24, 26, 28]
    !! not UC: [0, 1, 2, 3, 4, 5, 6, 7, 8, 9, 10, 12, 14, 16, 17, 18, 19, 20, 24, 28]
    !! not UC: [0, 1, 2, 3, 4, 5, 6, 7, 8, 9, 10, 12, 14, 16, 17, 18, 20]
    !! not UC: [0, 1, 2, 3, 4, 5, 6, 8, 9, 10, 16, 17, 18, 24, 26]
    !! not UC: [0, 1, 2, 3, 4, 5, 6, 7, 8, 9, 10, 12, 16, 17, 18, 20, 21, 24, 26, 28]
    !! not UC: [0, 1, 2, 3, 8, 10, 16, 17, 18, 19]
    !! not UC: [0, 1, 2, 4, 8, 9, 10, 12, 16, 17, 18, 24, 26]
    !! not UC: [0, 1, 2, 3, 4, 5, 6, 7, 8, 9, 10, 11, 12, 16, 17, 18, 20, 22, 24, 26, 28]
    !! not UC: [0, 1, 2, 3, 4, 8, 9, 12, 16, 17, 24, 25]
    !! not UC: [0, 1, 2, 4, 8, 9, 10, 16, 17, 18, 24]
    !! not UC: [0, 1, 2, 4, 5, 8, 9, 10, 12, 16, 17, 20, 24]
    !! not UC: [0, 1, 2, 3, 4, 5, 6, 8, 9, 12, 16, 18, 24]
    !! not UC: [0, 1, 2, 4, 5, 8, 9, 16, 17, 18, 20, 21, 24]
    !! not UC: [0, 1, 2, 3, 4, 6, 8, 12, 16, 17, 20, 24]
    !! not UC: [0, 1, 2, 3, 4, 5, 6, 7, 8, 9, 10, 11, 12, 16, 17, 18, 19, 20, 24, 25, 26, 27, 28]
    !! not UC: [0, 1, 2, 3, 4, 5, 6, 7, 8, 9, 10, 11, 12, 13, 14, 15, 16, 17, 20]
    !! not UC: [0, 1, 2, 3, 4, 5, 6, 7, 8, 9, 10, 11, 12, 14, 16, 18, 20, 22, 24]
    !! not UC: [0, 1, 2, 3, 4, 5, 6, 7, 8, 9, 10, 11, 12, 13, 16, 17, 18, 20, 21, 22, 24, 26, 28]
    !! not UC: [0, 1, 2, 3, 4, 5, 6, 8, 12, 16, 17, 18, 19, 20, 21, 22, 24]
    !! not UC: [0, 1, 2, 4, 8, 9, 10, 12, 16, 20, 24]
    !! not UC: [0, 1, 2, 3, 4, 6, 8, 9, 10, 16, 17, 18, 19, 20, 24, 25]
    !! not UC: [0, 1, 2, 3, 4, 5, 6, 7, 8, 10, 12, 16, 17, 20, 21, 24, 28]
    !! not UC: [0, 1, 2, 3, 4, 5, 6, 8, 10, 12, 16, 17, 18, 20, 21, 24]
    !! not UC: [0, 1, 2, 3, 4, 6, 8, 9, 16, 18, 20, 22, 24]
    !! not UC: [0, 1, 2, 3, 4, 5, 6, 8, 12, 16, 17, 20, 24, 28]
    !! not UC: [0, 1, 2, 4, 6, 8, 12, 16, 18, 20, 24, 28]
    !! not UC: [0, 1, 2, 3, 4, 5, 6, 7, 8, 9, 10, 12, 13, 14, 16, 17, 18, 19, 20, 21, 22, 23]
    !! not UC: [0, 1, 2, 3, 4, 5, 6, 8, 9, 10, 12, 16, 17, 18, 19, 20, 21, 22, 24, 25, 26]
    !! not UC: [0, 1, 2, 4, 5, 6, 8, 16, 17, 18, 20, 21, 24]
    !! not UC: [0, 1, 2, 3, 4, 5, 6, 7, 8, 9, 10, 11, 12, 13, 14, 15, 16, 17, 18, 19, 20, 24, 25, 26, 28]
    !! not UC: [0, 1, 2, 3, 4, 5, 6, 16, 17, 18, 20]
    !! not UC: [0, 1, 2, 4, 5, 8, 16, 18]
    !! not UC: [0, 1, 2, 3, 4, 5, 8, 10, 12, 16, 17, 18, 19]
    !! not UC: [0, 1, 2, 3, 4, 5, 6, 7, 8, 9, 12, 13, 16, 17, 20, 21, 24, 28]
    !! not UC: [0, 1, 2, 3, 4, 5, 6, 7, 8, 9, 10, 12, 13, 14, 16, 17, 18, 20, 21, 22, 24, 25, 26, 28, 29]
    !! not UC: [0, 1, 2, 3, 4, 5, 6, 8, 9, 10, 12, 13, 14, 16, 18, 20]
    !! not UC: [0, 1, 2, 4, 6, 8, 9, 12, 16, 18, 20, 24, 28]
    !! not UC: [0, 1, 2, 3, 4, 5, 6, 8, 10, 12, 16, 17, 18, 20, 24]
    !! not UC: [0, 1, 2, 3, 4, 5, 6, 8, 9, 10, 12, 14, 16, 17, 18, 20, 21, 22, 24, 28]
    !! not UC: [0, 2, 4, 6, 8, 12, 16, 18, 20, 22, 24, 28]
    !! not UC: [0, 1, 2, 3, 4, 5, 6, 7, 8, 9, 10, 11, 12, 13, 14, 16, 17, 18, 19, 20, 21, 22, 24, 25, 26, 27, 28]
    !! not UC: [0, 1, 2, 4, 5, 8, 9, 10, 16, 17, 20]
    !! not UC: [0, 1, 2, 3, 4, 5, 6, 8, 9, 10, 11, 12, 13, 16, 18, 24, 26]
    !! not UC: [0, 1, 2, 4, 5, 6, 8, 9, 10, 12, 13, 14, 16, 17, 18, 20, 21, 22]
    !! not UC: [0, 1, 2, 3, 4, 6, 8, 9, 12, 16, 18, 20, 22]
    !! not UC: [0, 1, 2, 3, 4, 5, 8, 9, 10, 12, 16, 17, 18, 20, 24, 25]
    !! not UC: [0, 1, 2, 4, 5, 6, 8, 9, 12, 16, 18, 20, 22, 24, 28]
    !! not UC: [0, 1, 2, 3, 4, 6, 8, 9, 16, 17, 18, 19, 20, 22, 24]
    !! not UC: [0, 1, 2, 3, 4, 5, 6, 7, 8, 9, 10, 11, 12, 13, 16, 17, 18, 19, 20, 24, 28]
    !! not UC: [0, 1, 2, 3, 4, 5, 6, 7, 8, 9, 10, 11, 12, 13, 16, 17, 18, 19, 20, 24, 25, 26, 27]
    !! not UC: [0, 2, 4, 6, 8, 10, 12, 16, 20, 24, 28]
    !! not UC: [0, 1, 2, 4, 5, 6, 8, 10, 12, 14, 16, 17]
    !! not UC: [0, 1, 2, 4, 5, 6, 8, 9, 10, 12, 14, 16, 17, 18, 20, 21, 24, 26, 28]
    !! not UC: [0, 1, 2, 3, 4, 5, 8, 9, 10, 16, 17, 18, 20, 24, 25]
    !! not UC: [0, 1, 2, 3, 4, 6, 8, 9, 10, 12, 16, 17, 18, 19, 20, 24, 28]
    !! not UC: [0, 1, 2, 3, 4, 5, 6, 7, 8, 9, 12, 13, 16, 17, 18, 20, 24]
    !! not UC: [0, 1, 2, 3, 4, 5, 6, 8, 9, 10, 11, 12, 13, 14, 16, 17, 20, 21, 24, 25, 28, 29]
    !! not UC: [0, 1, 2, 3, 4, 6, 8, 9, 10, 11, 16, 17, 18, 19, 20, 22, 24, 26]
    !! not UC: [0, 1, 2, 4, 5, 6, 8, 10, 12, 14, 16, 17, 18, 20, 21, 22, 24]
    !! not UC: [0, 1, 2, 3, 4, 5, 6, 7, 8, 9, 10, 12, 13, 14, 16, 18, 20, 24]
    !! not UC: [0, 1, 2, 4, 5, 6, 8, 10, 12, 16, 17, 18, 24]
    !! not UC: [0, 1, 2, 4, 5, 6, 8, 9, 12, 16, 17, 18, 20, 22, 24, 25, 28]
    !! not UC: [0, 1, 2, 3, 4, 5, 6, 8, 9, 10, 12, 13, 14, 16, 17, 18, 20, 24, 26, 28]
    !! not UC: [0, 1, 2, 4, 6, 8, 9, 10, 12, 16, 18, 20, 24]
    !! not UC: [0, 1, 2, 4, 5, 8, 9, 12, 16, 17, 18, 20, 21]
    !! not UC: [0, 1, 2, 3, 4, 5, 6, 8, 12, 16, 17, 18, 20, 24, 28]
    !! not UC: [0, 1, 2, 4, 8, 10, 12, 16, 17, 18, 20, 24, 26]
    !! not UC: [0, 1, 2, 3, 4, 5, 8, 9, 12, 13, 16, 17, 18, 19]
    !! not UC: [0, 1, 2, 4, 8, 9, 10, 12, 16, 17, 18]
    !! not UC: [0, 1, 2, 3, 4, 5, 8, 9, 10, 11, 12, 16, 17, 20, 21]
    !! not UC: [0, 1, 2, 3, 4, 5, 6, 8, 9, 10, 11, 12, 13, 14, 16, 17, 18, 19, 20, 21, 22, 24, 26]
    !! not UC: [0, 1, 2, 3, 4, 5, 6, 8, 9, 10, 11, 12, 13, 14, 16, 17, 18, 19, 20, 21, 24]
    !! not UC: [0, 1, 2, 4, 6, 8, 12, 16, 17, 18, 20]
    !! not UC: [0, 1, 2, 3, 4, 5, 6, 8, 9, 10, 11, 12, 14, 16, 17, 18, 20, 22, 24, 25, 26, 28, 30]
    !! not UC: [0, 1, 2, 3, 4, 5, 6, 8, 9, 10, 12, 16, 17, 18, 20, 21, 22, 24, 25, 26]
    !! not UC: [0, 1, 2, 3, 4, 5, 6, 8, 9, 10, 12, 16, 18, 20, 22, 24, 28]
    !! not UC: [0, 1, 2, 3, 4, 5, 6, 8, 9, 10, 11, 12, 13, 16, 24]
    !! not UC: [0, 1, 2, 3, 4, 5, 6, 8, 9, 10, 12, 13, 14, 16, 17, 18, 19, 20]
    !! not UC: [0, 1, 2, 3, 4, 6, 8, 9, 10, 11, 12, 16, 18, 20]
    !! not UC: [0, 1, 2, 4, 6, 8, 10, 16, 17, 20, 24]
    !! not UC: [0, 2, 8, 16]
    !! not UC: [0, 1, 2, 3, 4, 5, 6, 8, 9, 12, 13, 16, 17, 18, 20, 22]
    !! not UC: [0, 1, 2, 4, 5, 8, 9, 16, 17, 20, 21, 24, 25]
    !! not UC: [0, 1, 2, 4, 5, 6, 8, 9, 10, 16, 17, 20, 24, 25]
    !! not UC: [0, 1, 2, 3, 4, 5, 6, 7, 8, 9, 10, 12, 13, 16, 17, 18, 19, 20, 21, 24]
    !! not UC: [0, 1, 2, 3, 4, 5, 6, 7, 8, 9, 10, 12, 13, 16, 24]
    !! not UC: [0, 1, 2, 3, 4, 5, 6, 8, 9, 12, 13, 16, 18, 20]
    !! not UC: [0, 1, 2, 3, 4, 5, 6, 7, 8, 9, 10, 12, 13, 16, 20]
    !! not UC: [0, 1, 2, 3, 4, 5, 6, 7, 8, 9, 10, 12, 14, 16, 17, 18, 20, 22, 24, 25, 26, 28, 30]
    !! not UC: [0, 1, 2, 3, 4, 5, 6, 7, 8, 9, 10, 11, 12, 13, 14, 15, 16, 17, 20, 21, 24]
    !! not UC: [0, 1, 2, 4, 6, 8, 9, 10, 12, 14, 16, 20, 24, 28]
    !! not UC: [0, 1, 2, 4, 5, 6, 8, 9, 10, 12, 13, 16, 17, 20, 21, 24, 25, 28]
    !! not UC: [0, 1, 2, 3, 4, 5, 6, 7, 8, 9, 10, 16, 17, 18, 24, 25, 26]
    !! not UC: [0, 1, 2, 3, 4, 5, 6, 8, 12, 16, 17, 18, 19, 20, 22]
    !! not UC: [0, 1, 2, 3, 4, 5, 6, 8, 9, 10, 12, 13, 14, 16, 17, 18, 19, 20, 21, 24, 26, 28]
    !! not UC: [0, 1, 2, 4, 6, 8, 9, 10, 12, 14, 16, 18, 20, 22, 24]
    !! not UC: [0, 1, 2, 3, 4, 5, 6, 8, 9, 10, 12, 14, 16, 17, 18, 24, 25]
    !! not UC: [0, 1, 2, 3, 4, 5, 6, 7, 8, 9, 10, 12, 14, 16, 17, 18, 19, 24, 25]
    !! not UC: [0, 1, 2, 4, 6, 8, 9, 10, 12, 16, 18]
    !! not UC: [0, 1, 4, 8, 12, 16, 17]
    !! not UC: [0, 1, 2, 3, 4, 5, 6, 8, 10, 12, 16, 17, 18, 20, 21, 22, 24, 26]
    !! not UC: [0, 1, 2, 3, 4, 6, 8, 12, 16, 17, 18, 19, 20, 22]
    !! not UC: [0, 1, 2, 4, 6, 8, 9, 10, 16, 18, 20]
    !! not UC: [0, 1, 2, 3, 4, 5, 6, 8, 10, 12, 14, 16, 20, 24]
    !! not UC: [0, 1, 2, 3, 8, 9, 10, 11, 16, 18]
    !! not UC: [0, 1, 2, 3, 4, 5, 8, 9, 10, 11, 12, 16, 18]
    !! not UC: [0, 1, 2, 3, 4, 5, 6, 8, 9, 10, 11, 12, 16, 17, 18, 19, 20, 24, 26]
    !! not UC: [0, 1, 2, 4, 5, 8, 16, 17, 18, 20]
    !! not UC: [0, 1, 2, 3, 4, 5, 6, 7, 8, 9, 10, 12, 13, 16, 17, 20, 21, 24]
    !! not UC: [0, 1, 2, 3, 4, 5, 6, 8, 9, 12, 13, 16, 17]
    !! not UC: [0, 1, 2, 4, 5, 6, 8, 9, 10, 12, 13, 16, 17, 18, 20, 21, 22]
    !! not UC: [0, 1, 2, 3, 4, 5, 6, 7, 8, 10, 12, 14, 16, 17, 18, 20, 21, 22]
    !! not UC: [0, 1, 2, 3, 4, 5, 8, 9, 10, 11, 16, 24]
    !! not UC: [0, 1, 2, 3, 4, 5, 8, 9]
    !! not UC: [0, 1, 2, 3, 4, 5, 6, 8, 9, 10, 12, 13, 14, 16, 17, 18, 20, 24, 25, 26, 28]
    !! not UC: [0, 1, 2, 4, 5, 6, 8, 12, 16, 20]
    !! not UC: [0, 1, 2, 3, 4, 5, 8, 9, 12, 13, 16, 17, 18, 20, 21]
    !! not UC: [0, 1, 2, 3, 4, 5, 6, 8, 9, 10, 11, 12, 14, 16, 18, 20, 22, 24, 26, 28]
    !! not UC: [0, 1, 2, 3, 4, 5, 6, 7, 8, 9, 10, 11, 16, 17, 18, 19, 20, 21, 22, 24]
    !! not UC: [0, 1, 2, 3, 4, 5, 6, 7, 8, 9, 10, 11, 12, 16, 17, 20, 24, 28]
    !! not UC: [0, 1, 2, 3, 4, 5, 6, 7, 8, 9, 10, 16, 17, 24, 25]
    !! not UC: [0, 1, 2, 3, 4, 5, 6, 7, 8, 9, 10, 11, 12, 13, 16, 17, 18, 24, 25]
    !! not UC: [0, 1, 2, 3, 4, 5, 6, 7, 8, 10, 12, 16, 17, 18, 19, 20, 21, 22, 23, 24, 26]
    !! not UC: [0, 1, 2, 3, 4, 5, 6, 8, 9, 10, 12, 13, 16, 17, 18, 19, 20]
    !! not UC: [0, 1, 2, 3, 4, 5, 6, 7, 8, 12, 16, 17, 18, 19]
    !! not UC: [0, 1, 2, 3, 4, 5, 6, 8, 9, 10, 11, 16, 17, 18, 20, 24, 25, 26]
    !! not UC: [0, 1, 2, 3, 4, 5, 6, 8, 9, 12, 13, 16, 17, 18, 20, 22, 24, 25, 28]
    !! not UC: [0, 1, 2, 4, 8, 9, 12, 16, 18, 20, 24]
    !! not UC: [0, 1, 4, 8, 9, 12, 16, 17]
    !! not UC: [0, 1, 2, 4, 6, 8, 9, 12, 16, 18, 20, 22, 24]
    !! not UC: [0, 1, 2, 3, 4, 5, 6, 7, 8, 9, 10, 12, 13, 14, 16, 17, 18, 19, 20, 24]
    !! not UC: [0, 1, 2, 3, 4, 5, 8, 9, 10, 11, 12, 16, 17, 20]
    !! not UC: [0, 1, 2, 4, 6, 8, 10, 12, 14, 16, 18, 20, 22, 24, 28]
    !! not UC: [0, 1, 2, 3, 4, 5, 6, 8, 9, 10, 11, 12, 14, 16, 17, 18, 20, 24, 28]
    !! not UC: [0, 1, 2, 3, 4, 5, 6, 8, 9, 10, 11, 12, 14, 16, 17, 18, 20, 22, 24]
    !! not UC: [0, 1, 2, 4, 5, 8, 10, 12, 16]
    !! not UC: [0, 1, 2, 3, 4, 5, 6, 8, 9, 10, 12, 14, 16, 17, 18, 20, 24, 25, 26, 28]
    !! not UC: [0, 1, 2, 4, 6, 8, 10, 12, 16, 20, 24, 28]
    !! not UC: [0, 1, 2, 3, 4, 5, 6, 8, 9, 10, 11, 12, 14, 16, 20]
    !! not UC: [0, 1, 2, 3, 4, 6, 8, 9, 10, 11, 16, 17, 18, 24, 26]
    !! not UC: [0, 1, 2, 4, 6, 8, 9, 16, 17, 20, 24]
    !! not UC: [0, 1, 2, 3, 4, 5, 6, 7, 8, 9, 12, 13, 16, 17]
    !! not UC: [0, 1, 2, 3, 4, 5, 6, 7, 8, 10, 12, 16, 17, 18, 19, 20, 22, 24, 26, 28]
    !! not UC: [0, 1, 4, 8, 12, 16, 17, 20, 24]
    !! not UC: [0, 1, 2, 3, 4, 5, 6, 7, 8, 9, 10, 11, 12, 14, 16, 17, 18, 19, 20, 21, 22, 24, 26, 28]
    !! not UC: [0, 1, 2, 3, 4, 5, 6, 8, 9, 10, 11, 12, 14, 16, 17, 18, 19, 20, 21, 24, 25]
    !! not UC: [0, 1, 2, 3, 4, 5, 6, 8, 9, 10, 11, 12, 13, 16, 17, 18, 20, 22, 24, 25, 26]
    !! not UC: [0, 1, 2, 4, 5, 8, 9, 10, 12, 13, 16, 17, 20]
    !! not UC: [0, 1, 2, 3, 4, 5, 6, 7, 8, 9, 10, 16, 17, 18, 19, 20, 21, 22, 24, 26]
    !! not UC: [0, 1, 2, 3, 4, 5, 6, 8, 9, 10, 11, 16, 20]
    !! not UC: [0, 1, 2, 3, 4, 5, 8, 9, 10, 16, 17, 20, 21]
    !! not UC: [0, 1, 2, 3, 4, 6, 8, 9, 10, 11, 12, 14, 16, 17, 18, 19, 20, 24, 25, 26, 28]
    !! not UC: [0, 1, 2, 3, 4, 5, 6, 8, 9, 10, 12, 13, 14, 16, 17, 18, 19, 20, 21]
    !! not UC: [0, 1, 2, 3, 4, 5, 6, 8, 9, 10, 16, 17, 18, 19, 20, 24, 25]
    !! not UC: [0, 1, 2, 3, 4, 5, 6, 7, 8, 10, 12, 14, 16, 17, 18, 20, 21, 22, 24, 26, 28, 30]
    !! not UC: [0, 1, 2, 3, 4, 5, 8, 10, 12, 16, 18, 20, 24, 26, 28]
    !! not UC: [0, 1, 2, 3, 4, 5, 6, 7, 8, 9, 10, 12, 13, 14, 16, 17, 18, 20, 21, 22, 24, 28]
    !! not UC: [0, 1, 2, 3, 4, 5, 6, 8, 10, 16, 17, 18, 19, 20, 22]
    !! not UC: [0, 1, 2, 3, 4, 5, 6, 7, 8, 10, 12, 16, 17, 18, 19, 20, 21, 24]
    !! not UC: [0, 1, 2, 4, 5, 6, 8, 10, 12, 16, 17, 18, 20, 21, 22, 24, 26, 28]
    !! not UC: [0, 1, 2, 3, 4, 5, 6, 8, 9, 12, 16, 17, 18, 20, 21, 24, 28]
    !! not UC: [0, 1, 2, 3, 4, 5, 6, 7, 8, 9, 12, 16, 17, 18, 19, 20, 21, 24, 28]
    !! not UC: [0, 1, 2, 3, 4, 5, 6, 8, 9, 10, 11, 12, 16, 17, 18, 19, 20, 21, 24, 25, 26, 27, 28]
    !! not UC: [0, 1, 2, 3, 4, 5, 6, 7, 8, 9, 10, 11, 12, 13, 14, 15, 16, 18, 24]
    !! not UC: [0, 1, 2, 4, 6, 8, 9, 10, 12, 16, 17, 18, 20, 22, 24, 26, 28]
    !! not UC: [0, 1, 2, 3, 4, 5, 6, 8, 9, 10, 16, 20]
    !! not UC: [0, 1, 2, 3, 4, 5, 6, 7, 8, 9, 10, 11, 12, 14, 16, 17, 18, 19, 24, 26]
    !! not UC: [0, 1, 2, 4, 5, 6, 8, 9, 10, 12, 14, 16, 18, 24]
    !! not UC: [0, 1, 2, 3, 4, 5, 8, 10, 12, 16, 17, 18, 19, 20, 21, 24, 26, 28]
    !! not UC: [0, 1, 2, 3, 4, 5, 8, 9, 10, 11, 12, 13, 16, 24]
    !! not UC: [0, 1, 2, 3, 4, 5, 6, 7, 8, 9, 10, 11, 12, 13, 14, 16, 18, 20, 22, 24, 26, 28]
    !! not UC: [0, 1, 2, 3, 4, 6, 8, 9, 10, 11, 12, 16, 17, 18, 19, 20, 24, 25, 26, 27, 28]
    !! not UC: [0, 1, 2, 3, 4, 5, 8, 9, 10, 12, 13, 16, 17, 20, 21, 24, 28]
    !! not UC: [0, 1, 2, 3, 4, 5, 6, 7, 8, 10, 12, 14, 16, 17, 18, 19]
    !! not UC: [0, 1, 2, 4, 6, 8, 9, 16, 18, 20, 22]
    !! not UC: [0, 1, 2, 4, 5, 8, 10, 12, 16, 18, 20, 24, 26]
    !! not UC: [0, 1, 2, 3, 4, 5, 6, 7, 8, 9, 10, 12, 16, 17, 18, 20, 24, 25, 26]
    !! not UC: [0, 1, 2, 3, 4, 6, 8, 9, 10, 11, 12, 16, 17, 18, 19, 20, 22, 24, 28]
    !! not UC: [0, 1, 2, 3, 4, 16, 17, 18, 20]
    !! not UC: [0, 1, 2, 4, 6, 8, 9, 10, 12, 16, 17, 18, 20, 22, 24, 25]
    !! not UC: [0, 1, 2, 3, 4, 8, 9, 10, 11, 16, 24]
    !! not UC: [0, 1, 2, 3, 4, 5, 6, 8, 9, 10, 11, 12, 13, 16, 17, 18, 19, 20, 22, 24, 25, 26]
    !! not UC: [0, 1, 2, 3, 4, 5, 6, 8, 9, 10, 11, 12, 13, 16, 17, 18, 19, 20, 21, 24]
    !! not UC: [0, 1, 2, 3, 4, 5, 6, 8, 9, 10, 12, 14, 16, 17, 18, 19]
    !! not UC: [0, 1, 4, 5, 8, 9, 12, 13, 16, 17, 20, 21, 24]
    !! not UC: [0, 1, 2, 4, 5, 8, 9, 12, 13, 16, 18, 20, 24]
    !! not UC: [0, 1, 2, 3, 4, 5, 6, 8, 10, 12, 14, 16, 17, 18, 19, 20, 22]
    !! not UC: [0, 1, 2, 3, 4, 5, 6, 7, 8, 9, 10, 11, 12, 13, 14, 16, 17, 18, 19, 20, 21, 22, 23, 24, 25, 26, 27, 28, 30]
    !! not UC: [0, 1, 2, 4, 5, 6, 8, 16, 17, 24]
    !! not UC: [0, 1, 2, 3, 4, 5, 6, 8, 9, 16, 17, 18, 20, 21, 22, 24]
    !! not UC: [0, 1, 2, 3, 4, 6, 8, 12, 16, 17, 24]
    !! not UC: [0, 1, 2, 3, 4, 5, 6, 7, 8, 9, 10, 12, 13, 14, 16, 17, 18, 20, 21, 22]
    !! not UC: [0, 1, 2, 3, 4, 5, 6, 16, 17, 18, 19, 20, 22]
    !! not UC: [0, 1, 2, 4, 5, 6, 8, 9, 10, 12, 16, 17, 18, 20, 24, 25]
    !! not UC: [0, 1, 2, 3, 4, 5, 6, 7, 8, 9, 10, 11, 12, 13, 14, 15, 16, 17, 18, 19, 20, 24]
    !! not UC: [0, 2, 4, 8, 16, 18, 20, 24]
    !! not UC: [0, 1, 2, 3, 4, 5, 6, 7, 8, 9, 10, 12, 13, 16, 17, 18, 19, 20, 21, 24, 25, 28, 29]
    !! not UC: [0, 1, 2, 3, 4, 5, 6, 8, 9, 10, 12, 13, 14, 16, 18, 20, 22, 24, 26, 28]
    !! not UC: [0, 1, 2, 3, 4, 5, 6, 7, 8, 9, 10, 11, 12, 13, 16, 17, 18, 19, 20, 22, 24, 25, 26]
    !! not UC: [0, 1, 2, 4, 5, 8, 16, 18, 20, 24]
    !! not UC: [0, 1, 2, 3, 4, 5, 6, 7, 8, 9, 10, 11, 16, 17, 20, 24, 25]
    !! not UC: [0, 1, 2, 3, 4, 5, 6, 7, 8, 9, 10, 16, 18, 20, 24, 26]
    !! not UC: [0, 1, 2, 3, 4, 5, 8, 9, 10, 12, 16, 18, 24, 26]
    !! not UC: [0, 1, 2, 3, 4, 6, 8, 9, 10, 11, 12, 14, 16, 17, 18, 20, 22, 24, 25, 26, 28, 30]
    !! not UC: [0, 1, 2, 3, 4, 8, 9, 10, 12, 16, 18, 20, 24]
    !! not UC: [0, 1, 2, 3, 4, 5, 16, 17, 18, 19]
    !! not UC: [0, 1, 2, 3, 4, 5, 6, 7, 8, 9, 10, 11, 12, 16, 18, 20, 22]
    !! not UC: [0, 1, 2, 3, 4, 5, 8, 9, 10, 11, 12, 13, 16, 17, 24, 25]
    !! not UC: [0, 1, 2, 3, 4, 5, 6, 7, 8, 16, 17, 20, 21, 24]
    !! not UC: [0, 1, 2, 4, 5, 6, 8, 9, 16, 17, 18, 20, 21, 22]
    !! not UC: [0, 1, 2, 3, 4, 5, 6, 8, 9, 10, 12, 16, 17, 20, 21]
    !! not UC: [0, 1, 2, 3, 4, 5, 6, 8, 9, 16, 17, 20, 21, 24, 25]
    !! not UC: [0, 1, 2, 3, 4, 5, 6, 7, 8, 9, 10, 12, 13, 16, 17, 18, 19, 20, 24, 26, 28]
    !! not UC: [0, 1, 2, 3, 4, 5, 6, 7, 8, 9, 10, 12, 16, 17, 18, 20, 21]
    !! not UC: [0, 1, 2, 3, 4, 6, 8, 9, 10, 11, 12, 16, 17, 18, 19, 24, 25, 26, 27]
    !! not UC: [0, 1, 2, 3, 4, 5, 8, 9, 10, 16, 17, 18, 19, 20, 21, 24, 25, 26]
    !! not UC: [0, 1, 2, 3, 4, 5, 6, 7, 8, 9, 10, 11, 12, 13, 14, 15, 16, 17, 18, 19, 20, 21, 24, 25, 26, 27, 28, 29]
    !! not UC: [0, 1, 2, 3, 4, 5, 6, 7, 8, 9, 10, 16, 17, 18, 20, 21, 22, 24]
    !! not UC: [0, 1, 2, 4, 5, 6, 8, 9, 12, 16, 17, 18, 20, 21, 22, 24, 25, 28]
    !! not UC: [0, 1, 2, 3, 4, 5, 6, 7, 8, 10, 12, 16, 17, 20, 21]
    !! not UC: [0, 1, 2, 3, 4, 6, 8, 9, 10, 12, 16, 17, 18, 20, 24, 25, 26, 28]
    !! not UC: [0, 1, 2, 3, 4, 5, 6, 8, 9, 10, 11, 12, 16, 17, 20, 21, 24, 28]
    !! not UC: [0, 1, 2, 3, 4, 5, 6, 8, 10, 12, 16, 17, 18, 19, 20, 21, 24, 26]
    !! not UC: [0, 1, 2, 3, 4, 5, 6, 7, 8, 9, 10, 11, 12, 13, 14, 16, 24]
    !! not UC: [0, 1, 2, 3, 4, 5, 6, 7, 8, 9, 10, 11, 16, 17, 18, 19, 20, 21, 22, 23, 24, 25]
    !! not UC: [0, 1, 2, 3, 4, 5, 6, 8, 9, 10, 12, 16, 17, 18, 19, 20, 24, 28]
    !! not UC: [0, 1, 2, 3, 4, 5, 6, 7, 8, 9, 10, 12, 13, 16, 17, 18, 20, 21, 22]
    !! not UC: [0, 1, 2, 4, 5, 6, 8, 9, 10, 12, 13, 16, 17, 18, 20, 21, 22, 24, 26, 28]
    !! not UC: [0, 1, 2, 3, 4, 6, 8, 9, 12, 16, 24]
    !! not UC: [0, 1, 4, 5, 8, 12, 16, 17, 20, 21]
    !! not UC: [0, 1, 2, 3, 4, 5, 6, 7, 8, 9, 10, 12, 14, 16, 17, 18, 19, 20, 22, 24, 26]
    !! not UC: [0, 1, 2, 3, 4, 5, 6, 8, 9, 10, 12, 14, 16, 17, 18, 20, 21, 24]
    !! not UC: [0, 1, 2, 3, 4, 5, 6, 7, 8, 9, 10, 11, 12, 14, 16, 17, 18, 19, 20, 21, 22, 23, 24, 25, 26, 28]
    !! not UC: [0, 1, 2, 3, 4, 6, 8, 10, 12, 16, 17, 18, 20, 22, 24, 26]
    !! not UC: [0, 1, 2, 3, 4, 5, 6, 7, 8, 9, 10, 11, 12, 14, 16, 17, 18, 20, 21, 22]
    !! not UC: [0, 1, 2, 3, 4, 8, 12, 16, 20]
    !! not UC: [0, 1, 2, 3, 4, 5, 6, 7, 8, 9, 16, 17, 18]
    !! not UC: [0, 1, 2, 3, 4, 5, 6, 7, 8, 10, 12, 16, 17, 18, 19]
    !! not UC: [0, 1, 2, 3, 4, 5, 6, 7, 8, 9, 10, 11, 12, 16, 17, 18, 20, 21, 22, 24, 25]
    !! not UC: [0, 1, 2, 3, 4, 5, 6, 7, 16]
    !! not UC: [0, 1, 2, 3, 4, 5, 6, 8, 9, 12, 13, 16, 17, 18, 19, 20, 21, 24]
    !! not UC: [0, 1, 2, 4, 5, 6, 8, 9, 10, 16, 17, 18, 20, 22, 24, 26]
    !! not UC: [0, 1, 2, 3, 4, 8, 9, 10, 16, 18, 20]
    !! not UC: [0, 1, 2, 3, 4, 6, 8, 9, 10, 11, 16, 18, 20, 22]
    !! not UC: [0, 1, 2, 3, 4, 5, 8, 10, 16, 17, 18, 24, 26]
    !! not UC: [0, 1, 8, 9]
    !! not UC: [0, 1, 2, 3, 4, 5, 6, 7, 8, 9, 12, 16, 17, 18, 20, 21, 22, 24, 28]
    !! not UC: [0, 1, 2, 3, 4, 5, 6, 7, 8, 9, 10, 11, 12, 13, 14, 15, 16, 17, 18, 19, 20, 21, 24, 25, 28, 29]
    !! not UC: [0, 1, 2, 3, 4, 5, 6, 8, 9, 10, 12, 13, 14, 16, 17, 18, 20, 22]
    !! not UC: [0, 1, 2, 3, 4, 5, 6, 8, 10, 12, 16, 17, 18, 20, 22]
    !! not UC: [0, 1, 2, 4, 5, 8, 9, 12, 13, 16, 17, 18, 20, 21, 24]
    !! not UC: [0, 1, 2, 4, 5, 6, 8, 9, 10, 12, 16, 17]
    !! not UC: [0, 1, 2, 4, 5, 6, 8, 9, 10, 12, 16, 17, 18, 20, 21, 24, 25, 26, 28]
    !! not UC: [0, 1, 2, 3, 4, 6, 8, 9, 10, 11, 12, 16, 17, 18]
    !! not UC: [0, 1, 2, 4, 5, 8, 9, 12, 13, 16, 17, 18, 20]
    !! not UC: [0, 1, 2, 3, 4, 5, 6, 8, 9, 10, 12, 14, 16, 17, 18, 20, 24, 26]
    !! not UC: [0, 1, 2, 3, 4, 5, 6, 7, 8, 9, 10, 11, 12, 16]
    !! not UC: [0, 1, 2, 3, 4, 5, 8, 9, 10, 12, 13, 16, 17, 18, 20, 24, 26, 28]
    !! not UC: [0, 1, 2, 3, 4, 5, 8, 9, 12, 13, 16, 17, 18, 20, 21, 24, 25, 28, 29]
    !! not UC: [0, 1, 2, 3, 4, 5, 6, 7, 8, 9, 10, 11, 12, 16, 17, 18, 19, 20, 24, 26, 28]
    !! not UC: [0, 1, 2, 3, 4, 5, 6, 7, 8, 9, 10, 11, 12, 16, 17, 18, 20, 22, 24, 25, 26, 28]
    !! not UC: [0, 2, 4, 6, 8, 10, 12, 14, 16, 18]
    !! not UC: [0, 1, 2, 3, 4, 5, 6, 8, 9, 12, 16, 17, 18, 19, 20, 22, 24, 25]
    !! not UC: [0, 4, 8, 16]
    !! not UC: [0, 1, 2, 4, 5, 6, 8, 9, 10, 12, 14, 16, 24]
    !! not UC: [0, 1, 2, 3, 4, 5, 6, 8, 9, 10, 12, 14, 16, 17, 18, 20, 21, 22, 24, 26, 28, 30]
    !! not UC: [0, 1, 2, 3, 4, 5, 6, 8, 9, 12, 13, 16, 17, 18, 20, 21, 24, 25]
    !! not UC: [0, 1, 2, 3, 4, 5, 6, 7, 8, 9, 10, 11, 12, 13, 16, 17, 18, 19, 20, 22, 24, 25, 26, 28]
    !! not UC: [0, 1, 2, 4, 5, 6, 8, 9, 10, 16, 17, 24, 25]
    !! not UC: [0, 2, 4, 6, 8, 12, 16, 20]
    !! not UC: [0, 1, 2, 3, 4, 5, 6, 8, 10, 16, 17, 18, 20, 22, 24]
    !! not UC: [0, 2, 4, 8, 10, 12, 16, 18, 20, 24, 26]
    !! not UC: [0, 1, 2, 3, 4, 8, 10, 12, 16, 20, 24, 28]
    !! not UC: [0, 1, 2, 3, 4, 6, 8, 9, 10, 16, 17, 18, 19, 24, 26]
    !! not UC: [0, 1, 2, 3, 4, 5, 6, 7, 8, 9, 10, 11, 16, 17, 18, 19]
    !! not UC: [0, 1, 2, 3, 4, 5, 6, 8, 9, 16, 17, 18, 19, 24]
    !! not UC: [0, 1, 2, 3, 4, 5, 6, 7, 8, 9, 10, 12, 13, 16, 17, 18, 19, 20, 21, 24, 28]
    !! not UC: [0, 1, 2, 3, 4, 5, 6, 7, 8, 10, 16, 17, 20, 21, 24]
    !! not UC: [0, 1, 2, 3, 4, 8, 9, 16, 17, 20, 24]
    !! not UC: [0, 1, 2, 3, 4, 8, 9, 10, 11, 16, 17, 20, 24]
    !! not UC: [0, 1, 2, 3, 4, 5, 6, 7, 8, 9, 10, 11, 12, 14, 16, 18, 24, 26]
    !! not UC: [0, 1, 2, 3, 4, 5, 6, 8, 9, 10, 11, 12]
    !! not UC: [0, 1, 2, 3, 4, 5, 6, 7, 8, 9, 10, 11, 12, 14, 16, 18, 24]
    !! not UC: [0, 1, 2, 3, 4, 5, 6, 7, 8, 12, 16, 17, 18, 19, 24]
    !! not UC: [0, 1, 2, 3, 4, 5, 8, 9, 12, 16, 17, 20, 21, 24, 25, 28]
    !! not UC: [0, 1, 2, 3, 4, 5, 6, 7, 8, 9, 10, 11, 12, 13, 16, 17, 18, 19, 20, 21, 22, 23, 24, 25, 26, 27, 28, 29]
    !! not UC: [0, 1, 4, 8, 16, 20, 24]
    !! not UC: [0, 1, 2, 3, 4, 6, 8, 9, 10, 12, 16, 17, 24, 25]
    !! not UC: [0, 1, 2, 3, 4, 5, 6, 7, 8, 9, 12, 16, 18, 20, 22, 24]
    !! not UC: [0, 1, 2, 3, 4, 5, 6, 8, 9, 10, 11, 12, 14, 16, 17, 18, 19, 20, 21, 22, 24, 25, 26, 27, 28]
    !! not UC: [0, 1, 2, 3, 4, 5, 8, 9, 10, 12, 13, 16, 17, 18, 20, 24, 25]
    !! not UC: [0, 1, 2, 3, 4, 5, 6, 8, 9, 10, 12, 13, 14, 16, 18]
    !! not UC: [0, 1, 2, 3, 4, 6, 8, 9, 10, 12, 14, 16, 20, 24, 28]
    !! not UC: [0, 1, 2, 3, 4, 5, 6, 7, 8, 9, 10, 12, 16, 17, 18, 19, 20, 21, 24, 28]
    !! not UC: [0, 1, 2, 4, 5, 6, 8, 9, 10, 16, 17, 18, 20, 24, 25, 26]
    !! not UC: [0, 1, 2, 4, 5, 6, 8, 10, 12, 16, 17, 18, 20, 24, 28]
    !! not UC: [0, 1, 2, 3, 4, 6, 8, 9, 12, 16, 18, 20, 24]
    !! not UC: [0, 1, 2, 3, 4, 6, 8, 9, 10, 12, 16, 17, 18, 19, 20, 22, 24, 26]
    !! not UC: [0, 1, 2, 3, 4, 5, 6, 8, 9, 10, 16, 17, 18, 20, 24, 25]
    !! not UC: [0, 1, 2, 3, 4, 5, 6, 7, 8, 9, 10, 11, 12, 14, 16, 17, 18, 19, 24, 25, 26, 27]
    !! not UC: [0, 1, 2, 3, 4, 5, 8, 9, 10, 12, 16, 20, 24, 28]
    !! not UC: [0, 1, 2, 3, 4, 5, 6, 7, 8, 9, 10, 12, 13, 16, 17, 18, 19, 20, 22, 24, 26]
    !! not UC: [0, 1, 2, 3, 4, 5, 6, 7, 8, 9, 10, 11, 12, 13, 16, 17, 18, 19, 20, 21, 22, 23, 24, 25, 26, 28]
    !! not UC: [0, 1, 2, 3, 4, 5, 6, 7, 8, 9, 10, 12, 13, 14, 16, 17, 18, 19, 20, 21, 24, 25, 26]
    !! not UC: [0, 1, 2, 3, 4, 5, 6, 7, 8, 9, 10, 11, 12, 13, 14, 16, 17, 18, 19, 20, 21, 22, 23, 24, 25]
    !! not UC: [0, 1, 2, 3, 4, 5, 6, 7, 8, 10, 12, 16, 17, 18, 19, 20, 21, 22, 23, 24, 28]
    !! not UC: [0, 1, 4, 8, 12, 16]
    !! not UC: [0, 2, 4, 8, 10, 16, 20, 24]
    !! not UC: [0, 1, 2, 4, 8, 16, 24]
    !! not UC: [0, 1, 2, 3, 4, 5, 6, 8, 12, 16, 18, 20, 22]
    !! not UC: [0, 1, 2, 3, 4, 5, 6, 8, 9, 10, 11, 16, 17, 18, 19, 20, 21, 22, 24, 25]
    !! not UC: [0, 1, 2, 3, 4, 5, 6, 8, 9, 10, 11, 16, 17, 20, 21, 24, 25]
    !! not UC: [0, 1, 2, 4, 5, 8]
    !! not UC: [0, 1, 2, 3, 4, 5, 6, 7, 8, 9, 10, 12, 16, 17, 18, 20, 21, 22]
    !! not UC: [0, 1, 2, 3, 4, 8, 9, 10, 12, 16, 20, 24]
    !! not UC: [0, 1, 2, 3, 4, 5, 6, 7, 8, 9, 10, 12, 14, 16, 17, 18, 19, 20, 22, 24, 26, 28]
    !! not UC: [0, 1, 2, 4, 5, 8, 10, 16]
    !! not UC: [0, 1, 2, 4, 5, 6, 8, 9, 10, 12, 16, 17, 20]
    !! not UC: [0, 1, 2, 3, 4, 5, 6, 7, 8, 9, 10, 11, 12, 14, 16, 18, 20, 22, 24, 26]
    !! not UC: [0, 1, 2, 3, 4, 5, 6, 8, 9, 12, 16, 17, 20, 21, 24]
    !! not UC: [0, 1, 2, 3, 4, 5, 6, 8, 9, 10, 11, 16, 17, 20, 21]
    !! not UC: [0, 1, 2, 3, 4, 5, 6, 7, 8, 9, 12, 16, 17, 18, 20, 21, 24]
    !! not UC: [0, 1, 2, 4, 6, 16, 17, 18, 20]
    !! not UC: [0, 1, 2, 3, 4, 5, 6, 7, 8, 9, 10, 12, 14, 16, 17, 18, 19, 20, 21, 22, 23, 24]
    !! not UC: [0, 1, 2, 3, 4, 5, 6, 7, 8, 9, 12, 13, 16, 20]
    !! not UC: [0, 2, 4, 8, 10, 12, 16, 20, 24]
    !! not UC: [0, 1, 2, 4, 8, 16]
    !! not UC: [0, 1, 2, 3, 4, 6, 8, 9, 10, 12, 14, 16, 18, 20]
    !! not UC: [0, 1, 2, 3, 4, 6, 8, 9, 16, 17, 18, 20, 24]
    !! not UC: [0, 1, 2, 3, 4, 6, 8, 10, 12, 16, 17, 18, 19, 20, 24]
    !! not UC: [0, 1, 2, 3, 4, 5, 6, 8, 9, 10, 11, 16, 17, 18, 19, 20, 24]
    !! not UC: [0, 1, 2, 3, 4, 6, 8, 9, 12, 16, 17, 18, 20, 24, 25, 28]
    !! not UC: [0, 1, 2, 4, 5, 8, 10, 16, 17, 18, 20, 24]
    !! not UC: [0, 1, 2, 3, 4, 5, 6, 7, 8, 9, 10, 16, 18, 24]
    !! not UC: [0, 1, 2, 3, 4, 5, 6, 8, 9, 10, 12, 14, 16, 17, 18, 20, 22, 24, 26, 28, 30]
    !! not UC: [0, 1, 2, 3, 4, 5, 6, 8, 9, 10, 11, 12, 13, 14, 16, 17, 24, 25]
    !! not UC: [0, 1, 2, 3, 4, 6, 8, 9, 10, 12, 14, 16, 17, 18, 19, 20, 24, 25]
    !! not UC: [0, 1, 2, 3, 4, 5, 8, 9, 10, 11, 12, 16, 17, 18, 24, 25, 26]
    !! not UC: [0, 1, 2, 3, 4, 5, 6, 8, 9, 10, 11, 12, 14, 16, 17, 18, 19, 20, 21, 22, 24, 25, 26, 28]
    !! not UC: [0, 1, 2, 3, 4, 5, 6, 7, 8, 9, 10, 12, 13, 16, 17, 18, 19, 20, 21, 22]
    !! not UC: [0, 1, 2, 3, 4, 8, 9, 10, 16, 17, 18, 19, 20, 24, 25]
    !! not UC: [0, 1, 2, 3, 4, 8, 10, 12, 16, 17, 18, 20]
    !! not UC: [0, 1, 2, 3, 4, 5, 6, 7, 8, 9, 10, 12, 13, 16, 18, 20, 24]
    !! not UC: [0, 1, 2, 3, 4, 5, 6, 8, 9, 10, 12, 13, 14, 16, 18, 20, 22, 24, 26]
    !! not UC: [0, 1, 2, 3, 4, 5, 6, 8, 9, 10, 11, 12, 14, 16, 17, 18, 20, 21, 22, 24, 25, 26]
    !! not UC: [0, 1, 2, 3, 4, 5, 6, 8, 9, 10, 12, 13, 14, 16, 20, 24, 28]
    !! not UC: [0, 1, 2, 3, 4, 5, 6, 7, 8, 9, 10, 12, 13, 14, 16, 17, 18, 19, 20, 22, 24, 25, 26, 28, 30]
    !! not UC: [0, 1, 2, 4, 5, 16, 17, 18, 20, 21]
    !! not UC: [0, 2, 16, 18]
    !! not UC: [0, 1, 2, 4, 5, 6, 8, 9, 10, 12, 13, 14, 16, 17, 18, 20, 21, 22, 24, 25, 26, 28]
    !! not UC: [0, 1, 2, 3, 4, 5, 6, 8, 10, 16, 18, 20]
    !! not UC: [0, 1, 2, 4, 5, 6, 8, 9, 12, 16, 17, 20, 24, 25]
    !! not UC: [0, 1, 2, 4, 5, 8, 9, 10, 12, 16, 17, 20, 21]
    !! not UC: [0, 1, 2, 3, 4, 5, 6, 7, 8, 9, 16, 17, 18, 20, 22]
    !! not UC: [0, 1, 2, 4, 8, 10, 12, 16, 24]
    !! not UC: [0, 1, 2, 3, 4, 5, 6, 8, 10, 12, 14, 16, 17, 18, 19, 20, 21, 22]
    !! not UC: [0, 1, 2, 3, 4, 6, 8, 9, 10, 12, 16, 17, 18, 19, 20, 22, 24, 25, 28]
    !! not UC: [0, 1, 2, 3, 4, 5, 6, 8, 9, 10, 11, 12, 13, 16, 17, 18, 19, 20, 24, 28]
    !! not UC: [0, 1, 2, 3, 4, 5, 6, 8, 9, 12, 13, 16, 20]
    !! not UC: [0, 1, 2, 3, 4, 5, 6, 7, 8, 9, 10, 12, 16, 17, 18, 20, 22, 24, 25, 28]
    !! not UC: [0, 1, 2, 3, 4, 5, 6, 7, 8, 10, 12, 16, 17]
    !! not UC: [0, 1, 2, 4, 5, 8, 9, 10, 12, 13, 16, 17, 18, 20, 21]
    !! not UC: [0, 1, 2, 3, 4, 5, 6, 8, 9, 10, 12, 16, 17, 18, 20, 22, 24, 26, 28]
    !! not UC: [0, 2, 4, 8, 16, 18, 24]
    !! not UC: [0, 1, 2, 4, 5, 6, 8, 9, 10, 12, 13, 16, 17, 18, 20, 21, 24]
    !! not UC: [0, 1, 2, 3, 4, 5, 6, 7, 8, 9, 12, 16, 17, 18, 19, 20, 24, 25]
    !! not UC: [0, 1, 2, 3, 4, 5, 6, 8, 9, 16, 17, 18, 19, 20, 21, 24]
    !! not UC: [0, 1, 2, 3, 4, 5, 6, 8, 9, 10, 12, 13, 16, 18, 20]
    !! not UC: [0, 1, 2, 4, 5, 8, 16, 24]
    !! not UC: [0, 1, 2, 3, 4, 5, 6, 8, 9, 10, 11, 12, 13, 16, 17, 18, 20, 21, 24, 25]
    !! not UC: [0, 1, 2, 3, 4, 5, 6, 7, 8, 9, 10, 11, 12, 13, 14, 15, 16, 17, 18, 19, 20, 21, 22, 24, 28]
    !! not UC: [0, 1, 2, 3, 4, 5, 6, 7, 8, 9, 10, 12, 13, 14, 16, 20]
    !! not UC: [0, 1, 2, 3, 4, 5, 6, 7, 8, 9, 10, 12, 13, 16, 17, 18, 20, 22, 24, 28]
    !! not UC: [0, 1, 2, 3, 4, 5, 8, 9, 10, 16, 17, 18, 20, 24]
    !! not UC: [0, 1, 2, 3, 4, 5, 6, 8, 9, 10, 11, 12, 13, 14, 16, 20]
    !! not UC: [0, 1, 2, 3, 4, 6, 8, 9, 10, 12, 14, 16, 17, 18, 19, 24, 25]
    !! not UC: [0, 1, 2, 4, 5, 8, 10, 16, 17, 18]
    !! not UC: [0, 1, 2, 3, 4, 5, 8, 9, 10, 11, 16, 17, 18, 19, 24, 25, 26]
    !! not UC: [0, 1, 2, 4, 5, 6, 8, 9, 10, 12, 16, 17, 18, 20, 24, 26]
    !! not UC: [0, 1, 2, 3, 4, 5, 6, 8, 9, 12, 16, 17, 18, 20, 21, 22, 24, 25]
    !! not UC: [0, 1, 2, 3, 4, 5, 8, 9, 10, 11, 12, 13, 16, 17, 18, 20, 24, 25]
    !! not UC: [0, 1, 2, 3, 4, 5, 6, 8, 9, 10, 11, 12, 13, 16, 17, 18, 20, 24, 25, 28]
    !! not UC: [0, 1, 2, 3, 4, 5, 8, 9, 10, 11, 12, 13, 16, 18, 24, 26]
    !! not UC: [0, 1, 2, 3, 4, 5, 8, 9, 12, 13, 16, 17, 20]
    !! not UC: [0, 1, 2, 4, 5, 6, 8, 10, 12, 16, 18, 20, 22, 24, 26]
    !! not UC: [0, 1, 2, 4, 5, 6, 8, 9, 10, 12, 13, 14, 16, 17, 18, 20, 22, 24]
    !! not UC: [0, 1, 2, 3, 4, 8, 9, 12, 16, 17, 18, 20, 24, 28]
    !! not UC: [0, 1, 2, 3, 4, 6, 8, 9, 10, 11, 12, 14, 16, 17, 18, 19, 20, 22, 24, 25]
    !! not UC: [0, 1, 2, 4, 5, 6, 8, 9, 10, 12, 14, 16, 17, 20, 24, 25]
    !! not UC: [0, 1, 2, 3, 4, 5, 6, 7, 8, 9, 10, 11, 12, 13, 14, 16, 17, 18, 19, 20, 21, 22, 24, 26, 28, 30]
    !! not UC: [0, 2, 4, 6, 8, 10, 12, 16, 18, 24]
    !! not UC: [0, 1, 2, 3, 4, 8, 9, 10, 11, 16, 17, 18, 24, 26]
    !! not UC: [0, 1, 2, 3, 4, 5, 6, 7, 8, 9, 10, 11, 12, 13, 14, 15, 16, 17, 18, 19, 20, 24, 28]
    !! not UC: [0, 1, 2, 4, 8, 9, 12, 16, 17, 18, 24, 25]
    !! not UC: [0, 1, 2, 3, 4, 5, 6, 8, 9, 10, 12, 14, 16, 17, 18, 20, 21, 24, 25, 26]
    !! not UC: [0, 1, 2, 4, 5, 8, 9, 10, 16, 17, 18, 20, 24]
    !! not UC: [0, 1, 2, 3, 4, 5, 6, 8, 9, 10, 12, 16, 17, 18, 19, 20, 21, 22, 24, 25]
    !! not UC: [0, 1, 2, 3, 4, 5, 6, 8, 9, 10, 12, 13, 16, 17, 18, 19, 20, 22]
    !! not UC: [0, 1, 2, 4, 16, 17, 18]
    !! not UC: [0, 1, 2, 3, 4, 8, 9, 10, 11, 16, 17, 18, 19, 20, 24]
    !! not UC: [0, 1, 2, 3, 4, 6, 8, 9, 10, 11, 12, 14, 16, 17, 18, 24]
    !! not UC: [0, 1, 2, 3, 4, 5, 6, 7, 8, 9, 10, 11, 12, 13, 14, 16, 17, 18, 19, 20, 21, 22, 23, 24, 25, 26, 28, 30]
    !! not UC: [0, 1, 2, 3, 4, 5, 6, 7, 8, 9, 10, 11, 12, 16, 17, 20, 21, 24, 25]
    !! not UC: [0, 1, 2, 3, 4, 5, 6, 7, 8, 9, 10, 11, 12, 13, 14, 15, 16, 18, 20, 24, 26]
    !! not UC: [0, 1, 2, 3, 4, 5, 6, 8, 9, 10, 12, 16, 17, 18, 20, 24]
    !! not UC: [0, 1, 2, 3, 4, 5, 6, 8, 9, 12, 13, 16, 17, 18, 19, 20, 24]
    !! not UC: [0, 1, 2, 4, 5, 6, 8, 9, 10, 12, 16, 18, 20, 22, 24, 26, 28]
    !! not UC: [0, 1, 2, 3, 4, 6, 8, 9, 10, 16, 17, 20]
    !! not UC: [0, 1, 2, 3, 4, 6, 8, 9, 10, 16, 17, 18, 19, 20, 22, 24, 26]
    !! not UC: [0, 1, 2, 3, 4, 5, 6, 8, 9, 10, 12, 13, 16, 17, 18, 19, 20, 21, 22, 24, 25, 26]
    !! not UC: [0, 1, 2, 3, 4, 5, 6, 8, 9, 10, 12, 13, 16, 18, 24]
    !! not UC: [0, 1, 2, 3, 4, 5, 16, 20]
    !! not UC: [0, 1, 2, 4, 5, 6, 8, 10, 12, 16, 17, 20]
    !! not UC: [0, 1, 2, 3, 4, 5, 6, 7, 8, 9, 10, 11, 12, 14, 16, 17, 18, 19, 20, 21, 22, 24, 26, 28, 30]
    !! not UC: [0, 1, 2, 3, 4, 5, 6, 7, 8, 9, 10, 11, 16, 17, 18, 20, 21, 24, 25, 26]
    !! not UC: [0, 1, 2, 3, 4, 5, 8, 9, 10, 12, 16, 20]
    !! not UC: [0, 1, 2, 3, 4, 6, 8, 9, 10, 11, 12, 14]
    !! not UC: [0, 1, 2, 3, 4, 5, 8, 10, 12, 16, 17, 18, 24, 26]
    !! not UC: [0, 1, 2, 4, 5, 6, 8, 9, 10, 12, 13, 16, 17, 18, 20, 24, 25, 26]
    !! not UC: [0, 1, 2, 3, 4, 5, 6, 7, 8, 9, 12, 16, 17, 18, 19, 20, 21, 22, 23, 24, 28]
    !! not UC: [0, 1, 2, 3, 4, 5, 6, 7, 8, 10, 12, 16, 17, 18, 24, 26]
    !! not UC: [0, 1, 2, 3, 4, 6, 8, 9, 16, 17, 18, 20, 22, 24]
    !! not UC: [0, 1, 2, 3, 4, 5, 6, 8, 12, 16, 20, 24, 28]
    !! not UC: [0, 1, 2, 3, 4, 5, 6, 7, 8, 9, 10, 11, 12, 13, 16, 17, 18, 19, 20, 21, 22, 23, 24, 28]
    !! not UC: [0, 1, 2, 3, 4, 6, 8, 12, 16, 18, 20, 22, 24]
    !! not UC: [0, 1, 2, 3, 4, 5, 6, 7, 8, 10, 16, 17, 18, 24, 26]
    !! not UC: [0, 1, 4, 5, 8, 9, 12, 13, 16, 17, 20, 21, 24, 25, 28]
    !! not UC: [0, 1, 2, 3, 4, 5, 6, 7, 8, 16, 17, 18, 20, 22]
    !! not UC: [0, 1, 2, 3, 4, 5, 6, 7, 8, 9, 10, 11, 12, 13, 14, 15, 16, 17, 24]
    !! not UC: [0, 1, 2, 3, 4, 5, 6, 8, 10, 12, 14, 16, 17, 20]
    !! not UC: [0, 1, 2, 4, 5, 6, 8, 9, 12, 13, 16, 17, 18, 24, 25]
    !! not UC: [0, 1, 2, 3, 4, 5, 8, 16, 17, 18, 19, 20]
    !! not UC: [0, 1, 2, 3, 4, 5, 6, 7, 8, 9, 10, 11, 12, 13, 14, 15, 16, 17, 18, 20, 24, 25, 28]
    !! not UC: [0, 1, 2, 3, 4, 5, 6, 8, 10, 16, 18, 24]
    !! not UC: [0, 1, 2, 3, 4, 5, 6, 7, 8, 9, 10, 12, 14, 16, 17, 18, 19, 20, 21, 22, 24, 25, 28]
    !! not UC: [0, 1, 2, 4, 5, 6, 8, 9, 10, 12, 13, 14, 16, 18, 24]
    !! not UC: [0, 1, 2, 3, 4, 5, 6, 7, 8, 9, 10, 12, 14, 16, 17, 18, 19, 20, 21, 22, 23, 24, 28]
    !! not UC: [0, 1, 2, 3, 4, 6, 8, 9, 12, 16, 17, 18, 19]
    !! not UC: [0, 1, 2, 3, 4, 5, 6, 7, 8, 9, 10, 12, 13, 16, 18, 20, 22, 24]
    !! not UC: [0, 1, 2, 3, 4, 6, 8, 9, 10, 11, 12, 16, 17, 24, 25]
    !! not UC: [0, 1, 2, 3, 4, 5, 6, 8, 16, 17, 18, 19, 20, 22, 24]
    !! not UC: [0, 1, 2, 3, 4, 5, 6, 8, 9, 10, 12, 13, 14, 16, 17, 18, 19, 20, 21, 22, 24, 25, 28, 29]
    !! not UC: [0, 2, 4, 6, 8, 10, 12, 14, 16, 18, 20, 24]
    !! not UC: [0, 1, 2, 3, 4, 5, 6, 7, 8, 10, 12, 14, 16, 17, 18, 19, 20, 21, 22, 24, 26, 28, 30]
    !! not UC: [0, 2, 4, 8, 16, 24]
    !! not UC: [0, 1, 2, 3, 4, 8, 9, 10, 12, 16, 17, 18, 19, 20, 24, 26, 28]
    !! not UC: [0, 1, 2, 4, 8, 10, 12, 16, 17, 18, 24]
    !! not UC: [0, 1, 2, 3, 4, 8, 12, 16, 17]
    !! not UC: [0, 1, 2, 3, 4, 5, 6, 8, 9, 10, 12, 13, 14, 16, 17, 18, 19, 20, 21, 22, 24, 26, 28, 30]
    !! not UC: [0, 1, 2, 3, 4, 5, 6, 8, 9, 10, 12, 13, 16, 17, 18, 19, 20, 21, 24]
    !! not UC: [0, 2, 4, 6, 8, 12, 16]
    !! not UC: [0, 1, 2, 3, 4, 5, 8, 10, 12, 16, 17, 18, 20, 24, 28]
    !! not UC: [0, 1, 2, 3, 4, 5, 6, 7, 8, 9, 10, 16, 17, 18, 19, 20, 22, 24, 25, 26]
    !! not UC: [0, 1, 2, 3, 4, 5, 6, 7, 8, 9, 10, 11, 12, 13, 14, 16, 17, 20, 21]
    !! not UC: [0, 1, 2, 4, 5, 6, 8, 9, 10, 16, 17, 18, 24, 25, 26]
    !! not UC: [0, 1, 2, 4, 6, 8, 12, 16, 18, 20]
    !! not UC: [0, 1, 2, 3, 4, 5, 6, 7, 8, 9, 10, 11, 12, 16, 17, 18, 19, 20, 21, 22, 23]
    !! not UC: [0, 1, 2, 3, 4, 8, 10, 12, 16, 17, 18, 20, 24, 28]
    !! not UC: [0, 1, 2, 4, 5, 8, 9, 12, 16, 17, 20, 21, 24]
    !! not UC: [0, 1, 2, 4, 8, 9, 10, 12, 16, 17, 20, 24, 28]
    !! not UC: [0, 1, 2, 3, 4, 6, 8, 9, 10, 11, 12, 16, 17, 18, 19, 20, 22, 24, 25]
    !! not UC: [0, 1, 2, 3, 4, 6, 8, 16, 18]
    !! not UC: [0, 1, 2, 3, 4, 5, 6, 7, 8, 9, 12, 16, 17, 18, 20, 22]
    !! not UC: [0, 1, 2, 3, 4, 5, 6, 8, 9, 10, 12, 14, 16, 17, 18, 24, 26]
    !! not UC: [0, 1, 2, 4, 6, 8, 9, 10, 12, 16, 17, 18, 20, 22, 24, 25, 28]
    !! not UC: [0, 1, 2, 3, 4, 5, 6, 7, 8, 9, 10, 12, 14, 16, 17, 18, 19, 24, 26]
    !! not UC: [0, 1, 2, 3, 4, 5, 6, 8, 9, 10, 11, 12, 16, 17, 18, 20, 22, 24, 28]
    !! not UC: [0, 1, 2, 4, 6, 8, 9, 12, 16, 17, 18, 20, 24, 25]
    !! not UC: [0, 1, 2, 3, 4, 5, 6, 7, 8, 9, 10, 12, 13, 16, 17, 18, 19, 20, 21, 22, 23, 24, 28]
    !! not UC: [0, 1, 2, 3, 4, 5, 6, 8, 9, 12, 13, 16, 17, 18, 20, 21, 22, 24, 25]
    !! not UC: [0, 1, 2, 3, 4, 5, 6, 8, 9, 12, 16, 17, 18, 20, 24, 25, 28]
    !! not UC: [0, 1, 2, 3, 4, 5, 6, 7, 8, 9, 12, 16, 17, 18, 19, 20, 24, 25, 28]
    !! not UC: [0, 1, 2, 3, 4, 5, 6, 8, 9, 10, 12, 16, 17, 18, 20, 22, 24, 25, 26]
    !! not UC: [0, 1, 2, 3, 4, 5, 6, 7, 8, 9, 10, 11, 12, 16, 17, 18, 20, 24, 25, 26]
    !! not UC: [0, 1, 2, 4, 8, 9, 12, 16, 17, 18, 20, 24, 25]
    !! not UC: [0, 1, 2, 4, 5, 8, 9, 10, 12, 16, 17, 18, 20, 21, 24, 28]
    !! not UC: [0, 1, 2, 8, 9, 16]
    !! not UC: [0, 1, 2, 3, 4, 5, 6, 7, 8, 9, 10, 12, 13, 16, 17, 18, 20, 21, 22, 24, 25, 28, 29]
    !! not UC: [0, 1, 2, 3, 4, 6, 8, 9, 10, 11, 12, 14, 16, 18, 20, 22, 24, 26, 28, 30]
    !! not UC: [0, 1, 2, 3, 4, 5, 6, 7]
    !! not UC: [0, 1, 2, 3, 4, 6, 8, 9, 10, 11, 12, 14, 16, 17, 18, 19, 20, 22, 24, 25, 26, 27, 28, 30]
    !! not UC: [0, 1, 2, 4, 8, 16, 18, 20, 24]
    !! not UC: [0, 1, 2, 3, 4, 5, 6, 8, 9, 10, 11, 12, 13, 14, 16, 17, 18, 19, 20, 24, 25, 28]
    !! not UC: [0, 1, 2, 3, 4, 5, 8, 9, 10, 11, 16, 18, 20]
    !! not UC: [0, 1, 2, 3, 4, 5, 6, 7, 8, 9, 10, 11, 16, 17, 18, 24, 26]
    !! not UC: [0, 1, 2, 4, 5, 8, 9, 10, 16, 17, 18, 20, 21, 24, 25]
    !! not UC: [0, 1, 2, 4, 5, 6, 8, 9, 12, 16, 18, 24]
    !! not UC: [0, 1, 2, 4, 5, 6, 8, 9, 10, 12, 16, 18, 24]
    !! not UC: [0, 1, 2, 3, 4, 6, 8, 9, 10, 12, 14, 16, 17, 18, 19, 20, 24, 25, 26, 28]
    !! not UC: [0, 1, 2, 3, 4, 8, 9]
    !! not UC: [0, 1, 2, 4, 5, 8, 9, 10, 12, 13, 16, 20, 24]
    !! not UC: [0, 1, 2, 4, 5, 6, 8, 9, 10, 12, 14, 16, 17, 18, 20, 24, 25, 26]
    !! not UC: [0, 1, 2, 3, 4, 5, 6, 7, 8, 9, 12, 16, 17, 18, 20, 24, 25, 28]
    !! not UC: [0, 1, 2, 3, 4, 6, 8, 9, 10, 12, 16, 18, 20, 22, 24]
    !! not UC: [0, 1, 2, 3, 4, 5, 8, 9, 10, 11, 16, 17, 18, 19, 20, 24]
    !! not UC: [0, 1, 2, 3, 4, 5, 8, 9, 10, 11, 12, 16, 17, 18, 19, 20, 21, 24, 25, 26, 28]
    !! not UC: [0, 1, 2, 3, 4, 5, 8, 10, 12, 16, 18, 20, 24, 28]
    !! not UC: [0, 1, 2, 3, 4, 5, 6, 8, 9, 10, 12, 13, 16, 17, 18, 20, 22, 24, 25, 26]
    !! not UC: [0, 1, 2, 3, 4, 5, 6, 8, 9, 10, 11, 12, 16, 17, 18, 20, 21, 22]
    !! not UC: [0, 1, 2, 3, 4, 5, 6, 8, 9, 10, 11, 12, 13, 16, 17, 18, 20, 22, 24, 25]
    !! not UC: [0, 1, 2, 4, 5, 8, 9, 12, 13, 16, 17, 18, 20, 21, 24, 28]
    !! not UC: [0, 1, 2, 4, 5, 6, 8, 9, 10, 12, 13, 14, 16, 17, 18, 20, 21, 24, 25, 26, 28, 29]
    !! not UC: [0, 1, 2, 4, 6, 8, 10, 16, 18, 20, 24]
    !! not UC: [0, 1, 2, 3, 4, 6, 8, 10, 12, 14, 16]
    !! not UC: [0, 1, 2, 3, 4, 6, 8, 10, 12, 14, 16, 18, 20, 24, 28]
    !! not UC: [0, 1, 2, 3, 4, 6, 8, 12, 16, 18]
    !! not UC: [0, 1, 2, 3, 8, 9, 10, 16, 17, 18, 24, 25, 26]
    !! not UC: [0, 1, 2, 3, 4, 5, 8, 9, 10, 12, 16, 17, 18, 20, 24]
    !! not UC: [0, 1, 2, 3, 4, 5, 8, 16, 17, 18, 19, 20, 24]
    !! not UC: [0, 1, 2, 3, 4, 5, 6, 7, 8, 9, 10, 12, 13, 16, 17, 20, 24, 28]
    !! not UC: [0, 1, 4, 5, 8, 12, 16, 24]
    !! not UC: [0, 1, 2, 4, 5, 8, 12, 16, 17, 18, 20]
    !! not UC: [0, 1, 2, 4, 5, 8, 10, 16, 18, 20]
    !! not UC: [0, 1, 2, 3, 4, 6, 8, 9, 10, 11, 12, 16, 17, 20, 24, 28]
    !! not UC: [0, 1, 2, 3, 4, 5, 6, 7, 8, 9, 10, 11, 12, 13, 16, 17, 18, 19, 20, 21, 22, 24, 25, 26, 28, 29]
    !! not UC: [0, 2, 4, 6, 8, 10, 12, 14, 16, 20, 24]
    !! not UC: [0, 1, 2, 4, 8, 9, 16, 17, 20]
    !! not UC: [0, 1, 2, 3, 4, 5, 6, 7, 8, 9, 10, 12, 13, 16, 17, 18, 20, 22, 24, 25]
    !! not UC: [0, 1, 2, 3, 4, 5, 6, 7, 8, 9, 10, 12, 13, 16, 17, 18, 19, 20, 21, 22, 23, 24, 25, 28]
    !! not UC: [0, 1, 2, 4, 5, 6, 8, 16, 17, 20, 21, 24]
    !! not UC: [0, 1, 2, 4, 5, 6, 8, 9, 10, 12, 13, 14, 16, 17]
    !! not UC: [0, 1, 2, 4, 5, 8, 9, 16, 17, 20, 21]
    !! not UC: [0, 1, 2, 3, 4, 5, 6, 7, 8, 9, 10, 16, 17, 18, 19, 20, 21, 22, 24, 25]
    !! not UC: [0, 1, 2, 3, 4, 5, 8, 9, 10, 12, 13, 16, 17, 18, 19, 20, 21]
    !! not UC: [0, 1, 2, 4, 5, 6, 8, 10, 12, 16, 24]
    !! not UC: [0, 1, 2, 3, 8, 9, 10, 11, 16, 24]
    !! not UC: [0, 1, 2, 4, 5, 6, 8, 9, 10, 12, 13, 16, 18, 24, 26]
    !! not UC: [0, 2, 4, 6, 8, 12, 16, 24]
    !! not UC: [0, 1, 2, 3, 4, 5, 6, 7, 8, 9, 10, 11, 12, 13, 14, 16, 17, 18, 20, 21, 22, 24, 25, 26, 28, 29, 30]
    !! not UC: [0, 1, 2, 3, 4, 5, 6, 7, 8, 9, 10, 11, 16, 17, 20, 21, 24]
    !! not UC: [0, 1, 2, 3, 4, 5, 6, 7, 8, 9, 10, 12, 13, 14, 16, 18, 20, 22, 24, 26, 28]
    !! not UC: [0, 1, 2, 4, 6, 8, 9, 10, 12, 14, 16, 17, 18, 20, 24, 25]
    !! not UC: [0, 1, 2, 4, 5, 8, 9, 12, 16, 20, 24]
    !! not UC: [0, 1, 4, 5, 8]
    !! not UC: [0, 1, 2, 3, 4, 5, 6, 8, 9, 10, 12, 13, 16, 17, 18, 24, 25, 26]
    !! not UC: [0, 1, 2, 3, 4, 5, 8, 9, 10, 11, 16, 17, 18, 20, 24, 25]
    !! not UC: [0, 1, 2, 3, 4, 5, 6, 7, 8, 9, 10, 12, 16]
    !! not UC: [0, 1, 2, 4, 6, 8, 9, 10, 16, 18, 20, 22, 24, 26]
    !! not UC: [0, 1, 2, 3, 4, 5, 8, 9, 12, 13, 16, 17, 20, 24, 25, 28]
    !! not UC: [0, 1, 2, 3, 4, 5, 6, 7, 8, 9, 10, 11, 12, 13, 14, 15, 16, 17, 18, 19, 20, 22, 24, 25, 26, 28]
    !! not UC: [0, 1, 2, 4, 5, 6, 8, 9, 12, 16, 17, 20, 24, 28]
    !! not UC: [0, 1, 2, 3, 4, 5, 6, 8, 9, 10, 12, 16, 17, 18, 19, 24, 25]
    !! not UC: [0, 1, 2, 4, 5, 6, 8, 9, 10, 12, 14, 16, 18, 20, 22, 24]
    !! not UC: [0, 1, 2, 4, 5, 6, 8, 9, 10, 16, 17, 18, 24]
    !! not UC: [0, 1, 2, 3, 4, 5, 6, 8, 9, 12, 16, 17, 18, 20, 22, 24, 25, 28]
    !! not UC: [0, 1, 2, 3, 4, 5, 6, 8, 9, 10, 11, 12, 13, 14, 16, 17, 18, 20, 21, 22, 24, 25, 28, 29]
    !! not UC: [0, 1, 2, 3, 4, 6, 8, 9, 10, 11, 16, 17, 18, 20, 24, 25, 26]
    !! not UC: [0, 1, 2, 3, 4, 5, 6, 7, 8, 9, 10, 11, 12, 13, 16, 17, 18, 19, 20, 21, 22, 24, 25]
    !! not UC: [0, 1, 2, 3, 4, 5, 6, 8, 9, 10, 11, 12, 14, 16, 17, 18, 19, 20, 24, 25, 26, 28]
    !! not UC: [0, 1, 2, 3, 4, 5, 6, 8, 9, 10, 11, 12, 14, 16, 17, 18, 20, 21, 24, 28]
    !! not UC: [0, 1, 2, 4, 5, 8, 10, 12, 16, 17, 20, 21]
    !! not UC: [0, 1, 2, 3, 4, 5, 6, 8, 9, 10, 12, 14, 16, 18, 20, 22, 24, 28]
    !! not UC: [0, 1, 2, 3, 4, 5, 6, 7, 8, 9, 10, 11, 12, 14, 16, 17, 18, 19, 20, 21, 22, 23, 24, 25, 26]
    !! not UC: [0, 1, 2, 3, 4, 5, 8, 9, 10, 12, 16, 18, 20, 24, 26, 28]
    !! not UC: [0, 1, 2, 3, 4, 5, 6, 7, 8, 9, 10, 11, 12, 13, 14, 16, 17, 18, 20, 21, 22, 24, 28]
    !! not UC: [0, 1, 2, 3, 4, 5, 6, 8, 9, 10, 11, 12, 16, 17, 20, 24, 28]
    !! not UC: [0, 1, 2, 3, 4, 5, 8, 9, 10, 11, 12, 13, 16, 18, 20]
    !! not UC: [0, 1, 2, 3, 4, 5, 6, 8, 9, 10, 11, 12, 16, 17, 18, 20, 22, 24, 25, 26]
    !! not UC: [0, 1, 2, 3, 4, 5, 6, 7, 8, 9, 10, 11, 12, 13, 14, 15, 16, 17, 18, 19, 20, 21, 22, 24, 25, 26, 28, 29, 30]
    !! not UC: [0, 1, 2, 3, 4, 5, 6, 8, 10, 12, 16, 17, 18, 20, 21, 24, 26]
    !! not UC: [0, 1, 2, 3, 4, 5, 6, 7, 8, 10, 12, 16, 17, 18, 19, 20, 21, 24, 26]
    !! not UC: [0, 1, 2, 3, 4, 5, 6, 8, 9, 10, 11, 12, 14, 16, 17, 18, 19, 20, 24]
    !! not UC: [0, 1, 2, 3, 4, 8, 9, 10, 12, 16, 17, 18, 20]
    !! not UC: [0, 1, 2, 4, 5, 8, 10, 16, 17]
    !! not UC: [0, 1, 2, 3, 4, 5, 6, 7, 8, 9, 10, 12, 16, 17, 18, 19, 20, 21, 24, 25]
    !! not UC: [0, 1, 2, 3, 4, 8, 9, 10, 11, 16]
    !! not UC: [0, 1, 2, 4, 8, 9, 12, 16, 20]
    !! not UC: [0, 1, 2, 3, 4, 5, 6, 7, 8, 9, 10, 11, 12, 13, 16, 17, 18, 20, 21, 22, 24]
    !! not UC: [0, 1, 2, 3, 4, 5, 6, 8, 9, 16, 17, 18, 19, 20, 21, 24, 25]
    !! not UC: [0, 1, 2, 4, 5, 6, 8, 9, 12, 16, 17, 18]
    !! not UC: [0, 1, 2, 4, 6, 8, 10, 12, 16]
    !! not UC: [0, 2, 4, 6, 8, 12, 16, 18, 20, 22]
    !! not UC: [0, 1, 2, 3, 4, 5, 6, 7, 8, 9, 10, 12, 13, 14, 16, 17, 18, 20, 21, 24, 25, 26, 28, 29]
    !! not UC: [0, 1, 2, 3, 4, 5, 6, 8, 12, 16, 17, 18, 19, 20, 24]
    !! not UC: [0, 1, 2, 3, 4, 5, 6, 7, 8, 9, 16, 17, 18, 20, 21]
    !! not UC: [0, 1, 2, 4, 5, 6, 8, 9, 16, 17, 18, 20, 22]
    !! not UC: [0, 1, 2, 3, 4, 5, 6, 7, 8, 9, 10, 11, 12, 14, 16, 17, 18, 20, 21, 24, 25, 28]
    !! not UC: [0, 1, 2, 3, 8, 10, 16, 17, 18, 19, 24]
    !! not UC: [0, 1, 2, 3, 4, 5, 6, 7, 8, 10, 12, 16, 18, 24, 26]
    !! not UC: [0, 1, 2, 3, 4, 5, 6, 8, 10, 12, 16, 17, 18, 24]
    !! not UC: [0, 1, 2, 3, 4, 5, 6, 7, 8, 9, 10, 11, 16, 17, 18, 19, 20]
    !! not UC: [0, 1, 2, 3, 4, 5, 6, 8, 9, 10, 11, 12, 13, 14, 16, 17, 18, 19, 24, 25]
    !! not UC: [0, 1, 2, 3, 4, 6, 8, 10, 16, 18, 24]
    !! not UC: [0, 1, 2, 3, 4, 5, 6, 7, 8, 9, 10, 12, 16, 17, 18, 20, 21, 22, 24, 25, 28]
    !! not UC: [0, 1, 2, 3, 4, 6, 8, 10, 12, 14, 16, 17, 18, 19, 20, 22, 24, 26]
    !! not UC: [0, 1, 2, 3, 4, 5, 6, 8, 9, 10, 12, 14, 16, 24]
    !! not UC: [0, 1, 2, 4, 5, 8, 9, 10, 12, 13, 16, 17, 20, 24, 28]
    !! not UC: [0, 1, 2, 3, 4, 5, 6, 7, 16, 18, 20, 22]
    !! not UC: [0, 1, 2, 3, 4, 5, 8, 9, 10, 11, 12, 13, 16, 17, 18, 20]
    !! not UC: [0, 1, 2, 3, 4, 5, 8, 9, 10, 12, 13, 16, 17, 18, 20, 24, 25, 26]
    !! not UC: [0, 1, 2, 4, 6, 8, 9, 10, 12, 14, 16, 20, 24]
    !! not UC: [0, 1, 2, 3, 4, 6, 8, 9, 10, 16, 20, 24]
    !! not UC: [0, 1, 2, 3, 4, 5, 6, 7, 8, 9, 10, 11, 12, 13, 14, 15, 16, 20, 24]
    !! not UC: [0, 1, 2, 3, 4, 5, 6, 8, 9, 10, 11, 12, 16, 18, 20, 22, 24]
    !! not UC: [0, 1, 2, 3, 4, 6, 8, 10, 12, 14, 16, 17, 18, 19]
    !! not UC: [0, 1, 2, 3, 8, 9, 10]
    !! not UC: [0, 1, 2, 3, 4, 5, 6, 7, 8, 9, 10, 11, 12, 13, 14, 15, 16, 17, 18, 19, 20, 22, 24, 26, 28]
    !! not UC: [0, 1, 2, 3, 4, 5, 6, 8, 9, 10, 16, 17, 18, 20, 22, 24]
    !! not UC: [0, 1, 2, 3, 4, 5, 6, 8, 9, 10, 12, 16, 17, 18, 20, 21, 22, 24, 25, 26, 28]
    !! not UC: [0, 1, 2, 3, 4, 5, 8, 9, 16, 17, 24]
    !! not UC: [0, 1, 2, 3, 4, 5, 6, 7, 8, 9, 10, 11, 12, 13, 16, 17, 18, 20, 24, 28]
    !! not UC: [0, 1, 2, 4, 5, 8, 16, 20, 24]
    !! not UC: [0, 1, 4, 5, 8, 12, 16, 17, 20, 24]
    !! not UC: [0, 1, 2, 4, 5, 6, 8, 9, 10, 12, 16, 24]
    !! not UC: [0, 1, 2, 3, 4, 5, 6, 7, 8, 9, 10, 12, 13, 16, 17, 18, 24, 26]
    !! not UC: [0, 1, 2, 3, 4, 8, 9, 10, 12, 16, 17, 18, 19, 20, 24, 25, 26]
    !! not UC: [0, 1, 2, 3, 4, 5, 6, 8, 9, 10, 12, 14, 16, 17, 18, 20, 21, 24, 25, 28]
    !! not UC: [0, 1, 2, 4, 5, 6, 8, 9, 10, 12, 14, 16, 17, 18, 20, 21, 24, 28]
    !! not UC: [0, 1, 4, 8, 9, 16, 17, 24, 25]
    !! not UC: [0, 1, 2, 4, 5, 8, 9, 12, 13, 16, 17, 18, 20, 24]
    !! not UC: [0, 1, 2, 4, 5, 8, 9, 10, 12, 13, 16, 17, 20, 21, 24, 28]
    !! not UC: [0, 1, 2, 3, 4, 5, 6, 7, 8, 9, 10, 12, 16, 17, 18, 19, 24]
    !! not UC: [0, 1, 2, 3, 4, 6, 8, 9, 10, 11, 12, 14, 16, 17, 18, 20, 22, 24, 28]
    !! not UC: [0, 1, 2, 3, 8, 9, 10, 11, 16, 17, 18]
    !! not UC: [0, 1, 2, 4, 5, 6, 8, 9, 10, 12, 13, 16, 17, 18, 20, 22, 24, 25, 28]
    !! not UC: [0, 1, 2, 4, 6, 8, 10, 12, 16, 17, 18, 20, 24, 28]
    !! not UC: [0, 1, 2, 3, 4, 5, 6, 7, 8, 9, 10, 11, 12, 14, 16, 18, 20, 24, 26]
    !! not UC: [0, 1, 2, 8, 9, 16, 17, 18]
    !! not UC: [0, 1, 2, 3, 4, 8, 9, 12, 16, 17, 18, 24, 25]
    !! not UC: [0, 1, 2, 4, 6, 8, 9, 10, 12, 14, 16, 18, 24]
    !! not UC: [0, 1, 2, 3, 4, 5, 6, 8, 9, 10, 12, 16, 17, 20, 21, 24, 25, 28]
    !! not UC: [0, 1, 2, 4, 6, 8, 10, 16, 24]
    !! not UC: [0, 1, 2, 3, 4, 5, 8, 12, 16, 17, 18, 19, 20, 24, 28]
    !! not UC: [0, 1, 2, 3, 4, 5, 6, 8, 9, 10, 11, 12, 14, 16, 17, 18, 19, 20, 21, 22, 24, 25, 26, 27]
    !! not UC: [0, 1, 2, 3, 4, 5, 6, 7, 8, 9, 10, 12, 16, 17, 20, 21, 24]
    !! not UC: [0, 1, 4, 5, 8, 9, 16]
    !! not UC: [0, 1, 2, 4, 5, 6, 8, 10, 12, 16, 17, 18, 20, 22, 24, 28]
    !! not UC: [0, 1, 2, 3, 4, 5, 6, 7, 8, 9, 10, 11, 12, 13, 16, 17, 18, 19, 20, 21]
    !! not UC: [0, 1, 2, 3, 4, 5, 6, 7, 8, 10, 12, 14, 16, 17, 18, 19, 20, 22, 24, 26, 28, 30]
    !! not UC: [0, 1, 2, 3, 4, 5, 6, 8, 9, 10, 11, 12, 13, 16, 17, 20, 21, 24, 28]
    !! not UC: [0, 1, 2, 3, 4, 5, 6, 7, 8, 9, 10, 11, 12, 14, 16, 17, 18]
    !! not UC: [0, 1, 2, 3, 4, 5, 6, 8, 9, 10, 11, 12, 13, 14, 16, 17, 18, 20, 21, 22]
    !! not UC: [0, 1, 2, 3, 4, 5, 6, 7, 8, 9, 10, 11, 12, 13, 16, 17, 18, 19, 20, 21, 24, 28]
    !! not UC: [0, 1, 2, 3, 4, 5, 6, 8, 9, 16, 17, 18, 19, 20, 21, 22]
    !! not UC: [0, 1, 2, 3, 4, 5, 6, 8, 9, 10, 11, 12, 13, 14, 16, 17]
    !! not UC: [0, 1, 2, 4, 5, 6, 8, 10, 12, 16, 18, 20, 24, 28]
    !! not UC: [0, 1, 2, 3, 4, 6, 8, 10, 16, 17, 18, 19, 20, 24]
    !! not UC: [0, 1, 2, 3, 4, 5, 6, 8, 9, 10, 12, 16, 17, 18, 19, 20, 21, 22]
    !! not UC: [0, 1, 2, 3, 4, 5, 6, 7, 8, 10, 16, 18, 24, 26]
    !! not UC: [0, 1, 2, 3, 4, 5, 8, 9, 10, 12, 16, 17, 20, 21, 24, 25, 28]
    !! not UC: [0, 1, 2, 3, 4, 5, 6, 7, 8, 9, 10, 11, 16, 17, 18, 19, 20, 21, 22, 24, 25, 26, 27]
    !! not UC: [0, 1, 2, 3, 4, 5, 6, 7, 8, 9, 10, 12, 13, 14, 16, 18, 20, 22, 24]
    !! not UC: [0, 1, 2, 4, 5, 6, 8, 9, 12, 13, 16, 17, 18, 20, 21, 22, 24, 25]
    !! not UC: [0, 1, 2, 3, 4, 5, 8, 9, 10, 12, 13, 16, 18, 20]
    !! not UC: [0, 1, 2, 3, 4, 5, 6, 8, 9, 10, 11, 12, 16, 17, 18, 19, 20, 22, 24, 25, 26, 27, 28]
    !! not UC: [0, 1, 2, 3, 4, 5, 6, 7, 8, 10, 12, 14, 16, 18, 20, 22, 24, 26]
    !! not UC: [0, 1, 2, 3, 4, 5, 6, 8, 9, 10, 12, 13, 14]
    !! not UC: [0, 1, 2, 3, 4, 5, 6, 7, 8, 9, 10, 11, 16, 17, 20, 21]
    !! not UC: [0, 1, 2, 3, 4, 8, 16, 17]
    !! not UC: [0, 1, 2, 3, 4, 5, 6, 8, 9, 10, 12, 14, 16, 17, 18, 20, 22, 24, 28]
    !! not UC: [0, 1, 2, 8, 9, 16, 17]
    !! not UC: [0, 1, 2, 4, 6, 8, 10, 12, 14, 16, 24]
    !! not UC: [0, 1, 2, 3, 4, 5, 6, 7, 8, 9, 10, 11, 12, 13, 14, 16, 17, 24, 25]
    !! not UC: [0, 1, 2, 3, 4, 6, 8, 9, 10, 11, 12, 14, 16, 17, 18, 19, 20, 22]
    !! not UC: [0, 1, 4, 5, 8, 9, 12, 16, 20, 24]
    !! not UC: [0, 1, 2, 3, 4, 5, 8, 10, 12, 16, 17, 18, 19, 24]
    !! not UC: [0, 1, 2, 3, 4, 5, 6, 7, 8, 10, 16, 17, 18, 19, 20, 24, 26]
    !! not UC: [0, 1, 2, 3, 4, 5, 8, 9, 10, 11, 12, 13, 16, 17, 20, 24, 25]
    !! not UC: [0, 1, 2, 3, 4, 6, 8, 9, 10, 11, 16, 18, 20, 22, 24, 26]
    !! not UC: [0, 1, 2, 4, 8, 10, 16, 17, 24]
    !! not UC: [0, 1, 2, 3, 4, 5, 6, 8, 9, 10, 12, 14, 16, 17, 18, 20, 22]
    !! not UC: [0, 1, 2, 3, 4, 5, 6, 7, 8, 9, 10, 12, 14, 16, 17, 18, 19, 20, 22]
    !! not UC: [0, 1, 2, 3, 8, 16, 17, 18, 19]
    !! not UC: [0, 1, 2, 3, 4, 6, 8, 9, 12, 16, 17, 18, 20, 22, 24, 25]
    !! not UC: [0, 1, 2, 3, 4, 5, 6, 7, 8, 9, 10, 12, 14, 16, 17, 18, 20, 24]
    !! not UC: [0, 1, 2, 3, 4, 5, 8, 10, 16, 17, 18, 20, 24]
    !! not UC: [0, 1, 2, 3, 4, 5, 8, 10, 12, 16, 24]
    !! not UC: [0, 1, 2, 3, 4, 5, 8, 9, 12, 16, 17, 18, 19, 20, 24]
    !! not UC: [0, 1, 2, 3, 4, 5, 6, 8, 9, 10, 11, 12, 16, 17, 18, 20, 22]
    !! not UC: [0, 1, 2, 3, 4, 5, 6, 8, 9, 10, 11, 12, 13, 14, 16, 17, 18, 19, 20, 21, 24, 25, 28]
    !! not UC: [0, 1, 2, 3, 4, 5, 6, 7, 8, 9, 10, 11, 12, 16, 17, 18, 19, 20, 22]
    !! not UC: [0, 1, 2, 4, 5, 6, 8, 9, 12, 13, 16, 17, 20, 24]
    !! not UC: [0, 1, 2, 3, 4, 6, 8, 9, 10, 12, 16, 17, 18, 19, 20, 22, 24, 26, 28]
    !! not UC: [0, 1, 2, 3, 4, 5, 6, 8, 10, 12, 14, 16, 17, 18, 20, 21, 24, 26]
    !! not UC: [0, 1, 2, 3, 4, 5, 6, 8, 9, 10, 12, 13, 14, 16, 17, 18, 20, 24, 26]
    !! not UC: [0, 1, 2, 3, 4, 5, 6, 7, 8, 9, 10, 11, 12, 13, 16, 17, 18, 19, 20, 22, 24]
    !! not UC: [0, 1, 2, 3, 4, 5, 6, 8, 9, 10, 11, 16, 18, 20, 22]
    !! not UC: [0, 1, 2, 3, 4, 5, 6, 8, 9, 10, 12, 13, 16, 17, 18, 19, 20, 22, 24, 25, 28]
    !! not UC: [0, 1, 2, 4, 6, 8, 9, 10, 16, 17, 18, 24, 25]
    !! not UC: [0, 1, 2, 3, 4, 5, 6, 7, 8, 9, 10, 11, 12, 13, 14, 16, 18, 20, 22, 24, 26, 28, 30]
    !! not UC: [0, 1, 2, 3, 4, 5, 6, 7, 8, 10, 16, 17, 18, 20, 24]
    !! not UC: [0, 1, 2, 4, 8, 16, 17, 20]
    !! not UC: [0, 1, 2, 4, 5, 6, 8, 10, 12, 16, 17]
    !! not UC: [0, 2, 4, 6, 8, 10, 12, 14, 16, 20, 24, 28]
    !! not UC: [0, 1, 2, 4, 5, 8, 9, 10, 16, 17, 18, 20, 21, 24, 26]
    !! not UC: [0, 1, 2, 3, 4, 5, 6, 8, 9, 10, 12, 13, 14, 16, 17, 18, 19, 20, 22]
    !! not UC: [0, 1, 2, 3, 4, 5, 6, 7, 8, 9, 10, 16, 17, 20, 21]
    !! not UC: [0, 1, 2, 3, 4, 5, 8, 9, 10, 16, 18, 24, 26]
    !! not UC: [0, 1, 2, 4, 5, 6, 8, 9, 10, 16, 17, 18, 20, 22]
    !! not UC: [0, 1, 2, 4, 5, 8, 12, 16, 17, 18, 24]
    !! not UC: [0, 1, 2, 4, 5, 8, 16, 17, 18, 20, 24]
    !! not UC: [0, 1, 2, 3, 4, 5, 6, 7, 8, 9, 10, 11, 12, 16, 17, 18, 19, 20, 21, 24, 25, 26]
    !! not UC: [0, 1, 2, 3, 4, 5, 8, 9, 10, 11, 12, 16, 17, 18, 19]
    !! not UC: [0, 1, 2, 3, 4, 5, 6, 7, 8, 9, 10, 11, 12, 14, 16, 17, 18, 20, 21, 22, 24, 25]
    !! not UC: [0, 1, 2, 3, 4, 8, 10, 12, 16, 18]
    !! not UC: [0, 1, 2, 3, 4, 5, 6, 8, 10, 16, 17, 18, 19, 20]
    !! not UC: [0, 1, 2, 3, 4, 5, 6, 8, 9, 10, 11, 12, 16, 17, 18, 19, 20, 21, 24, 28]
    !! not UC: [0, 1, 2, 3, 4, 5, 6, 8, 9, 10, 11, 16, 17, 18, 19, 20, 21]
    !! not UC: [0, 1, 2, 3, 4, 5, 6, 7, 8, 9, 10, 11, 16, 17, 18, 20, 21]
    !! not UC: [0, 1, 2, 3, 4, 5, 6, 7, 8, 9, 10, 11, 12, 14, 16, 17, 18, 19, 20, 22, 24, 26, 28, 30]
    !! not UC: [0, 1, 2, 3, 4, 5, 6, 8, 9, 12, 13, 16, 17, 18, 20, 21]
    !! not UC: [0, 1, 2, 3, 4, 6, 8, 16, 20, 24]
    !! not UC: [0, 1, 2, 3, 4, 5, 6, 7, 8, 16, 17, 20, 21]
    !! not UC: [0, 1, 2, 4, 8, 9, 10, 12, 16, 18, 20, 24, 26, 28]
    !! not UC: [0, 1, 2, 3, 4, 5, 6, 7, 8, 9, 16, 17, 20, 21, 24, 25]
    !! not UC: [0, 1, 2, 3, 4, 5, 6, 7, 8, 9, 10, 12, 13, 16, 17, 18, 19, 20, 22, 24]
    !! not UC: [0, 1, 2, 3, 4, 5, 6, 7, 8, 9, 10, 12, 14, 16, 17, 18, 19, 20, 21, 22, 24, 25, 26, 28, 30]
    !! not UC: [0, 1, 2, 3, 4, 5, 6, 7, 8, 9, 10, 11, 12, 14, 16, 17, 18, 19, 20, 21, 24, 26]
    !! not UC: [0, 1, 2, 3, 4, 8, 10, 16, 17, 20]
    !! not UC: [0, 1, 2, 3, 4, 5, 6, 7, 8, 9, 10, 11, 12, 14, 16, 17, 18, 19, 20, 22, 24, 26, 28]
    !! not UC: [0, 2, 4, 6, 8, 10, 12, 14, 16, 18, 24]
    !! not UC: [0, 1, 2, 3, 4, 5, 6, 8, 9, 10, 12, 14, 16, 17, 18, 20, 21, 22, 24, 26, 28]
    !! not UC: [0, 1, 2, 4, 6, 8, 9, 10, 12, 16, 17, 18, 20, 24, 25, 26, 28]
    !! not UC: [0, 1, 2, 3, 4, 5, 6, 8, 9, 10, 12, 14, 16, 17, 18, 20, 24, 26, 28]
    !! not UC: [0, 1, 2, 3, 4, 5, 8, 9, 12, 16, 17, 18]
    !! not UC: [0, 1, 2, 3, 4, 5, 6, 8, 9, 10, 11, 12, 14, 16, 18, 20, 22, 24]
    !! not UC: [0, 1, 2, 3, 4, 5, 6, 8, 9, 10, 11, 12, 13, 16, 17, 18, 19, 20, 21, 24, 25, 26]
    !! not UC: [0, 1, 2, 4, 5, 6, 8, 16, 18, 20, 22, 24]
    !! not UC: [0, 1, 2, 3, 4, 5, 8, 9, 10, 11, 12, 13, 16, 17, 18, 19, 20, 21, 24, 25, 28]
    !! not UC: [0, 1, 2, 3, 4, 5, 6, 8, 9, 10, 11, 12, 13, 14, 16, 17, 18, 19]
    !! not UC: [0, 1, 2, 4, 5, 6, 8, 10, 16, 18, 20]
    !! not UC: [0, 1, 2, 4, 6, 8, 9, 10, 12, 16, 18, 20, 24, 26, 28]
    !! not UC: [0, 1, 2, 4, 5, 6, 8, 10, 12, 16, 17, 20, 24]
    !! not UC: [0, 1, 2, 3, 4, 5, 6, 8, 9, 10, 12, 13, 16, 17, 18, 19, 20, 21, 22]
    !! not UC: [0, 1, 2, 3, 4, 5, 6, 7, 8, 9, 10, 11, 16, 17, 18, 19, 20, 21, 22, 23, 24]
    !! not UC: [0, 1, 2, 3, 8, 9, 16, 17, 24]
    !! not UC: [0, 1, 2, 3, 4, 5, 6, 7, 8, 9, 10, 12, 13, 14, 16, 18, 20, 22, 24, 26]
    !! not UC: [0, 1, 2, 4, 5, 8, 9, 10, 12, 13, 16, 20, 24, 28]
    !! not UC: [0, 1, 2, 3, 4, 5, 6, 7, 8, 9, 10, 11, 12, 13, 16]
    !! not UC: [0, 1, 2, 3, 4, 5, 6, 7, 8, 9, 10, 11, 12, 14, 16, 17, 18, 19, 20, 22]
    !! not UC: [0, 1, 2, 3, 4, 5, 8, 10, 12, 16, 18, 20, 24]
    !! not UC: [0, 1, 2, 4, 5, 8, 9, 10, 16, 17, 20, 24, 25]
    !! not UC: [0, 1, 2, 3, 4, 5, 6, 7, 8, 9, 10, 12, 14, 16, 17, 18, 19, 20, 21, 24, 25, 26, 28]
    !! not UC: [0, 1, 2, 3, 4, 5, 6, 7, 8, 9, 10, 11, 12, 14, 16, 17, 18, 19, 20, 21, 22, 23, 24, 25, 28]
    !! not UC: [0, 1, 2, 4, 5, 6, 8, 9, 12, 13, 16, 18, 20, 22, 24]
    !! not UC: [0, 1, 2, 3, 4, 5, 6, 7, 8, 9, 10, 12, 16, 17, 18, 20, 21, 22, 24, 25]
    !! not UC: [0, 1, 2, 3, 4, 5, 6, 7, 8, 10, 12, 16, 17, 18, 19, 20, 21, 22, 24, 28]
    !! not UC: [0, 1, 2, 4, 8, 9, 10]
    !! not UC: [0, 1, 2, 3, 4, 5, 6, 7, 8, 9, 10, 12, 14, 16, 17, 18, 19]
    !! not UC: [0, 1, 2, 3, 4, 5, 6, 7, 8, 9, 10, 11, 12, 14, 16, 17, 18, 19, 20, 22, 24, 25, 26, 27]
    !! not UC: [0, 1, 2, 3, 4, 5, 6, 8, 9, 10, 11, 16, 17, 18, 19, 20, 22, 24]
    !! not UC: [0, 1, 2, 3, 4, 6, 8, 9, 10, 12, 14, 16, 20]
    !! not UC: [0, 1, 2, 3, 4, 5, 6, 8, 9, 10, 11, 12, 14, 16, 17, 18, 20, 21, 22, 24]
    !! not UC: [0, 1, 2, 3, 4, 5, 6, 8, 16, 17, 18, 24]
    !! not UC: [0, 1, 2, 3, 4, 5, 6, 8, 9, 10, 11, 12, 16, 17, 24, 25]
    !! not UC: [0, 1, 2, 4, 5, 6, 8, 9, 10, 12, 14, 16, 17, 18, 20, 21, 22, 24, 25, 26, 28, 30]
    !! not UC: [0, 1, 2, 3, 4, 5, 6, 8, 10, 16, 18]
    !! not UC: [0, 1, 2, 3, 4, 5, 8, 9, 12, 16, 17, 18, 24, 25]
    !! not UC: [0, 1, 2, 3, 4, 5, 8, 9, 10, 12, 16, 24]
    !! not UC: [0, 1, 2, 3, 4, 5, 6, 7, 8, 16, 17, 18, 20, 22, 24]
    !! not UC: [0, 1, 2, 3, 4, 8, 10, 12, 16, 17, 20, 24]
    !! not UC: [0, 1, 2, 4, 5, 6, 8, 9, 10, 12, 16, 17, 20, 24, 25]
    !! not UC: [0, 1, 2, 4, 5, 8, 9, 10, 16, 17, 18]
    !! not UC: [0, 1, 2, 4, 6, 8, 9, 16, 17, 18, 20, 22, 24]
    !! not UC: [0, 1, 2, 3, 4, 5, 8, 9, 16, 18, 20]
    !! not UC: [0, 1, 2, 3, 4, 5, 6, 8, 9, 10, 12, 13, 16, 17, 18, 20, 22, 24, 25, 28]
    !! not UC: [0, 1, 2, 3, 4, 5, 6, 7, 8, 9, 10, 12, 16, 17, 24, 25]
    !! not UC: [0, 1, 4, 8, 12, 16, 20, 24, 28]
    !! not UC: [0, 1, 2, 4, 5, 8, 9, 10, 16, 17, 20, 24]
    !! not UC: [0, 1, 2, 3, 4, 5, 6, 8, 9, 10, 12, 14, 16, 18]
    !! not UC: [0, 1, 2, 3, 4, 5, 6, 7, 8, 9, 10, 11, 12, 14]
    !! not UC: [0, 1, 2, 4, 5, 8, 12, 16, 20, 24, 28]
    !! not UC: [0, 1, 2, 3, 4, 5, 6, 8, 9, 10, 11, 12, 13, 16, 17, 18, 19, 20, 21, 24, 28]
    !! not UC: [0, 1, 2, 3, 4, 5, 6, 8, 12, 16, 24]
    !! not UC: [0, 1, 2, 3, 4, 5, 6, 8, 9, 10, 11, 12, 13, 16, 17, 18, 19, 20, 21, 24, 25, 26, 27]
    !! not UC: [0, 1, 2]
    !! not UC: [0, 1, 2, 3, 4, 5, 6, 7, 8, 9, 12, 13, 16, 17, 18, 20, 22, 24, 28]
    !! not UC: [0, 1, 2, 3, 4, 6, 8, 9, 10, 11, 12, 16, 18, 20, 22, 24, 26, 28]
    !! not UC: [0, 1, 2, 3, 4, 6, 8, 10, 16]
    !! not UC: [0, 1, 2, 3, 4, 5, 6, 8, 9, 10, 12, 13, 14, 16, 17, 20, 24, 25, 28]
    !! not UC: [0, 1, 2, 3, 4, 5, 6, 7, 8, 9, 16, 18, 20, 22]
    !! not UC: [0, 1, 2, 3, 4, 5, 8, 9, 10, 11, 12, 13, 16, 17, 18, 20, 24, 26]
    !! not UC: [0, 1, 2, 3, 4, 6, 8, 9, 12, 16, 17, 18, 19, 20, 24, 25, 28]
    !! not UC: [0, 1, 2, 3, 4, 5, 6, 8, 9, 10, 11, 12, 16, 18, 20, 24, 26]
    !! not UC: [0, 1, 2, 3, 4, 5, 8, 9, 10, 11, 16, 17, 20, 21]
    !! not UC: [0, 1, 2, 4, 6, 8, 9, 10, 12, 16, 17, 20, 24, 25]
    !! not UC: [0, 1, 2, 3, 4, 6, 8, 9, 16, 17, 18, 20, 22, 24, 25]
    !! not UC: [0, 1, 2, 3, 4, 5, 8, 10, 12, 16, 17, 18]
    !! not UC: [0, 1, 2, 3, 4, 5, 8, 9, 10, 11, 12, 16, 17, 18, 19, 20, 24, 28]
    !! not UC: [0, 1, 2, 3, 4, 5, 6, 7, 8, 9, 10, 12, 14, 16, 17, 18, 20, 21, 22]
    !! not UC: [0, 1, 2, 3, 4, 5, 8, 9, 10, 11, 12, 13, 16, 17, 18, 19, 20, 21, 24, 25, 26, 28]
    !! not UC: [0, 1, 2, 3, 4, 5, 6, 8, 9, 10, 12, 16, 17, 18, 20, 21]
    !! not UC: [0, 1, 2, 3, 4, 5, 6, 8, 10, 12, 14, 16, 17, 18, 19, 20, 21, 22, 24]
    !! not UC: [0, 1, 2, 3, 4, 5, 6, 7, 8, 9, 10, 11, 12, 13, 14, 15, 16, 17, 18, 19, 20, 21, 24, 25, 26, 28]
    !! not UC: [0, 1, 2, 3, 4, 5, 6, 7, 8, 12, 16, 17, 18, 20, 22]
    !! not UC: [0, 1, 2, 3, 4, 5, 6, 8, 9, 10, 11, 12, 13, 14, 16, 17, 18, 19, 20, 22, 24, 25]
    !! not UC: [0, 1, 2, 3, 4, 5, 6, 8, 9, 10, 11, 12, 13, 14, 16, 17, 18, 19, 20, 22, 24, 25, 26, 27, 28, 30]
    !! not UC: [0, 1, 2, 4, 5, 6, 16, 17, 18, 20]
    !! not UC: [0, 1, 2, 3, 4, 6, 8, 9, 10, 12, 14, 16, 17, 18, 24, 25, 26]
    !! not UC: [0, 1, 2, 3, 4, 5, 6, 7, 8, 10, 12, 16, 17, 18, 20, 21]
    !! not UC: [0, 1, 2, 3, 4, 5, 6, 7, 8, 9, 10, 11, 12, 16, 17, 18, 20, 21, 24, 26]
    !! not UC: [0, 1, 2, 3, 4, 5, 6, 8, 10, 12, 16, 18, 24]
    !! not UC: [0, 1, 2, 4, 5]
    !! not UC: [0, 1, 2, 4, 5, 6, 8, 10, 12, 14, 16, 17, 20, 24, 28]
    !! not UC: [0, 1, 2, 3, 4, 6, 8, 10, 12, 14, 16, 17, 20]
    !! not UC: [0, 1, 2, 3, 4, 5, 6, 7, 8, 9, 12, 13, 16, 17, 18, 20, 24, 28]
    !! not UC: [0, 1, 2, 4, 5, 8, 9, 10, 12, 16, 17, 18, 24]
    !! not UC: [0, 1, 2, 3, 4, 8, 9, 16, 20, 24]
    !! not UC: [0, 1, 2, 4, 6, 8, 16, 17]
    !! not UC: [0, 1, 2, 3, 4, 6, 8, 9, 10, 11, 12, 14, 16, 17, 18, 20, 22, 24, 26]
    !! not UC: [0, 1, 2, 3, 4, 5, 6, 7, 8, 9, 12, 16, 17, 18, 20, 21, 22]
    !! not UC: [0, 1, 2, 4, 5, 6, 8, 9, 10, 12, 14, 16, 17, 18, 20, 21, 24, 26]
    !! not UC: [0, 1, 2, 3, 4, 5, 6, 8, 9, 10, 11, 12, 14, 16, 17, 18, 19, 20, 21, 22, 24, 25, 26, 28, 30]
    !! not UC: [0, 1, 2, 3, 4, 5, 8, 9, 10, 11, 12, 16, 17, 18]
    !! not UC: [0, 1, 2, 4, 5, 8, 10, 12, 16, 20, 24]
    !! not UC: [0, 1, 2, 3, 4, 5, 6, 8, 9, 10, 11, 12, 14, 16, 17, 18, 20, 21, 24, 26]
    !! not UC: [0, 1, 2, 3, 16, 18]
    !! not UC: [0, 1, 2, 3, 4, 5, 6, 8, 9, 12, 13, 16, 18, 20, 22, 24, 28]
    !! not UC: [0, 1, 2, 3, 4, 5, 6, 8, 10, 12, 14, 16, 17, 18, 20, 21]
    !! not UC: [0, 1, 2, 3, 4, 5, 6, 7, 8, 9, 10, 11, 12, 13, 14, 16, 17, 18, 19, 20, 21, 22, 24, 25, 26, 28]
    !! not UC: [0, 1, 2, 3, 4, 5, 6, 7, 8, 9, 10, 11, 12, 13, 14, 16, 17, 18, 19, 20, 24, 25, 26, 27, 28]
    !! not UC: [0, 1, 4, 16, 17]
    !! not UC: [0, 2, 16]
    !! not UC: [0, 1, 2, 3, 4, 5, 6, 7, 8, 9, 10, 11, 12, 13, 16, 17, 18, 19, 20, 21, 22, 23, 24, 26, 28]
    !! not UC: [0, 1, 2, 3, 4, 5, 6, 8, 9, 10, 12, 16, 17, 18, 19, 20, 22]
    !! not UC: [0, 1, 2, 4, 5, 8, 9, 10, 12, 13, 16, 18, 20, 24, 28]
    !! not UC: [0, 1, 2, 3, 4, 5, 6, 8, 9, 10, 12, 13, 16, 17, 18, 20, 21, 22, 24, 25, 26, 28, 29]
    !! not UC: [0, 1, 2, 4, 6, 8, 9, 16, 20]
    !! not UC: [0, 1, 2, 3, 4, 5, 6, 7, 8, 9, 10, 12, 13, 14, 16, 18, 20, 24, 26, 28]
    !! not UC: [0, 1, 2, 3, 4, 8, 16, 17, 18, 20]
    !! not UC: [0, 1, 2, 4, 8, 9, 10, 16, 18, 20]
    !! not UC: [0, 1, 2, 3, 4, 5, 6, 7, 8, 9, 12, 13, 16, 17, 20, 21, 24, 25]
    !! not UC: [0, 1, 2, 3, 4, 5, 6, 7, 8, 9, 10, 11, 16, 17, 18, 20, 24, 25, 26]
    !! not UC: [0, 1, 2, 3, 4, 6, 8, 12, 16, 20]
    !! not UC: [0, 1, 2, 3, 8, 9, 10, 16, 17]
    !! not UC: [0, 1, 2, 3, 4, 5, 6, 7, 8, 10, 16, 18, 20, 22]
    !! not UC: [0, 1, 2, 3, 4, 5, 6, 7, 8, 9, 12, 16, 17, 18, 20, 21, 22, 24, 25, 28]
    !! not UC: [0, 1, 2, 4, 5, 6, 8, 9, 10, 16, 18, 24, 26]
    !! not UC: [0, 1, 2, 3, 4, 5, 6, 8, 9, 10, 11, 12, 14, 16, 18, 20, 24, 26]
    !! not UC: [0, 1, 2, 3, 4, 5, 8, 9, 12, 16, 17, 18, 20, 21, 24, 25]
    !! not UC: [0, 1, 2, 3, 4, 5, 8, 9, 12, 13, 16, 17, 20, 24, 28]
    !! not UC: [0, 1, 2, 3, 4, 5, 6, 7, 8, 10, 16, 17, 18, 20, 22, 24, 26]
    !! not UC: [0, 1, 2, 3, 4, 5, 6, 8, 9, 10, 16, 18]
    !! not UC: [0, 1, 2, 4, 5, 6, 8, 9, 10, 12, 16, 17, 18, 20, 22, 24, 25, 26, 28]
    !! not UC: [0, 1, 2, 3, 4, 5, 6, 7, 8, 9, 10, 12, 14, 16, 24]
    !! not UC: [0, 1, 2, 3, 4, 5, 8, 9, 10, 11, 16, 17, 18, 19, 24]
    !! not UC: [0, 1, 2, 8, 9, 10, 16, 24]
    !! not UC: [0, 1, 2, 3, 4, 5, 6, 8, 9, 10, 11, 12, 13, 16, 17, 18, 24, 25, 26]
    !! not UC: [0, 1, 2, 4, 5, 8, 10, 16, 17, 18, 20, 24, 26]
    !! not UC: [0, 1, 2, 3, 4, 5, 6, 7, 8, 9, 12, 13, 16, 17, 18, 19, 20, 24]
    !! not UC: [0, 1, 2, 4, 5, 16, 20]
    !! not UC: [0, 1, 2, 3, 4, 5, 6, 8, 9, 10, 11, 12, 13, 16, 17, 18]
    !! not UC: [0, 1, 2, 4, 5, 8, 9, 10, 16, 17, 18, 24, 25, 26]
    !! not UC: [0, 1, 2, 4, 8, 10, 16, 17, 20, 24]
    !! not UC: [0, 1, 2, 4, 5, 6, 8, 9, 10, 12, 13, 16, 17, 18, 20, 22, 24, 26, 28]
    !! not UC: [0, 1, 2, 3, 4, 5, 8, 9, 10, 12, 16, 17, 18, 20, 21]
    !! not UC: [0, 1, 2, 3, 4, 5, 8, 16, 17, 18, 19, 20, 21]
    !! not UC: [0, 1, 2, 3, 4, 6, 8, 9, 10, 12, 16, 20, 24, 28]
    !! not UC: [0, 1, 4, 5, 8, 16, 20, 24]
    !! not UC: [0, 1, 2, 3, 4, 5, 8, 9, 10, 12, 16, 17, 18, 19, 20, 21, 24, 28]
    !! not UC: [0, 1, 2, 3, 4, 5, 6, 7, 8, 10, 12, 14, 16, 17, 18, 19, 20, 22, 24, 26, 28]
    !! not UC: [0, 1, 2, 3, 4, 5, 6, 8, 10, 12, 14, 16, 17, 18, 19, 20, 21, 22, 24, 28]
    !! not UC: [0, 1, 2, 4, 5, 6, 8, 9, 10, 12, 13, 14, 16, 17, 20, 21, 24]
    !! not UC: [0, 1, 2, 3, 4, 5, 6, 8, 9, 12, 16, 17, 18, 19, 20, 21, 22, 24, 28]
    !! not UC: [0, 1, 2, 3, 4, 5, 6, 7, 8, 9, 10, 11, 12, 13, 14, 16, 17, 18, 19, 20, 24, 28]
    !! not UC: [0, 1, 2, 3, 4, 5, 6, 8, 10, 16, 17, 24]
    !! not UC: [0, 1, 2, 3, 4, 5, 6, 7, 8, 9, 10, 11, 12, 13, 14, 16, 17, 18, 19, 20, 22, 24]
    !! not UC: [0, 1, 2, 3, 4, 5, 6, 7, 8, 9, 10, 11, 12]
    !! not UC: [0, 1, 2, 3, 4, 5, 6, 7, 8, 9, 10, 11, 12, 16, 17, 18, 20, 22, 24, 25, 26]
    !! not UC: [0, 1, 2, 3, 4, 6, 8, 9, 12, 16, 20, 24]
    !! not UC: [0, 1, 2, 3, 4, 5, 6, 8, 9, 10, 12, 13, 14, 16, 17, 18, 19, 20, 21, 22, 24, 25]
    !! not UC: [0, 1, 2, 3, 4, 5, 8, 9, 10, 11, 12, 16, 18, 24, 26]
    !! not UC: [0, 1, 2, 3, 4, 5, 6, 7, 8, 9, 10, 11, 12, 13, 14, 16, 17, 18, 19, 20, 21, 24, 28]
    !! not UC: [0, 1, 2, 3, 4, 5, 6, 7, 8, 9, 10, 12, 13, 14, 16, 17, 18, 19, 20, 21, 22, 23, 24, 26, 28]
    !! not UC: [0, 1, 2, 3, 4, 5, 6, 8, 9, 12, 13, 16, 17, 18, 19, 20, 21, 22, 24, 25, 28, 29]
    !! not UC: [0, 1, 2, 3, 4, 5, 6, 8, 9, 10, 11, 12, 13, 14, 16]
    !! not UC: [0, 1, 2, 3, 4, 5, 6, 8, 9, 10, 11, 12, 13, 14, 16, 17, 18, 20, 24, 25, 28]
    !! not UC: [0, 1, 2, 3, 4, 5, 6, 7, 8, 10, 16, 17, 20, 24]
    !! not UC: [0, 1, 2, 8, 10, 16, 17, 18]
    !! not UC: [0, 1, 2, 4, 6, 8, 9, 10, 12, 14, 16, 17, 18, 20, 24, 25, 28]
    !! not UC: [0, 1, 2, 4, 5, 6, 8, 9, 10, 12, 13, 16]
    !! not UC: [0, 1, 2, 3, 4, 6, 8, 9, 10, 16, 17, 18, 19, 20, 24, 25, 26]
    !! not UC: [0, 1, 2, 3, 4, 5, 6, 7, 8, 9, 10, 12, 16, 17, 18, 19, 20, 21, 24, 26]
    !! not UC: [0, 1, 2, 3, 4, 8, 9, 10, 12, 16, 17, 18, 19, 20, 24, 25, 28]
    !! not UC: [0, 1, 2, 3, 4, 5, 8, 9, 10, 11, 12, 16, 17, 18, 24, 25]
    !! not UC: [0, 1, 2, 3, 4, 5, 6, 8, 9, 10, 11, 16, 17, 18, 19, 24, 25, 26]
    !! not UC: [0, 1, 2, 3, 4, 6, 8, 10, 12, 14, 16, 18, 20, 22]
    !! not UC: [0, 1, 2, 3, 4, 5, 6, 7, 8, 9, 12, 16, 17, 18, 24, 25]
    !! not UC: [0, 1, 2, 3, 4, 6, 8, 16, 24]
    !! not UC: [0, 1, 2, 3, 4, 5, 6, 7, 8, 10, 12, 14, 16, 17, 18, 19, 20, 22, 24, 28]
    !! not UC: [0, 1, 2, 3, 4, 5, 8, 9, 12, 16, 17, 18, 19]
    !! not UC: [0, 1, 2, 4, 5, 6, 8, 9, 12, 13, 16, 17, 18, 20, 24]
    !! not UC: [0, 2, 4, 8, 10, 12, 16, 18, 24]
    !! not UC: [0, 1, 2, 3, 4, 5, 8, 9, 10, 16, 17, 18, 19, 20, 24, 25]
    !! not UC: [0, 1, 2, 4, 5, 6, 8, 9, 12, 16, 17, 18, 20, 22, 24, 28]
    !! not UC: [0, 1, 2, 3, 4, 5, 6, 8, 9, 16, 17, 18, 20, 21, 24]
    !! not UC: [0, 1, 2, 4, 5, 6, 8, 9, 10, 12, 14, 16, 20, 24]
    !! not UC: [0, 1, 2, 3, 4, 6, 8, 9, 12, 16]
    !! not UC: [0, 1, 2, 3, 4, 5, 6, 7, 8, 9, 10, 12, 16, 17, 18, 20, 24, 26, 28]
    !! not UC: [0, 1, 2, 3, 4, 5, 6, 7, 8, 9, 10, 11, 12, 16, 17, 18, 20, 22, 24, 25]
    !! not UC: [0, 1, 2, 3, 4, 6, 8, 9, 16, 17, 18, 24, 25]
    !! not UC: [0, 1, 2, 3, 4, 6, 8, 10, 12, 16, 17, 18, 20, 24]
    !! not UC: [0, 1, 2, 4, 5, 8, 12, 16, 18, 20, 24, 28]
    !! not UC: [0, 1, 2, 3, 4, 8, 16, 17, 18, 19, 20, 24]
    !! not UC: [0, 1, 2, 3, 4, 5, 6, 7, 8, 9, 10, 11, 12, 13, 16, 17, 18, 20, 22, 24, 26, 28]
    !! not UC: [0, 1, 2, 4, 6, 8, 9, 10, 16, 17, 18, 20, 24, 25, 26]
    !! not UC: [0, 1, 2, 3, 4, 5, 6, 8, 9, 10, 16, 17, 18, 19, 20, 21, 22, 24]
    !! not UC: [0, 1, 2, 4, 5, 6, 8, 10, 12, 14]
    !! not UC: [0, 1, 2, 3, 4, 5, 6, 7, 8, 9, 10, 11, 12, 13, 16, 17, 18, 19, 20, 21, 22, 23, 24, 25, 26, 27, 28]
    !! not UC: [0, 1, 2, 3, 4, 5, 8, 10, 12, 16, 17, 18, 20]
    !! not UC: [0, 1, 2, 4, 5, 8, 9, 10, 12, 16, 17, 20, 21, 24, 25]
    !! not UC: [0, 1, 2, 3, 4, 5, 6, 8, 9, 12, 13, 16, 17, 18, 24, 25]
    !! not UC: [0, 1, 2, 4, 5, 6, 8, 10, 12, 16, 17, 18, 20, 21]
    !! not UC: [0, 1, 4, 8, 9, 12, 16, 20]
    !! not UC: [0, 1, 2, 3, 4, 5, 6, 7, 8, 9, 10, 11, 12, 13, 14, 15, 16, 17, 18, 20, 21, 22, 24, 25, 26]
    !! not UC: [0, 1, 2, 4, 5, 6, 8, 9, 12, 16, 17, 18, 24, 25]
    !! not UC: [0, 1, 2, 4, 6, 8, 9, 10, 16, 17, 18, 20, 24, 26]
    !! not UC: [0, 1, 2, 3, 4, 5, 6, 8, 9, 10, 11, 12, 14, 16, 17, 18, 19, 20, 21]
    !! not UC: [0, 1, 2, 3, 4, 6, 8, 9, 10, 11, 12, 16, 17, 18, 20, 22, 24, 25, 28]
    !! not UC: [0, 1, 2, 4, 6, 8, 10, 12, 16, 17, 20, 24]
    !! not UC: [0, 1, 2, 4, 5, 6, 8, 10, 12, 16, 17, 18, 20, 21, 22, 24, 26]
    !! not UC: [0, 1, 2, 4, 5, 6, 8, 9, 16, 17, 20, 24]
    !! not UC: [0, 1, 2, 3, 8, 9, 16, 17, 18, 24]
    !! not UC: [0, 1, 2, 3, 4, 5, 6, 7, 8, 9, 10, 11, 16, 17, 18, 20, 21, 22, 24]
    !! not UC: [0, 1, 2, 3, 4, 5, 6, 8, 9, 10, 12, 14, 16, 17, 18, 20, 24, 28]
    !! not UC: [0, 1, 2, 4, 5, 8, 9, 16, 18, 20, 24]
    !! not UC: [0, 1, 2, 4, 5, 6, 8, 9, 16, 18, 20, 22, 24]
    !! not UC: [0, 4, 8, 12, 16, 20, 24, 28]
    !! not UC: [0, 1, 2, 3, 4, 5, 6, 8, 9, 10, 11, 16, 17, 18, 19, 24, 25, 26, 27]
    !! not UC: [0, 1, 2, 3, 4, 8, 9, 10, 12, 16, 17, 24, 25]
    !! not UC: [0, 1, 2, 3, 4, 5, 6, 7, 8, 10, 12, 14, 16, 17, 18, 20]
    !! not UC: [0, 1, 2, 3, 4, 5, 6, 7, 8, 9, 16, 18, 24]
    !! not UC: [0, 1, 2, 3, 4, 5, 6, 8, 9, 10, 11, 12, 16, 17, 18, 19, 20, 22, 24, 26, 28]
    !! not UC: [0, 1, 4, 5, 8, 9, 12, 16, 17, 20, 21, 24]
    !! not UC: [0, 1, 2, 4, 5, 8, 9, 12, 16, 18, 20, 24]
    !! not UC: [0, 1, 2, 3, 4, 5, 6, 7, 8, 12, 16, 17, 18, 24]
    !! not UC: [0, 1, 2, 4, 6, 8, 9, 10, 12, 16, 18, 20, 22, 24, 26]
    !! not UC: [0, 1, 2, 3, 4, 5, 6, 8, 9, 10, 12, 16, 17, 18, 24, 25, 26]
    !! not UC: [0, 1, 2, 3, 4, 5, 6, 7, 8, 9, 10, 12, 14, 16, 17, 18, 20, 21, 24, 25, 28]
    !! not UC: [0, 1, 2, 3, 4, 5, 6, 8, 9, 10, 11, 12, 13, 14, 16, 17, 18, 19, 20, 24, 25, 26, 27, 28]
    !! not UC: [0, 1, 2, 3, 4, 5, 6, 7, 8, 9, 10, 12, 16, 17, 18, 19, 24, 25, 26]
    !! not UC: [0, 1, 2, 3, 4, 8, 16, 18]
    !! not UC: [0, 1, 2, 3, 4, 5, 6, 8, 9, 12, 13, 16, 17, 18, 19, 20, 22, 24, 25, 28]
    !! not UC: [0, 1, 2, 3, 4, 5, 6, 8, 9, 10, 11, 12, 13, 14, 16, 18, 20, 24, 26, 28]
    !! not UC: [0, 1, 2, 3, 4, 5, 6, 7, 16, 17, 20, 21]
    !! not UC: [0, 1, 2, 3, 4, 6, 8, 9, 10, 12, 14, 16, 17, 18, 20, 22, 24, 28]
    !! not UC: [0, 1, 2, 3, 4, 6, 8, 9, 10, 16, 17, 18, 24, 26]
    !! not UC: [0, 1, 2, 4, 6, 8, 10, 12, 14, 16, 18, 24, 26]
    !! not UC: [0, 1, 2, 3, 4, 8, 9, 10, 11]
    !! not UC: [0, 1, 2, 3, 4, 5, 8, 9, 10, 11, 12, 13, 16, 17, 18, 24, 26]
    !! not UC: [0, 1, 2, 3, 4, 5, 16, 17, 18, 20]
    !! not UC: [0, 1, 2, 3, 4, 5, 6, 7, 8, 9, 10, 11, 12, 16, 17, 24, 25]
    !! not UC: [0, 1, 2, 4, 5, 6, 8, 9, 10, 12, 16, 17, 20, 24, 25, 28]
    !! not UC: [0, 1, 2, 3, 4, 5, 6, 7, 8, 9, 10, 12, 14, 16, 20, 24]
    !! not UC: [0, 1, 2, 3, 4, 5, 8, 9, 10, 16, 17, 18, 19, 20, 21, 24, 25]
    !! not UC: [0, 1, 2, 3, 4, 6, 8, 9, 10, 12, 14, 16, 17, 18, 19, 20, 22, 24, 28]
    !! not UC: [0, 1, 2, 3, 4, 5, 6, 7, 8, 9, 16, 17, 18, 20, 21, 22, 24, 25]
    !! not UC: [0, 1, 2, 3, 4, 5, 6, 7, 8, 9, 12, 13, 16, 17, 24, 25]
    !! not UC: [0, 1, 2, 3, 4, 5, 6, 7, 8, 10, 16, 17, 18, 19, 24, 26]
    !! not UC: [0, 1, 2, 3, 4, 5, 6, 7, 8, 9, 10, 12, 14, 16, 17, 18, 20, 21, 22, 24, 26, 28]
    !! not UC: [0, 1, 2, 3, 4, 5, 6, 7, 8, 9, 10, 11, 12, 13, 14, 16, 20]
    !! not UC: [0, 1, 2, 3, 4, 5, 6, 8, 9, 10, 12, 16, 17, 18, 20, 24, 26]
    !! not UC: [0, 1, 2, 3, 4, 5, 6, 7, 8, 9, 10, 12, 16, 17, 18, 19, 20, 24, 26]
    !! not UC: [0, 1, 2, 4, 6, 8, 9, 10, 16, 17]
    !! not UC: [0, 1, 2, 3, 4, 5, 6, 8, 9, 10, 11, 12, 13, 16, 17, 18, 19, 20, 21, 22, 24, 25, 26, 27, 28, 29]
    !! not UC: [0, 1, 2, 3, 4, 5, 6, 7, 8, 9, 10, 11, 12, 13, 16, 17, 24]
    !! not UC: [0, 1, 2, 3, 4, 5, 6, 8, 9, 10, 11, 12, 13, 16, 17, 18, 19]
    !! not UC: [0, 1, 2, 3, 4, 5, 6, 8, 9, 10, 11, 12, 13, 14, 16, 17, 20, 24, 28]
    !! not UC: [0, 1, 2, 3, 4, 5, 6, 7, 8, 9, 10, 16, 17, 18, 20, 21, 24, 26]
    !! not UC: [0, 1, 2, 3, 4, 6, 8, 10, 16, 18]
    !! not UC: [0, 1, 2, 3, 4, 5, 6, 7, 8, 9, 10, 12, 14, 16, 17, 18, 19, 20, 21, 24, 28]
    !! not UC: [0, 1, 2, 3, 4, 5, 6, 7, 8, 9, 10, 11, 12, 13, 14, 15, 16, 18, 20, 22, 24, 26, 28, 30]
    !! not UC: [0, 1, 2, 4, 5, 6, 8, 9, 10, 12, 13, 14, 16, 17, 18, 20, 24, 26]
    !! not UC: [0, 1, 2, 3, 4, 5, 6, 7, 8, 9, 10, 11, 12, 13, 14, 16, 17, 18, 19, 24, 25, 26]
    !! not UC: [0, 1, 2, 4, 6, 8, 9, 10, 12, 14, 16, 17, 18, 20, 22, 24, 25]
    !! not UC: [0, 1, 2, 3, 4, 5, 6, 8, 9, 10, 12, 14, 16, 18, 24]
    !! not UC: [0, 1, 2, 3, 4, 5, 8, 9, 10, 11, 12, 13, 16, 17, 18, 19, 20, 21, 24, 25, 26, 27, 28, 29]
    !! not UC: [0, 1, 2, 4, 5, 8, 12, 16, 20]
    !! not UC: [0, 1, 2, 3, 4, 5, 6, 7, 8, 9, 10, 11, 12, 14, 16, 20, 24]
    !! not UC: [0, 1, 2, 3, 4, 5, 6, 7, 8, 10, 12, 14, 16, 17, 18, 20, 24, 26]
    !! not UC: [0, 1, 2, 3, 4, 5, 6, 7, 8, 9, 10, 11, 12, 16, 17, 18, 19, 20, 21, 22, 24, 25, 26, 27]
    !! not UC: [0, 1, 2, 3, 4, 5, 6, 7, 8, 9, 10, 11, 12, 13, 14, 15, 16, 17, 18, 19, 20, 22, 24, 25]
    !! not UC: [0, 1, 2, 3, 4, 5, 6, 8, 9, 10, 16, 17, 18, 20, 21, 24, 26]
    !! not UC: [0, 1, 2, 3, 4, 5, 6, 7, 8, 9, 10, 16, 17, 18, 19, 20, 21, 24, 26]
    !! not UC: [0, 1, 2, 3, 4, 8, 9, 16, 18, 24]
    !! not UC: [0, 1, 2, 4, 6, 8, 16, 17, 18, 20]
    !! not UC: [0, 1, 2, 3, 4, 6, 8, 9, 10, 12, 16, 20]
    !! not UC: [0, 1, 2, 3, 4, 5, 6, 7, 8, 9, 10, 12, 16, 18, 20, 22, 24]
    !! not UC: [0, 1, 2, 3, 4, 5, 6, 7, 8, 9, 10, 11, 12, 13, 14, 15, 16, 18]
    !! not UC: [0, 1, 2, 3, 4, 5, 6, 7, 8, 9, 16, 17, 20, 21]
    !! not UC: [0, 1, 2, 4, 8, 10, 12, 16, 18, 20, 24, 26, 28]
    !! not UC: [0, 1, 2, 4, 6, 8, 10, 12, 16, 17, 18, 20, 22, 24, 26]
    !! not UC: [0, 1, 2, 4, 6, 8, 9, 10, 12, 14, 16, 17, 18, 20, 22, 24, 25, 26, 28]
    !! not UC: [0, 1, 2, 3, 4, 5, 6, 7, 8, 9, 10, 11, 12, 14, 16, 17, 20, 24, 28]
    !! not UC: [0, 1, 2, 3, 4, 6, 8, 9, 10, 11, 12, 14, 16, 18]
    !! not UC: [0, 1, 2, 3, 4, 6, 16, 18]
    !! not UC: [0, 1, 2, 3, 4, 5, 6, 8, 9, 10, 11, 16, 17, 18, 20, 21, 24, 25]
    !! not UC: [0, 1, 2, 4, 5, 8, 9, 12, 16]
    !! not UC: [0, 1, 2, 3, 4, 5, 6, 7, 8, 9, 10, 12, 14, 16, 17, 18, 20, 21, 24, 28]
    !! not UC: [0, 1, 2, 3, 4, 5, 6, 8, 9, 10, 12, 14, 16, 17, 18, 19, 24]
    !! not UC: [0, 1, 2, 4, 5, 6, 8, 9, 12, 16, 17, 18, 20, 21, 22]
    !! not UC: [0, 1, 2, 3, 4, 5, 6, 8, 9, 10, 16, 17, 20, 21]
    !! not UC: [0, 1, 2, 4, 8, 12, 16, 17, 20]
    !! not UC: [0, 1, 2, 3, 4, 5, 6, 7, 8, 9, 10, 12, 13, 14, 16, 17, 20, 21, 24]
    !! not UC: [0, 1, 2, 3, 4, 5, 6, 7, 8, 9, 10, 11, 12, 13, 16, 17, 18, 19, 20, 24]
    !! not UC: [0, 1, 2, 3, 4, 5, 6, 8, 9, 10, 12, 13, 14, 16, 17, 18, 24, 26]
    !! not UC: [0, 2, 4, 6, 8, 10, 16]
    !! not UC: [0, 1, 2, 4, 6, 8, 16, 20]
    !! not UC: [0, 1, 2, 3, 4, 5, 6, 7, 8, 9, 10, 11, 12, 13, 14, 16, 17, 18, 20]
    !! not UC: [0, 1, 2, 3, 4, 5, 6, 8, 9, 10, 12, 14, 16, 17, 18, 20, 21, 24, 25, 26, 28]
    !! not UC: [0, 1, 2, 4, 6, 8, 16, 18, 20]
    !! not UC: [0, 1, 2, 3, 4, 5, 6, 7, 8, 10, 16, 17, 18, 19, 20, 21, 22, 23, 24]
    !! not UC: [0, 1, 2, 3, 4, 5, 6, 8, 9, 10, 16]
    !! not UC: [0, 1, 2, 4, 5, 6, 8, 9, 10, 12, 13, 16, 17, 18, 20, 24, 25, 28]
    !! not UC: [0, 1, 2, 4, 8, 9, 10, 16]
    !! not UC: [0, 1, 2, 3, 4, 5, 6, 8, 10, 12, 14, 16, 17, 18, 20, 21, 22, 24, 26]
    !! not UC: [0, 1, 2, 3, 4, 5, 6, 7, 8, 9, 10, 16, 17, 18, 19, 20, 21, 22, 23, 24, 25]
    !! not UC: [0, 1, 2, 4, 6, 8, 9, 10, 12, 16, 17, 18, 20, 24, 25, 26]
    !! not UC: [0, 1, 2, 3, 4, 5, 6, 8, 9, 10, 12, 13, 16, 17, 18, 20, 21, 24]
    !! not UC: [0, 1, 2, 3, 4, 5, 6, 7, 8, 9, 10, 11, 12, 13, 14, 15, 16, 18, 20, 22, 24, 26, 28]
    !! not UC: [0, 1, 2, 3, 4, 5, 8, 9, 16, 17, 18]
    !! not UC: [0, 1, 2, 3, 4, 5, 8, 9, 10, 12, 13, 16, 17, 18, 19, 20, 24, 25]
    !! not UC: [0, 1, 2, 4, 5, 8, 9, 10, 12, 13, 16, 18, 20, 24, 26]
    !! not UC: [0, 1, 2, 3, 4, 5, 6, 7, 8, 9, 10, 11, 12, 13, 16, 17, 20, 21, 24, 25]
    !! not UC: [0, 1, 2, 3, 4, 5, 6, 7, 8, 10, 16, 17, 18, 20, 21, 22, 24, 26]
    !! not UC: [0, 1, 2, 3, 4, 5, 6, 7, 8, 10, 16, 17, 18, 20, 21, 22]
    !! not UC: [0, 1, 2, 3, 4, 6, 8, 10, 16, 18, 20, 22, 24]
    !! not UC: [0, 1, 2, 3, 4, 5, 8, 9, 10, 16, 17, 18, 19, 24, 26]
    !! not UC: [0, 1, 2, 4, 5, 6, 8, 12, 16, 20, 24, 28]
    !! not UC: [0, 1, 2, 3, 4, 5, 6, 7, 8, 9, 10, 12, 14, 16, 17, 18, 24, 26]
    !! not UC: [0, 1, 2, 3, 4, 5, 6, 7, 8, 9, 10, 11, 12, 16, 17, 18, 20, 24]
    !! not UC: [0, 1, 2, 3, 4, 5, 6, 8, 9, 10, 16, 24]
    !! not UC: [0, 1, 2, 4, 5, 6, 8, 9, 12, 13, 16, 20, 24, 28]
    !! not UC: [0, 1, 2, 4, 6, 8, 9, 10, 16]
    !! not UC: [0, 1, 2, 3, 4, 5, 6, 8, 9, 10, 11, 12, 14, 16, 17, 18, 19, 20, 24, 28]
    !! not UC: [0, 1, 2, 3, 4, 5, 8, 10, 16, 17, 18, 20, 21]
    !! not UC: [0, 1, 2, 3, 4, 5, 8, 9, 12, 16, 17, 18, 19, 20, 21]
    !! not UC: [0, 1, 2, 3, 4, 5, 6, 8, 9, 10, 11, 12, 13, 16, 17, 18, 19, 24, 25, 26, 27]
    !! not UC: [0, 1, 2, 3, 4, 5, 6, 7, 8, 9, 10, 12, 13, 14, 16, 17, 18, 20, 21, 24, 26, 28]
    !! not UC: [0, 1, 2, 3, 4, 5, 6, 8, 9, 10, 12, 16, 17, 18, 19, 20, 24, 25, 28]
    !! not UC: [0, 1, 2, 4, 5, 6, 8, 9, 10, 12, 14, 16, 17, 18, 20, 21, 24, 25, 28]
    !! not UC: [0, 1, 2, 3, 4, 5, 6, 7, 8, 9, 10, 11, 12, 13, 16, 17, 18, 19, 20, 21, 22]
    !! not UC: [0, 1, 2, 3, 4, 6, 8, 9, 10, 12, 14, 16, 17, 18, 19, 24]
    !! not UC: [0, 1, 2, 3, 4, 5, 8, 9, 10, 12, 16, 17, 18, 19, 20, 24, 28]
    !! not UC: [0, 1, 2, 3, 4, 5, 6, 8, 10, 16, 17, 18, 20, 22, 24, 26]
    !! not UC: [0, 1, 2, 3, 4, 5, 16, 17, 20]
    !! not UC: [0, 1, 2, 3, 4, 6, 8, 9, 10, 16, 17, 18, 20, 22, 24, 25]
    !! not UC: [0, 1, 2, 3, 4, 5, 6, 7, 8, 9, 10, 11, 12, 13, 14, 16, 17, 18, 19, 20, 21, 22, 24, 25, 26, 27]
    !! not UC: [0, 1, 2, 3, 4, 5, 8, 9, 10, 11, 12, 16, 17, 20, 21, 24, 28]
    !! not UC: [0, 1, 2, 3, 4, 5, 6, 7, 8, 9, 10, 11, 16, 17, 18, 20]
    !! not UC: [0, 1, 2, 3, 4, 5, 6, 8, 9, 12, 16, 17, 18, 20, 24]
    !! not UC: [0, 1, 2, 4, 6, 8, 10, 12, 16, 18, 20, 24, 28]
    !! not UC: [0, 1, 2, 3, 4, 5, 6, 7, 8, 9, 10, 16, 24]
    !! not UC: [0, 1, 2, 3, 4, 6, 8, 9, 10, 11, 12, 14, 16, 17, 18, 19, 20, 24, 25]
    !! not UC: [0, 1, 2, 3, 4, 5, 6, 8, 9, 10, 12, 13, 14, 16, 17, 18, 19, 20, 22, 24, 26, 28]
    !! not UC: [0, 1, 2, 3, 4, 5, 8, 9, 10, 12, 13, 16, 17, 20, 24, 25]
    !! not UC: [0, 1, 2, 3, 4, 5, 6, 8, 9, 10, 12, 16, 24]
    !! not UC: [0, 1, 2, 3, 4, 5, 6, 8, 9, 10, 12, 13, 14, 16, 17, 18, 20, 21, 24, 25, 26]
    !! not UC: [0, 1, 2, 3, 4, 5, 6, 8, 9, 10, 11, 12, 13, 14, 16, 17, 18, 20, 22]
    !! not UC: [0, 1, 2, 8, 9, 10, 16]
    !! not UC: [0, 1, 2, 3, 4, 5, 6, 7, 8, 12, 16, 17, 18, 20, 24]
    !! not UC: [0, 1, 2, 3, 4, 5, 6, 7, 8, 9, 10, 11, 12, 13, 14, 15, 16, 17, 20, 21, 24, 28]
    !! not UC: [0, 1, 2, 3, 4, 5, 6, 8, 12, 16, 17, 24]
    !! not UC: [0, 1, 2, 4, 5, 6, 8, 9, 10, 12, 16, 17, 18, 20, 21, 24, 26, 28]
    !! not UC: [0, 1, 2, 4, 6, 8, 9, 10, 12, 14, 16, 17, 18, 20, 24, 25, 26]
    !! not UC: [0, 1, 2, 3, 4, 5, 6, 16, 17, 18]
    !! not UC: [0, 1, 2, 3, 4, 5, 6, 8, 9, 10, 12, 16, 17, 18, 19, 20, 21, 24, 25]
    !! not UC: [0, 1, 2, 3, 8, 9, 16, 24]
    !! not UC: [0, 1, 2, 3, 4, 8, 9, 10, 16, 17, 18, 20, 24, 26]
    !! not UC: [0, 1, 4, 5, 16, 17]
    !! not UC: [0, 1, 2, 3, 4, 5, 6, 7, 8, 9, 10, 11, 12, 13, 14, 16, 17, 18, 19, 20, 24, 26]
    !! not UC: [0, 1, 2, 4, 5, 6, 8, 12, 16, 17, 18, 20, 22]
    !! not UC: [0, 1, 4, 8, 9, 16, 17, 24]
    !! not UC: [0, 1, 2, 3, 4, 5, 6, 7, 8, 9, 10, 11, 12, 14, 16, 17, 24, 25]
    !! not UC: [0, 1, 2, 3, 4, 5, 6, 7, 8, 9, 10, 12, 13, 14, 16, 17, 18, 19, 20, 21, 22, 23, 24, 25, 28, 29]
    !! not UC: [0, 1, 2, 4, 8, 12, 16, 17, 20, 24]
    !! not UC: [0, 1, 2, 3, 4, 6, 8, 9, 10, 12, 16, 17, 18, 20, 24, 28]
    !! not UC: [0, 1, 2, 3, 4, 5, 6, 7, 8, 9, 10, 11, 12, 14, 16, 17, 18, 20, 21, 22, 24]
    !! not UC: [0, 2, 4, 8, 10]
    !! not UC: [0, 1, 2, 3, 4, 5, 6, 8, 9, 10, 11, 12, 13, 16, 17, 18, 19, 20, 21, 22, 24, 25, 28]
    !! not UC: [0, 1, 4, 8, 9, 16, 20]
    !! not UC: [0, 1, 2, 4, 5, 6, 8, 9, 10, 12, 16, 17, 18, 20, 21, 24, 28]
    !! not UC: [0, 1, 2, 3, 4, 6, 8, 9, 10, 12, 14, 16, 17, 18, 19, 20, 24, 26, 28]
    !! not UC: [0, 1, 2, 4, 8, 12, 16, 17]
    !! not UC: [0, 1, 2, 3, 4, 6, 8, 9, 10, 11, 16, 17]
    !! not UC: [0, 1, 2, 4, 5, 6, 8, 9, 10, 12, 13, 14, 16, 18, 20, 22, 24]
    !! not UC: [0, 1, 2, 3, 4, 5, 8, 12, 16, 17, 18, 19, 20]
    !! not UC: [0, 1, 2, 3, 4, 5, 6, 8, 9, 10, 11, 12, 13, 16, 17, 20, 24, 28]
    !! not UC: [0, 1, 2, 3, 4, 8, 9, 12, 16, 17, 20, 24, 25, 28]
    !! not UC: [0, 1, 2, 3, 4, 5, 6, 8, 9, 10, 12, 13, 16, 17, 18, 20, 22, 24, 26]
    !! not UC: [0, 1, 2, 3, 4, 5, 6, 7, 8, 9, 10, 12, 16, 17, 18, 19, 20, 22, 24, 25, 26, 28]
    !! not UC: [0, 1, 2, 4, 6, 8, 16, 18, 20, 24]
    !! not UC: [0, 1, 2, 3, 4, 6, 8, 10, 12, 16, 17, 18, 20, 22, 24]
    !! not UC: [0, 1, 2, 3, 4, 6, 8, 10, 12, 14, 16, 18, 20]
    !! not UC: [0, 1, 2, 3, 4, 8, 9, 10, 16, 17, 18, 24]
    !! not UC: [0, 1, 2, 4, 6, 8, 16, 18, 20, 22, 24]
    !! not UC: [0, 1, 2, 4, 5, 6, 8, 10, 12, 14, 16, 18, 20, 24, 26, 28]
    !! not UC: [0, 1, 2, 3, 4, 6, 8, 9, 12, 16, 17, 18, 19, 24]
    !! not UC: [0, 1, 2, 4, 6, 8, 16, 18]
    !! not UC: [0, 1, 2, 4, 5, 6, 8, 10, 12, 16, 17, 20, 21, 24]
    !! not UC: [0, 1, 2, 3, 4, 5, 6, 8, 16, 17, 18, 20, 21, 22, 24]
    !! not UC: [0, 1, 2, 4, 8, 9, 12, 16, 17, 20, 24, 25]
    !! not UC: [0, 1, 2, 3, 4, 5, 6, 7, 8, 9, 12, 13, 16, 18, 20, 22]
    !! not UC: [0, 1, 2, 4, 6, 8, 9, 10, 12, 14, 16, 17, 20, 24, 25]
    !! not UC: [0, 1, 2, 4, 5, 8, 10, 12, 16, 17, 18, 20, 21, 24, 26]
    !! not UC: [0, 1, 2, 3, 4, 6, 8, 9, 16, 17, 18, 19, 24]
    !! not UC: [0, 1, 2, 3, 4, 5, 6, 8, 9, 10, 11, 16, 17, 18, 20, 22, 24, 26]
    !! not UC: [0, 1, 2, 3, 4, 5, 6, 7, 16, 17, 20]
    !! not UC: [0, 1, 2, 3, 4, 5, 6, 7, 8, 9, 10, 11, 12, 13, 16, 17, 18, 20, 21, 24, 28]
    !! not UC: [0, 1, 2, 3, 4, 5, 6, 7, 8, 9, 10, 11, 12, 13, 14, 16, 17, 18, 20, 21, 22, 24, 25, 28]
    !! not UC: [0, 1, 2, 3, 4, 5, 6, 8, 10, 12, 16, 18]
    !! not UC: [0, 1, 2, 3, 4, 5, 6, 8, 9, 10, 16, 18, 20, 24]
    !! not UC: [0, 1, 2, 3, 4, 6, 8, 9, 10, 12, 16, 17, 18, 24, 25, 26]
    !! not UC: [0, 1, 2, 3, 4, 8, 9, 10, 12, 16, 17, 18, 20, 24, 25]
    !! not UC: [0, 1, 2, 3, 4, 5, 8, 9, 10, 12, 16, 17, 20, 24, 25, 28]
    !! not UC: [0, 1, 2, 4, 5, 6, 8, 16, 17, 18, 20, 24]
    !! not UC: [0, 1, 2, 3, 4, 5, 6, 8, 9, 10, 11, 12, 13, 14, 16, 17, 18, 19, 20, 21, 22, 24, 25, 26, 28, 29, 30]
    !! not UC: [0, 1, 2, 4, 5, 6, 8, 16, 17]
    !! not UC: [0, 1, 2, 4, 5, 6, 8, 9, 12, 13, 16, 17, 18, 20, 21, 24, 25]
    !! not UC: [0, 1, 2, 3, 4, 5, 6, 8, 9, 16, 18, 20, 24]
    !! not UC: [0, 1, 2, 3, 4, 5, 6, 8, 12, 16, 18, 20]
    !! not UC: [0, 1, 2, 3, 4, 5, 6, 7, 8, 9, 10, 12, 16, 17, 18, 19, 20, 24]
    !! not UC: [0, 1, 2, 3, 4, 5, 8, 9, 16]
    !! not UC: [0, 1, 2, 3, 4, 5, 6, 16]
    !! not UC: [0, 1, 2, 3, 4, 5, 6, 7, 8, 9, 10, 12, 16, 20]
    !! not UC: [0, 1, 2, 3, 4, 6, 8, 9, 10, 11, 12, 14, 16, 17, 18, 20, 24, 25, 26, 28]
    !! not UC: [0, 1, 8, 9, 16, 17, 24]
    !! not UC: [0, 1, 2, 3, 4, 5, 8, 9, 10, 12, 16, 18]
    !! not UC: [0, 1, 2, 3, 4, 5, 8, 9, 16, 17, 18, 20, 24, 25]
    !! not UC: [0, 1, 2, 4, 6, 8, 10, 12, 16, 17, 20]
    !! not UC: [0, 1, 2, 3, 4, 6, 8, 9, 10, 11, 12, 16, 18, 24]
    !! not UC: [0, 1, 2, 3, 4, 5, 6, 8, 9, 12, 13, 16, 17, 18, 19, 20, 21, 24, 28]
    !! not UC: [0, 1, 2, 4, 5, 6, 8, 9, 10, 12, 14, 16, 18, 20, 24, 26]
    !! not UC: [0, 1, 2, 3, 8, 16, 17, 18, 24]
    !! not UC: [0, 1, 2, 3, 4, 5, 8, 9, 10, 12, 16, 17, 18, 19, 24, 26]
    !! not UC: [0, 1, 2, 3, 4, 5, 8, 12, 16, 17, 18, 20, 21, 24, 28]
    !! not UC: [0, 1, 2, 4, 5, 6, 8, 9, 10, 12, 13, 16, 17, 18, 20, 22, 24, 25]
    !! not UC: [0, 1, 2, 3, 4, 5, 6, 8, 9, 10, 12, 14, 16, 17, 18, 19, 20, 22, 24, 25]
    !! not UC: [0, 1, 2, 3, 4, 5, 6, 7, 8, 9, 10, 12, 13, 14, 16, 17, 18, 19, 20, 21, 24, 25]
    !! not UC: [0, 1, 2, 3, 4, 5, 6, 7, 8, 9, 10, 16, 17, 18, 19, 20]
    !! not UC: [0, 1, 2, 3, 4, 5, 6, 8, 9, 10, 11, 12, 16, 18]
    !! not UC: [0, 1, 2, 3, 4, 5, 6, 8, 9, 10, 11, 12, 14, 16, 17, 18, 20, 24, 25, 26]
    !! not UC: [0, 1, 2, 3, 4, 5, 8, 12, 16, 17, 20, 24, 28]
    !! not UC: [0, 1, 2, 3, 4, 5, 8, 9, 10, 16, 17, 18, 19, 24, 25, 26]
    !! not UC: [0, 1, 2, 3, 4, 5, 8, 9, 10, 12, 16, 18, 20]
    !! not UC: [0, 1, 2, 3, 4, 5, 6, 7, 8, 9, 10, 12, 16, 17, 18, 24, 26]
    !! not UC: [0, 1, 2, 4, 5, 6, 8, 9, 10, 12, 13, 14, 16, 17, 18, 24, 25]
    !! not UC: [0, 1, 2, 3, 4, 5, 6, 7, 8, 9, 10, 16, 17, 18, 20, 24, 26]
    !! not UC: [0, 1, 2, 3, 4, 5, 6, 8, 9, 10, 12, 13, 14, 16, 17, 18, 19, 20, 22, 24, 25]
    !! not UC: [0, 1, 2, 3, 4, 5, 6, 8, 10, 12, 16, 17, 18, 19, 24, 26]
    !! not UC: [0, 1, 2, 3, 4, 5, 6, 7, 8, 9, 12, 13, 16, 20, 24, 28]
    !! not UC: [0, 1, 2, 3, 4, 5, 6, 7, 8, 9, 10, 12, 14, 16, 17, 18, 20, 21, 24, 25]
    !! not UC: [0, 1, 2, 3, 4, 5, 6, 8, 9, 10, 12, 16, 18, 20, 24, 26]
    !! not UC: [0, 1, 2, 3, 4, 5, 6, 7, 8, 9, 10, 12, 14, 16, 17, 18, 19, 20, 24, 25, 26]
    !! not UC: [0, 1, 2, 3, 4, 5, 6, 7, 8, 9, 10, 11, 12, 13, 16, 17, 20, 21, 24, 28]
    !! not UC: [0, 1, 2, 3, 4, 5, 6, 8, 9, 10, 12, 13, 16, 17, 20, 24, 25, 28]
    !! not UC: [0, 1, 2, 3, 4, 5, 6, 7, 8, 9, 10, 11, 12, 13, 16, 17, 18, 20, 21, 24, 25, 26, 28, 29]
    !! not UC: [0, 1, 2, 4, 5, 6, 8, 9, 10, 16, 18, 20]
    !! not UC: [0, 1, 2, 3, 4, 5, 6, 7, 8, 10, 12, 16, 17, 20, 21, 24]
    !! not UC: [0, 1, 2, 3, 4, 6, 8, 10, 12, 16, 18, 24]
    !! not UC: [0, 1, 2, 3, 4, 6, 8, 9, 10, 12, 14, 16, 17, 18, 20, 24, 25]
    !! not UC: [0, 2, 4, 6, 8]
    !! not UC: [0, 1, 2, 4, 5, 6, 8, 9, 10, 12, 16, 17, 18, 20, 21, 22, 24, 26]
    !! not UC: [0, 1, 2, 3, 4, 5, 6, 8, 9, 12, 16, 17, 18, 20, 24, 25]
    !! not UC: [0, 1, 2, 3, 4, 5, 6, 7, 8, 9, 10, 12, 13, 16, 17, 18, 20, 24, 25]
    !! not UC: [0, 1, 2, 3, 4, 5, 8, 9, 10, 12, 13, 16, 17, 18, 20, 21, 24, 25, 28, 29]
    !! not UC: [0, 1, 2, 3, 4, 5, 6, 8, 9, 16, 17, 18, 19]
    !! not UC: [0, 1, 2, 3, 4, 5, 6, 7, 8, 16, 17, 18, 24]
    !! not UC: [0, 1, 2, 3, 4, 5, 8, 9, 12, 16, 17, 18, 20, 21, 24]
    !! not UC: [0, 1, 2, 3, 4, 8, 16, 18, 20]
    !! not UC: [0, 1, 2, 3, 4, 8, 10, 12, 16, 17, 18, 20, 24, 26, 28]
    !! not UC: [0, 1, 2, 4, 5, 6, 8, 16, 18, 20, 22]
    !! not UC: [0, 1, 2, 3, 4, 5, 6, 7, 8, 9, 10, 11, 12, 13, 14, 15, 16, 17, 18, 20, 21, 24, 25, 28]
    !! not UC: [0, 1, 2, 3, 4, 8, 16, 17, 18]
    !! not UC: [0, 1, 2, 4, 5, 8, 9, 10, 12, 13, 16, 17, 18, 20, 24, 25, 28]
    !! not UC: [0, 1, 2, 3, 4, 5, 8, 9, 10, 11, 16]
    !! not UC: [0, 1, 2, 3, 4, 5, 6, 7, 8, 9, 10, 12, 13, 14, 16, 17, 18, 19, 20, 21, 22, 24, 28]
    !! not UC: [0, 1, 2, 4, 6, 8, 9, 10, 12, 14, 16, 17, 18, 20, 22, 24, 25, 28]
    !! not UC: [0, 1, 2, 3, 4, 5, 6, 8, 16, 17, 18, 19, 20, 21]
    !! not UC: [0, 1, 2, 3, 4, 5, 6, 8, 9, 10, 11, 12, 13, 14, 16, 17, 18, 19, 24]
    !! not UC: [0, 1, 2, 3, 4, 5, 6, 7, 8, 12, 16, 17, 18, 19, 20, 22, 24, 28]
    !! not UC: [0, 1, 2, 3, 4, 6, 8, 9, 10, 12, 16, 17]
    !! not UC: [0, 1, 2, 3, 4, 5, 6, 7, 8, 9, 10, 11, 12, 13, 16, 17, 20, 21, 24, 25, 28]
    !! not UC: [0, 1, 2, 3, 4, 5, 6, 7, 8, 9, 10, 11, 12, 13, 14, 15, 16, 17, 18, 24, 25, 26]
    !! not UC: [0, 1, 2, 4, 8, 12, 16, 24]
    !! not UC: [0, 1, 2, 4, 5, 6, 8, 9, 10, 16, 17, 20, 21, 24, 25]
    !! not UC: [0, 1, 2, 4, 5, 6, 8, 9, 10, 12, 13, 16, 17, 18, 24]
    !! not UC: [0, 1, 2, 4, 8, 9, 10, 12, 16, 17, 18, 20, 24, 26]
    !! not UC: [0, 1, 2, 3, 4, 5, 6, 7, 8, 9, 10, 12, 14, 16, 17, 18, 20, 21, 22, 24, 25, 26]
    !! not UC: [0, 1, 2, 3, 4, 5, 6, 7, 8, 9, 10, 11, 12, 13, 14, 15, 16, 17, 18, 20, 22, 24, 26, 28]
    !! not UC: [0, 1, 2, 4, 5, 6, 8, 10, 16, 17, 18, 20, 21]
    !! not UC: [0, 1, 2, 3, 4, 5, 6, 7, 16, 17, 18, 19, 20, 21]
    !! not UC: [0, 1, 4, 5, 8, 9, 12, 13]
    !! not UC: [0, 1, 2, 3, 4, 5, 6, 8, 9, 10, 12, 13, 16, 17, 18, 20, 24]
    !! not UC: [0, 1, 2, 3, 4, 5, 6, 8, 9, 12, 13, 16, 17, 18, 19, 20, 21, 24, 25, 28, 29]
    !! not UC: [0, 1, 2, 3, 4, 5, 6, 7, 8, 9, 10, 12, 13, 16, 17, 18, 19, 20, 24]
    !! not UC: [0, 1, 2, 8, 9, 10]
    !! not UC: [0, 1, 2, 4, 5, 6, 8, 9, 10, 12, 13, 16, 17, 18, 20, 21, 24, 25, 26, 28, 29]
    !! not UC: [0, 1, 2, 3, 4, 5, 8, 9, 10, 11, 16, 17, 18, 20, 21, 24, 26]
    !! not UC: [0, 1, 2, 4, 5, 6, 16, 17, 20]
    !! not UC: [0, 1, 2, 4, 5, 8, 9, 10, 12, 13, 16, 17]
    !! not UC: [0, 1, 2, 3, 4, 6, 8, 10, 16, 17, 18, 20, 22, 24, 26]
    !! not UC: [0, 1, 2, 4, 5, 8, 10, 12, 16, 20, 24, 28]
    !! not UC: [0, 1, 2, 3, 4, 5, 6, 8, 9, 10, 16, 17, 18, 20, 22]
    !! not UC: [0, 1, 2, 4, 6, 8, 9, 16, 17, 18, 24]
    !! not UC: [0, 1, 2, 3, 4, 6, 8, 9, 10, 11, 16, 17, 20]
    !! not UC: [0, 1, 2, 3, 4, 5, 6, 7, 8, 9, 10, 12, 14, 16, 17, 18, 24]
    !! not UC: [0, 2, 4, 6, 8, 16, 20]
    !! not UC: [0, 1, 2, 4, 6, 8, 10, 16]
    !! not UC: [0, 1, 2, 3, 4, 5, 6, 8, 9, 10, 11, 12, 13, 16, 17, 18, 20, 21, 22, 24, 25]
    !! not UC: [0, 1, 2, 3, 4, 5, 8, 9, 10, 11, 12, 16, 17, 18, 19, 20, 24, 25, 28]
    !! not UC: [0, 1, 2, 4, 5, 8, 9, 10, 16, 17, 24, 25]
    !! not UC: [0, 1, 2, 4, 8, 10, 16, 17, 18, 20, 24]
    !! not UC: [0, 1, 2, 3, 4, 5, 6, 8, 9, 10, 12, 13, 16, 17, 18, 20, 21, 22, 24]
    !! not UC: [0, 1, 2, 3, 4, 5, 8, 9, 10, 11, 12, 16, 24]
    !! not UC: [0, 1, 2, 4, 5, 8, 9, 12, 16, 17, 18, 20, 24, 25]
    !! not UC: [0, 1, 2, 3, 4, 5, 6, 7, 8, 9, 10, 12, 14, 16, 17, 18, 20, 24, 25, 26, 28]
    !! not UC: [0, 1, 2, 3, 4, 6, 8, 9, 12, 16, 18, 24]
    !! not UC: [0, 1, 2, 3, 4, 5, 6, 7, 8, 9, 12, 13, 16, 17, 18, 20, 21, 22]
    !! not UC: [0, 1, 2, 4, 5, 6, 8, 9, 10, 12, 16, 17, 24, 25]
    !! not UC: [0, 1, 2, 3, 4, 5, 6, 8, 9, 12, 16, 17, 18, 19, 20, 24, 28]
    !! not UC: [0, 1, 2, 3, 4, 5, 6, 7, 8, 9, 12, 13, 16, 17, 18, 19, 20, 21]
    !! not UC: [0, 1, 2, 3, 4, 5, 6, 8, 9, 10, 16, 17, 18, 19, 20, 22, 24]
    !! not UC: [0, 1, 16, 17]
    !! not UC: [0, 1, 2, 3, 4, 6, 8, 9, 10, 12, 16, 18, 20, 22, 24, 28]
    !! not UC: [0, 1, 2, 3, 4, 5, 6, 7, 8, 9, 10, 12, 14, 16, 17, 18, 20, 22]
    !! not UC: [0, 1, 2, 3, 4, 5, 6, 7, 8, 9, 10, 12, 13, 14, 16, 17, 18, 19, 20, 22, 24]
    !! not UC: [0, 1, 2, 3, 4, 5, 6, 7, 8, 9, 10, 11, 12, 13, 14, 16, 17, 18, 19, 20, 21, 22, 23, 24, 25, 28]
    !! not UC: [0, 1, 2, 3, 4, 5, 6, 8, 9, 10, 11, 12, 16, 17, 20, 24]
    !! not UC: [0, 1, 2, 4, 6, 8, 10, 12, 14, 16, 18, 20]
    !! not UC: [0, 1, 2, 3, 4, 5, 6, 8, 9, 10, 11, 12, 13, 14, 16, 17, 18, 19, 20, 22, 24, 26]
    !! not UC: [0, 1, 2, 3, 4, 5, 8, 9, 10, 11, 16, 17, 18, 24]
    !! not UC: [0, 1, 2, 3, 4, 5, 6, 7, 8, 9, 10, 11, 16, 17, 18, 20, 24, 25]
    !! not UC: [0, 1, 2, 4, 5, 6, 8, 9, 10, 12, 13, 14, 16, 17, 20, 21, 24, 28]
    !! not UC: [0, 1, 4, 8, 12]
    !! not UC: [0, 1, 2, 4, 5, 8, 10, 12, 16, 18, 24]
    !! not UC: [0, 1, 2, 3, 4, 5, 6, 8, 9, 10, 11, 12, 13, 14, 16, 17, 18, 19, 20, 21, 24, 26, 28]
    !! not UC: [0, 1, 2, 4, 5, 6, 8, 9, 10, 12, 13, 14, 16, 18, 20, 24, 26]
    !! not UC: [0, 1, 2, 3, 4, 6, 8, 9, 10, 12, 16, 17, 18, 19, 24, 25, 26]
    !! not UC: [0, 1, 2, 16]
    !! not UC: [0, 1, 8, 9, 16]
    !! not UC: [0, 1, 2, 4, 5, 6, 8, 9, 12, 13, 16, 18, 24]
    !! not UC: [0, 1, 2, 3, 4, 6, 8, 9, 10, 11, 12, 14, 16, 17, 18, 20, 22, 24, 26, 28, 30]
    !! not UC: [0, 1, 2, 4, 5, 6, 8, 9, 10, 12, 13, 16, 17, 18, 20, 21, 22, 24, 26]
    !! not UC: [0, 1, 2, 3, 4, 5, 6, 7, 8, 9, 10, 11, 12, 14, 16, 17, 20, 24]
    !! not UC: [0, 1, 2, 3, 4, 8, 9, 10, 11, 12, 16, 18, 20, 24]
    !! not UC: [0, 1, 2, 4, 5, 8, 9, 10, 12, 16, 20, 24]
    !! not UC: [0, 1, 2, 3, 4, 5, 6, 7, 8, 10, 12, 16, 17, 24]
    !! not UC: [0, 1, 2, 3, 4, 5, 6, 7, 8, 9, 10, 16, 17, 18, 19, 20, 21, 22, 24, 25, 26]
    !! not UC: [0, 1, 2, 3, 4, 5, 6, 8, 9, 10, 12, 13, 14, 16, 17, 18, 19, 20, 24, 25]
    !! not UC: [0, 1, 2, 3, 4, 5, 6, 8, 10, 12, 14, 16, 17]
    !! not UC: [0, 1, 2, 3, 4, 5, 6, 7, 8, 9, 10, 12]
    !! not UC: [0, 1, 2, 4, 5, 6, 8, 9, 16, 18]
    !! not UC: [0, 1, 2, 3, 4, 5, 6, 8, 9, 10, 12, 14, 16, 17, 18, 20, 22, 24, 25, 28]
    !! not UC: [0, 1, 2, 3, 4, 5, 6, 7, 8, 9, 10, 11, 16, 17, 18, 19, 20, 21, 22, 23, 24, 26]
    !! not UC: [0, 1, 2, 3, 4, 5, 6, 8, 9, 10, 11, 12, 13, 14, 16, 17, 18, 19, 20, 22, 24, 25, 26, 27, 28]
    !! not UC: [0, 1, 2, 3, 4, 8, 9, 10, 11, 12, 16, 17, 18, 20, 24, 28]
    !! not UC: [0, 1, 2, 3, 4, 6, 8, 9, 16, 17, 18, 19, 20, 22]
    !! not UC: [0, 1, 2, 4, 5, 6, 8, 9, 10, 12, 14, 16, 17, 18, 20, 24, 25, 26, 28]
    !! not UC: [0, 1, 2, 4, 8, 9, 12, 16, 17]
    !! not UC: [0, 1, 2, 3, 4, 6, 8, 12, 16, 17, 18, 19, 20, 22, 24]
    !! not UC: [0, 1, 2, 3, 4, 5, 6, 8, 10, 12, 16, 20, 24, 28]
    !! not UC: [0, 1, 2, 3, 4, 5, 8, 16, 17, 18, 20, 24]
    !! not UC: [0, 1, 2, 3, 4, 8, 9, 12, 16, 17, 20]
    !! not UC: [0, 1, 2, 3, 4, 5, 6, 8, 9, 10, 11, 12, 14, 16, 17, 20, 21, 24]
    !! not UC: [0, 1, 2, 3, 4, 5, 6, 8, 9, 10, 16, 17, 18, 19, 20, 21, 22, 24, 26]
    !! not UC: [0, 1, 2, 3, 4, 5, 6, 7, 8, 9, 10, 12, 14, 16, 18, 20, 22, 24, 28]
    !! not UC: [0, 1, 2, 3, 4, 5, 6, 7, 8, 9, 12, 13, 16, 17, 18, 19, 20, 22, 24, 25, 28]
    !! not UC: [0, 1, 2, 3, 4, 5, 6, 7, 8, 9, 10, 11, 12, 13, 14, 16, 17, 18, 19, 20, 21, 22, 24, 25, 26]
    !! not UC: [0, 1, 2, 4, 5, 6, 8, 10, 12, 14, 16, 18, 20, 22, 24, 26, 28, 30]
    !! not UC: [0, 1, 2, 3, 4, 5, 8, 9, 10, 12, 13, 16, 17, 18, 19, 24, 25, 26]
    !! not UC: [0, 1, 2, 3, 4, 5, 6, 8, 9, 10, 12, 16, 17, 18, 19, 20, 21, 24, 26]
    !! not UC: [0, 1, 2, 4, 5, 6, 8, 9, 16]
    !! not UC: [0, 1, 2, 3, 4, 5, 6, 7, 8, 9, 10, 11, 12, 13, 14, 16, 17, 18, 19, 20, 21, 22, 24, 25]
    !! not UC: [0, 1, 2, 3, 4, 6, 8, 12, 16, 18, 20, 24]
    !! not UC: [0, 1, 2, 4, 5, 6, 8, 9, 10, 12, 16, 17, 20, 21, 24, 28]
    !! not UC: [0, 1, 2, 3, 4, 5, 6, 8, 9, 10, 11, 12, 14, 16, 17, 20]
    !! not UC: [0, 1, 2, 3, 4, 5, 6, 7, 8, 9, 10, 11, 12, 16, 17, 18, 19, 20, 21, 24, 25, 28]
    !! not UC: [0, 1, 2, 4, 5, 8, 9, 12, 13, 16, 17]
    !! not UC: [0, 1, 4, 5, 8, 9, 12, 16, 17, 20, 24]
    !! not UC: [0, 1, 2, 3, 4, 5, 6, 8, 9, 10, 12, 16, 17, 18, 20, 22, 24, 28]
    !! not UC: [0, 1, 2, 3, 4, 5, 6, 8, 9, 10, 11, 12, 13, 14, 16, 17, 20, 21]
    !! not UC: [0, 1, 2, 3, 4, 5, 8, 9, 16, 17, 18, 19, 20]
    !! not UC: [0, 1, 2, 4, 5, 6, 8, 9, 10, 12, 16, 17, 18, 20, 22, 24, 26, 28]
    !! not UC: [0, 1, 2, 4, 5, 8, 10, 12, 16, 17, 20, 21, 24]
    !! not UC: [0, 1, 2, 3, 4, 5, 6, 7, 8, 9, 10, 16, 17, 18, 19, 24]
    !! not UC: [0, 1, 2, 4, 5, 6, 8, 9, 12, 13, 16, 20, 24]
    !! not UC: [0, 1, 2, 3, 4, 5, 8, 9, 10, 12, 16, 17, 18, 19, 20, 21, 24, 25]
    !! not UC: [0, 1, 2, 4, 5, 6, 8, 9, 12, 13, 16, 17]
    !! not UC: [0, 1, 2, 3, 4, 5, 6, 7, 8, 10, 12, 14, 16, 17, 18, 20, 24]
    !! not UC: [0, 1, 2, 3, 4, 8, 10, 16, 20]
    !! not UC: [0, 1, 2, 4, 6, 16, 17, 18, 20, 22]
    !! not UC: [0, 1, 2, 4, 6, 8, 9, 10, 12, 14, 16, 18, 20, 24, 26]
    !! not UC: [0, 1, 2, 3, 4, 5, 6, 8, 9, 10, 12, 14, 16, 17, 18, 19, 20, 22, 24, 25, 28]
    !! not UC: [0, 1, 2, 4, 6, 8, 9, 10, 12, 16, 17, 18, 24, 25, 26]
    !! not UC: [0, 1, 2, 4, 5, 6, 8, 10, 12]
    !! not UC: [0, 1, 2, 4, 5, 6, 8, 9, 16, 17, 20, 21]
    !! not UC: [0, 1, 2, 3, 4, 5, 6, 8, 9, 10, 12, 16, 18, 20, 22, 24, 26]
    !! not UC: [0, 1, 2, 3, 4, 8, 9, 10, 11, 16, 18]
    !! not UC: [0, 1, 2, 3, 4, 5, 8, 16]
    !! not UC: [0, 1, 2, 4, 5, 8, 9, 12, 13, 16, 17, 20, 24, 25]
    !! not UC: [0, 1, 2, 3, 4, 5, 6, 8, 9, 10, 11, 12, 13, 14, 16, 17, 18, 19, 20, 24, 26]
    !! not UC: [0, 1, 2, 3, 4, 5, 6, 7, 8, 10, 12, 14, 16, 17, 20, 21]
    !! not UC: [0, 1, 2, 3, 4, 5, 6, 7, 8, 9, 10, 11, 12, 13, 14, 15, 16, 17, 18, 19, 20, 21, 22, 23, 24, 25, 26]
    !! not UC: [0, 1, 2, 3, 4, 5, 6, 7, 8, 9, 10, 12, 14, 16, 17, 18, 20, 21, 22, 24, 26, 28, 30]
    !! not UC: [0, 1, 2, 3, 4, 6, 8, 9, 12, 16, 17, 20]
    !! not UC: [0, 1, 2, 3, 4, 5, 6, 7, 8, 9, 10, 12, 16, 17, 18]
    !! not UC: [0, 1, 2, 3, 4, 5, 6, 7, 8, 16, 17, 18, 19]
    !! not UC: [0, 1, 2, 3, 4, 5, 6, 7, 8, 9, 10, 11, 12, 13, 16, 17, 18, 20, 21, 22, 24, 25, 26, 28]
    !! not UC: [0, 1, 2, 4, 5, 6, 8, 9, 10, 12, 13, 14, 16, 17, 18, 20, 24, 25, 26, 28]
    !! not UC: [0, 1, 2, 3, 4, 5, 6, 7, 8, 9, 10, 11, 12, 16, 17, 18, 19, 20, 22, 24, 28]
    !! not UC: [0, 1, 2, 3, 4, 5, 6, 7, 8, 9, 10, 11, 12, 16, 17, 18, 19, 20, 22, 24, 25, 26, 27]
    !! not UC: [0, 1, 2, 4, 5, 6, 8, 16, 17, 18]
    !! not UC: [0, 1, 2, 4, 8, 10, 12, 16, 18, 20]
    !! not UC: [0, 1, 2, 3, 4, 5, 6, 7, 8, 9, 10, 11, 12, 16, 17, 18, 19, 20, 22, 24, 25]
    !! not UC: [0, 1, 2, 3, 4, 5, 6, 7, 8, 9, 10, 11, 12, 14, 16, 17, 18, 20, 22, 24, 26, 28, 30]
    !! not UC: [0, 1, 2, 4, 5, 6, 8, 12, 16, 17, 18, 20, 21, 22, 24, 28]
    !! not UC: [0, 1, 2, 3, 4, 5, 6, 7, 8, 10, 12, 16, 24]
    !! not UC: [0, 1, 2, 3, 4, 5, 6, 7, 8, 9, 10, 12, 16, 17, 18, 20, 21, 22, 24, 26]
    !! not UC: [0, 1, 2, 4, 6, 8, 9, 10, 12, 16, 17, 18, 20, 22, 24, 26]
    !! not UC: [0, 1, 2, 3, 4, 5, 6, 8, 9, 10, 11, 12, 16, 17, 18, 19, 20, 21, 22, 24, 25, 26, 28]
    !! not UC: [0, 1, 2, 3, 4, 6, 8, 9, 10, 12, 14, 16, 17, 18, 20, 22, 24, 25, 26, 28, 30]
    !! not UC: [0, 1, 2, 3, 4, 5, 6, 7, 8, 9, 10, 11, 12, 16, 17, 18, 19, 20, 21, 22, 24, 25, 26, 27, 28]
    !! not UC: [0, 1, 2, 3, 4, 5, 6, 8, 10, 12, 14, 16, 17, 18, 19, 20]
    !! not UC: [0, 1, 2, 3, 4, 5, 6, 8, 10, 12, 14, 16, 17, 18, 19, 20, 24, 26]
    !! not UC: [0, 1, 2, 3, 4, 5, 6, 8, 9, 12, 13, 16, 17, 18, 19, 20, 21, 22, 24, 25]
    !! not UC: [0, 1, 2, 3, 4, 5, 6, 7, 8, 9, 10, 11, 12, 13, 16, 17, 18, 20, 21, 22, 24, 25, 26, 28, 29]
    !! not UC: [0, 1, 2, 3, 4, 8, 9, 10, 12, 16, 17, 18, 19]
    !! not UC: [0, 1, 2, 3, 4, 8, 9, 10, 11, 12, 16, 17, 18, 19, 20, 24]
    !! not UC: [0, 1, 2, 4, 6, 8, 9, 10, 16, 17, 18]
    !! not UC: [0, 1, 2, 4, 6, 8, 9, 10, 16, 18, 24, 26]
    !! not UC: [0, 1, 2, 4, 6, 8]
    !! not UC: [0, 1, 2, 3, 4, 5, 6, 8, 9, 10, 12, 13, 16, 17, 18, 19, 20, 21, 24, 25, 26, 28]
    !! not UC: [0, 1, 2, 4, 6, 8, 9, 10, 12, 14, 16, 17, 18, 24]
    !! not UC: [0, 2, 4, 6, 8, 10, 12, 16, 18, 20, 22, 24, 26]
    !! not UC: [0, 1, 2, 4, 5, 8, 10, 16, 17, 20, 21]
    !! not UC: [0, 1, 2, 3, 4, 5, 6, 8, 9, 10, 11, 12, 16, 17, 18, 19, 20, 24, 28]
    !! not UC: [0, 1, 2, 3, 4, 5, 6, 7, 8, 9, 10, 12, 13, 16, 17, 18, 20, 21, 22, 24, 26]
    !! not UC: [0, 1, 2, 4, 5, 6, 8, 10, 12, 14, 16, 18, 20, 24]
    !! not UC: [0, 1, 2, 3, 4, 8, 9, 16, 17, 18, 19]
    !! not UC: [0, 1, 2, 3, 4, 5, 6, 7, 8, 9, 10, 11, 12, 13, 16, 17, 18]
    !! not UC: [0, 1, 2, 4, 5, 6, 8, 10, 12, 16, 17, 18, 20, 21, 24, 26]
    !! not UC: [0, 1, 2, 3, 4, 6, 8, 9, 10, 11, 12, 16, 18, 20, 22, 24, 26]
    !! not UC: [0, 1, 2, 3, 4, 5, 8, 9, 12, 16, 17, 18, 20, 24]
    !! not UC: [0, 1, 2, 3, 4, 5, 6, 7, 8, 9, 10, 11, 12, 13, 16, 17, 18, 20, 21, 24, 25, 26, 28]
    !! not UC: [0, 1, 2, 4, 8, 9, 10, 16, 17, 18, 24, 25]
    !! not UC: [0, 1, 2, 3, 4, 8, 9, 12, 16, 18, 24]
    !! not UC: [0, 1, 2, 3, 4, 5, 8, 9, 10, 16, 17, 20, 21, 24, 25]
    !! not UC: [0, 1, 2, 4, 5, 8, 9, 10, 12, 16, 17, 20, 24, 25]
    !! not UC: [0, 1, 2, 3, 4, 5, 6, 7, 8, 9, 12, 13, 16, 17, 18, 19, 20, 22]
    !! not UC: [0, 1, 2, 4, 5, 6, 8, 9, 10, 12, 13, 16, 17, 18, 20, 21, 22, 24, 25, 26, 28]
    !! not UC: [0, 1, 2, 3, 4, 5, 6, 8, 12, 16, 17, 18, 19, 20, 21, 22, 24, 28]
    !! not UC: [0, 1, 2, 4, 6, 8, 10, 16, 17, 18, 20, 24]
    !! not UC: [0, 1, 2, 3, 4, 5, 8, 9, 10, 11, 16, 17, 18, 19, 20, 24, 25, 26]
    !! not UC: [0, 1, 2, 3, 4, 5, 8, 10, 16, 17, 18, 20, 21, 24]
    !! not UC: [0, 1, 2, 3, 4, 5, 6, 8, 9, 10, 12, 13, 16, 17, 20, 21, 24, 25]
    !! not UC: [0, 1, 2, 3, 4, 5, 6, 7, 8, 9, 10, 16, 17, 18, 19, 20, 21, 22, 23, 24]
    !! not UC: [0, 1, 2, 3, 4, 5, 6, 7, 8, 9, 10, 12, 16, 17, 18, 19, 20, 21, 24, 25, 26, 28]
    !! not UC: [0, 1, 2, 3, 4, 5, 6, 8, 10, 12, 14, 16, 24]
    !! not UC: [0, 1, 2, 3, 4, 5, 6, 8, 9, 10, 11, 12, 14, 16]
    !! not UC: [0, 1, 2, 3, 4, 6, 8, 9, 16, 17, 24]
    !! not UC: [0, 1, 2, 3, 4, 5, 6, 7, 8, 10, 16, 17, 18, 19]
    !! not UC: [0, 1, 2, 3, 4, 5, 8, 9, 10, 16, 17, 20, 21, 24]
    !! not UC: [0, 1, 2, 3, 4, 5, 6, 8, 9, 10, 11, 16, 17, 18, 19, 20, 22, 24, 25, 26, 27]
    !! not UC: [0, 1, 2, 3, 4, 5, 6, 8, 12, 16, 17, 20]
    !! not UC: [0, 1, 2, 3, 4, 5, 6, 8, 9, 10, 11, 12, 13, 16, 17, 24, 25]
    !! not UC: [0, 1, 2, 3, 4, 5, 6, 7, 8, 16, 17, 18, 20, 21, 24]
    !! not UC: [0, 1, 2, 4, 5, 6, 8, 9, 10, 12, 14, 16, 17, 20, 21, 24, 25]
    !! not UC: [0, 1, 2, 3, 4, 5, 6, 7, 8, 10, 12, 14, 16, 18, 20, 24]
    !! not UC: [0, 1, 2, 3, 4, 5, 6, 8, 9, 10, 11, 12, 14, 16, 17, 18, 19, 20, 22, 24, 28]
    !! not UC: [0, 1, 2, 3, 4, 5, 6, 8, 9, 10, 11, 12, 14, 16, 17, 18, 19, 20, 22, 24, 25, 26, 27]
    !! not UC: [0, 1, 2, 3, 4, 5, 8, 9, 10, 11, 16, 17, 24]
    !! not UC: [0, 1, 2, 4, 5, 6, 8, 9, 10, 12, 13, 16, 24]
    !! not UC: [0, 1, 2, 3, 4, 5, 6, 7, 8, 9, 16, 17, 24]
    !! not UC: [0, 1, 2, 3, 4, 5, 6, 7, 8, 9, 10, 11, 16, 17, 18, 24]
    !! not UC: [0, 1, 2, 4, 6, 8, 9, 10, 12, 16, 17, 18, 24]
    !! not UC: [0, 1, 2, 3, 4, 5, 6, 7, 8, 9, 10, 11, 12, 14, 16, 17, 18, 20, 21, 22, 24, 25, 26]
    !! not UC: [0, 1, 2, 4, 6, 8, 10, 16, 17, 24]
    !! not UC: [0, 1, 2, 3, 4, 8, 9, 12, 16, 17, 18, 19, 24]
    !! not UC: [0, 1, 2, 3, 4, 5, 6, 7, 8, 9, 10, 11, 12, 13, 16, 20, 24]
    !! not UC: [0, 1, 2, 3, 4, 5, 6, 8, 9, 10, 12, 16, 17, 18, 19, 20, 21]
    !! not UC: [0, 1, 2, 3, 4, 6, 8, 9, 10, 12, 16, 20, 24]
    !! not UC: [0, 1, 2, 3, 4, 5, 6, 7, 8, 9, 10, 12, 13, 14, 16, 17, 18, 20, 21, 22, 24, 25, 26, 28]
    !! not UC: [0, 1, 2, 3, 4, 5, 6, 7, 8, 9, 12, 16, 17, 20, 21, 24, 25]
    !! not UC: [0, 1, 2, 3, 4, 5, 6, 8, 9, 10, 12, 13, 16, 17, 18, 20, 24, 26]
    !! not UC: [0, 1, 2, 3, 4, 6, 8, 9, 10, 12, 14, 16, 17, 18, 20, 22, 24, 26, 28, 30]
    !! not UC: [0, 1, 2, 3, 4, 5, 8, 9, 10, 12, 13, 16, 17, 20, 21, 24]
    !! not UC: [0, 1, 2, 3, 4, 5, 6, 7, 8, 9, 10, 11, 12, 13, 14, 15, 16, 17, 18, 19, 20, 24, 26, 28]
    !! not UC: [0, 1, 2, 3, 4, 8, 9, 10, 12, 16, 17]
    !! not UC: [0, 1, 2, 3, 4, 6, 8, 9, 10, 16, 17, 18, 20, 24, 25]
    !! not UC: [0, 1, 2, 4, 5, 8, 12, 16, 17, 18, 20, 24]
    !! not UC: [0, 1, 2, 3, 4, 6, 8, 9, 12, 16, 17, 18, 20, 24, 25]
    !! not UC: [0, 1, 2, 3, 4, 5, 8, 9, 12, 13, 16, 17, 18, 19, 24, 25]
    !! not UC: [0, 1, 2, 3, 4, 5, 6, 7, 8, 9, 12, 16, 18, 24]
    !! not UC: [0, 1, 2, 3, 4, 6, 8, 10, 12, 16, 18, 20, 24, 28]
    !! not UC: [0, 1, 2, 3, 4, 6, 8, 9, 10, 11, 12, 14, 16, 17, 18, 19, 20]
    !! not UC: [0, 1, 2, 3, 4, 8, 9, 16, 17, 18, 20, 24]
    !! not UC: [0, 1, 2, 3, 4, 5, 6, 7, 8, 9, 10, 12, 14, 16, 17, 18, 19, 20, 21, 24, 25]
    !! not UC: [0, 1, 2, 4, 8, 9, 10, 16, 17, 24]
    !! not UC: [0, 1, 2, 3, 4, 5, 8, 9, 10, 16, 17, 18, 24, 26]
    !! not UC: [0, 1, 2, 3, 4, 5, 6, 7, 8, 9, 10, 12, 16, 17, 18, 19, 20, 22]
    !! not UC: [0, 1, 2, 4, 5, 8, 9, 16, 20]
    !! not UC: [0, 1, 2, 3, 4, 5, 8, 9, 10, 11, 12, 16, 17, 18, 20, 24, 25, 26]
    !! not UC: [0, 1, 2, 3, 4, 5, 6, 7, 8, 9, 10, 11, 16, 18, 20]
    !! not UC: [0, 1, 2, 3, 4, 6, 8, 9, 10, 16, 17, 18, 24, 25]
    !! not UC: [0, 1, 2, 3, 4, 5, 6, 7, 8, 10, 12, 16, 17, 18, 20, 22, 24, 26]
    !! not UC: [0, 1, 2, 3, 4, 5, 6, 7, 8, 9, 10, 11, 12, 13, 16, 17, 18, 20, 21, 24, 25, 28]
    !! not UC: [0, 1, 2, 3, 4, 5, 6, 8, 9, 10, 12, 13, 14, 16, 17, 18, 19, 20, 22, 24, 26, 28, 30]
    !! not UC: [0, 1, 2, 3, 4, 5, 6, 7, 8, 9, 10, 12, 13, 14, 16, 17, 18, 19, 20, 21, 22, 23, 24, 25, 26, 28]
    !! not UC: [0, 1, 2, 3, 4, 5, 6, 8, 10, 12, 14, 16, 17, 20, 21]
    !! not UC: [0, 1, 2, 3, 4, 5, 6, 7, 8, 10, 16, 17, 18, 20, 22, 24]
    !! not UC: [0, 1, 2, 3, 4, 5, 6, 8, 9, 10, 11, 12, 14, 16, 17, 18, 20, 22, 24, 25, 28]
    !! not UC: [0, 1, 2, 4, 5, 6, 8, 9, 12, 13, 16, 17, 20, 24, 25]
    !! not UC: [0, 1, 2, 3, 4, 5, 6, 7, 8, 12, 16, 17, 18, 20, 22, 24]
    !! not UC: [0, 1, 2, 3, 4, 5, 6, 8, 9, 10, 12, 14, 16, 18, 24, 26]
    !! not UC: [0, 1, 2, 3, 4, 6, 8, 9, 10, 11, 12, 16, 20, 24, 28]
    !! not UC: [0, 1, 2, 3, 4, 5, 6, 7, 8, 9, 10, 12, 13, 14, 16, 17, 18, 24, 25, 26]
    !! not UC: [0, 1, 4, 5, 8, 9, 12, 13, 16, 17, 20, 24, 25]
    !! not UC: [0, 1, 2, 3, 4, 5, 8, 9, 10, 11, 16, 18]
    !! not UC: [0, 1, 2, 4, 5, 8, 9, 12, 16, 17, 18, 24]
    !! not UC: [0, 1, 2, 3, 4, 5, 6, 8, 9, 10, 12, 14, 16, 18, 20, 22, 24, 26, 28, 30]
    !! not UC: [0, 1, 2, 3, 4, 5, 6, 7, 8, 12, 16, 18, 20, 24]
    !! not UC: [0, 1, 2, 3, 4, 5, 8, 9, 16, 18]
    !! not UC: [0, 1, 2, 3, 4, 5, 6, 8, 9, 10, 12, 13, 16, 17, 18, 19, 20, 22, 24, 26]
    !! not UC: [0, 1, 2, 3, 4, 6, 8, 9, 10, 16, 17, 18, 20, 22, 24, 26]
    !! not UC: [0, 1, 2, 3, 4, 5, 6, 7, 8, 9, 10, 11, 12, 13, 16, 17, 18, 19, 20, 22, 24, 25, 26, 27, 28]
    !! not UC: [0, 1, 2, 3, 4, 5, 6, 7, 8, 9, 10, 11, 12, 14, 16, 17, 20, 24, 25]
    !! not UC: [0, 1, 2, 3, 4, 5, 6, 8, 9, 10, 11, 12, 14, 16, 18, 20, 22]
    !! not UC: [0, 1, 2, 3, 4, 5, 6, 7, 8, 9, 10, 12, 16, 17, 18, 19, 20, 21, 22, 24, 26, 28]
    !! not UC: [0, 1, 2, 3, 4, 5, 6, 8, 9, 10, 12, 13, 16, 17, 18, 20, 21, 22, 24, 25, 26]
    !! not UC: [0, 1, 2, 3, 4, 5, 6, 8, 9, 10, 12, 13, 14, 16, 17, 18, 19, 20, 21, 24, 25]
    !! not UC: [0, 1, 2, 3, 4, 5, 6, 8, 9, 10, 12, 14]
    !! not UC: [0, 1, 2, 3, 4, 6, 8, 9, 10, 11, 12, 16, 17, 18, 19, 20, 24, 26]
    !! not UC: [0, 1, 2, 4, 5, 6, 8, 10, 12, 14, 16, 17, 20, 21]
    !! not UC: [0, 1, 2, 3, 4, 5, 6, 7, 8, 9, 10, 12, 14, 16, 17, 18, 19, 20, 22, 24, 26, 28, 30]
    !! not UC: [0, 1, 2, 3, 4, 5, 6, 8, 9, 10, 16, 18, 20]
    !! not UC: [0, 1, 2, 3, 4, 6, 8, 10, 16, 17, 18, 20, 24]
    !! not UC: [0, 1, 2, 3, 4, 6, 8, 9, 12, 16, 17, 18, 19, 20, 24]
    !! not UC: [0, 1, 2, 4, 6, 8, 9, 12, 16, 17, 20]
    !! not UC: [0, 1, 2, 3, 4, 5, 6, 8, 9, 10, 11, 12, 16, 17, 18, 20, 24, 25]
    !! not UC: [0, 1, 2, 3, 4, 6]
    !! not UC: [0, 1, 2, 3, 4, 8, 9, 10, 12, 16, 17, 18, 20, 24, 26]
    !! not UC: [0, 1, 2, 4, 5, 6, 8, 9, 10, 12, 16, 17, 18, 20, 22]
    !! not UC: [0, 1, 2, 3, 4, 5, 8, 9, 10, 12, 13, 16, 17, 18, 20, 21, 24, 26, 28]
    !! not UC: [0, 1, 2, 3, 4, 5, 6, 8, 9, 10, 11, 12, 13, 16, 18]
    !! not UC: [0, 1, 2, 3, 4, 5, 6, 7, 8, 9, 10, 11, 12, 13, 16, 17, 18, 19, 20, 22, 24, 26]
    !! not UC: [0, 1, 2, 3, 4, 5, 6, 8, 9, 10, 11, 12, 13, 16, 18, 20, 24, 26, 28]
    !! not UC: [0, 1, 2, 4, 6, 8, 9, 10, 12, 14, 16, 17, 18, 20, 22, 24, 26, 28]
    !! not UC: [0, 1, 2, 3, 4, 5, 6, 7, 8, 9, 10, 11, 12, 13, 14, 16, 17, 18, 19, 20, 21, 22, 24, 25, 26, 28, 30]
    !! not UC: [0, 1, 2, 3, 4, 5, 6, 7, 8, 9, 10, 12, 14, 16, 17, 18, 19, 20, 24, 26, 28]
    !! not UC: [0, 1, 2, 3, 4, 5, 6, 7, 8, 10, 16, 24]
    !! not UC: [0, 1, 2, 3, 4, 5, 6, 7, 8, 9, 10, 12, 14, 16, 18, 24]
    !! not UC: [0, 1, 2, 3, 4, 6, 8, 9, 10, 16, 17, 18, 19, 20]
    !! not UC: [0, 1, 2, 3, 4, 5, 6, 7, 8, 9, 12, 13, 16, 17, 18]
    !! not UC: [0, 1, 2, 3, 4, 5, 6, 7, 8, 9, 10, 12, 14, 16, 17, 18, 19, 20, 21, 22, 24, 26, 28, 30]
    !! not UC: [0, 1, 2, 3, 4, 5, 6, 8, 9, 10, 11, 12, 13, 16, 17, 18, 19, 20, 21, 24, 25, 26, 27, 28, 29]
    !! not UC: [0, 1, 2, 3, 4, 5, 6, 7, 8, 9, 10, 12, 13, 14, 16, 17, 20, 24, 28]
    !! not UC: [0, 1, 2, 3, 4, 5, 6, 7, 8, 9, 10, 12, 14, 16, 17, 18, 19, 24]
    !! not UC: [0, 1, 2, 3, 4, 8, 9, 12, 16, 17, 20, 24, 28]
    !! not UC: [0, 1, 2, 3, 4, 5, 8, 9, 10, 16, 17, 18, 19, 20, 24, 25, 26]
    !! not UC: [0, 1, 2, 4, 5, 6, 8, 9, 10, 12, 16, 18, 20, 24]
    !! not UC: [0, 1, 2, 3, 4, 6, 8, 10, 12, 16, 17, 18, 24, 26]
    !! not UC: [0, 1, 4, 8, 9, 12, 16, 17, 20]
    !! not UC: [0, 1, 2, 3, 4, 5, 6, 7, 8, 9, 10, 16, 17, 18, 20, 22, 24, 25]
    !! not UC: [0, 1, 2, 3, 4, 5, 6, 8, 9, 10, 11, 12, 13, 14, 16, 17, 18, 19, 20, 21, 22, 24, 25, 28]
    !! not UC: [0, 1, 2, 4, 6, 8, 12, 16, 18, 20, 24]
    !! not UC: [0, 1, 2, 3, 4, 6, 8, 9, 10, 11, 12, 14, 16, 17, 18, 20, 24]
    !! not UC: [0, 1, 2, 3, 4, 5, 6, 8, 9, 10, 12, 13, 14, 16, 17, 18, 19, 24, 26]
    !! not UC: [0, 1, 2, 4, 5, 6, 8, 9, 10, 12, 13, 16, 17, 20, 24, 25, 28]
    !! not UC: [0, 1, 2, 3, 4, 16, 18, 20]
    !! not UC: [0, 1, 2, 4, 5, 6, 8, 16]
    !! not UC: [0, 1, 2, 3, 4, 5, 6, 8, 9, 10, 11, 12, 14, 16, 18, 20, 22, 24, 26]
    !! not UC: [0, 1, 2, 3, 4, 6, 8, 10, 16, 18, 20, 22, 24, 26]
    !! not UC: [0, 1, 2, 3, 4, 5, 6, 8, 16, 17, 18, 20, 21]
    !! not UC: [0, 1, 2, 3, 4, 5, 6, 7, 8, 9, 12, 13, 16, 17, 20, 21]
    !! not UC: [0, 1, 2, 3, 4, 5, 8, 9, 10, 11, 12, 16, 17, 18, 20, 21, 24, 26, 28]
    !! not UC: [0, 1, 2, 3, 4, 5, 8, 9, 16, 20]
    !! not UC: [0, 1, 2, 3, 4, 5, 8, 9, 12, 13, 16, 17, 20, 21]
    !! not UC: [0, 1, 2, 3, 4, 5, 6, 7, 8, 9, 10, 11, 12, 13, 14, 16, 17, 18, 19, 20, 24, 25]
    !! not UC: [0, 1, 2, 3, 4, 5, 6, 7, 8, 9, 10, 11, 12, 13, 16, 17, 18, 20, 22, 24, 25, 26]
    !! not UC: [0, 1, 2, 3, 4, 5, 8, 9, 10, 11, 12, 13, 16, 17, 18, 20, 24, 26, 28]
    !! not UC: [0, 1, 2, 4, 8, 10, 12, 16, 17, 18]
    !! not UC: [0, 2, 4, 6, 8, 10, 12, 14, 16, 18, 20, 22, 24, 26, 28]
    !! not UC: [0, 1, 2, 3, 4, 8, 9, 10, 11, 12, 16, 17, 18, 19, 24, 25, 26]
    !! not UC: [0, 1, 4, 5, 8, 9, 16, 17, 20, 24, 25]
    !! not UC: [0, 1, 2, 4, 6, 8, 9, 10, 16, 17, 18, 20, 22, 24, 26]
    !! not UC: [0, 1, 2, 3, 4, 5, 6, 7, 8, 9, 10, 12, 16, 17, 18, 19, 20, 21, 22, 23, 24, 26, 28]
    !! not UC: [0, 1, 2, 3, 4, 5, 6, 8, 9, 10, 12, 13, 14, 16, 17, 18, 19, 20, 21, 22, 24]
    !! not UC: [0, 1, 2, 3, 4, 5, 6, 7, 8, 9, 10, 12, 14, 16, 17, 18, 20, 21, 22, 24, 25, 28]
    !! not UC: [0, 1, 2, 3, 4, 5, 8, 9, 10, 11, 12, 16, 17, 18, 19, 20, 21, 24]
    !! not UC: [0, 1, 2, 3, 4, 5, 6, 7, 8, 9, 10, 12, 13, 16, 17, 18, 19, 20, 21, 22, 24, 25, 26, 28, 29]
    !! not UC: [0, 1, 2, 3, 4, 5, 6, 7, 8, 9, 10, 11, 12, 13, 16, 17, 18, 20, 21, 24, 25]
    !! not UC: [0, 1, 2, 3, 4, 5, 6, 7, 8, 9, 10, 11, 12, 13, 16, 17, 20, 24, 25, 28]
    !! not UC: [0, 1, 2, 3, 4, 5, 6, 8, 9, 10, 11, 12, 13, 14, 16, 17, 20, 21, 24, 25, 28]
    !! not UC: [0, 1, 2, 3, 4, 8]
    !! not UC: [0, 1, 2, 3, 4, 5, 6, 7, 8, 10, 12, 14, 16, 20]
    !! not UC: [0, 1, 2, 3, 4, 8, 10, 16, 17]
    !! not UC: [0, 1, 2, 3, 4, 5, 6, 8, 9, 10, 12, 14, 16, 17, 18, 19, 20, 24, 25, 26]
    !! not UC: [0, 1, 2, 3, 4, 5, 6, 7, 8, 9, 10, 11, 12, 14, 16, 17, 18, 19, 20, 21, 22, 23, 24, 26]
    !! not UC: [0, 1, 2, 4, 5, 6, 8, 9, 12, 16, 18, 20, 24, 28]
    !! not UC: [0, 1, 2, 4, 5, 6, 8, 9, 10, 12, 13, 14, 16, 17, 18, 20, 24, 25]
    !! not UC: [0, 1, 2, 3, 4, 6, 8, 10, 12, 14, 16, 17, 18, 19, 24, 26]
    !! not UC: [0, 1, 2, 3, 4, 6, 8, 9, 16, 17, 18, 19, 20, 24]
    !! not UC: [0, 1, 2, 3, 4, 5, 6, 8, 9, 12, 13, 16, 17, 24, 25]
    !! not UC: [0, 1, 2, 4, 5, 6, 8, 9, 16, 17]
    !! not UC: [0, 1, 2, 3, 4, 5, 6, 8, 9, 10, 11, 12, 14, 16, 17, 18, 20, 21, 22, 24, 26]
    !! not UC: [0, 1, 2, 4, 5, 6, 8, 9, 10, 12, 13, 14, 16, 17, 18, 20, 21, 24, 25, 28, 29]
    !! not UC: [0, 1, 2, 3, 4, 6, 8, 9, 16, 17, 18, 20]
    !! not UC: [0, 1, 2, 3, 4, 5, 6, 7, 8, 9, 10, 11, 12, 16, 17, 18, 20, 22, 24]
    !! not UC: [0, 1, 2, 3, 4, 5, 6, 7, 8, 9, 10, 11, 12, 13, 14, 15, 16, 17, 20, 24, 25]
    !! not UC: [0, 1, 4, 8, 16, 17, 24]
    !! not UC: [0, 1, 2, 3, 4, 5, 6, 8, 9, 10, 11, 12, 14, 16, 17, 18, 19, 24, 25]
    !! not UC: [0, 1, 2, 3, 4, 8, 9, 10, 12, 16, 18, 24, 26]
    !! not UC: [0, 1, 2, 3, 4, 5, 6, 7, 8, 9, 10, 11, 12, 13, 16, 17, 18, 19, 20, 21, 22, 24, 26, 28]
    !! not UC: [0, 1, 2, 3, 4, 5, 6, 8, 9, 12, 13, 16, 17, 18, 20, 22, 24, 28]
    !! not UC: [0, 1, 2, 3, 4, 5, 6, 7, 8, 9, 10, 12, 16, 18, 20, 24]
    !! not UC: [0, 1, 2, 3, 4, 5, 8, 9, 10, 12, 16, 17, 18, 24]
    !! not UC: [0, 1, 2, 3, 4, 5, 6, 7, 8, 9, 10, 12, 14, 16, 17, 20, 21, 24, 25, 28]
    !! not UC: [0, 1, 4, 8, 9, 12, 16, 24]
    !! not UC: [0, 1, 2, 3, 4, 5, 6, 7, 8, 9, 12, 13, 16, 20, 24]
    !! not UC: [0, 1, 2, 3, 4, 5, 6, 7, 8, 9, 10, 11, 12, 13, 16, 17, 18, 19, 20, 21, 24, 25]
    !! not UC: [0, 1, 2, 3, 4, 5, 6, 7, 8, 10, 12, 14, 16, 17, 20]
    !! not UC: [0, 1, 2, 3, 4, 5, 6, 8, 9, 10, 11, 12, 14, 16, 17, 18, 24, 25]
    !! not UC: [0, 1, 2, 4, 8, 9, 12, 16, 17, 20, 24, 28]
    !! not UC: [0, 1, 2, 4, 5, 6, 8, 9, 10, 12, 16, 17, 18, 20]
    !! not UC: [0, 1, 2, 3, 4, 5, 8, 9, 10, 12, 13, 16, 24]
    !! not UC: [0, 1, 2, 3, 4, 6, 8, 9, 10, 11, 16, 18, 20, 24]
    !! not UC: [0, 1, 2, 3, 4, 5, 6, 7, 8, 9, 10, 12, 13, 14, 16, 17, 20, 21, 24, 28]
    !! not UC: [0, 1, 2, 3, 4, 5, 6, 8, 9, 10, 11, 12, 16, 17, 18, 19, 20, 24, 25, 26, 28]
    !! not UC: [0, 1, 2, 3, 4, 5, 6, 8, 9, 10, 11, 12, 14, 16, 17, 18, 19, 20, 21, 22, 24, 26, 28]
    !! not UC: [0, 1, 2, 3, 4, 5, 6, 8, 9, 10, 12, 13, 16, 17, 18, 20]
    !! not UC: [0, 1, 2, 3, 4, 5, 6, 8, 10, 12, 16, 17, 18, 19, 20, 21, 24, 26, 28]
    !! not UC: [0, 1, 2, 3, 4, 5, 6, 7, 8, 10, 16, 17, 20]
    !! not UC: [0, 1, 2, 3, 4, 5, 6, 7, 8, 9, 10, 16, 17, 20, 24, 25]
    !! not UC: [0, 1, 2, 4, 5, 8, 9, 10, 12, 16, 17, 24]
    !! not UC: [0, 1, 2, 3, 4, 5, 6, 7, 8, 10, 12, 16, 20, 24]
    !! not UC: [0, 1, 2, 3, 4, 5, 6, 7, 8, 9, 12, 13, 16, 17, 18, 19, 20, 21, 22, 24]
    !! not UC: [0, 1, 2, 4, 5, 6, 8, 12, 16, 17, 18, 20, 22, 24, 28]
    !! not UC: [0, 1, 2, 3, 4, 6, 8, 9, 12, 16, 17, 18, 19, 20, 24, 25]
    !! not UC: [0, 1, 2, 3, 4, 5, 8, 9, 10, 11, 12, 13, 16, 17, 18, 19, 20, 24, 25, 26, 27]
    !! not UC: [0, 1, 2, 3, 4, 5, 6, 7, 8, 9, 10, 11, 12, 16, 17, 18, 19, 20, 21, 22, 24, 25, 26]
    !! not UC: [0, 1, 2, 3, 4, 5, 6, 7, 8, 10, 16, 17]
    !! not UC: [0, 1, 2, 3, 4, 5, 6, 8, 10, 12, 14, 16, 18]
    !! not UC: [0, 1, 4, 5, 8, 9, 12, 13, 16, 17, 20, 21, 24, 25]
    !! not UC: [0, 1, 2, 3, 4, 6, 8, 9, 10, 11, 12, 14, 16, 18, 20, 22, 24, 28]
    !! not UC: [0, 1, 2, 3, 4, 5, 8, 9, 10, 11, 16, 17, 18, 20, 24]
    !! not UC: [0, 1, 2, 4, 5, 6, 8, 10, 16, 24]
    !! not UC: [0, 1, 2, 4, 5, 8, 9, 12, 13, 16, 17, 24, 25]
    !! not UC: [0, 1, 2, 3, 4, 5, 6, 7, 8, 9, 10, 12, 16, 17, 18, 19, 20, 21, 22, 24]
    !! not UC: [0, 1, 2, 3, 4, 5, 8, 9, 10, 12, 16, 18, 20, 24, 26]
    !! not UC: [0, 1, 2, 3, 4, 5, 6, 7, 8, 16, 17, 18, 19, 20, 21, 22, 23, 24]
    !! not UC: [0, 1, 2, 3, 4, 5, 8, 12, 16, 17, 20, 21, 24]
    !! not UC: [0, 1, 2, 4, 5, 6, 8, 10, 12, 16, 17, 18, 20, 24, 26]
    !! not UC: [0, 1, 2, 4, 5, 6, 8, 9, 10, 12, 13, 16, 18]
    !! not UC: [0, 1, 2, 4, 6, 8, 9, 12, 16, 20, 24, 28]
    !! not UC: [0, 1, 2, 4, 5, 8, 9, 12, 16, 17, 18, 24, 25]
    !! not UC: [0, 1, 2, 3, 4, 5, 8, 9, 12, 13, 16, 17, 20, 24, 25]
    !! not UC: [0, 1, 2, 4, 8, 10, 16]
    !! not UC: [0, 1, 2, 3, 4, 5, 6, 8, 12]
    !! not UC: [0, 1, 2, 3, 4, 5, 6, 8, 9, 10, 11, 12, 16, 17, 18, 19, 20, 21, 22, 24, 25, 26]
    !! not UC: [0, 1, 2, 3, 4, 5, 6, 7, 8, 9, 10, 16, 17, 18, 20, 21, 22, 24, 26]
    !! not UC: [0, 2, 4, 6, 8, 10, 16, 18, 20, 24, 26]
    !! not UC: [0, 1, 2, 3, 4, 6, 8, 9, 10, 12, 14, 16, 17, 18, 19, 20, 22, 24, 25, 28]
    !! not UC: [0, 1, 2, 4, 5, 6, 8, 9, 10, 16, 18, 20, 24, 26]
    !! not UC: [0, 1, 2, 3, 4, 5, 6, 8, 9, 10, 12, 13, 14, 16, 17, 18, 20, 22, 24, 25, 26]
    !! not UC: [0, 1, 2, 3, 4, 5, 6, 7, 8, 9, 10, 11, 12, 14, 16, 17, 18, 20, 21, 24]
    !! not UC: [0, 1, 2, 3, 4, 5, 6, 8, 9, 10, 11, 12, 13, 16, 18, 20, 22]
    !! not UC: [0, 1, 2, 3, 4, 5, 6, 8, 9, 10, 11, 16, 17, 18, 19, 20, 21, 24, 25]
    !! not UC: [0, 1, 2, 4, 5, 6, 8, 9, 10, 12, 13, 14, 16, 17, 20, 24, 25, 28]
    !! not UC: [0, 1, 2, 3, 4, 5, 6, 8, 9, 10, 16, 18, 20, 22, 24]
    !! not UC: [0, 1, 2, 3, 4, 5, 8, 12, 16, 17, 18, 19]
    !! not UC: [0, 1, 2, 3, 4, 5, 8, 9, 10, 11, 16, 17, 18, 19, 20, 24, 25, 26, 27]
    !! not UC: [0, 1, 2, 3, 4, 5, 6, 8, 9, 10, 12, 13, 14, 16, 17, 18, 19, 20, 21, 22, 24, 25, 28]
    !! not UC: [0, 1, 2, 3, 4, 5, 6, 7, 8, 9, 10, 12, 14, 16, 20]
    !! not UC: [0, 1, 2, 3, 4, 5, 6, 7, 8, 9, 10, 12, 13, 16, 17, 18, 19, 20, 24, 25, 26, 28]
    !! not UC: [0, 1, 2, 3, 4, 5, 6, 8, 9, 10, 11, 12, 13, 14, 16, 17, 18, 20, 21, 24, 25]
    !! not UC: [0, 1, 2, 3, 4, 6, 8, 10, 12, 16, 17, 18, 20, 22, 24, 28]
    !! not UC: [0, 1, 2, 4, 5, 6, 8, 9, 12, 13, 16, 17, 18, 20, 24, 25, 28]
    !! not UC: [0, 1, 2, 3, 4, 5, 6, 8, 9, 10, 12, 13, 14, 16, 17, 18, 19, 20, 21, 22, 24, 25, 26, 28, 29]
    !! not UC: [0, 4, 8, 12, 16]
    !! not UC: [0, 1, 2, 3, 4, 6, 8, 9, 10, 12, 14, 16, 17, 18, 24]
    !! not UC: [0, 1, 2, 3, 4, 8, 9, 10, 11, 12, 16, 17, 18, 19, 24]
    !! not UC: [0, 1, 2, 3, 4, 5, 6, 7, 8, 9, 10, 11, 12, 13, 14, 15, 16, 17, 18, 19, 20, 21, 24, 26, 28]
    !! not UC: [0, 1, 2, 4, 6, 8, 10, 12, 16, 18, 20, 22, 24, 26, 28]
    !! not UC: [0, 1, 2, 3, 4, 5, 6, 8, 9, 10, 12, 16, 17, 18, 19, 20, 21, 22, 24, 26]
    !! not UC: [0, 1, 2, 3, 4, 5, 6, 8, 9, 10, 11, 12, 13, 14, 16, 17, 18, 19, 20, 24, 26, 28]
    !! not UC: [0, 1, 2, 3, 4, 5, 6, 7, 8, 9, 10, 11, 12, 13, 14, 16, 17, 18, 19, 24, 26]
    !! not UC: [0, 1, 2, 4, 5, 6, 8, 12, 16, 17, 18, 20, 21]
    !! not UC: [0, 1, 2, 3, 4, 5, 6, 7, 8, 9, 10, 12, 13, 14, 16, 17, 18, 20, 21, 24, 25, 26]
    !! not UC: [0, 1, 2, 3, 4, 5, 8, 10, 16, 17, 20, 24]
    !! not UC: [0, 1, 2, 3, 4, 8, 9, 10, 12, 16, 20]
    !! not UC: [0, 1, 2, 4, 5, 6, 8, 9, 12, 16, 17, 20, 21, 24]
    !! not UC: [0, 1, 2, 3, 4, 8, 9, 12, 16, 17, 20, 24]
    !! not UC: [0, 1, 4, 5, 8, 9, 12, 13, 16, 17, 20, 21, 24, 25, 28, 29]
    !! not UC: [0, 1, 2, 3, 4, 6, 8, 9, 10, 11, 12, 16, 17, 18, 19, 20, 22, 24]
    !! not UC: [0, 1, 2, 3, 4, 5, 6, 8, 9, 12, 13, 16, 17, 18, 20, 21, 22, 24, 25, 28]
    !! not UC: [0, 1, 2, 4, 5, 8, 9, 16, 17, 20, 21, 24]
    !! not UC: [0, 1, 2, 3, 4, 5, 8, 9, 10, 12, 13, 16, 17, 18, 19, 20, 24, 28]
    !! not UC: [0, 1, 2, 3, 4, 6, 8, 10, 12, 16, 17, 24]
    !! not UC: [0, 1, 2, 3, 4, 5, 6, 7, 8, 12, 16, 17, 18, 20, 24, 28]
    !! not UC: [0, 1, 2, 3, 4, 5, 8, 9, 10, 16, 17, 18, 20, 21, 24, 26]
    !! not UC: [0, 1, 2, 3, 4, 5, 6, 7, 8, 9, 10, 12, 16, 17, 18, 20, 21, 22, 24, 28]
    !! not UC: [0, 1, 2, 3, 4, 5, 6, 7, 8, 10, 12, 16, 18, 20, 24, 26, 28]
    !! not UC: [0, 1, 2, 3, 4, 5, 6, 7, 8, 9, 10, 11, 12, 14, 16, 17, 20, 24, 25, 28]
    !! not UC: [0, 1, 2, 3, 4, 6, 8, 10, 12, 16, 17, 20]
    !! not UC: [0, 1, 2, 3, 4, 6, 8, 10, 12, 16, 17, 18, 19, 20, 22, 24, 26]
    !! not UC: [0, 1, 2, 3, 4, 5, 6, 7, 8, 9, 10, 11, 12, 13, 14, 16, 17, 18, 24, 26]
    !! not UC: [0, 1, 2, 3, 4, 6, 8, 9, 10, 12, 14]
    !! not UC: [0, 1, 2, 3, 4, 6, 8, 9, 10, 12, 14, 16, 17, 18, 19, 24, 26]
    !! not UC: [0, 1, 2, 3, 4, 5, 6, 8, 9, 10, 16, 17, 18, 19, 20, 21, 22]
    !! not UC: [0, 1, 2, 3, 4, 8, 16, 17, 24]
    !! not UC: [0, 1, 2, 3, 4, 5, 6, 7, 8, 9, 12, 16, 17, 18, 19, 20, 21, 24]
    !! not UC: [0, 1, 2, 3, 4, 5, 6, 7, 8, 9, 10, 12, 13, 14, 16, 17, 18, 19, 20, 21, 22]
    !! not UC: [0, 1, 2, 3, 4, 5, 6, 8, 9, 10, 11, 12, 16, 17, 20, 21]
    !! not UC: [0, 1, 2, 3, 4, 5, 6, 7, 8, 9, 10, 11, 12, 14, 16, 17, 18, 19, 20, 24, 25, 28]
    !! not UC: [0, 1, 2, 3, 4, 5, 6, 7, 8, 9, 10, 11, 12, 13, 16, 17, 18, 20, 22]
    !! not UC: [0, 1, 2, 3, 4, 5, 6, 8, 9, 10, 11, 12, 16, 17, 18, 20, 24, 25, 26]
    !! not UC: [0, 1, 2, 3, 4, 5, 6, 8, 9, 10, 11, 12, 16, 17, 18, 19, 20, 21, 22, 24, 28]
    !! not UC: [0, 1, 2, 3, 4, 5, 6, 8, 9, 10, 11, 12, 16, 17, 18, 19, 20, 21, 22, 24, 25, 26, 27]
    !! not UC: [0, 1, 2, 3, 4, 5, 8, 9, 12, 13, 16, 18]
    !! not UC: [0, 1, 2, 4, 6, 8, 9, 10, 16, 17, 18, 24, 25, 26]
    !! not UC: [0, 1, 2, 3, 4, 5, 6, 7, 8, 9, 10, 11, 12, 13, 14, 15, 16, 17, 18, 19, 20, 21, 22, 24, 25, 28, 29]
    !! not UC: [0, 1, 2, 4, 5, 6, 8, 10, 16, 17, 18, 20, 24, 26]
    !! not UC: [0, 1, 2, 3, 4, 5, 6, 8, 10, 16, 18, 20, 22, 24, 26]
    !! not UC: [0, 1, 2, 8, 9, 10, 16, 17, 18, 24, 26]
    !! not UC: [0, 1, 2, 3, 4, 6, 8, 10, 12, 14, 16, 17, 24]
    !! not UC: [0, 1, 2, 3, 4, 5, 6, 8, 9, 10, 11, 16, 17, 18, 24, 25, 26]
    !! not UC: [0, 1, 2, 3, 4, 5, 6, 7, 8, 9, 10, 11, 16, 17, 18, 19, 24, 25, 26]
    !! not UC: [0, 1, 2, 3, 4, 5, 6, 7, 8, 9, 10, 11, 12, 13, 14, 16, 18, 20, 24]
    !! not UC: [0, 1, 8, 9, 16, 17]
    !! not UC: [0, 1, 2, 3, 4, 5, 6, 8, 10, 12, 16, 18, 20]
    !! not UC: [0, 1, 4, 8, 12, 16, 17, 20]
    !! not UC: [0, 1, 2, 3, 4, 5, 6, 7, 8, 9, 10, 11, 12, 13, 14, 16, 20, 24, 28]
    !! not UC: [0, 1, 2, 3, 4, 5, 6, 8, 9, 10, 11, 12, 16, 17, 20]
    !! not UC: [0, 1, 2, 4, 6, 16]
    !! not UC: [0, 1, 2, 4, 5, 8, 10, 12, 16, 18]
    !! not UC: [0, 1, 2, 4, 5, 6, 8, 9, 10, 16, 17, 20, 21]
    !! not UC: [0, 1, 2, 3, 4, 6, 8, 9, 10, 16, 17, 18, 24, 25, 26]
    !! not UC: [0, 1, 2, 4, 5, 6, 8, 9, 10, 12, 14, 16, 17, 18, 20, 21, 22, 24, 28]
    !! not UC: [0, 1, 2, 3, 4, 5, 6, 8, 9, 10, 11, 12, 16, 17, 18, 19, 20, 22, 24, 28]
    !! not UC: [0, 1, 2, 3, 4, 5, 6, 7, 8, 9, 10, 11, 12, 13, 14, 16, 17, 18, 19, 20, 22, 24, 25, 26, 28, 30]
    !! not UC: [0, 1, 2, 3, 4, 5, 6, 8, 9, 10, 11, 12, 14, 16, 17, 18, 20, 24]
    !! not UC: [0, 1, 2, 3, 4, 5, 6, 8, 10, 12, 14, 16, 17, 18, 20, 21, 22]
    !! not UC: [0, 1, 2, 3, 4, 5, 6, 7, 8, 10, 12, 14, 16, 17, 18, 19, 20, 21, 22]
    !! not UC: [0, 1, 2, 3, 4, 5, 6, 7, 8, 9, 10, 11, 16, 17, 20]
    !! not UC: [0, 1, 2, 4, 5, 6, 8, 9, 10, 12, 16, 17, 18, 20, 21, 22, 24]
    !! not UC: [0, 1, 2, 3, 4, 6, 8, 9, 10, 12, 14, 16, 18, 20, 22, 24, 28]
    !! not UC: [0, 1, 2, 3, 4, 6, 8, 9, 10, 12, 14, 16, 17, 18, 19, 20, 22, 24, 26]
    !! not UC: [0, 1, 2, 3, 4, 5, 6, 8, 9, 10, 11, 12, 13, 14, 16, 17, 20, 21, 24, 25]
    !! not UC: [0, 1, 2, 3, 4, 5, 6, 7, 8, 9, 10, 11, 12, 16, 17, 18, 19, 20, 21, 24, 26, 28]
    !! not UC: [0, 1, 2, 3, 4, 6, 16, 17, 18, 19, 20, 22]
    !! not UC: [0, 1, 2, 4, 6, 8, 10, 12, 14, 16]
    !! not UC: [0, 1, 2, 3, 4, 5, 6, 7, 8, 9, 10, 11, 12, 13, 14, 15, 16, 17, 18, 19, 20, 21, 22, 23]
    !! not UC: [0, 1, 2, 4, 6, 8, 10, 12, 16, 18, 20, 22]
    !! not UC: [0, 1, 2, 3, 4, 5, 8, 9, 16, 17]
    !! not UC: [0, 1, 2, 4, 8, 10, 12, 16, 17, 24]
    !! not UC: [0, 1, 2, 3, 4, 5, 6, 8, 9, 10, 11, 12, 13, 14, 16, 17, 20, 24]
    !! not UC: [0, 1, 2, 3, 4, 5, 6, 8, 10, 12, 14, 16, 17, 18, 20, 22, 24, 26]
    !! not UC: [0, 1, 2, 3, 4, 5, 6, 7, 8, 10, 12, 14, 16, 17, 18, 24, 26]
    !! not UC: [0, 1, 2, 4, 6, 8, 10, 12, 14, 16, 17, 18, 20, 22]
    !! not UC: [0, 1, 2, 3, 4, 5, 6, 8, 9, 10, 11, 16, 17]
    !! not UC: [0, 1, 2, 3, 4, 5, 6, 8, 9, 10, 11, 12, 13, 14, 16, 17, 18, 19, 20, 24]
    !! not UC: [0, 1, 2, 3, 4, 5, 6, 7, 8, 9, 10, 12, 13, 16, 17, 20, 24, 25]
    !! not UC: [0, 1, 2, 3, 4, 6, 8, 9, 10, 16, 17]
    !! not UC: [0, 1, 2, 3, 4, 5, 6, 7, 8, 9, 10, 16, 17, 18, 19, 20, 21, 22, 23, 24, 25, 26]
    !! not UC: [0, 1, 2, 3, 4, 5, 6, 8, 9, 12, 16, 18, 20, 24]
    !! not UC: [0, 1, 2, 3, 4, 5, 6, 7, 8, 10, 12, 14, 16, 18, 20, 22, 24, 26, 28, 30]
    !! not UC: [0, 1, 2, 3, 4, 5, 6, 8, 10, 12, 14, 16, 17, 18]
    !! not UC: [0, 1, 2, 3, 4, 6, 8, 9, 10, 12, 14, 16, 17, 18, 19, 20, 22, 24]
    !! not UC: [0, 1, 2, 4, 5, 6, 8, 9, 10, 12, 16, 17, 18, 24]
    !! not UC: [0, 1, 2, 4, 5, 6, 8, 9, 10, 12, 14, 16, 17]
    !! not UC: [0, 1, 2, 3, 4, 5, 6, 7, 8, 9, 10, 11, 12, 13, 14, 16, 17, 18, 20, 21, 22, 24, 26, 28]
    !! not UC: [0, 1, 2, 3, 4, 5, 6, 8, 9, 10, 12, 13, 16, 17, 18, 20, 24, 28]
    !! not UC: [0, 1, 2, 4, 5, 6, 8, 12, 16, 18]
    !! not UC: [0, 1, 2, 3, 4, 5, 6, 8, 9, 10, 11, 12, 13, 16, 17, 18, 19, 20]
    !! not UC: [0, 1, 2, 3, 4, 5, 6, 7, 8, 9, 10, 11, 12, 14, 16, 17, 18, 20, 21, 22, 24, 28]
    !! not UC: [0, 1, 2, 3, 4, 5, 6, 7, 8, 9, 10, 12, 13, 14, 16, 17, 18, 20, 22, 24, 25, 26, 28]
    !! not UC: [0, 1, 2, 3, 4, 8, 9, 10, 12, 16, 17, 18, 24, 25]
    !! not UC: [0, 1, 2, 4, 6, 8, 9, 10, 12, 14, 16, 17, 18, 24, 26]
    !! not UC: [0, 1, 2, 3, 4, 5, 8, 9, 16, 17, 20, 24, 25]
    !! not UC: [0, 1, 2, 3, 4, 5, 6, 7, 8, 9, 10, 11, 16, 17, 18, 19, 20, 22]
    !! not UC: [0, 1, 2, 4, 5, 6, 8, 9, 10, 12, 16, 18, 20, 22]
    !! not UC: [0, 1, 2, 3, 4, 5, 6, 7, 8, 9, 10, 11, 12, 13, 14, 15, 16, 17, 18, 20, 21, 22, 24]
    !! not UC: [0, 1, 2, 3, 4, 5, 6, 8, 9, 10, 12, 13, 14, 16, 18, 20, 22, 24, 28]
    !! not UC: [0, 1, 2, 3, 4, 5, 6, 7, 8, 9, 10, 11, 12, 13, 14, 16, 17, 18, 20, 21, 24, 25, 26, 28, 29]
    !! not UC: [0, 1, 2, 3, 8, 9, 16, 17]
    !! not UC: [0, 1, 2, 4, 5, 6, 8, 9, 12, 13, 16, 17, 18, 20, 21, 22, 24, 25, 28, 29]
    !! not UC: [0, 1, 2, 3, 4, 5, 6, 7, 8, 9, 16, 17, 24, 25]
    !! not UC: [0, 1, 2, 3, 4, 5, 8, 9, 10, 11, 12, 13, 16, 17, 18, 19, 24, 26]
    !! not UC: [0, 1, 2, 3, 4, 5, 6, 7, 8, 9, 10, 11, 12, 13, 16, 24]
    !! not UC: [0, 1, 2, 8, 9, 16, 17, 24, 25]
    !! not UC: [0, 1, 2, 3, 4, 5, 6, 8, 9, 12, 16, 17, 18, 19, 20, 21, 24, 25]
    !! not UC: [0, 1, 2, 3, 4, 5, 6, 7, 8, 9, 10, 11, 12, 13, 14, 15, 16, 17, 18, 19, 20, 21, 22, 23, 24, 25, 28, 29]
    !! not UC: [0, 1, 2, 3, 4, 6, 8, 10, 12, 16, 24]
    !! not UC: [0, 1, 2, 3, 4, 6, 8, 10, 12, 14, 16, 17, 18, 19, 20, 22]
    !! not UC: [0, 1, 2, 3, 4, 5, 6, 8, 9, 10, 11, 12, 13, 16, 17, 18, 20, 24, 26, 28]
    !! not UC: [0, 1, 2, 4, 5, 8, 9, 10, 12, 13, 16]
    !! not UC: [0, 1, 2, 3, 4, 5, 6, 8, 9, 10, 12, 13, 16, 17, 18, 19, 20, 22, 24, 28]
    !! not UC: [0, 1, 2, 16, 17]
    !! not UC: [0, 1, 2, 4, 5, 6, 8, 9, 10, 16, 24]
    !! not UC: [0, 1, 2, 3, 4, 5, 6, 7, 8, 9, 12]
    !! not UC: [0, 1, 2, 4, 6, 8, 9, 12, 16, 18, 20, 24]
    !! not UC: [0, 1, 2, 3, 4, 5, 6, 7, 8, 9, 10, 11, 12, 16, 17, 18, 19, 20]
    !! not UC: [0, 1, 2, 3, 4, 8, 9, 12, 16, 20, 24]
    !! not UC: [0, 1, 2, 3, 4, 5, 8, 9, 10, 11, 12, 16, 18, 24]
    !! not UC: [0, 1, 2, 3, 4, 5, 8, 10, 16, 17, 24]
    !! not UC: [0, 1, 2, 3, 4, 5, 6, 8, 9, 10, 12, 14, 16, 17, 18, 20, 22, 24, 25, 26, 28, 30]
    !! not UC: [0, 1, 2, 3, 4, 8, 9, 10, 12, 16, 17, 20]
    !! not UC: [0, 1, 2, 3, 4, 6, 8, 9, 10, 11, 12, 14, 16, 18, 24]
    !! not UC: [0, 1, 2, 3, 4, 5, 6, 7, 8, 9, 10, 11, 12, 14, 16, 17, 18, 19, 20, 22, 24, 25, 26, 28]
    !! not UC: [0, 1, 2, 3, 4, 5, 6, 7, 8, 10, 12, 16, 18, 20, 22, 24, 26, 28]
    !! not UC: [0, 2, 4, 8, 10, 16]
    !! not UC: [0, 1, 2, 3, 4, 5, 6, 8, 9, 10, 12, 16, 17, 18, 19, 20, 22, 24, 25, 28]
    !! not UC: [0, 1, 4, 8, 12, 16, 20, 24]
    !! not UC: [0, 2, 4, 6, 8, 10, 12, 16]
    !! not UC: [0, 1, 2, 3, 4, 5, 6, 7, 8, 9, 10, 11, 12, 13, 16, 17, 18, 19, 20, 21, 22, 23, 24, 25, 26, 28, 29]
    !! not UC: [0, 1, 2, 3, 4, 5, 6, 8, 9, 10, 12, 16, 17, 18, 20, 21, 24, 25, 26, 28]
    !! not UC: [0, 1, 2, 3, 4, 5, 6, 7, 8, 9, 10, 12, 14, 16, 20, 24, 28]
    !! not UC: [0, 1, 2, 3, 4, 8, 9, 10, 12, 16, 17, 18, 19, 20]
    !! not UC: [0, 1, 2, 3, 4, 5, 6, 7, 8, 9, 10, 11, 12, 16, 17, 18, 20, 24, 26, 28]
    !! not UC: [0, 1, 2, 4, 5, 6, 8, 9, 10, 12, 13, 14, 16, 17, 18, 20, 21, 22, 24, 26, 28]
    !! not UC: [0, 1, 2, 3, 4, 5, 6, 7, 8, 9, 10, 12, 13, 16, 17, 18, 20, 21, 22, 24, 25, 26, 28]
    !! not UC: [0, 1, 2, 3, 4, 5, 6, 8, 9, 10, 12, 13, 14, 16, 17, 18, 20, 21, 22, 24, 28]
    !! not UC: [0, 1, 2, 3, 4, 5, 6, 8, 10, 16, 17, 18, 20, 24]
    !! not UC: [0, 1, 2, 3, 4, 5, 6, 7, 8, 9, 10, 11, 12, 13, 14, 15, 16, 17, 18, 20, 21, 22, 24, 25, 26, 28, 29, 30]
    !! not UC: [0, 1, 2, 3, 4, 6, 8, 9, 10, 11, 16, 18, 20, 22, 24]
    !! not UC: [0, 1, 2, 3, 4, 5, 6, 7, 8, 9, 12, 16, 17, 20, 24, 25]
    !! not UC: [0, 1, 2, 3, 4, 5, 8, 9, 10, 16, 18, 20, 24, 26]
    !! not UC: [0, 1, 2, 3, 4, 5, 6, 7, 8, 12, 16, 17, 20]
    !! not UC: [0, 1, 2, 3, 4, 5, 6, 7, 8, 9, 10, 12, 13, 14, 16, 17, 18, 19, 20, 22, 24, 25, 26]
    !! not UC: [0, 1, 2, 3, 4, 5, 6, 7, 8, 9, 10, 11, 12, 13, 14, 15, 16, 17, 18, 19, 24, 25]
    !! not UC: [0, 1, 2, 3, 4, 5, 6, 8, 9, 10, 12, 13, 16, 17, 18, 20, 21, 24, 26, 28]
    !! not UC: [0, 1, 2, 3, 4, 5, 6, 8, 9, 10, 11, 12, 13, 16, 17, 18, 19, 20, 21, 24, 25, 26, 28]
    !! not UC: [0, 1, 2, 3, 4, 8, 9, 10, 11, 16, 18, 20]
    !! not UC: [0, 1, 2, 4, 8, 9, 12, 16, 17, 18, 20, 24]
    !! not UC: [0, 1, 2, 8, 16, 18, 24]
    !! not UC: [0, 1, 2, 3, 4, 5, 8, 12, 16, 17, 18, 20, 21]
    !! not UC: [0, 1, 2, 3, 4, 5, 8, 9, 10, 16, 17, 18, 19, 20, 21]
    !! not UC: [0, 1, 2, 3, 4, 5, 6, 7, 8, 9, 12, 13, 16, 17, 18, 20, 21, 22, 24]
    !! not UC: [0, 1, 2, 3, 4, 8, 16, 17, 18, 19]
    !! not UC: [0, 1, 2, 3, 4, 5, 6, 7, 8, 9, 10, 12, 16, 18, 20, 22]
    !! not UC: [0, 1, 2, 3, 4, 5, 6, 7, 8, 9, 10, 11, 12, 13, 14, 15, 16, 17, 18, 19, 20, 24, 26]
    !! not UC: [0, 1, 2, 3, 4, 5, 6, 7, 8, 9, 10, 12, 16, 18, 20, 22, 24, 26]
    !! not UC: [0, 1, 2, 4, 5, 6, 8, 10, 16, 17, 18, 24, 26]
    !! not UC: [0, 1, 2, 3, 4, 5, 6, 7, 8, 9, 10, 12, 13, 16, 17, 18, 20, 21, 24, 28]
    !! not UC: [0, 1, 2, 4, 6, 8, 10, 16, 17, 18]
    !! not UC: [0, 1, 2, 3, 4, 5, 6, 7, 16, 17, 18, 20]
    !! not UC: [0, 1, 2, 4, 5, 6, 16, 18]
    !! not UC: [0, 1, 2, 3, 4, 5, 6, 8, 9, 10, 11, 12, 16, 17, 18, 19, 20, 24, 25, 26]
    !! not UC: [0, 1, 2, 3, 4, 5, 6, 8, 9, 12, 16, 17, 20, 24, 25]
    !! not UC: [0, 1, 2, 4, 5, 8, 12, 16, 18, 24]
    !! not UC: [0, 1, 2, 3, 4, 5, 6, 8, 9, 10, 12, 14, 16, 17, 18, 20, 24, 25, 28]
    !! not UC: [0, 2, 4, 8, 10, 12, 16, 18, 20, 24, 26, 28]
    !! not UC: [0, 1, 2, 3, 4, 5, 6, 8, 9, 10, 11, 12, 13, 14, 16, 17, 18, 20, 21, 22, 24, 25, 26, 28, 30]
    !! not UC: [0, 1, 2, 3, 4, 5, 6, 7, 8, 9, 10, 11, 12, 13, 16, 17, 18, 19, 20, 24, 26]
    !! not UC: [0, 1, 2, 3, 4, 5, 6, 8, 9, 10, 11, 16, 17, 18, 20, 21, 22]
    !! not UC: [0, 1, 2, 3, 4, 5, 6, 7, 8, 9, 10, 11, 16, 17, 18, 19, 20, 21, 22]
    !! not UC: [0, 1, 2, 4, 6, 8, 9, 16, 17, 18, 20, 24, 25]
    !! not UC: [0, 1, 2, 4, 6, 8, 9, 10, 16, 17, 18, 20]
    !! not UC: [0, 1, 2, 4, 8, 9, 12, 16, 18, 20, 24, 28]
    !! not UC: [0, 1, 2, 3, 4, 5, 6, 8, 9, 10, 11, 12, 13, 14, 16, 17, 18, 19, 20, 21, 22, 24, 28]
    !! not UC: [0, 1, 2, 4, 6, 8, 9, 10, 16, 20]
    !! not UC: [0, 1, 2, 4, 6, 8, 9, 10, 12, 16, 17, 18]
    !! not UC: [0, 1, 2, 3, 4, 5, 6, 7, 8, 9, 10, 11, 12, 13, 16, 17, 18, 20, 24, 25]
    !! not UC: [0, 1, 2, 4, 8, 10, 12, 16, 17, 18, 20, 24, 28]
    !! not UC: [0, 1, 2, 3, 4, 5, 6, 7, 8, 10, 12, 14, 16, 17, 20, 24, 28]
    !! not UC: [0, 1, 2, 3, 4, 5, 6, 7, 8, 9, 16, 17, 18, 19, 20, 21, 22, 24]
    !! not UC: [0, 1, 2, 3, 4, 5, 6, 7, 8, 9, 10, 12, 13, 14, 16, 17, 18, 20, 21, 22, 24, 25, 28, 29]
    !! not UC: [0, 1, 2, 4, 6, 16, 17, 18]
    !! not UC: [0, 1, 2, 3, 4, 5, 6, 8, 9, 10, 12, 16, 17, 20, 21, 24, 25]
    !! not UC: [0, 1, 2, 3, 4, 5, 6, 7, 16, 17]
    !! not UC: [0, 1, 2, 4, 5, 8, 9, 12, 16, 17]
    !! not UC: [0, 1, 2, 3, 4, 6, 8, 10, 16, 18, 20, 22]
    !! not UC: [0, 1, 2, 3, 4, 5, 6, 8, 9, 10, 12, 14, 16, 17, 18, 19, 20, 21, 24, 26, 28]
    !! not UC: [0, 1, 2, 3, 4, 5, 6, 8, 10, 16, 17, 20, 21]
    !! not UC: [0, 1, 2, 3, 4, 5, 6, 7, 8, 9, 10, 12, 13, 14, 16, 17, 18, 20, 22, 24, 26]
    !! not UC: [0, 1, 2, 3, 4, 5, 6, 8, 9, 10, 11, 12, 14, 16, 17, 18, 19, 20, 21, 24, 25, 28]
    !! not UC: [0, 1, 2, 3, 4, 5, 6, 7, 8, 9, 10, 11, 12, 16, 17, 20]
    !! not UC: [0, 1, 2, 3, 4, 5, 8, 9, 10, 16, 17, 24, 25]
    !! not UC: [0, 1, 2, 3, 4, 5, 6, 7, 8, 12, 16, 17, 18, 20, 21, 22]
    !! not UC: [0, 1, 2, 3, 4, 5, 6, 8, 10, 12, 16, 17, 18, 19, 20, 22, 24, 28]
    !! not UC: [0, 1, 2, 4, 8, 12, 16, 17, 18, 20, 24]
    !! not UC: [0, 1, 2, 3, 4, 5, 6, 8, 9, 12, 16, 17, 18, 19]
    !! not UC: [0, 1, 2, 3, 4, 5, 6, 7, 8, 9, 10, 11, 12, 13, 14, 15, 16, 17, 18, 20, 24, 25, 26]
    !! not UC: [0, 1, 2, 4, 5, 6, 8, 9, 10, 12, 13, 16, 17, 18]
    !! not UC: [0, 1, 2, 3, 4, 5, 8, 10, 12, 16, 17, 18, 19, 20, 21, 24, 26]
    !! not UC: [0, 1, 2, 3, 4, 5, 6, 7, 8, 9, 10, 12, 14]
    !! not UC: [0, 1, 2, 3, 4, 6, 8, 9, 10, 11, 16, 17, 18, 19, 20, 22, 24, 25, 26]
    !! not UC: [0, 1, 2, 3, 4, 6, 8, 9, 10, 11, 12, 14, 16, 17, 20, 24, 25]
    !! not UC: [0, 1, 2, 3, 4, 5, 6, 7, 8, 9, 12, 13, 16, 17, 18, 20, 24, 25]
    !! not UC: [0, 1, 2, 3, 4, 5, 6, 8, 10, 16, 17, 18, 19, 24, 26]
    !! not UC: [0, 1, 2, 3, 4, 6, 8, 9, 12, 16, 17, 18, 20, 24]
    !! not UC: [0, 1, 2, 3, 4, 6, 8, 9, 10, 11, 12, 16, 17, 18, 19, 20, 24, 25, 28]
    !! not UC: [0, 1, 2, 3, 4, 6, 8, 9, 16, 18, 20]
    !! not UC: [0, 1, 2, 3, 4, 5, 6, 7, 8, 9, 10, 11, 12, 16, 17, 18, 19, 24]
    !! not UC: [0, 1, 2, 3, 4, 5, 6, 8, 9, 10, 11, 12, 13, 14, 16, 17, 18, 19, 20, 21, 22, 24, 26, 28, 30]
    !! not UC: [0, 1, 2, 4, 5, 6, 8, 10, 12, 14, 16, 17, 20, 21, 24, 28]
    !! not UC: [0, 1, 2, 3, 4, 5, 6, 7, 8, 9, 10, 16, 17, 18, 20, 21, 24, 25, 26]
    !! not UC: [0, 1, 2, 3, 4, 5, 6, 8, 9, 10, 11, 12, 13, 16, 17, 18, 20, 21]
    !! not UC: [0, 1, 2, 4, 5, 8, 12, 16, 17, 20, 21, 24]
    !! not UC: [0, 1, 2, 4, 5, 8, 12, 16, 17, 20]
    !! not UC: [0, 1, 2, 4, 5, 6, 8, 9, 10, 12, 13, 16, 17, 18, 20, 24, 25]
    !! not UC: [0, 1, 2, 3, 4, 5, 6, 8, 9, 12, 13, 16, 17, 18, 20, 21, 22]
    !! not UC: [0, 1, 2, 3, 4, 5, 6, 7, 8, 9, 12, 13, 16, 17, 18, 19, 20, 21, 22]
    !! not UC: [0, 2, 4, 8, 10, 16, 18, 24]
    !! not UC: [0, 1, 2, 4, 8, 9, 10, 16, 17, 20]
    !! not UC: [0, 1, 2, 3, 4, 5, 8, 9, 12, 16, 17, 18, 19, 20, 24, 25, 28]
    !! not UC: [0, 1, 2, 4, 8, 9, 16, 18, 20]
    !! not UC: [0, 1, 2, 4, 6, 8, 16, 17, 18, 20, 22, 24]
    !! not UC: [0, 1, 2, 4, 6, 8, 10, 16, 17, 18, 20, 22, 24]
    !! not UC: [0, 1, 2, 4, 5, 6, 8, 9, 10, 12, 16, 20, 24, 28]
    !! not UC: [0, 1, 2, 3, 4, 5, 8, 9, 10, 11, 12, 16, 17, 18, 19, 20, 24, 25]
    !! not UC: [0, 1, 2, 4, 5, 6, 8, 9, 10, 16, 17, 24]
    !! not UC: [0, 1, 2, 3, 4, 5, 6, 7, 8, 9, 10, 12, 13, 14, 16, 17, 18, 20, 24]
    !! not UC: [0, 1, 2, 3, 4, 8, 9, 10, 11, 12, 16, 20, 24, 28]
    !! not UC: [0, 1, 2, 3, 4, 8, 9, 10, 11, 12, 16, 17, 18, 20, 24, 26, 28]
    !! not UC: [0, 1, 2, 3, 4, 5, 6, 7, 8, 9, 10, 12, 14, 16, 17]
    !! not UC: [0, 1, 2, 3, 4, 5, 6, 7, 8, 10, 12, 14, 16, 17, 18, 19, 20, 21, 22, 23, 24, 26]
    !! not UC: [0, 4, 8, 12, 16, 20]
    !! not UC: [0, 1, 2, 3, 4, 5, 8, 9, 12, 13, 16, 18, 20, 24, 28]
    !! not UC: [0, 1, 2, 4, 6, 8, 9, 10, 12, 16, 20, 24]
    !! not UC: [0, 1, 2, 3, 4, 5, 6, 7, 8, 9, 10, 12, 16, 17, 18, 19, 20]
    !! not UC: [0, 1, 2, 4, 5, 6, 8, 9, 10, 12, 13, 14, 16, 17, 18, 20, 21, 24]
    !! not UC: [0, 1, 2, 3, 4, 5, 6, 7, 8, 9, 10, 16, 17, 20]
    !! not UC: [0, 1, 2, 3, 4, 5, 6, 7, 8, 9, 12, 16, 17, 18, 20, 22, 24, 25, 28]
    !! not UC: [0, 1, 2, 3, 4, 5, 16, 18, 20]
    !! not UC: [0, 1, 2, 3, 4, 5, 6, 8, 9, 10, 12, 13, 16, 17, 18, 19, 20, 21, 24, 25, 28, 29]
    !! not UC: [0, 1, 2, 3, 4, 8, 10, 12]
    !! not UC: [0, 1, 2, 3, 4, 5, 8, 16, 17, 18, 24]
    !! not UC: [0, 1, 2, 3, 4, 5, 6, 7, 8, 9, 10, 12, 16, 17, 18, 19, 20, 22, 24, 26]
    !! not UC: [0, 1, 2, 4, 6, 8, 9, 10, 12, 14, 16, 18, 20, 22]
    !! not UC: [0, 1, 2, 3, 4, 5, 6, 8, 9, 10, 12, 13, 16, 18, 20, 22, 24, 28]
    !! not UC: [0, 1, 2, 3, 4, 5, 8, 10, 16, 17, 18, 19, 20, 21]
    !! not UC: [0, 1, 2, 3, 4, 5, 6, 7, 8, 9, 10, 12, 16, 17, 18, 20, 22, 24, 25, 26, 28]
    !! not UC: [0, 1, 2, 3, 4, 5, 6, 8, 9, 10, 16, 18, 20, 24, 26]
    !! not UC: [0, 1, 2, 4, 5, 8, 9, 10, 12, 13, 16, 17, 20, 24, 25]
    !! not UC: [0, 1, 2, 4, 5, 6, 8, 10, 12, 14, 16, 18, 20, 22]
    !! not UC: [0, 1, 2, 3, 4, 5, 6, 8, 16, 17, 20, 21, 24]
    !! not UC: [0, 2, 4, 6, 8, 10, 16, 18, 20, 22, 24]
    !! not UC: [0, 1, 2, 3, 4, 5, 6, 8, 9, 10, 12, 16, 17, 18, 24, 25]
    !! not UC: [0, 1, 2, 3, 4, 5, 8, 9, 16, 17, 18, 19]
    !! not UC: [0, 1, 2, 3, 4, 5, 6, 7, 8, 9, 10, 11, 12, 13, 14, 15, 16, 17, 20, 24]
    !! not UC: [0, 1, 2, 3, 4, 6, 8, 9, 10, 16, 17, 18, 20]
    !! not UC: [0, 1, 2, 4, 5, 6, 8, 9, 12, 16, 17, 18, 20, 21, 24, 25, 28]
    !! not UC: [0, 1, 2, 4, 5, 6, 8, 10, 12, 16, 17, 18, 20, 22, 24]
    !! not UC: [0, 1, 2, 3, 4, 6, 8, 9, 16, 17, 18, 19, 20, 22, 24, 25]
    !! not UC: [0, 1, 2, 4, 5, 6, 8, 12, 16, 17, 20, 21, 24, 28]
    !! not UC: [0, 1, 2, 3, 4, 6, 8, 10, 12, 14, 16, 18, 20, 22, 24]
    !! not UC: [0, 1, 2, 4, 5, 6, 8, 9, 10, 12, 14, 16, 17, 18, 20]
    !! not UC: [0, 1, 2, 3, 4, 5, 6, 7, 8, 16, 17, 24]
    !! not UC: [0, 1, 2, 3, 4, 8, 9, 16, 17, 18, 24, 25]
    !! not UC: [0, 1, 2, 3, 4, 5, 8, 9, 12, 16, 17, 18, 19, 20, 21, 24, 25]
    !! not UC: [0, 1, 2, 4, 5, 6, 8, 9, 10, 12, 14, 16, 17, 18, 20, 22, 24, 25]
    !! not UC: [0, 1, 2, 3, 4, 5, 8, 9, 12, 16, 17, 20, 24, 25]
    !! not UC: [0, 1, 2, 4, 8, 9, 10, 12, 16, 17, 20, 24]
    !! not UC: [0, 1, 2, 3, 4, 5, 6, 7, 8, 9, 10, 11, 12, 13, 16, 17, 18, 20, 22, 24, 26]
    !! not UC: [0, 1, 2, 3, 4, 5, 6, 8, 9, 10, 11, 12, 16, 18, 20, 24, 26, 28]
    !! not UC: [0, 1, 2, 3, 4, 5, 6, 7, 8, 10, 12, 14, 16, 18, 20, 22]
    !! not UC: [0, 1, 2, 3, 4, 5, 6, 8, 9, 10, 11, 12, 14, 16, 17, 18, 19, 20, 22, 24, 25, 26, 28]
    !! not UC: [0, 1, 2, 3, 4, 5, 6, 8, 9, 10, 12, 13, 16, 17, 20, 21, 24, 25, 28, 29]
    !! not UC: [0, 1, 2, 3, 4, 5, 6, 7, 8, 10, 16, 17, 18, 19, 20, 21, 22, 23]
    !! not UC: [0, 1, 2, 3, 4, 5, 8, 9, 12, 16, 20, 24, 28]
    !! not UC: [0, 1, 2, 3, 4, 5, 6, 8]
    !! not UC: [0, 1, 2, 3, 4, 5, 6, 7, 16, 17, 18, 20, 21]
    !! not UC: [0, 1, 2, 3, 4, 5, 6, 7, 8, 9, 10, 11, 12, 13, 14, 15, 16]
    !! not UC: [0, 1, 2, 3, 4, 5, 6, 8, 9, 10, 11, 12, 16, 17, 18, 19, 24, 26]
    !! not UC: [0, 1, 2, 3, 4, 5, 6, 7, 8, 9, 12, 13, 16, 18, 24]
    !! not UC: [0, 1, 2, 3, 4, 8, 9, 10, 12, 16, 17, 18, 19, 24, 25]
    !! not UC: [0, 1, 2, 3, 4, 5, 6, 8, 9, 12, 16, 17, 18, 19, 20, 21, 24, 25, 28]
    !! not UC: [0, 1, 2, 3, 4, 5, 6, 7, 8, 12, 16, 17, 24]
    !! not UC: [0, 1, 2, 3, 4, 5, 6, 8, 9, 10, 11, 12, 13, 16, 17, 18, 24]
    !! not UC: [0, 1, 2, 3, 4, 5, 6, 7, 8, 9, 10, 11, 12, 13, 16, 17, 18, 19, 24]
    !! not UC: [0, 1, 2, 3, 4, 5, 6, 7, 8, 9, 10, 11, 12, 13, 14, 16, 17, 18, 19, 20, 21, 22, 23, 24, 25, 26, 28, 29, 30]
    !! not UC: [0, 1, 2, 3, 4, 5, 6, 8, 9, 10, 11, 12, 13, 16, 17, 20, 24, 25, 28]
    !! not UC: [0, 1, 2, 3, 4, 6, 8, 10, 12, 14, 16, 17, 18, 19, 20, 22, 24, 26, 28, 30]
    !! not UC: [0, 1, 2, 3, 4, 5, 6, 7, 8, 9, 10, 12, 13, 16, 17, 18, 20, 22, 24, 25, 28]
    !! not UC: [0, 1, 2, 3, 4, 8, 9, 10, 12, 16, 17, 18, 19, 24]
    !! not UC: [0, 1, 2, 3, 4, 6, 8, 16, 17, 24]
    !! not UC: [0, 1, 2, 3, 4, 5, 6, 7, 8, 10, 12, 14, 16, 17, 18, 19, 24, 26]
    !! not UC: [0, 1, 2, 3, 4, 5, 6, 8, 9, 10, 11, 12, 13, 16, 17, 20, 21, 24, 25, 28, 29]
    !! not UC: [0, 1, 2, 3, 4, 5, 8, 9, 10, 12, 16, 17, 18, 20, 24, 26]
    !! not UC: [0, 1, 2, 3, 4, 5, 6, 7, 8, 16, 18, 20]
    !! not UC: [0, 1, 2, 3, 4, 5, 6, 8, 9, 10, 12, 13, 14, 16, 17, 18, 20, 24, 25]
    !! not UC: [0, 1, 2, 3, 4, 5, 6, 8, 9, 10, 11, 12, 13, 14, 16, 17, 18, 20, 21, 22, 24, 26]
    !! not UC: [0, 1, 2, 4, 5, 6, 8, 9, 10, 12, 16, 17, 20, 21]
    !! not UC: [0, 1, 2, 3, 4, 5, 6, 8, 9, 16, 17, 18, 20, 21, 22]
    !! not UC: [0, 1, 2, 4, 5, 6, 8, 9, 12, 13, 16, 17, 18, 24]
    !! not UC: [0, 1, 2, 3, 4, 5, 6, 7, 8, 9, 10, 12, 13, 16, 17, 20, 24, 25, 28]
    !! not UC: [0, 1, 2, 3, 4, 5, 6, 7, 8, 9, 12, 16, 17, 18, 19, 20, 22]
    !! not UC: [0, 1, 2, 3, 4, 5, 6, 8, 9, 12, 16, 17, 20, 24, 25, 28]
    !! not UC: [0, 1, 2, 4, 5, 6, 8, 9, 12, 13, 16, 17, 20]
    !! not UC: [0, 1, 4, 5, 16, 20]
    !! not UC: [0, 1, 2, 4, 5, 8, 12, 16, 18, 20, 24]
    !! not UC: [0, 1, 2, 3, 4, 5, 6, 8, 9, 10, 11, 12, 13, 14, 16, 17, 18, 20, 21, 24, 25, 26, 28, 29]
    !! not UC: [0, 1, 2, 3, 4, 5, 6, 8, 10, 12, 16, 17, 18, 20, 21, 22, 24, 28]
    !! not UC: [0, 1, 2, 3, 4, 5, 6, 8, 9, 10, 12, 14, 16, 20, 24, 28]
    !! not UC: [0, 1, 2, 3, 4, 5, 8, 9, 10, 11, 12, 13, 16, 17, 20, 21, 24, 25]
    !! not UC: [0, 1, 2, 3, 4, 5, 6, 7, 8, 9, 10, 11, 12, 13, 14, 16, 17, 18, 20, 21, 24, 25, 26, 28]
    !! not UC: [0, 2, 4, 8, 10, 12, 16, 18, 24, 26]
    !! not UC: [0, 1, 2, 3, 4, 5, 16, 18]
    !! not UC: [0, 1, 2, 4, 5, 6, 8, 9, 10, 12, 14, 16, 17, 18, 20, 21, 22, 24, 25, 26]
    !! not UC: [0, 1, 2, 3, 4, 6, 8, 10, 12, 16, 20]
    !! not UC: [0, 1, 2, 3, 4, 5, 6, 8, 9, 10, 12, 16, 17, 18, 19, 20, 22, 24, 25, 26]
    !! not UC: [0, 1, 2, 3, 4, 5, 6, 8, 9, 10, 12, 14, 16, 17, 18, 19, 20, 21, 24]
    !! not UC: [0, 1, 2, 4, 6, 8, 9, 10, 12, 16, 17, 18, 20, 22, 24, 25, 26, 28]
    !! not UC: [0, 1, 2, 3, 4, 5, 6, 7, 8, 9, 10, 11, 12, 13, 14, 16, 17, 18, 20, 21, 22, 24]
    !! not UC: [0, 1, 2, 4, 5, 6, 8, 9, 10, 12, 14, 16, 17, 18, 20, 24, 25]
    !! not UC: [0, 1, 2, 3, 4, 5, 6, 8, 9, 10, 11, 12, 13, 14, 16, 17, 18, 19, 24, 26]
    !! not UC: [0, 1, 2, 3, 8, 9, 10, 11, 16, 17]
    !! not UC: [0, 1, 2, 3, 4, 5, 6, 8, 10, 12, 14, 16, 17, 18, 20, 21, 24]
    !! not UC: [0, 1, 2, 3, 4, 5, 6, 7, 8, 10, 12, 14, 16, 17, 18, 19, 20, 21, 24]
    !! not UC: [0, 1, 2, 3, 4, 5, 6, 8, 9, 10, 12, 13, 16, 17, 18, 19, 20, 21, 22, 24, 25, 26, 28, 29]
    !! not UC: [0, 1, 2, 4, 5, 6, 8, 10, 12, 14, 16, 20, 24, 28]
    !! not UC: [0, 1, 2, 3, 4, 5, 6, 8, 9, 10, 12, 13, 14, 16, 17, 18, 19, 20, 21, 22, 24, 25, 26, 28, 29, 30]
    !! not UC: [0, 1, 2, 4, 5, 8, 16, 18, 20]
    !! not UC: [0, 1, 2, 4, 5, 6, 8, 9, 12, 13, 16, 18, 20, 22, 24, 28]
    !! not UC: [0, 1, 2, 3, 4, 6, 8, 16, 18, 20, 22]
    !! not UC: [0, 1, 2, 3, 4, 5, 6, 7, 8, 9, 10, 12, 13, 16, 18, 20, 24, 26, 28]
    !! not UC: [0, 1, 2, 4, 5, 6, 16, 20]
    !! not UC: [0, 1, 2, 3, 4, 5, 6, 8, 9, 10, 11, 12, 13, 14, 16, 18, 20]
    !! not UC: [0, 1, 2, 4, 5, 8, 9, 10, 16, 17, 18, 20, 24, 25, 26]
    !! not UC: [0, 1, 2, 3, 4, 16, 17, 18]
    !! not UC: [0, 1, 2, 3, 4, 5, 8, 9, 10, 16, 17, 18, 20, 21, 24, 25]
    !! not UC: [0, 1, 2, 4, 6, 8, 10, 12, 14, 16, 18, 20, 24, 26, 28]
    !! not UC: [0, 1, 2, 4, 6, 8, 9, 10, 16, 18, 20, 24, 26]
    !! not UC: [0, 1, 2, 3, 4, 5, 6, 8, 9, 10, 11, 12, 16, 17, 18, 19, 20, 24, 25, 28]
    !! not UC: [0, 1, 2, 3, 4, 5, 6, 8, 9, 12, 16, 18, 20, 22]
    !! not UC: [0, 1, 2, 4, 5, 6, 8, 9, 10, 12, 13, 14, 16, 17, 18, 24]
    !! not UC: [0, 1, 2, 3, 4, 5, 6, 8, 10, 12]
    !! not UC: [0, 2, 4, 6, 8, 10, 12, 16, 18]
    !! not UC: [0, 1, 2, 4, 5, 6, 8, 9, 10, 12, 13, 14, 16, 17, 18, 20, 21, 24, 25, 26, 28]
    !! not UC: [0, 1, 2, 3, 4, 5, 6, 8, 9, 10, 12, 13, 16, 17, 18, 24, 25]
    !! not UC: [0, 1, 2, 3, 4, 5, 6, 7, 8, 9, 10, 12, 13, 16, 17, 18, 19, 24, 25]
    !! not UC: [0, 1, 2, 3, 4, 5, 6, 8, 9, 10, 12, 13, 16, 17, 18, 19, 20, 24, 25, 26, 28]
    !! not UC: [0, 1, 2, 3, 4, 5, 6, 7, 8, 9, 16, 17, 20, 21, 24]
    !! not UC: [0, 1, 2, 4, 5, 8, 10, 12, 16, 17, 18]
    !! not UC: [0, 1, 2, 3, 4, 8, 9, 10, 12, 16, 17, 20, 24, 25, 28]
    !! not UC: [0, 1, 2, 3, 4, 5, 6, 7, 8, 9, 10, 11, 16, 17, 18, 19, 20, 21, 24, 26]
    !! not UC: [0, 1, 2, 3, 4, 8, 12, 16, 20, 24, 28]
    !! not UC: [0, 1, 2, 4, 6, 8, 9, 16, 18, 20, 24]
    !! not UC: [0, 1, 2, 3, 4, 5, 6, 8, 9, 10, 12, 13, 14, 16, 17, 18, 20, 22, 24]
    !! not UC: [0, 1, 2, 3, 4, 5, 8, 9, 12, 13, 16, 17, 18, 19, 20]
    !! not UC: [0, 1, 2, 3, 4, 5, 6, 8, 10, 12, 16, 17, 18, 20, 21]
    !! not UC: [0, 1, 2, 3, 4, 5, 6, 7, 8, 9, 10, 11, 12, 14, 16, 17, 18, 19, 20, 21, 24, 25, 26]
    !! not UC: [0, 1, 2, 3, 4, 5, 6, 7, 8, 9, 10, 11, 12, 16, 18, 20, 22, 24]
    !! not UC: [0, 1, 2, 3, 4, 5, 6, 7, 8, 9, 10, 11, 16, 17, 24]
    !! not UC: [0, 1, 2, 3, 4, 5, 6, 7, 8, 9, 10, 11, 12, 16, 17, 18, 20, 21, 22, 24, 28]
    !! not UC: [0, 1, 2, 4, 6, 8, 10, 12, 14, 16, 18, 24]
    !! not UC: [0, 4, 16]
    !! not UC: [0, 1, 2, 4, 16, 17]
    !! not UC: [0, 1, 2, 3, 4, 5, 6, 7, 8, 9, 12, 13, 16, 17, 18, 20, 21]
    !! not UC: [0, 1, 2, 3, 4, 5, 6, 8, 9, 12, 16, 17, 20, 21, 24, 25]
    !! not UC: [0, 1, 2, 3, 4, 5, 6, 7, 8, 9, 10, 16, 17, 18, 20, 21, 22]
    !! not UC: [0, 1, 2, 3, 4, 8, 9, 10, 16, 17, 24, 25]
    !! not UC: [0, 1, 2, 3, 4, 5, 6, 7, 8, 9, 10, 11, 12, 13, 14, 16, 17, 18, 20, 21, 24, 25]
    !! not UC: [0, 1, 2, 4, 5, 8, 9, 10, 12, 16, 24]
    !! not UC: [0, 1, 2, 3, 4, 5, 6, 8, 9, 10, 11, 12, 16, 17, 18, 20, 21, 22, 24, 26, 28]
    !! not UC: [0, 1, 2, 3, 4, 5, 8, 9, 10, 11, 12, 16, 20]
    !! not UC: [0, 1, 2, 3, 4, 5, 6, 8, 9, 10, 11, 12, 14, 16, 17, 18, 19, 20, 22, 24, 25, 26, 28, 30]
    !! not UC: [0, 1, 2, 3, 4, 8, 12, 16, 17, 18]
    !! not UC: [0, 1, 2, 3, 4, 6, 8, 9, 10, 12, 16, 17, 18, 20, 24, 26, 28]
    !! not UC: [0, 1, 2, 3, 4, 8, 9, 12, 16, 17, 18, 20, 24, 25]
    !! not UC: [0, 1, 2, 3, 4, 6, 8, 9, 10, 11, 12, 14, 16, 17, 18, 19, 20, 22, 24, 28]
    !! not UC: [0, 1, 2, 3, 4, 5, 6, 8, 10]
    !! not UC: [0, 1, 2, 3, 4, 5, 6, 8, 9, 10, 11, 16, 18, 24]
    !! not UC: [0, 1, 2, 8, 16, 17, 24]
    !! not UC: [0, 1, 2, 4, 5, 6, 16, 18, 20]
    !! not UC: [0, 1, 2, 4, 5, 6, 8, 16, 17, 18, 24]
    !! not UC: [0, 1, 2, 3, 4, 5, 6, 8, 9, 10, 11, 12, 14, 16, 17, 18, 19, 20, 21, 24, 25, 26]
    !! not UC: [0, 1, 4, 5, 8, 12, 16, 17, 24]
    !! not UC: [0, 1, 2, 3, 4, 5, 6, 7, 8, 9, 10, 12, 16, 17, 18, 20, 24, 25, 28]
    !! not UC: [0, 1, 2, 3, 4, 5, 6, 7, 8, 9, 12, 16, 17, 18, 19, 20, 21, 22, 23, 24, 25]
    !! not UC: [0, 1, 2, 4, 8, 9, 12, 16]
    !! not UC: [0, 1, 2, 3, 4, 5, 6, 8, 9, 16, 17, 18, 19, 20, 22, 24, 25]
    !! not UC: [0, 2, 4, 8, 10, 16, 18]
    !! not UC: [0, 1, 2, 4, 8, 16, 18, 20]
    !! not UC: [0, 1, 2, 4, 5, 8, 9, 10, 16, 17, 18, 20, 21, 24]
    !! not UC: [0, 1, 2, 3, 4, 5, 6, 7, 8, 9, 10, 12, 13, 16, 18, 20, 24, 26]
    !! not UC: [0, 1, 2, 3, 4, 5, 8, 9, 10, 16, 18, 24]
    !! not UC: [0, 1, 2, 3, 4, 5, 6, 7, 8, 9, 10, 11, 12, 14, 16, 17, 18, 19, 20, 22, 24, 26]
    !! not UC: [0, 1, 2, 3, 4, 6, 8, 9, 10, 11, 12, 16, 18, 20, 24, 28]
    !! not UC: [0, 1, 2, 3, 4, 5, 6, 8, 9, 10, 12, 14, 16, 18, 20, 22]
    !! not UC: [0, 1, 2, 3, 4, 8, 9, 10, 11, 16, 17, 20, 24, 25]
    !! not UC: [0, 1, 2, 4, 8, 9, 12, 16, 17, 24, 25]
    !! not UC: [0, 1, 2, 3, 4, 5, 6, 7, 8, 9, 10, 11, 12, 14, 16, 17, 18, 19, 20, 21, 24, 26, 28]
    !! not UC: [0, 1, 2, 3, 4, 6, 8, 10, 12, 14, 16, 17, 18, 20, 24, 28]
    !! not UC: [0, 1, 2, 3, 4, 6, 8, 9, 10, 11, 16, 17, 18, 20, 22, 24, 26]
    !! not UC: [0, 1, 2, 4, 5, 6, 8, 9, 10, 12, 14, 16, 17, 18, 20, 24, 28]
    !! not UC: [0, 2, 4, 16]
    !! not UC: [0, 1, 2, 3, 4, 5, 6, 8, 10, 12, 14, 16, 17, 18, 20, 21, 22, 24, 26, 28]
    !! not UC: [0, 1, 2, 3, 4, 5, 6, 8, 10, 16, 17, 18, 19, 20, 21, 22, 24, 26]
    !! not UC: [0, 1, 2, 3, 4, 5, 6, 7, 8, 10, 12, 14, 16, 18, 20, 22, 24, 28]
    !! not UC: [0, 1, 2, 4, 5, 6, 8, 9, 10, 12, 16, 17, 18, 20, 24]
    !! not UC: [0, 1, 2, 3, 4, 6, 8, 12, 16, 18, 20, 24, 28]
    !! not UC: [0, 1, 2, 4, 5, 8, 9, 12, 13, 16, 17, 20, 24]
    !! not UC: [0, 1, 2, 4, 6, 8, 9, 10, 12, 16, 18, 20]
    !! not UC: [0, 1, 2, 3, 4, 5, 6, 7, 8, 9, 10, 11, 12, 13, 14, 16, 17, 18, 19, 20, 21, 22, 23, 24, 25, 28, 29]
    !! not UC: [0, 1, 2, 3, 4, 5, 6, 8, 9, 10, 11, 16, 17, 18, 19, 20, 22, 24, 25, 26]
    !! not UC: [0, 1, 2, 3, 4, 6, 8, 9, 10, 12, 14, 16, 17, 18, 19, 20, 24, 28]
    !! not UC: [0, 1, 2, 3, 4, 5, 16, 17, 18, 19, 20]
    !! not UC: [0, 1, 2, 4, 5, 6, 8, 9, 12, 16, 18, 20, 24]
    !! not UC: [0, 1, 2, 3, 4, 6, 8, 10, 12, 16, 17, 18, 20, 24, 28]
    !! not UC: [0, 1, 2, 4, 6, 8, 10, 12, 14, 16, 17, 20]
    !! not UC: [0, 1, 2, 3, 4, 5, 8, 16, 17, 20, 21, 24]
    !! not UC: [0, 1, 2, 3, 4, 5, 6, 8, 10, 16, 17, 18, 19, 20, 21, 22, 24]
    !! not UC: [0, 1, 2, 3, 4, 5, 6, 8, 9, 10, 12, 13, 14, 16, 17, 18, 20, 21, 22, 24, 25, 26, 28]
    !! not UC: [0, 1, 2, 4, 5, 8, 9, 12, 16, 17, 18]
    !! not UC: [0, 1, 2, 3, 4, 5, 6, 16, 17, 18, 20, 22]
    !! not UC: [0, 1, 2, 4, 6, 8, 12, 16, 18, 20, 22]
    !! not UC: [0, 1, 2, 3, 4, 5, 6, 8, 9, 10, 11, 12, 13, 16, 17, 18, 19, 20, 24, 26, 28]
    !! not UC: [0, 1, 2, 4, 5, 8, 10, 12, 16, 17, 18, 24, 26]
    !! not UC: [0, 1, 2, 3, 4, 5, 6, 7, 8, 9, 10, 12, 13]
    !! not UC: [0, 1, 2, 3, 4, 5, 6, 7, 8, 9, 10, 11, 12, 14, 16, 24]
    !! not UC: [0, 1, 2, 3, 4, 5, 6, 8, 9, 10, 12, 16, 17, 18, 19]
    !! not UC: [0, 1, 2, 4, 5, 8, 9, 12, 16, 17, 20, 24, 25, 28]
    !! not UC: [0, 1, 2, 3, 4, 5, 6, 8, 10, 12, 14, 16, 18, 20, 22, 24, 26, 28]
    !! not UC: [0, 1, 2, 3, 4, 5, 6, 7, 8, 10, 12, 14, 16, 17, 18, 20, 22, 24]
    !! not UC: [0, 1, 2, 3, 4, 5, 6, 7, 8, 10, 16, 17, 18, 19, 20, 21, 22, 24]
    !! not UC: [0, 1, 2, 3, 4, 5, 6, 8, 9, 12, 13, 16, 17, 18, 20, 21, 24]
    !! not UC: [0, 1, 2, 3, 4, 5, 6, 7, 8, 9, 12, 13, 16, 17, 18, 19, 20, 21, 24]
    !! not UC: [0, 1, 2, 3, 4, 6, 8, 9, 16, 20]
    !! not UC: [0, 1, 2, 3, 4, 8, 12, 16, 17, 18, 20, 24, 28]
    !! not UC: [0, 2, 4, 8, 10, 16, 18, 20, 24]
    !! not UC: [0, 1, 2, 4, 5, 6, 8, 9, 10, 12, 14, 16, 17, 18, 20, 21, 22, 24, 26, 28, 30]
    !! not UC: [0, 1, 2, 3, 4, 5, 6, 8, 9, 10, 11, 12, 16, 17, 18, 20, 21, 24, 25, 26, 28]
    !! not UC: [0, 1, 2, 3, 4, 5, 6, 8, 9, 10, 11, 16, 17, 18, 20, 24]
    !! not UC: [0, 1, 2, 3, 4, 5, 6, 7, 8, 9, 10, 11, 12, 16, 17, 18, 20, 22]
    !! not UC: [0, 1, 2, 3, 4, 5, 6, 8, 9, 10, 11, 12, 13, 14, 16, 17, 18, 19, 20, 21]
    !! not UC: [0, 1, 2, 3, 4, 5, 6, 8, 9, 10, 11, 12, 16, 18, 20, 24, 28]
    !! not UC: [0, 1, 2, 3, 4, 5, 8, 9, 12, 16, 17, 24]
    !! not UC: [0, 1, 2, 3, 4, 5, 6, 7, 8, 10, 16, 18, 20, 22, 24]
    !! not UC: [0, 1, 2, 3, 4, 5, 6, 7, 8, 16, 17, 18, 19, 20, 21, 24]
    !! not UC: [0, 1, 2, 3, 4, 5, 6, 7, 8, 9, 10, 11, 12, 13, 16, 18, 20, 22, 24]
    !! not UC: [0, 1, 2, 4, 8, 9, 10, 12, 16, 17, 18, 20]
    !! not UC: [0, 1, 2, 3, 4, 6, 8, 9, 10, 12, 16, 17, 18, 19, 24, 26]
    !! not UC: [0, 1, 2, 4, 5, 8, 10, 12, 16, 18, 20, 24]
    !! not UC: [0, 1, 2, 3, 4, 5, 6, 8, 9, 10, 11, 12, 14, 16, 17, 18, 19, 20, 24, 25, 26]
    !! not UC: [0, 1, 2, 3, 4, 5, 6, 8, 9]
    !! not UC: [0, 1, 2, 3, 4, 5, 6, 7, 8, 10, 12, 16, 17, 18, 20, 21, 22, 24, 26]
    !! not UC: [0, 1, 2, 3, 4, 6, 8, 12, 16, 17, 18, 20, 24, 28]
    !! not UC: [0, 1, 2, 3, 4, 5, 8, 12, 16, 17, 18, 24]
    !! not UC: [0, 1, 2, 3, 4, 6, 8, 9, 10, 11, 12, 14, 16, 17, 18, 19, 20, 22, 24, 25, 26, 28, 30]
    !! not UC: [0, 1, 2, 4, 5, 6, 8, 9, 10, 12, 16, 18, 20, 24, 26, 28]
    !! not UC: [0, 1, 2, 3, 4, 6, 8, 9, 10, 16, 17, 18, 19, 20, 24, 26]
    !! not UC: [0, 1, 2, 3, 4, 5, 6, 7, 8, 9, 10, 16, 17, 18, 20, 24]
    !! not UC: [0, 1, 2, 3, 4, 5, 6, 8, 10, 16, 17, 18, 19, 20, 21, 22]
    !! not UC: [0, 1, 2, 3, 4, 5, 6, 7, 8, 9, 10, 12, 16, 17, 18, 20, 21, 24, 25, 26, 28]
    !! not UC: [0, 1, 2, 4, 5, 6, 8, 9, 10, 12, 16, 17, 18, 20, 22, 24]
    !! not UC: [0, 1, 2, 3, 4, 5, 6, 8, 9, 10, 11, 12, 13, 14, 16, 24]
    !! not UC: [0, 1, 2, 3, 4, 5, 6, 7, 8, 9, 12, 16, 17, 20, 21, 24]
    !! not UC: [0, 16]
    !! not UC: [0, 1, 2, 3, 4, 5, 6, 8, 9, 10, 11, 12, 13, 16, 17, 18, 19, 20, 22, 24, 28]
    !! not UC: [0, 1, 2, 3, 4, 5, 6, 8, 9, 10, 11, 12, 13, 16, 17, 18, 19, 20, 22, 24, 25, 26, 27]
    !! not UC: [0, 1, 2, 3, 4, 5, 6, 7, 8, 9, 10, 12, 14, 16, 18]
    !! not UC: [0, 1, 2, 3, 4, 5, 6, 8, 9, 10, 11, 12, 13, 16, 17, 18, 19, 20, 21, 22, 24, 26]
    !! not UC: [0, 1, 2, 4, 5, 6, 8, 9, 12, 16, 20, 24]
    !! not UC: [0, 1, 2, 3, 4, 5, 6, 7, 8, 9, 10, 12, 13, 14, 16, 17, 18, 20, 22, 24, 25, 26, 28, 30]
    !! not UC: [0, 1, 2, 4, 5, 6, 8, 9, 10, 12, 14, 16, 17, 18, 20, 21, 22, 24, 25]
    !! not UC: [0, 1, 2, 3, 4, 5, 6, 7, 8, 9, 10, 11, 12, 13, 14, 16, 17, 24]
    !! not UC: [0, 1, 2, 3, 4, 5, 6, 8, 10, 16, 17, 18, 19, 20, 21, 24, 26]
    !! not UC: [0, 1, 2, 3, 4, 5, 6, 7, 8, 10, 12, 14, 16, 18, 20, 24, 28]
    !! not UC: [0, 1, 2, 3, 4, 5, 6, 7, 8, 9, 10, 11, 12, 14, 16, 17, 18, 19, 20, 21]
    !! not UC: [0, 1, 2, 3, 4, 6, 8, 9, 10, 11, 16, 17, 18, 24, 25]
    !! not UC: [0, 1, 2, 4, 5, 8, 9, 10, 16]
    !! not UC: [0, 1, 2, 3, 4, 5, 8, 10, 12, 16, 17, 18, 19, 24, 26]
    !! not UC: [0, 1, 2, 3, 4, 5, 6, 8, 16, 17, 18, 20, 22]
    !! not UC: [0, 1, 2, 3, 4, 5, 6, 7, 8, 9, 10, 11, 12, 16, 18, 20]
    !! not UC: [0, 1, 2, 3, 4, 8, 10, 12, 16]
    !! not UC: [0, 1, 2, 3, 4, 5, 6, 7, 8, 9, 10, 12, 16, 17, 18, 20, 21, 24, 25, 28]
    !! not UC: [0, 1, 2, 4, 6, 8, 9, 10, 12, 14, 16, 17, 18, 24, 25]
    !! not UC: [0, 1, 2, 3, 4, 5, 6, 8, 9, 10, 12, 14, 16, 18, 20, 22, 24]
    !! not UC: [0, 1, 2, 3, 4, 5, 6, 7, 8, 9, 10, 11, 12, 13, 14, 16, 17, 18, 20, 21, 24, 25, 26]
    !! not UC: [0, 1, 2, 3, 4, 5, 6, 7, 8, 10, 12, 14, 16, 17, 18, 19, 24]
    !! not UC: [0, 2, 4, 6, 8, 10, 12, 14, 16, 18, 20, 22, 24, 26, 28, 30]
    !! not UC: [0, 1, 2, 3, 4, 5, 6, 7, 8, 9, 10, 16, 18, 20, 22, 24, 26]
    !! not UC: [0, 1, 2, 3, 4, 5, 6, 7, 8, 9, 10, 11, 12, 13, 16, 17, 20, 24]
    !! not UC: [0, 1, 2, 3, 4, 5, 6, 8, 9, 16, 17, 18, 20]
    !! not UC: [0, 1, 2, 3, 4, 5, 6, 8, 10, 12, 16, 17, 18, 19, 20]
    !! not UC: [0, 1, 2, 3, 4, 5, 6, 7, 8, 9, 10, 11, 12, 16, 17, 18, 19, 20, 24, 25, 26]
    !! not UC: [0, 1, 2, 3, 4, 5, 6, 8, 9, 10, 12, 16]
    !! not UC: [0, 1, 2, 3, 4, 5, 6, 8, 9, 10, 11, 12, 13, 14, 16, 17, 18, 20, 21, 22, 24, 28]
    !! not UC: [0, 1, 2, 3, 4, 5, 6, 7, 8, 9, 10, 11, 16, 17, 18, 20, 21, 24, 26]
    !! not UC: [0, 1, 2, 3, 4, 5, 6, 8, 9, 10, 11, 16, 17, 18, 19, 20, 24, 25]
    !! not UC: [0, 1, 2, 4, 6, 8, 10, 12, 14, 16, 17, 18, 20, 22, 24, 26]
    !! not UC: [0, 1, 2, 3, 4, 5, 6, 8, 10, 12, 14, 16, 17, 18, 19, 20, 21, 22, 24, 26, 28, 30]
    !! not UC: [0, 1, 2, 4, 5, 8, 9, 10, 16, 18, 24, 26]
    !! not UC: [0, 1, 2, 3, 4, 5, 6, 7, 8, 9, 10, 11, 12, 16, 17, 20, 24, 25]
    !! not UC: [0, 1, 2, 3, 4, 5, 6, 7, 8, 9, 12, 16]
    !! not UC: [0, 1, 2, 4, 5, 6, 8, 9, 10, 12, 13, 14, 16, 17, 18, 20, 21, 24, 28]
    !! not UC: [0, 1, 2, 3, 4, 6, 8, 9, 10, 12, 14, 16, 17, 18, 19, 20, 24]
    !! not UC: [0, 1, 4, 5, 8, 9, 16, 17, 20, 21]
    !! not UC: [0, 1, 2, 3, 4, 5, 6, 8, 9, 10, 11, 12, 13, 14, 16, 17, 18, 19, 20, 22, 24, 25, 28]
    !! not UC: [0, 1, 2, 3, 4, 6, 8, 9, 10, 12, 16, 17, 18, 20, 22, 24, 26]
    !! not UC: [0, 1, 2, 4, 5, 8, 9, 12, 16, 18, 24]
    !! not UC: [0, 1, 2, 3, 4, 5, 6, 7, 8, 10, 12, 14, 16, 17, 18, 20, 21, 24, 26, 28]
    !! not UC: [0, 1, 2, 3, 4, 5, 6, 7, 8, 9, 10, 11, 12, 13, 16, 17, 18, 20, 21, 24]
    !! not UC: [0, 1, 2, 4, 6, 8, 9, 10, 16, 18, 20, 22]
    !! not UC: [0, 1, 2, 3, 4, 5, 8, 12, 16, 17]
    !! not UC: [0, 1, 2, 3, 4, 5, 6, 7, 8, 9, 10, 11, 12, 13, 16, 17, 18, 19, 20, 21, 22, 23, 24]
    !! not UC: [0, 1, 2, 3, 4, 6, 8, 10]
    !! not UC: [0, 1, 2, 3, 4, 5, 6, 7, 8, 9, 12, 13, 16, 18, 20, 24]
    !! not UC: [0, 1, 2, 3, 4, 5, 6, 8, 9, 10, 12, 14, 16, 17, 18, 19, 20, 24, 25, 26, 28]
    !! not UC: [0, 1, 2, 3, 4, 6, 8, 9, 10, 12, 16]
    !! not UC: [0, 1, 2, 3, 4, 6, 8, 10, 12, 14, 16, 17, 18, 19, 20, 22, 24]
    !! not UC: [0, 1, 2, 3, 4, 5, 6, 7, 8, 9, 10, 12, 16, 17, 20, 21]
    !! not UC: [0, 1, 2, 3, 4, 5, 6, 7, 8, 9, 10, 11, 12, 13, 14, 15, 16, 17, 18, 19, 20, 21, 22, 24, 25, 26, 27, 28, 29]
    !! not UC: [0, 1, 2, 3, 4, 6, 8, 9, 10, 12, 14, 16, 18, 24]
    !! not UC: [0, 1, 2, 4, 5, 6, 8, 9, 16, 17, 24]
    !! not UC: [0, 1, 2, 3, 4, 5, 6, 8, 9, 10, 11, 12, 14, 16, 17, 24, 25]
    !! not UC: [0, 1, 2, 3, 4, 8, 9, 12, 16, 17, 18, 19, 20]
    !! not UC: [0, 1, 2, 3, 4, 5, 6, 7, 8, 10, 12, 14, 16, 17, 18, 20, 21, 22, 24]
    !! not UC: [0, 1, 2, 3, 4, 8, 9, 16, 18, 20, 24]
    !! not UC: [0, 1, 2, 3, 4, 5, 8, 12, 16, 17, 18, 20, 24]
    !! not UC: [0, 1, 2, 3, 4, 5, 8, 9, 10, 16, 17, 18, 19, 20, 24]
    !! not UC: [0, 1, 2, 3, 4, 5, 6, 7, 8, 10, 12, 14, 16, 17, 18, 19, 20, 21]
    !! not UC: [0, 1, 2, 3, 4, 5, 8, 9, 10, 16, 17]
    !! not UC: [0, 1, 2, 3, 4, 6, 8, 10, 12, 16, 17, 18, 19]
    !! not UC: [0, 1, 2, 3, 4, 5, 6, 8, 9, 10, 11, 12, 13, 14, 16, 17, 18, 20, 21, 24, 25, 28, 29]
    !! not UC: [0, 1, 2, 3, 4, 5, 6, 7, 8, 9, 10, 11, 12, 13, 14, 15, 16, 17, 18, 19, 24, 26]
    !! not UC: [0, 1, 2, 3, 4, 5, 6, 7, 8, 9, 10, 11, 12, 16, 17, 18, 20, 21, 24, 26, 28]
    !! not UC: [0, 1, 2, 4, 6, 8, 9, 12, 16, 17, 18, 20, 22, 24, 28]
    !! not UC: [0, 1, 2, 3, 4, 8, 9, 10, 12, 16, 17, 18, 19, 24, 26]
    !! not UC: [0, 1, 2, 3, 4, 5, 8, 9, 12, 16, 17, 18, 19, 24]
    !! not UC: [0, 1, 2, 3, 4, 5, 6, 8, 9, 10, 12, 13, 16, 18, 20, 22, 24]
    !! not UC: [0, 1, 2, 4, 5, 8, 9, 12, 16, 20, 24, 28]
    !! not UC: [0, 1, 2, 3, 4, 5, 8, 9, 10, 12, 13, 16, 20, 24, 28]
    !! not UC: [0, 1, 2, 4, 6, 8, 9, 10, 16, 17, 24, 25]
    !! not UC: [0, 1, 2, 4, 6, 8, 9, 12, 16, 17, 18, 24, 25]
    !! not UC: [0, 1, 2, 4, 6, 8, 9, 10, 16, 17, 20, 24]
    !! not UC: [0, 1, 2, 3, 4, 6, 8, 10, 12, 16, 17, 18, 20, 22, 24, 26, 28]
    !! not UC: [0, 1, 2, 3, 4, 8, 16, 17, 18, 19, 24]
    !! not UC: [0, 2, 4, 6, 8, 10, 12, 16, 24]
    !! not UC: [0, 1, 2, 3, 4, 5, 6, 7, 8, 9, 10, 11, 12, 13, 16, 17, 18, 19, 20, 24, 25]
    !! not UC: [0, 1, 2, 3, 4, 8, 9, 10, 11, 12, 16, 18]
    !! not UC: [0, 1, 2, 3, 4, 6, 8, 9, 10, 12, 16, 17, 20, 24, 25, 28]
    !! not UC: [0, 1, 2, 3, 4, 5, 6, 8, 10, 12, 14, 16, 18, 20, 24, 26, 28]
    !! not UC: [0, 1, 2, 3, 4, 5, 8, 10, 16, 18, 24]
    !! not UC: [0, 1, 2, 3, 4, 5, 8, 9, 10, 16, 17, 18, 19, 20, 21, 24]
    !! not UC: [0, 1, 2, 3, 4, 5, 6, 7, 8, 10, 16, 17, 18, 19, 20, 21, 24]
    !! not UC: [0, 1, 2, 4, 5, 6, 8, 9, 12, 13, 16, 17, 20, 21, 24, 25, 28]
    !! not UC: [0, 1, 2, 3, 4, 6, 8, 12, 16, 17, 18, 20, 22, 24]
    !! not UC: [0, 1, 2, 4, 5, 6, 8, 9, 10, 12, 13, 14, 16, 18, 20, 24]
    !! not UC: [0, 1, 2, 3, 4, 5, 6, 8, 9, 10, 11, 12, 13, 14, 16, 17, 18, 19, 20, 21, 22, 24, 25]
    !! not UC: [0, 1, 2, 3, 4, 5, 6, 8, 9, 10, 11, 12, 13, 16, 17, 18, 19, 20, 21, 24, 25, 26, 27, 28]
    !! not UC: [0, 1, 2, 3, 8]
    !! not UC: [0, 1, 2, 3, 4, 5, 6, 8, 9, 10, 11, 12, 14, 16, 18, 20, 22, 24, 26, 28, 30]
    !! not UC: [0, 1, 2, 3, 4, 5, 8, 9, 10, 12, 13, 16, 17, 18, 19, 24]
    !! not UC: [0, 1, 2, 4, 8, 9, 12, 16, 17, 24]
    !! not UC: [0, 1, 2, 3, 4, 5, 8, 9, 12, 13, 16, 17, 18, 20, 24, 25]
    !! not UC: [0, 1, 2, 3, 4, 5, 8, 9, 10, 11, 12, 13, 16, 17, 18, 20, 24]
    !! not UC: [0, 1, 2, 4, 8, 9, 12, 16, 17, 18, 20, 24, 25, 28]
    !! not UC: [0, 1, 2, 3, 4, 6, 8, 9, 10, 11, 16, 17, 18, 20, 22]
    !! not UC: [0, 1, 2, 4, 5, 6, 8, 12, 16, 17, 18, 20, 21, 22]
    !! not UC: [0, 1, 2, 3, 4, 5, 6, 7, 8, 10, 12, 16, 17, 20, 24]
    !! not UC: [0, 1, 2, 4, 5, 6, 8, 9, 10, 12, 16, 17, 20, 21, 24, 25, 28]
    !! not UC: [0, 1, 2, 3, 4, 5, 6, 7, 8, 10, 12, 16, 18, 20, 24, 28]
    !! not UC: [0, 1, 2, 3, 4, 5, 6, 8, 9, 10, 11, 12, 13, 16, 17, 18, 19, 20, 24]
    !! not UC: [0, 1, 2, 3, 4, 6, 8, 10, 12, 16, 17, 18, 19, 20, 24, 28]
    !! not UC: [0, 1, 2, 3, 4, 6, 8, 9, 10, 12, 16, 17, 18, 20, 24, 25, 26]
    !! not UC: [0, 1, 2, 4, 6, 8, 16, 20, 24]
    !! not UC: [0, 1, 2, 3, 4, 5, 6, 7, 8, 9, 10, 16, 17, 20, 21, 24, 25]
    !! not UC: [0, 1, 2, 3, 4, 5, 6, 8, 9, 12, 16, 17, 18, 19, 20, 21, 22, 24]
    !! not UC: [0, 1, 2, 3, 4, 5, 6, 8, 9, 10, 11, 12, 13, 14, 16, 17, 18, 20, 22, 24, 26, 28]
    !! not UC: [0, 1, 2, 3, 4, 6, 8, 9, 10, 16, 17, 18, 19, 24]
    !! not UC: [0, 1, 2, 3, 4, 5, 6, 7, 8, 9, 10, 12, 13, 14, 16, 17, 18, 19, 20, 21, 22, 24, 25, 26, 28, 29]
    !! not UC: [0, 1, 2, 3, 4, 5, 6, 7, 8, 9, 10, 12, 14, 16, 18, 20]
    !! not UC: [0, 1, 2, 3, 4, 8, 9, 12, 16, 17, 18, 24]
    !! not UC: [0, 1, 2, 3, 4, 5, 6, 7, 8, 9, 10, 12, 13, 16, 17, 18, 19, 20, 21, 22, 24, 25, 28]
    !! not UC: [0, 1, 2, 3, 4, 5, 6, 7, 8, 9, 12, 16, 17, 24]
    !! not UC: [0, 1, 4, 16, 17, 20]
    !! not UC: [0, 1, 2, 3, 4, 5, 6, 7, 8, 9, 10, 12, 13, 16, 17, 18, 20, 22, 24]
    !! not UC: [0, 1, 2, 3, 4, 5, 8, 9, 12, 16, 17, 20, 24]
    !! not UC: [0, 1, 2, 3, 4, 5, 6, 7, 8, 9, 10, 12, 13, 16, 17, 18, 19, 20, 24, 25, 26]
    !! not UC: [0, 1, 2, 3, 4, 5, 6, 8, 9, 10, 11, 12, 13, 16, 17, 18, 20, 24]
    !! not UC: [0, 1, 2, 3, 4, 5, 8, 9, 10, 16, 17, 18, 19]
    !! not UC: [0, 1, 2, 3, 4, 6, 8, 9, 12, 16, 17, 18, 19, 24, 25]
    !! not UC: [0, 1, 2, 3, 4, 5, 6, 7, 8, 9, 10, 11, 12, 14, 16, 17, 18, 20, 22, 24]
    !! not UC: [0, 1, 2, 3, 4, 5, 6, 7, 8, 9, 10, 11, 12, 14, 16, 17, 18, 19, 20, 21, 22, 23, 24, 25, 26, 27, 28]
    !! not UC: [0, 1, 2, 3, 4, 5, 6, 8, 9, 12, 13, 16, 17, 18, 20, 24, 28]
    !! not UC: [0, 1, 4, 5, 8, 12, 16, 20, 24]
    !! not UC: [0, 1, 2, 3, 4, 5, 6, 7, 8, 9, 12, 13, 16, 17, 18, 19, 20, 24, 28]
    !! not UC: [0, 1, 2, 4, 5, 8, 9, 10, 12, 13, 16, 17, 18, 24]
    !! not UC: [0, 1, 2, 4, 5, 6, 8, 9, 10, 12, 13, 14, 16, 17, 18, 20, 22, 24, 26]
    !! not UC: [0, 1, 2, 4, 5, 8, 9, 12, 16, 17, 20, 21, 24, 25]
    !! not UC: [0, 1, 2, 3, 4, 5, 6, 7, 8, 10, 16, 17, 18, 19, 20, 21, 22, 23, 24, 26]
    !! not UC: [0, 1, 2, 4, 5, 6, 8, 16, 18, 20, 24]
    !! not UC: [0, 1, 2, 4, 5, 6, 16, 17, 18]
    !! not UC: [0, 1, 2, 3, 4, 5, 6, 8, 9, 10, 11, 12, 13, 16, 17, 18, 20, 21, 24, 25, 26]
    !! not UC: [0, 1, 2, 3, 4, 5, 6, 7, 8, 9, 10, 11, 12, 13, 14, 15, 16, 20]
    !! not UC: [0, 1, 2, 3, 4, 5, 6, 7, 8, 10, 12, 14, 16, 17, 18, 20, 24, 26, 28]
    !! not UC: [0, 1, 2, 4, 5, 6, 8, 10, 12, 16, 17, 18, 20, 21, 24, 26, 28]
    !! not UC: [0, 1, 4, 5, 8, 9, 12, 16, 17, 20, 24, 25]
    !! not UC: [0, 1, 2, 3, 4, 5, 6, 7, 8, 9, 10, 11, 12, 14, 16, 17, 18, 19, 20, 22, 24, 28]
    !! not UC: [0, 1, 2, 4, 5, 8, 9, 12, 13, 16, 17, 18, 24]
    !! not UC: [0, 1, 2, 3, 4, 5, 6, 8, 9, 10, 12, 13, 14, 16, 17, 20, 24, 28]
    !! not UC: [0, 1, 2, 3, 4, 6, 8, 9, 10, 11, 12, 16, 17, 18, 19, 20, 22, 24, 25, 26, 27]
    !! not UC: [0, 1, 2, 3, 4, 5, 6, 8, 9, 10, 12, 13, 14, 16, 17, 18, 20, 21, 22, 24, 25, 26]
    !! not UC: [0, 1, 2, 3, 4, 5, 6, 8, 9, 10, 11, 12, 14]
    !! not UC: [0, 1, 2, 3, 4, 6, 8, 10, 12, 14, 16, 17, 18, 20, 22, 24]
    !! not UC: [0, 1, 2, 4, 5, 8, 9, 16, 17, 18]
    !! not UC: [0, 1, 2, 3, 4, 8, 9, 10, 16, 17, 18, 24, 25]
    !! not UC: [0, 1, 2, 4, 5, 8, 12, 16, 17, 20, 24]
    !! not UC: [0, 1, 2, 3, 4, 5, 8, 9, 10, 11, 12, 16, 17, 18, 19, 20, 24, 25, 26, 28]
    !! not UC: [0, 1, 2, 3, 4, 5, 6, 7, 8, 9, 10, 12, 13, 16, 17, 20, 21, 24, 25, 28, 29]
    !! not UC: [0, 1, 2, 4, 5, 8, 9, 10, 12, 13, 16, 17, 20, 24, 25, 28]
    !! not UC: [0, 1, 2, 3, 4, 5, 8, 10, 12, 16, 18, 20]
    !! not UC: [0, 1, 2, 3, 4, 5, 6, 7, 8, 10, 12, 16, 17, 18, 20, 21, 24, 28]
    !! not UC: [0, 1, 2, 3, 4, 8, 9, 10, 16, 18, 24]
    !! not UC: [0, 1, 2, 3, 4, 6, 8, 9, 10, 11, 12, 14, 16, 17, 18, 19, 20, 22, 24, 25, 26, 27, 28]
    !! not UC: [0, 1, 2, 3, 4, 5, 6, 7, 8, 9, 10, 16, 18, 20, 24]
    !! not UC: [0, 1, 2, 3, 4, 5, 6, 8, 9, 10, 11, 12, 14, 16, 17, 18, 19, 20, 21, 22, 24, 25, 26]
    !! not UC: [0, 1, 2, 3, 4, 5, 6, 7, 8, 9, 10, 11, 12, 13, 14, 15, 16, 17, 18, 20, 24, 25, 26, 28]
    !! not UC: [0, 1, 2, 3, 4, 6, 8, 9, 10, 12, 16, 18, 20, 24]
    !! not UC: [0, 1, 2, 4, 5, 6, 8, 12]
    !! not UC: [0, 1, 2, 3, 4, 5, 6, 8, 9, 12, 16, 17, 20, 24, 28]
    !! not UC: [0, 1, 2, 3, 4, 5, 6, 8, 9, 10, 11, 16, 17, 18, 20, 21, 22, 24, 25]
    !! not UC: [0, 1, 2, 3, 4, 5, 6, 7, 8, 9, 10, 12, 13, 14, 16, 17, 18, 20, 21, 22, 24, 25]
    !! not UC: [0, 1, 2, 3, 4, 5, 6, 7, 8, 9, 10, 11, 12, 13, 14, 16, 17, 20]
    !! not UC: [0, 1, 2, 3, 4, 6, 8, 9, 12, 16, 20]
    !! not UC: [0, 1, 2, 3, 4, 5, 6, 7, 8, 9, 12, 13, 16, 17, 18, 20]
    !! not UC: [0, 1, 2, 3, 4, 6, 8, 9, 10, 11, 16]
    !! not UC: [0, 1, 2, 4, 6, 8, 10, 12, 16, 18]
    !! not UC: [0, 1, 2, 3, 4, 5, 6, 7, 8, 9, 10, 12, 13, 16, 17, 18, 19, 20, 21, 22, 23, 24, 26]
    !! not UC: [0, 1, 2, 3, 4, 8, 9, 10, 11, 16, 17, 18]
    !! not UC: [0, 1, 2, 3, 4, 5, 6, 7, 8, 9, 12, 16, 18, 20]
    !! not UC: [0, 1, 2, 3, 4, 5, 6, 8, 9, 10, 11, 12, 16, 17, 18, 20, 22, 24, 26]
    !! not UC: [0, 1, 2, 3, 4, 5, 6, 7, 8, 9, 10, 11, 12, 13, 16, 17, 18, 19, 24, 26]
    !! not UC: [0, 1, 2, 4, 5, 6, 8, 10, 12, 16, 17, 20, 21, 24, 28]
    !! not UC: [0, 1, 2, 4, 5, 6, 8, 9, 10, 12, 13, 16, 18, 24]
    !! not UC: [0, 1, 2, 3, 4, 5, 6, 7, 8, 9, 10, 12, 14, 16, 17, 24]
    !! not UC: [0, 1, 2, 3, 4, 5, 6, 7, 8, 9, 10, 12, 16, 17, 20, 24, 25]
    !! not UC: [0, 1, 2, 4, 5, 6, 8, 9, 10, 12, 14, 16, 17, 20, 24]
    !! not UC: [0, 1, 2, 3, 4, 5, 6, 7, 8, 9, 10, 12, 14, 16, 17, 18, 20, 24, 25, 26]
    !! not UC: [0, 1, 2, 3, 4, 5, 6, 8, 9, 10, 11, 12, 13, 14, 16, 17, 18, 19, 20, 21, 24, 25]
    !! not UC: [0, 1, 2, 4, 8, 10, 12, 16, 17, 18, 20, 24, 26, 28]
    !! not UC: [0, 1, 2, 4, 8, 12, 16, 20, 24, 28]
    !! not UC: [0, 1, 2, 3, 8, 10, 16, 18, 24, 26]
    !! not UC: [0, 1, 2, 4, 5, 6, 8, 10, 16, 17, 20]
    !! not UC: [0, 1, 2, 3, 4, 5, 6, 7, 8, 9, 10, 11, 12, 13, 14, 15, 16, 17, 18, 19, 20, 21, 22, 23, 24, 25, 26, 28, 29]
    !! not UC: [0, 1, 2, 3, 4, 5, 6, 8, 9, 10, 11, 12, 16, 18, 24, 26]
    !! not UC: [0, 1, 2, 3, 4, 5, 6, 7, 8, 9, 10, 11, 12, 14, 16, 17, 18, 19, 24, 25, 26]
    !! not UC: [0, 1, 2, 3, 4, 5, 6, 7, 8, 9, 10, 12, 13, 14, 16, 17, 18, 19, 20, 21, 22, 24, 25, 26, 28]
    !! not UC: [0, 1, 2, 3, 4, 6, 8, 9, 10, 11, 16, 17, 18, 19, 20, 22, 24]
    !! not UC: [0, 1, 2, 3, 4, 5, 6, 7, 8, 9, 10, 11, 12, 13, 14, 15, 16, 17, 18, 19, 20, 21, 22, 24]
    !! not UC: [0, 1, 2, 3, 4, 5, 6, 7, 8, 9, 10, 12, 13, 16, 17, 18, 19, 20, 21, 22, 24, 25, 28, 29]
    !! not UC: [0, 1, 2, 3, 4, 5, 6, 7, 8, 9, 12, 13, 16, 17, 20, 24, 25]
    !! not UC: [0, 1, 2, 3, 4, 6, 8, 12, 16]
    !! not UC: [0, 1, 2, 3, 4, 5, 6, 8, 10, 12, 16]
    !! not UC: [0, 1, 2, 4, 5, 6, 8, 9, 12, 13, 16, 17, 18, 20, 22]
    !! not UC: [0, 1, 2, 3, 4, 5, 8, 10, 16, 18, 20]
    !! not UC: [0, 1, 2, 3, 4, 5, 6, 7, 8, 9, 10, 11, 12, 13, 14, 15, 16, 17, 18, 20, 22]
    !! not UC: [0, 1, 2, 3, 4, 5, 8, 10, 12, 16, 17, 20, 24]
    !! not UC: [0, 1, 2, 3, 4, 5, 6, 7, 8, 9, 10, 12, 13, 14, 16, 17, 18, 19, 20, 24, 25, 26]
    !! not UC: [0, 1, 2, 3, 4, 5, 8, 9, 10, 11, 12, 13, 16, 17, 18, 20, 24, 28]
    !! not UC: [0, 1, 2, 3, 4, 5, 6, 7, 8, 9, 10, 11, 12, 14, 16, 17, 20, 21, 24, 25, 28]
    !! not UC: [0, 1, 2, 3, 4, 5, 6, 7, 8, 9, 10, 11, 12, 13, 14, 16, 17, 18, 20, 22, 24, 25]
    !! not UC: [0, 1, 2, 3, 4, 5, 6, 7, 8, 10, 12, 16, 17, 20]
    !! not UC: [0, 1, 2, 4, 5, 6, 8, 9, 10, 12, 14, 16, 17, 18, 20, 21, 24]
    !! not UC: [0, 1, 2, 3, 4, 8, 9, 10, 12, 16, 17, 18, 24, 26]
    !! not UC: [0, 1, 2, 8, 16, 18]
    !! not UC: [0, 1, 2, 3, 4, 5, 6, 8, 9, 10, 12, 13]
    !! not UC: [0, 1, 2, 3, 4, 5, 8, 9, 12, 16, 17, 18, 19, 20]
    !! not UC: [0, 1, 2, 3, 4, 6, 8, 9, 10, 11, 12, 16, 24]
    !! not UC: [0, 1, 2, 4, 6, 8, 10, 12, 14, 16, 17, 24]
    !! not UC: [0, 1, 2, 3, 4, 6, 8, 10, 12, 16, 18, 20, 24, 26]
    !! not UC: [0, 1, 2, 3, 4, 5, 6, 8, 9, 10, 12, 13, 16, 18, 20, 24, 26, 28]
    !! not UC: [0, 1, 2, 3, 4, 5, 6, 8, 9, 10, 12, 13, 16, 17, 24]
    !! not UC: [0, 1, 2, 3, 4, 5, 6, 7, 8, 9, 12, 16, 17, 18, 19, 24]
    !! not UC: [0, 1, 2, 3, 4, 5, 6, 8, 9, 10, 11, 12, 16, 17, 18, 20, 21, 24, 25, 26]
    !! not UC: [0, 1, 2, 3, 4, 5, 6, 7, 8, 9, 10, 11, 12, 13, 14, 15, 16, 17, 18, 20, 22, 24, 26, 28, 30]
    !! not UC: [0, 1, 2, 3, 4, 5, 6, 7, 8, 9, 12, 16, 17, 18, 19, 20, 24, 28]
    !! not UC: [0, 1, 2, 3, 4, 8, 9, 10, 11, 16, 17, 18, 24]
    !! not UC: [0, 1, 2, 3, 4, 5, 8, 16, 20, 24]
    !! not UC: [0, 1, 2, 8, 10, 16, 17, 24]
    !! not UC: [0, 1, 2, 4, 5, 8, 10, 12, 16, 17, 18, 24]
    !! not UC: [0, 1, 2, 3, 4, 5, 6, 7, 16, 17, 18, 20, 21, 22]
    !! not UC: [0, 1, 2, 3, 4, 5, 6, 7, 8, 9, 10, 11, 12, 16, 17, 18, 19, 20, 22, 24, 25, 26, 28]
    !! not UC: [0, 1, 2, 3, 4, 5, 6, 7, 8, 9, 10, 11, 12, 13, 14, 16, 17, 18, 20, 21, 22, 24, 25, 26, 28, 29]
    !! not UC: [0, 1, 2, 3, 4, 6, 8, 9, 10, 12, 16, 17, 20]
    !! not UC: [0, 1, 2, 3, 4, 5, 8, 9, 10, 12, 13, 16, 17, 18, 19, 20, 21, 24]
    !! not UC: [0, 1, 2, 3, 4, 8, 9, 16, 17, 18, 19, 20, 24, 25]
    !! not UC: [0, 1, 2, 4, 6, 8, 9, 16, 17, 24, 25]
    !! not UC: [0, 1, 2, 3, 4, 5, 6, 8, 10, 12, 16, 17, 18, 20, 21, 22, 24]
    !! not UC: [0, 1, 2, 4, 6, 8, 10, 12, 14, 16, 18, 20, 22, 24, 26, 28]
    !! not UC: [0, 1, 2, 3, 4, 5, 6, 7, 8, 10, 12, 16, 17, 18, 19, 20, 21, 22, 24]
    !! not UC: [0, 1, 2, 3, 4, 6, 8, 9, 10, 11, 16, 17, 24]
    !! not UC: [0, 1, 2, 4, 5, 6, 8, 9, 16, 17, 18, 20, 21, 24, 25]
    !! not UC: [0, 1, 4, 5, 8, 12, 16, 17, 20]
    !! not UC: [0, 1, 2, 3, 4, 5, 8, 9, 10, 12, 16, 17, 18, 20, 21, 24, 26]
    !! not UC: [0, 1, 2, 4, 5, 6, 8, 9, 10, 12, 14, 16, 18, 20]
    !! not UC: [0, 1, 2, 3, 4, 5, 6, 8, 9, 10, 11, 12, 13, 14, 16, 17, 18, 19, 20, 21, 22, 24, 25, 26, 27, 28, 30]
    !! not UC: [0, 1, 2, 4, 5, 6, 8, 9, 10, 12, 13, 14, 16, 20]
    !! not UC: [0, 1, 2, 3, 4, 5, 6, 7, 8, 9, 10, 12, 14, 16, 17, 18, 19, 20, 22, 24, 25, 26]
    !! not UC: [0, 1, 2, 3, 4, 6, 8, 9, 10]
    !! not UC: [0, 1, 2, 3, 4, 5, 6, 8, 9, 10, 12, 13, 16, 17, 18, 24, 26]
    !! not UC: [0, 1, 2, 3, 4, 5, 6, 7, 8, 9, 10, 12, 13, 16, 17, 18, 19, 24, 26]
    !! not UC: [0, 1, 2, 3, 4, 5, 6, 7, 8, 9, 10, 11, 12, 13, 14, 15, 16, 17, 18, 19, 20, 21, 22, 24, 25, 26, 27, 28]
    !! not UC: [0, 1, 2, 3, 4, 5, 6, 7, 8, 9, 10, 12, 13, 14, 16, 17, 18, 20, 24, 25, 26, 28]
    !! not UC: [0, 1, 2, 3, 4, 5, 6, 7, 8, 12, 16, 17, 18, 19, 20, 21, 22, 23, 24, 28]
    !! not UC: [0, 1, 2, 3, 4, 5, 6, 8, 9, 10, 12, 13, 16, 17, 18, 19, 20, 21, 24, 25, 26]
    !! not UC: [0, 1, 2, 4, 5, 6, 8, 9, 10, 12, 13, 16, 20, 24, 28]
    !! not UC: [0, 1, 2, 3, 4, 8, 10, 12, 16, 17, 18, 20, 24, 26]
    !! not UC: [0, 1, 2, 3, 4, 5, 6, 7, 8, 12, 16, 18]
    !! not UC: [0, 1, 2, 3, 4, 5, 6, 8, 9, 10, 11, 12, 13, 16, 17, 18, 19, 20, 22, 24, 25, 26, 28]
    !! not UC: [0, 1, 2, 3, 4, 5, 6, 7, 8, 9, 10, 11, 12, 14, 16, 17, 18, 19, 20, 24, 25, 26]
    !! not UC: [0, 1, 2, 3, 4, 5, 6, 7, 8, 9, 10, 11, 12, 13, 14, 16, 17, 18, 20, 22, 24, 25, 26]
    !! not UC: [0, 1, 2, 3, 4, 5, 6, 8, 9, 10, 11, 12, 14, 16, 17, 18, 19, 20, 21, 24, 25, 26, 27, 28]
    !! not UC: [0, 1, 2, 3, 4, 5, 6, 8, 9, 10, 12, 14, 16, 17, 18, 20, 22, 24, 25, 26, 28]
    !! not UC: [0, 1, 2, 3, 4, 6, 8, 16, 17]
    !! not UC: [0, 1, 2, 4, 8, 10, 16, 20]
    !! not UC: [0, 1, 2, 3, 4, 5, 6, 8, 9, 10, 11, 12, 16, 17, 18, 20, 22, 24, 25, 26, 28]
    !! not UC: [0, 1, 2, 3, 4, 6, 8, 10, 12, 16]
    !! not UC: [0, 2, 4, 8, 10, 12, 16]
    !! not UC: [0, 1, 2, 4, 8, 12, 16, 20]
    !! not UC: [0, 1, 2, 4, 5, 8, 9, 10, 12, 13, 16, 17, 24]
    !! not UC: [0, 1, 2, 3, 4, 5, 6, 8, 9, 10, 12, 13, 14, 16, 17, 18, 20, 22, 24, 28]
    !! not UC: [0, 1, 2, 3, 4, 6, 8, 9, 10, 11, 12, 16, 17, 18, 19, 20, 24, 25, 26, 27]
    !! not UC: [0, 1, 2, 3, 4, 5, 6, 8, 9, 10, 11, 12, 13, 16, 17, 20, 21, 24, 25, 28]
    !! not UC: [0, 1, 2, 3, 4, 5, 6, 7, 8, 9, 10, 11, 16, 17, 18, 19, 20, 21, 22, 23, 24, 25, 26, 27]
    !! not UC: [0, 1, 2, 3, 4, 6, 8, 9, 10, 11, 12, 16, 17, 18, 19, 24, 25]
    !! not UC: [0, 1, 2, 3, 4, 5, 6, 8, 9, 10, 11, 12, 16, 17, 18, 19, 24, 25, 26]
    !! not UC: [0, 1, 2, 4, 8, 9, 10, 16, 17, 18, 20, 24, 25]
    !! not UC: [0, 1, 2, 3, 4, 8, 9, 12, 16, 20]
    !! not UC: [0, 1, 2, 4, 5, 6, 8, 9, 10, 12, 13, 14, 16, 17, 18, 20, 21, 22, 24, 26, 28, 30]
    !! not UC: [0, 1, 2, 3, 4, 5, 6, 7, 8, 9, 10, 11, 12, 13, 14, 16, 17, 20, 21, 24]
    !! not UC: [0, 1, 2, 3, 4, 5, 6, 8, 9, 10, 12, 13, 14, 16, 17, 18, 20, 21, 24, 25, 28]
    !! not UC: [0, 1, 2, 3, 4, 5, 6, 8, 9, 10, 16, 17, 24]
    !! not UC: [0, 1, 2, 3, 4, 5, 6, 7, 8, 9, 10, 12, 13, 16, 17, 18, 19, 20, 21, 24, 25]
    !! not UC: [0, 1, 2, 3, 4, 5, 6, 8, 9, 10, 11, 12, 16, 17, 18, 19, 20, 22, 24, 26]
    !! not UC: [0, 1, 2, 3, 4, 5, 6, 7, 8, 9, 10, 11, 12, 13, 14, 16, 17, 18, 19, 20, 21, 22, 23, 24]
    !! not UC: [0, 1, 2, 4, 5, 6, 8, 9, 10, 16, 17, 18, 20, 21, 22, 24]
    !! not UC: [0, 1, 2, 3, 4, 5, 6, 8, 12, 16, 20, 24]
    !! not UC: [0, 1, 2, 8, 9, 16, 17, 18, 24]
    !! not UC: [0, 1, 2, 3, 4, 5, 6, 8, 9, 10, 11, 12, 13, 14, 16, 18, 20, 22, 24, 26, 28, 30]
    !! not UC: [0, 1, 2, 8, 9, 16, 24]
    !! not UC: [0, 1, 2, 4, 5, 6, 8, 10, 12, 14, 16, 17, 18, 20, 22, 24, 26, 28, 30]
    !! not UC: [0, 1, 2, 4, 5, 8, 9, 10, 12, 16, 17]
    !! not UC: [0, 1, 2, 3, 4, 5, 6, 8, 9, 10, 11, 12, 14, 16, 17, 18, 19, 24]
    !! not UC: [0, 1, 2, 4, 5, 6, 8, 12, 16, 17, 18, 20, 21, 22, 24]
    !! not UC: [0, 1, 2, 3, 4, 5, 6, 8, 10, 16, 17, 20, 21, 24]
    !! not UC: [0, 1, 2, 3, 4, 5, 6, 8, 9, 10, 12, 14, 16, 17, 18, 19, 20, 22, 24, 26, 28]
    !! not UC: [0, 1, 2, 3, 4, 5, 6, 7, 8, 9, 10, 11, 16, 17, 18, 20, 21, 22]
    !! not UC: [0, 1, 2, 3, 4, 5, 6, 7, 8, 9, 10, 12, 13, 16, 20, 24, 28]
    !! not UC: [0, 1, 2, 3, 8, 9, 10, 16]
    !! not UC: [0, 1, 2, 4, 8, 10, 12, 16, 18, 20, 24]
    !! not UC: [0, 1, 2, 3, 4, 5, 8, 9, 10, 11, 16, 17, 18, 19, 20, 21, 24]
    !! not UC: [0, 1, 2, 3, 4, 8, 9, 16, 20]
    !! not UC: [0, 1, 2, 3, 4, 5, 6, 7, 8, 9, 10, 11, 12, 13, 16, 17, 18, 19]
    !! not UC: [0, 1, 2, 3, 4, 6, 8, 9, 10, 11, 12, 14, 16, 17, 18, 24, 25, 26]
    !! not UC: [0, 1, 2, 4, 5, 6, 8, 9, 10, 16, 17, 18, 24, 25]
    !! not UC: [0, 1, 2, 3, 4, 5, 6, 8, 10, 12, 14, 16, 17, 18, 20, 21, 22, 24]
    !! not UC: [0, 1, 2, 3, 4, 5, 6, 7, 8, 9, 10, 11, 12, 13, 14, 16, 17, 18, 24, 25, 26]
    !! not UC: [0, 1, 2, 4, 6, 8, 9, 12, 16, 17, 20, 24, 25]
    !! not UC: [0, 1, 2, 3, 4, 5, 6, 8, 9, 10, 12, 13, 16, 17, 18, 20, 21, 22, 24, 28]
    !! not UC: [0, 1, 2, 3, 4, 5, 6, 8, 9, 10, 12, 13, 16, 17, 18, 19, 20, 24, 25]
    !! not UC: [0, 1, 2, 8, 16, 17, 18]
    !! not UC: [0, 1, 2, 3, 4, 5, 6, 7, 8, 9, 10, 12, 14, 16, 17, 18, 19, 20, 21, 24, 25, 28]
    !! not UC: [0, 1, 2, 3, 4, 5, 8, 9, 12, 13, 16, 17, 18, 19, 20, 24, 25, 28]
    !! not UC: [0, 1, 2, 3, 4, 5, 6, 8, 9, 10, 12, 16, 17, 18, 20, 24, 25, 26, 28]
    !! not UC: [0, 1, 2, 3, 4, 6, 8, 9, 10, 12, 16, 17, 18, 20, 24, 25, 28]
    !! not UC: [0, 1, 2, 3, 4, 5, 6, 8, 9, 10, 12, 13, 14, 16, 17, 18, 19, 20, 22, 24]
    !! not UC: [0, 1, 2, 3, 4, 5, 6, 8, 9, 10, 11, 12, 13, 14, 16, 20, 24]
    !! not UC: [0, 1, 2, 3, 4, 5, 6, 8, 9, 10, 11, 12, 13, 16, 17, 18, 19, 20, 24, 25, 28]
    !! not UC: [0, 1, 2, 3, 4, 5, 6, 7, 8, 10, 12, 16, 18, 20, 24, 26]
    !! not UC: [0, 1, 4, 5, 8, 16, 17, 20]
    !! not UC: [0, 1, 4, 5, 8, 9, 16, 24]
    !! not UC: [0, 1, 4, 5, 8, 12, 16, 20, 24, 28]
    !! not UC: [0, 1, 2, 3, 4, 8, 10, 12, 16, 18, 24, 26]
    !! not UC: [0, 1, 2, 3, 4, 5, 6, 8, 9, 10, 11, 12, 16, 17, 18, 20, 21, 22, 24, 25, 26, 28]
    !! not UC: [0, 1, 2, 4, 5, 6, 8, 9, 16, 20, 24]
    !! not UC: [0, 1, 2, 4, 5, 6, 8, 9, 10, 12, 14, 16, 17, 20, 21, 24, 28]
    !! not UC: [0, 1, 2, 3, 4, 8, 9, 10, 16, 17, 18, 19]
    !! not UC: [0, 1, 2, 3, 4, 5, 6, 7, 8, 9, 10, 11, 12, 13, 16, 17, 18, 19, 20, 21, 22, 24, 25, 26, 27, 28]
    !! not UC: [0, 1, 4, 5, 8, 9, 12, 13, 16, 20, 24, 28]
    !! not UC: [0, 1, 2, 4, 5, 6, 8, 10, 12, 14, 16, 17, 18, 20, 21, 22, 24, 26]
    !! not UC: [0, 1, 2, 4, 5, 8, 9, 10, 12, 16, 17, 18, 20, 24, 25, 28]
    !! not UC: [0, 1, 2, 4, 5, 6, 8, 9, 10, 12, 13, 16, 17, 18, 20, 21]
    !! not UC: [0, 1, 2, 3, 4, 5, 6, 8, 12, 16, 18, 24]
    !! not UC: [0, 1, 2, 3, 4, 5, 8, 10, 16, 20]
    !! not UC: [0, 1, 2, 3, 4, 5, 6, 8, 9, 10, 12, 13, 14, 16, 17, 18, 19, 20, 22, 24, 26]
    !! not UC: [0, 1, 2, 4, 6, 8, 9, 10, 12, 14, 16, 18, 20, 22, 24, 26, 28, 30]
    !! not UC: [0, 1, 2, 3, 4, 5, 6, 8, 9, 10, 12, 14, 16, 17, 18, 19, 20, 21, 24, 25, 26, 28]
    !! not UC: [0, 2, 8, 16, 18]
    !! not UC: [0, 1, 2, 3, 4, 5, 6, 7, 8, 9, 10, 12, 13, 14, 16, 17, 18, 20, 21, 22, 24, 26, 28, 30]
    !! not UC: [0, 1, 2, 3, 4, 6, 8, 9, 16, 17, 18, 19, 20]
    !! not UC: [0, 1, 2, 3, 4, 5, 6, 7, 8, 9, 10, 11, 12, 16, 17, 18, 20, 21, 22, 24, 25, 26, 28]
    !! not UC: [0, 1, 2, 3, 4, 5, 6, 8, 9, 10, 12, 16, 17, 20, 21, 24, 28]
    !! not UC: [0, 1, 2, 4, 8, 12, 16, 18]
    !! not UC: [0, 1, 2, 4, 6, 8, 10, 12, 16, 24]
    !! not UC: [0, 1, 2, 4, 5, 8, 9, 10, 12, 16, 17, 18, 20, 21, 24, 25, 26]
    !! not UC: [0, 1, 2, 3, 4, 5, 6, 8, 9, 16, 17, 20]
    !! not UC: [0, 1, 2, 3, 4, 5, 8, 9, 10, 11, 12, 13, 16, 17, 20, 21, 24, 25, 28]
    !! not UC: [0, 1, 2, 3, 4, 5, 6, 8, 9, 12, 16, 17]
    !! not UC: [0, 1, 2, 3, 4, 5, 6, 8, 9, 10, 11, 12, 13, 14, 16, 17, 18, 19, 20, 21, 22, 24, 25, 26, 27, 28, 29, 30]
    !! not UC: [0, 1, 2, 3, 4, 8, 9, 10, 11, 12, 16, 17, 18, 19, 20, 24, 25, 26, 27]
    !! not UC: [0, 1, 2, 3, 4, 6, 8, 10, 12, 14, 16, 18, 24]
    !! not UC: [0, 1, 2, 3, 4, 5, 6, 7, 8, 9, 10, 11, 12, 13, 14, 16, 17, 20, 24]
    !! not UC: [0, 1, 2, 3, 4, 5, 8, 9, 10, 12, 16, 17, 18, 19, 20, 24, 26]
    !! not UC: [0, 1, 2, 3, 4, 8, 9, 16, 17]
    !! not UC: [0, 1, 2, 4, 6, 8, 10, 12, 16, 17, 18, 20, 22, 24]
    !! not UC: [0, 1, 2, 3, 4, 5, 6, 7, 8, 9, 10, 11, 12, 13, 14, 15, 16, 18, 20, 22, 24]
    !! not UC: [0, 1, 2, 3, 4, 5, 8, 9, 10, 12, 16, 17, 18]
    !! not UC: [0, 1, 2, 3, 4, 5, 6, 7, 8, 9, 10, 12, 16, 18, 20, 24, 26]
    !! not UC: [0, 1, 2, 3, 4, 5, 6, 8, 9, 10, 12, 13, 16, 18, 20, 22, 24, 26, 28]
    !! not UC: [0, 1, 2, 3, 4, 5, 6, 8, 9, 10, 12, 16, 18, 20, 24, 28]
    !! not UC: [0, 1, 2, 3, 4, 5, 6, 7, 8, 9, 10, 12, 14, 16, 17, 18, 19, 20, 24, 25, 28]
    !! not UC: [0, 1, 2, 3, 4, 5, 6, 8, 9, 16, 18, 20, 22]
    !! not UC: [0, 1, 2, 3, 4, 5, 6, 8, 9, 10, 11, 12, 13, 14, 16, 17, 18, 20, 21, 22, 24, 25, 26, 28, 29]
    !! not UC: [0, 1, 2, 4, 5, 8, 9, 10, 12, 13, 16, 17, 18, 20, 24, 25]
    !! not UC: [0, 1, 2, 3, 4, 5, 6, 7, 8, 10, 12, 16, 17, 18, 19, 20]
    !! not UC: [0, 1, 2, 3, 4, 5, 6, 7, 8, 9, 10, 11, 16, 18, 20, 22]
    !! not UC: [0, 1, 2, 4, 5, 6, 8, 10, 12, 14, 16, 18, 24, 26]
    !! not UC: [0, 1, 2, 3, 4, 6, 8, 9, 12, 16, 17, 18, 19, 20, 24, 28]
    !! not UC: [0, 1, 2, 3, 4, 8, 10, 16, 17, 18, 19, 20]
    !! not UC: [0, 1, 2, 3, 4, 5, 6, 8, 9, 10, 11, 12, 14, 16, 17, 18, 20, 21, 22]
    !! not UC: [0, 1, 2, 3, 4, 5, 8, 9, 10, 11, 12, 16, 17, 18, 19, 24]
    !! not UC: [0, 1, 2, 3, 4, 6, 8, 9, 10, 12, 14, 16, 17]
    !! not UC: [0, 1, 2, 3, 4, 5, 6, 7, 8, 16, 18, 20, 22]
    !! not UC: [0, 1, 2, 4, 5, 6, 8, 9, 10, 12, 16, 17, 18, 20, 21, 22]
    !! not UC: [0, 1, 2, 4, 6, 8, 9, 16, 17, 24]
    !! not UC: [0, 1, 2, 3, 4, 5, 6, 7, 8, 9, 10, 11, 16, 17, 18, 24, 25]
    !! not UC: [0, 1, 2, 3, 4, 6, 8, 9, 10, 12, 16, 17, 18, 19, 20, 22, 24, 28]
    !! not UC: [0, 1, 2, 4, 5, 8, 9, 10, 12, 16]
    !! not UC: [0, 1, 2, 3, 4, 6, 8, 16, 17, 18, 20, 22]
    !! not UC: [0, 1, 2, 3, 4, 5, 8, 9, 10, 11, 12, 13, 16, 17, 24]
    !! not UC: [0, 1, 2, 3, 4, 5, 6, 8, 9, 10, 12, 13, 16, 17, 18, 20, 22, 24, 28]
    !! not UC: [0, 1, 2, 3, 4, 5, 8, 9, 10, 11, 12, 16, 20, 24, 28]
    !! not UC: [0, 1, 2, 3, 4, 6, 8, 9, 10, 11, 12, 16, 18, 24, 26]
    !! not UC: [0, 1, 2, 3, 4, 5, 8, 9, 16, 18, 24]
    !! not UC: [0, 2, 4, 6, 8, 12, 16, 20, 24]
    !! not UC: [0, 1, 2, 4, 8, 9, 12, 16, 18, 24]
    !! not UC: [0, 1, 2, 3, 4, 5, 6, 8, 9, 10, 11, 12, 13, 14, 16, 17, 18, 19, 20, 21, 22, 24, 25, 26, 27, 28]
    !! not UC: [0, 1, 2, 3, 4, 5, 8, 9, 10, 16, 17, 20, 24]
    !! not UC: [0, 1, 2, 3, 4, 5, 8, 9, 16, 17, 20, 24]
    !! not UC: [0, 1, 2, 4, 5, 6, 8, 9, 10, 12, 16, 17, 18, 20, 21, 24, 26]
    !! not UC: [0, 1, 2, 3, 4, 5, 6, 7, 8, 9, 10, 11, 12, 14, 16, 17, 18, 20, 22]
    !! not UC: [0, 1, 2, 4, 5, 8, 10, 16, 17, 18, 20, 21, 24, 26]
    !! not UC: [0, 1, 2, 4, 6, 8, 10, 12, 14, 16, 20, 24]
    !! not UC: [0, 1, 2, 3, 4, 5, 6, 7, 8, 10]
    !! not UC: [0, 1, 2, 3, 4, 5, 6, 8, 10, 12, 14, 16, 18, 20, 24, 26]
    !! not UC: [0, 1, 2, 8, 9, 10, 16, 17, 24]
    !! not UC: [0, 1, 2, 3, 4, 5, 6, 8, 9, 12, 16, 17, 18]
    !! not UC: [0, 1, 2, 3, 4, 5, 6, 8, 9, 10, 12, 14, 16, 17, 20, 21, 24, 28]
    !! not UC: [0, 1, 2, 3, 4, 5, 8, 9, 10, 11, 12, 16, 17, 18, 20, 21, 24, 25, 26]
    !! not UC: [0, 1, 2, 3, 4, 5, 6, 8, 9, 10, 11, 12, 13, 16, 17, 18, 20, 22]
    !! not UC: [0, 1, 2, 3, 4, 6, 8, 9, 10, 11, 12, 14, 16, 17, 20, 24, 25, 28]
    !! not UC: [0, 1, 2, 3, 4, 5, 6, 7, 8, 9, 10, 12, 14, 16, 17, 20]
    !! not UC: [0, 1, 2, 3, 4, 5, 6, 7, 8, 9, 10, 11, 12, 13, 16, 17, 20, 21]
    !! not UC: [0, 1, 2, 3, 4, 5, 8, 9, 12, 16, 17, 18, 20, 24, 28]
    !! not UC: [0, 1, 2, 4, 5, 8, 9, 10, 12, 16, 18, 20]
    !! not UC: [0, 1, 2, 3, 4, 5, 6, 7, 8, 10, 12, 16, 17, 18]
    !! not UC: [0, 1, 2, 3, 8, 9, 16, 18]
    !! not UC: [0, 1, 2, 4, 5, 6, 8, 9, 10, 12, 14, 16, 17, 18, 20, 21, 22, 24, 25, 26, 28]
    !! not UC: [0, 2, 4, 8, 12]
    !! not UC: [0, 1, 2, 3, 4, 5, 6, 8, 9, 10, 12, 16, 17, 18, 19, 20, 22, 24, 25, 26, 28]
    !! not UC: [0, 1, 2, 3, 4, 5, 6, 7, 8, 9, 10, 11, 12, 13, 14, 16, 17, 18, 20, 21, 22, 24, 25, 26]
    !! not UC: [0, 1, 2, 3, 4, 5, 8, 9, 10, 11, 12, 13, 16, 17, 18, 20, 21, 24, 25, 26]
    !! not UC: [0, 1, 2, 4, 8, 10, 12, 16, 20, 24, 28]
    !! not UC: [0, 1, 2, 3, 4, 5, 6, 8, 9, 10, 11, 12, 13, 14, 16, 17, 18, 20, 24, 28]
    !! not UC: [0, 1, 2, 3, 4, 5, 8, 9, 10, 11, 12, 16, 18, 20, 24, 26, 28]
    !! not UC: [0, 1, 2, 3, 4, 5, 8, 9, 10, 11, 12, 16, 17, 18, 19, 20, 21, 24, 28]
    !! not UC: [0, 1, 2, 4, 6, 8, 9, 10, 16, 18]
    !! not UC: [0, 2, 4, 8, 10, 16, 18, 24, 26]
    !! not UC: [0, 1, 2, 3, 4, 5, 6, 8, 16, 17, 18, 19, 20, 22]
    !! not UC: [0, 1, 4, 5, 8, 9, 16, 17, 20, 24]
    !! not UC: [0, 1, 2, 3, 4, 5, 6, 8, 9, 10, 11, 12, 14, 16, 17, 18]
    !! not UC: [0, 1, 2, 3, 4, 5, 6, 8, 9, 10, 12, 13, 14, 16, 17, 20, 21]
    !! not UC: [0, 1, 2, 4, 6, 8, 10, 12, 16, 17, 18, 24, 26]
    !! not UC: [0, 1, 2, 3, 4, 5, 6, 7, 8, 9, 10, 11, 16, 17, 18, 20, 22, 24, 25, 26]
    !! not UC: [0, 1, 2, 3, 4, 5, 6, 8, 9, 10, 12, 13, 16, 17, 18, 19, 20, 21, 22, 24, 25, 26, 28]
    !! not UC: [0, 1, 2, 3, 4, 5, 6, 7, 8, 9, 12, 16, 17, 18, 20, 21, 24, 25, 28]
    !! not UC: [0, 1, 2, 3, 4, 5, 6, 7, 8, 9, 10, 12, 14, 16, 17, 18, 20, 21, 22, 24, 26]
    !! not UC: [0, 1, 2, 4, 5, 6, 8, 9, 10, 12, 13, 14, 16, 17, 18, 20, 24, 25, 26]
    !! not UC: [0, 1, 2, 3, 4, 5, 6, 7, 8, 9, 10, 12, 13, 14, 16, 17, 18, 20, 22, 24]
    !! not UC: [0, 1, 2, 4, 5, 8, 10, 12, 16, 17, 20, 24]
    !! not UC: [0, 1, 2, 3, 4, 5, 6, 7, 8, 9, 10, 12, 16, 24]
    !! not UC: [0, 1, 2, 3, 4, 5, 6, 8, 9, 10, 11, 16, 18, 20, 24]
    !! not UC: [0, 1, 2, 3, 4, 5, 6, 7, 8, 9, 10, 12, 16, 17, 20, 24]
    !! not UC: [0, 1, 2, 3, 8, 16, 17, 24]
    !! not UC: [0, 1, 2, 4, 6, 8, 16, 24]
    !! not UC: [0, 1, 2, 3, 4, 5, 6, 8, 9, 10, 11, 12, 14, 16, 17, 18, 19, 24, 26]
    !! not UC: [0, 1, 2, 4, 5, 8, 9, 10, 12, 13, 16, 17, 18, 20]
    !! not UC: [0, 1, 2, 4, 8, 9, 10, 12, 16, 18, 20, 24, 28]
    !! not UC: [0, 1, 2, 3, 8, 9, 16]
    !! not UC: [0, 1, 2, 4, 5, 8, 9, 10, 12, 13, 16, 17, 18]
    !! not UC: [0, 1, 2, 3, 4, 5, 6, 8, 9, 10, 12, 13, 14, 16, 17, 18, 19, 20, 21, 24, 25, 28, 29]
    !! not UC: [0, 1, 2, 3, 4, 8, 9, 10, 16, 17, 18, 19, 20]
    !! not UC: [0, 1, 2, 3, 4, 5, 6, 8, 9, 10, 12, 16, 17, 18, 24]
    !! not UC: [0, 1, 2, 3, 4, 5, 6, 8, 16, 17, 18, 19, 24]
    !! not UC: [0, 1, 2, 3, 4, 5, 6, 7, 8, 9, 12, 16, 17, 20]
    !! not UC: [0, 1, 2, 3, 4, 5, 8, 9, 10, 16, 17, 18, 24, 25]
    !! not UC: [0, 1, 2, 3, 4, 8, 9, 12, 16, 17, 20, 24, 25]
    !! not UC: [0, 1, 2, 3, 4, 5, 6, 8, 10, 16, 17, 18, 19, 24]
    !! not UC: [0, 1, 2, 3, 4, 5, 6, 7, 8, 16, 24]
    !! not UC: [0, 1, 2, 3, 4, 8, 9, 16, 18, 20]
    !! not UC: [0, 1, 2, 3, 4, 5, 8, 9, 10, 11, 16, 17, 18, 19, 20, 21, 24, 25, 26, 27]
    !! not UC: [0, 1, 2, 3, 4, 5, 6, 8, 12, 16, 17, 18, 19, 20, 21]
    !! not UC: [0, 2, 8, 10]
    !! not UC: [0, 1, 2, 4, 5, 6, 8, 9, 10, 12, 13, 16, 17, 18, 20, 21, 22, 24, 28]
    !! not UC: [0, 1, 2, 4, 5, 6, 8, 9, 10, 12, 13, 16, 18, 20, 24]
    !! not UC: [0, 1, 2, 4, 5, 8, 9, 10, 12, 13, 16, 17, 18, 20, 21, 24, 26, 28]
    !! not UC: [0, 1, 2, 3, 4, 5, 6, 8, 9, 10, 12, 14, 16, 17, 18, 19, 20, 21, 24, 25]
    !! not UC: [0, 1, 2, 3, 4, 5, 6, 8, 9, 16, 17, 18, 19, 20, 24]
    !! not UC: [0, 1, 2, 3, 4, 5, 6, 8, 9, 10, 12, 13, 16, 17, 20, 21]
    !! not UC: [0, 1, 2, 3, 4, 5, 6, 8, 9, 10, 16, 17, 18, 19, 20, 22, 24, 25, 26]
    !! not UC: [0, 1, 2, 3, 4, 5, 6, 7, 8, 9, 10, 12, 13, 14, 16, 17, 18, 19, 20, 24, 25, 28]
    !! not UC: [0, 1, 2, 3, 4, 6, 8, 9, 10, 16, 17, 18, 19, 20, 22, 24, 25]
    !! not UC: [0, 1, 2, 3, 4, 5, 6, 7, 8, 9, 10, 12, 13, 14, 16, 17, 18, 19, 20, 21, 22, 24, 25]
    !! not UC: [0, 1, 2, 3, 4]
    !! not UC: [0, 1, 2, 3, 4, 5, 6, 8, 9, 10, 16, 17, 18, 20]
    !! not UC: [0, 1, 2, 4, 6, 8, 9, 10, 16, 17, 18, 20, 24]
    !! not UC: [0, 1, 2, 3, 4, 5, 6, 7, 8, 9, 10, 12, 13, 14, 16, 17, 18, 19, 20, 21, 24, 25, 28]
    !! not UC: [0, 1, 2, 3, 4, 8, 16, 20]
    !! not UC: [0, 1, 2, 4, 5, 6, 8, 9, 10, 12, 14, 16, 17, 18, 24]
    !! not UC: [0, 1, 2, 3, 4, 5, 8, 9, 12, 16, 17, 18, 24]
    !! not UC: [0, 1, 2, 3, 4, 5, 8, 9, 16, 20, 24]
    !! not UC: [0, 1, 2, 3, 4, 5, 8, 9, 10, 11, 12, 13, 16, 17, 18, 20, 21]
    !! not UC: [0, 1, 2, 4, 5, 6, 8, 10, 16, 17, 18, 20, 21, 22, 24]
    !! not UC: [0, 1, 2, 3, 4, 5, 6, 8, 12, 16, 17, 20, 21, 24]
    !! not UC: [0, 1, 2, 3, 4, 5, 6, 7, 8, 9, 10, 11, 12, 13, 14, 15, 16, 17, 18, 19, 20, 21, 22, 23, 24, 25, 26, 28]
    !! not UC: [0, 1, 2, 3, 4, 8, 10, 12, 16, 20, 24]
    !! not UC: [0, 1, 2, 3, 4, 5, 6, 7, 8, 9, 10, 11, 12, 13, 14, 16, 17, 18, 20, 22, 24]
    !! not UC: [0, 1, 2, 3, 4, 5, 8, 9, 10, 12, 13, 16, 17, 18, 20, 21]
    !! not UC: [0, 1, 2, 3, 4, 5, 6, 7, 8, 9, 10, 12, 13, 14, 16, 18, 20, 22, 24, 26, 28, 30]
    !! not UC: [0, 4, 8]
    !! not UC: [0, 1, 2, 3, 4, 5, 6, 7, 8, 9, 16, 17, 18, 20, 21, 24]
    !! not UC: [0, 1, 2, 3, 4, 5, 8, 10, 16, 17, 18, 19, 20, 21, 24]
    !! not UC: [0, 1, 2, 3, 4, 5, 6, 8, 9, 10, 12, 16, 20]
    !! not UC: [0, 1, 4, 5, 8, 9, 16, 17, 20]
    !! not UC: [0, 1, 2, 3, 4, 5, 6, 8, 9, 12, 16, 17, 18, 19, 20, 21, 22, 24, 25, 28]
    !! not UC: [0, 1, 2, 3, 4, 5, 8, 10, 12, 16, 17, 18, 19, 20]
    !! not UC: [0, 1, 2, 4, 5, 6, 8, 9, 10, 16, 20, 24]
    !! not UC: [0, 1, 2, 3, 8, 9, 10, 16, 18, 24]
    !! not UC: [0, 1, 2, 3, 4, 5, 6, 8, 10, 16, 17, 18, 20, 24, 26]
    !! not UC: [0, 1, 2, 3, 4, 8, 12, 16, 17, 20]
    !! not UC: [0, 1, 2, 4, 6, 8, 9, 10, 12, 14, 16, 17, 20, 24, 25, 28]
    !! not UC: [0, 1, 2, 4, 5, 8, 9, 12, 16, 18]
    !! not UC: [0, 1, 2, 3, 4, 5, 6, 7, 8, 9, 10, 16, 17, 18, 19, 20, 21]
    !! not UC: [0, 1, 2, 3, 4, 5, 6, 7, 8, 12, 16, 17, 18, 20]
    !! not UC: [0, 1, 2, 4, 8, 9, 10, 12, 16, 24]
    !! not UC: [0, 1, 2, 3, 4, 5, 6, 7, 8, 10, 12, 14, 16, 17, 18, 24]
    !! not UC: [0, 1, 2, 3, 4, 5, 6, 7, 8, 9, 10, 12, 13, 14, 16, 17, 18, 24, 25]
    !! not UC: [0, 1, 2, 3, 4, 5, 8, 9, 10, 12, 13, 16, 17, 18, 19, 20, 21, 24, 25, 26, 28, 29]
    !! not UC: [0, 1, 2, 4, 5, 6, 8, 9, 10, 12, 13, 16, 18, 20, 22, 24]
    !! not UC: [0, 1, 2, 4, 6, 8, 9, 16, 17]
    !! not UC: [0, 1, 2, 3, 4, 5, 6, 7, 8, 9, 10, 11, 12, 16, 17, 18, 19, 20, 21, 22, 24]
    !! not UC: [0, 1, 2, 4, 6, 8, 9, 10, 12, 14, 16, 17, 20, 24]
    !! not UC: [0, 1, 4, 8, 9, 12]
    !! not UC: [0, 1, 2, 4, 6, 8, 9, 10, 12, 14, 16, 17, 18]
    !! not UC: [0, 1, 2, 4, 5, 6, 8, 9, 16, 17, 24, 25]
    !! not UC: [0, 1, 2, 4, 5, 6, 8, 10, 16, 17, 18, 20]
    !! not UC: [0, 1, 2, 3, 4, 6, 8, 9, 10, 12, 16, 18, 24, 26]
    !! not UC: [0, 1, 8, 16, 17, 24]
    !! not UC: [0, 1, 2, 3, 4, 5, 6, 8, 9, 12, 13, 16, 17, 18, 19, 20, 24, 25, 28]
    !! not UC: [0, 1, 2, 4, 8, 9, 12, 16, 18]
    !! not UC: [0, 1, 2, 3, 4, 5, 6, 7, 8, 9, 10, 12, 14, 16, 17, 18, 19, 20, 21, 22, 23, 24, 26]
    !! not UC: [0, 1, 2, 4, 5, 8, 9, 10, 12, 13, 16, 17, 18, 24, 25]
    !! not UC: [0, 1, 2, 3, 4, 5, 6, 8, 9, 10, 12, 14, 16, 17, 18, 19, 20, 21, 22, 24]
    !! not UC: [0, 1, 2, 3, 4, 5, 6, 8, 10, 12, 14, 16, 17, 20, 21, 24]
    !! not UC: [0, 1, 2, 3, 4, 5, 6, 8, 9, 10, 12, 13, 16, 17, 18, 20, 22, 24, 25, 26, 28]
    !! not UC: [0, 1, 2, 3, 4, 5, 6, 7, 8, 9, 12, 16, 20, 24]
    !! not UC: [0, 1, 2, 4, 5, 8, 9, 16, 17, 18, 20, 24]
    !! not UC: [0, 1, 2, 4, 5, 6, 8, 10, 12, 16, 17, 18, 20, 22]
    !! not UC: [0, 1, 2, 3, 4, 8, 9, 10, 11, 16, 18, 24, 26]
    !! not UC: [0, 1, 2, 3, 4, 5, 6, 7, 16, 20]
    !! not UC: [0, 1, 2, 4, 8, 12, 16, 18, 20, 24, 28]
    !! not UC: [0, 1, 2, 3, 4, 5, 6, 7, 8, 9, 10, 11, 12, 13, 14, 15, 16, 17, 18, 19, 20, 21, 22, 23, 24, 25, 26, 27, 28, 30]
    !! not UC: [0, 1, 2, 3, 4, 5, 6, 8, 9, 10, 11, 12, 14, 16, 17, 18, 19, 20, 21, 24]
    !! not UC: [0, 1, 2, 3, 4, 5, 6, 8, 9, 10, 12, 16, 17, 18, 19, 20, 22, 24]
    !! not UC: [0, 1, 2, 3, 4, 5, 6, 8, 9, 10, 11, 12, 13]
    !! not UC: [0, 1, 4, 5, 8, 16, 20]
    !! not UC: [0, 1, 2, 3, 4, 5, 6, 7, 8, 9, 10, 12, 14, 16, 17, 20, 24, 28]
    !! not UC: [0, 1, 2, 3, 4, 5, 6, 7, 8, 16, 17, 18, 19, 20, 21, 22, 24]
    !! not UC: [0, 1, 2, 3, 4, 5, 6, 7, 8, 9, 10, 11, 12, 16, 17, 18, 19, 20, 21, 22, 24, 26, 28]
    !! not UC: [0, 1, 2, 4, 5, 6, 8, 9, 10, 12, 13, 16, 17, 18, 20, 21, 22, 24, 25, 26, 28, 29]
    !! not UC: [0, 1, 2, 4, 8, 12, 16, 17, 24]
    !! not UC: [0, 1, 2, 3, 4, 5, 6, 7, 8, 9, 10, 11, 16, 17, 18, 20, 21, 22, 24, 25]
    !! not UC: [0, 1, 2, 3, 4, 5, 6, 8, 9, 10, 12, 13, 14, 16, 17, 18, 19, 20, 21, 24, 26]
    !! not UC: [0, 1, 2, 4, 6, 8, 9, 12, 16, 17, 20, 24, 25, 28]
    !! not UC: [0, 1, 2, 3, 4, 5, 6, 7, 8, 9, 12, 16, 17, 18, 19, 20, 22, 24]
    !! not UC: [0, 1, 2, 3, 4, 5, 6, 8, 9, 10, 11, 12, 13, 16, 17, 18, 20, 24, 26]
    !! not UC: [0, 1, 2, 4, 5, 6, 8]
    !! not UC: [0, 1, 2, 3, 4, 5, 6, 7, 8, 9, 12, 13, 16, 17, 18, 19, 20, 21, 24, 25, 28]
    !! not UC: [0, 1, 2, 3, 4, 5, 6, 7, 8, 9, 10, 11, 12, 13, 14, 16, 17, 18, 19, 20, 21, 24, 25, 26, 28]
    !! not UC: [0, 1, 2, 3, 4, 5, 6, 7, 8, 9, 10, 11, 12, 13, 14, 16, 17, 18, 19, 20, 22, 24, 25, 26, 27, 28]
    !! not UC: [0, 1, 2, 3, 4, 5, 6, 8, 9, 10, 12, 13, 16, 17]
    !! not UC: [0, 1, 2, 3, 4, 5, 6, 7, 16, 18, 20]
    !! not UC: [0, 1, 2, 3, 4, 5, 6, 8, 9, 16, 17, 18, 24, 25]
    !! not UC: [0, 1, 2, 4, 5, 6, 8, 16, 24]
    !! not UC: [0, 1, 2, 3, 4, 5, 6, 8, 10, 12, 16, 17, 18, 19, 20, 21, 22, 24, 26, 28]
    !! not UC: [0, 1, 2, 3, 4, 5, 6, 7, 8, 9, 10, 11, 12, 13, 14, 16, 17, 18, 19, 20, 21, 24, 25, 26, 28, 29]
    !! not UC: [0, 1, 2, 3, 4, 16, 17, 18, 19]
    !! not UC: [0, 1, 2, 4, 5, 6, 8, 9, 10, 12, 14, 16, 17, 18]
    !! not UC: [0, 1, 2, 4, 6, 8, 10, 16, 18, 20]
    !! not UC: [0, 1, 2, 3, 4, 5, 8, 10, 12, 16, 17, 20, 21, 24]
    !! not UC: [0, 1, 2, 3, 4, 6, 8, 10, 16, 17, 24]
    !! not UC: [0, 1, 2, 3, 4, 5, 6, 8, 9, 12, 13, 16, 17, 18, 20]
    !! not UC: [0, 1, 2, 3, 4, 5, 6, 8, 9, 10, 11, 12, 13, 14, 16, 17, 18, 19, 20, 21, 22, 24, 26, 28]
    !! not UC: [0, 1, 2, 3, 4, 5, 6, 16, 17, 18, 19, 20, 21]
    !! not UC: [0, 1, 2, 3, 4, 5, 6, 8, 9, 10, 12, 14, 16, 20]
    !! not UC: [0, 1, 2, 3, 4, 8, 12, 16, 17, 20, 24, 28]
    !! not UC: [0, 1, 2, 3, 4, 5, 6, 8, 10, 16, 17, 18, 19, 20, 21, 24]
    !! not UC: [0, 1, 2, 3, 4, 5, 6, 8, 9, 10, 11, 12, 16, 17, 18, 24, 25]
    !! not UC: [0, 1, 2, 3, 4, 5, 6, 8, 9, 10, 12, 13, 14, 16, 18, 20, 22, 24]
    !! not UC: [0, 1, 2, 3, 4, 5, 6, 7, 8, 9, 10, 11, 12, 16, 17, 18, 19, 24, 25]
    !! not UC: [0, 1, 2, 3, 4, 5, 6, 7, 8, 9, 10, 11, 12, 13, 14, 15, 16, 17, 18, 19, 20, 22, 24, 25, 26, 27, 28]
    !! not UC: [0, 1, 4, 5, 8, 9, 16, 20, 24]
    !! not UC: [0, 1, 4, 5, 8, 9, 12, 13, 16, 17, 20, 21, 24, 28]
    !! not UC: [0, 1, 2, 3, 4, 5, 6, 7, 8, 9, 12, 13, 16, 17, 18, 19, 20]
    !! not UC: [0, 1, 2, 3, 4, 6, 8, 9, 10, 11, 16, 17, 18, 19, 20, 24, 26]
    !! not UC: [0, 1, 2, 3, 4, 6, 8, 9, 10, 11, 12]
    !! not UC: [0, 1, 2, 3, 4, 6, 8, 9, 10, 11, 12, 16, 17, 18, 19, 24, 26]
    !! not UC: [0, 1, 2, 3, 4, 5, 6, 8, 9, 10, 11, 12, 14, 16, 17, 18, 19, 20, 21, 22, 24]
    !! not UC: [0, 1, 2, 3, 4, 5, 6, 8, 9, 16, 17, 20, 21]
    !! not UC: [0, 1, 2, 4, 6, 8, 9, 10, 12, 14, 16, 17, 18, 20, 24, 26, 28]
    !! not UC: [0, 1, 2, 3, 4, 5, 6, 8, 9, 10, 12, 16, 17, 18, 19, 20, 21, 24, 28]
    !! not UC: [0, 1, 2, 3, 4, 5, 6, 7, 8, 10, 12, 14, 16, 17, 18, 19, 20, 22, 24, 26]
    !! not UC: [0, 1, 2, 3, 4, 5, 6, 7, 8, 9, 10, 12, 14, 16, 17, 18, 19, 20, 24, 25]
    !! not UC: [0, 1, 2, 8, 9, 10, 16, 17, 18]
    !! not UC: [0, 1, 2, 3, 4, 5, 6, 7, 8, 9, 10, 16, 17, 20, 24]
    !! not UC: [0, 1, 2, 3, 4, 5, 6, 8, 10, 12, 14, 16, 17, 18, 24, 26]
    !! not UC: [0, 1, 2, 3, 4, 5, 6, 8, 9, 16, 17, 18, 20, 24]
    !! not UC: [0, 1, 2, 3, 4, 5, 6, 7, 8, 9, 10, 12, 13, 14, 16, 17, 18, 20, 22, 24, 28]
    !! not UC: [0, 1, 2, 4, 8, 10, 12]
    !! not UC: [0, 1, 2, 3, 4, 6, 8, 10, 16, 18, 24, 26]
    !! not UC: [0, 1, 2, 3, 4, 8, 9, 10, 12, 16, 18, 20, 24, 28]
    !! not UC: [0, 1, 2, 3, 4, 5, 6, 7, 8, 9, 10, 12, 13, 16, 17, 18, 20, 22, 24, 25, 26, 28]
    !! not UC: [0, 1, 2, 3, 4, 5, 6, 7, 8, 9, 10, 12, 14, 16, 18, 20, 22, 24]
    !! not UC: [0, 1, 2, 4, 5, 16, 17, 20]
    !! not UC: [0, 1, 2, 4, 5, 6, 8, 9, 10, 12, 16, 17, 18, 20, 21, 24, 25]
    !! not UC: [0, 1, 2, 3, 4, 6, 8, 9, 10, 12, 14, 16, 17, 18, 19, 20, 24, 25, 26]
    !! not UC: [0, 1, 2, 3, 4, 5, 6, 8, 9, 10, 12, 16, 17, 18, 19, 24]
    !! not UC: [0, 1, 2, 3, 4, 5, 6, 7, 8, 9, 12, 13, 16, 17, 24]
    !! not UC: [0, 1, 2, 3, 4, 6, 8, 9, 10, 11, 16, 17, 18, 20, 24]
    !! not UC: [0, 1, 2, 3, 4, 8, 12, 16, 17, 18, 24]
    !! not UC: [0, 1, 2, 3, 4, 5, 6, 8, 9, 10, 11, 12, 16, 17, 18, 19, 20, 21, 22, 24, 25, 26, 27, 28]
    !! not UC: [0, 1, 2, 3, 4, 5, 6, 8, 9, 10, 12, 16, 17, 20, 24, 28]
    !! not UC: [0, 1, 2, 3, 4, 5, 6, 8, 9, 10, 11, 12, 13, 14, 16, 17, 18, 19, 20, 24, 28]
    !! not UC: [0, 1, 2, 3, 4, 5, 6, 8, 9, 10, 11, 12, 13, 14, 16, 17, 18, 19, 20, 24, 25, 26, 27]
    !! not UC: [0, 1, 2, 3, 4, 5, 6, 7, 8, 9, 16, 17, 18, 20, 22, 24]
    !! not UC: [0, 1, 2, 4, 5, 6, 8, 9, 10, 12, 13, 14, 16, 20, 24, 28]
    !! not UC: [0, 1, 2, 4, 6, 8, 9, 10, 12, 16, 18, 24]
    !! not UC: [0, 1, 2, 3, 4, 5, 6, 7, 8, 9, 16, 17, 18, 19, 20, 24]
    !! not UC: [0, 1, 2, 3, 4, 5, 6, 7, 8, 9, 10, 12, 16, 17, 18, 20, 21, 24, 25, 26]
    !! not UC: [0, 1, 2, 4, 6, 8, 9, 16, 24]
    !! not UC: [0, 1, 2, 3, 4, 5, 6, 7, 8, 9, 10, 11, 12, 13, 14, 15, 16, 17, 18, 19, 20, 21, 22, 24, 25, 26, 28, 29]
    !! not UC: [0, 1, 2, 3, 4, 5, 6, 7, 8, 9, 10, 16, 17, 18, 20, 21, 22, 24, 25]
    !! not UC: [0, 1, 2, 3, 4, 5, 8, 9, 10, 12, 13, 16, 18, 20, 24]
    !! not UC: [0, 1, 2, 4, 5, 6, 8, 10, 12, 16, 17, 20, 21]
    !! not UC: [0, 1, 2, 3, 4, 5, 8, 9, 10, 12, 16, 17, 18, 24, 25, 26]
    !! not UC: [0, 1, 2, 3, 4, 5, 6, 7, 8, 10, 12, 14, 16, 17]
    !! not UC: [0, 1, 2, 3, 4, 5, 8, 9, 10, 16, 18, 20]
    !! not UC: [0, 1, 2, 3, 4, 5, 6, 7, 8, 9, 12, 13, 16, 17, 18, 19, 20, 22, 24, 28]
    !! not UC: [0, 1, 2, 4, 8, 9, 10, 16, 17, 18, 20, 24, 26]
    !! not UC: [0, 1, 2, 3, 4, 5, 6, 7, 8, 9, 10, 11, 12, 16, 17, 18, 19, 20, 22, 24, 25, 26, 27, 28]
    !! not UC: [0, 1, 2, 3, 4, 5, 6, 8, 9, 10, 11, 16, 17, 18, 19, 20, 24, 25, 26]
    !! not UC: [0, 1, 2, 3, 4, 6, 8, 9, 10, 16, 18, 20, 22, 24]
    !! not UC: [0, 1, 2, 3, 4, 5, 6, 7, 8, 9, 10, 12, 13, 16, 17, 18, 20, 21, 24, 25, 26]
    !! not UC: [0, 1, 2, 4, 6, 8, 9, 10, 12, 16, 18, 20, 22, 24, 28]
    !! not UC: [0, 1, 2, 3, 4, 5, 6, 7, 8, 9, 10, 12, 13, 16, 17, 18, 19, 20, 22, 24, 26, 28]
    !! not UC: [0, 1, 2, 4, 5, 16, 17, 18]
    !! not UC: [0, 1, 2, 3, 4, 5, 6, 7, 8, 9, 10, 11, 12, 13, 16, 20]
    !! not UC: [0, 1, 2, 3, 4, 5, 8, 9, 10, 16, 17, 18, 20, 21]
    !! not UC: [0, 1, 2, 3, 4, 5, 6, 8, 9, 10, 11, 12, 13, 16, 17, 18, 20, 21, 22, 24, 26, 28]
    !! not UC: [0, 1, 2, 4, 6, 8, 16, 17, 18]
    !! not UC: [0, 1, 2, 3, 4, 5, 8, 16, 18, 20]
    !! not UC: [0, 1, 2, 4, 5, 6, 8, 9, 10, 12, 14, 16, 17, 20, 24, 25, 28]
    !! not UC: [0, 1, 2, 3, 4, 8, 9, 16, 18]
    !! not UC: [0, 1, 2, 4, 6, 8, 9, 10, 16, 17, 18, 20, 22, 24, 25, 26]
    !! not UC: [0, 1, 2, 3, 4, 5, 6, 8, 10, 16, 17, 18, 19, 20, 24, 26]
    !! not UC: [0, 1, 2, 4, 6, 8, 10, 12, 16, 18, 20, 22, 24, 26]
    !! not UC: [0, 1, 2, 3, 4, 5, 6, 7, 8, 9, 10, 12, 14, 16, 17, 18, 20, 22, 24, 26, 28]
    !! not UC: [0, 1, 2, 3, 4, 5, 6, 7, 8, 9, 10, 12, 13, 14, 16, 17, 18, 19, 20, 21, 22, 24, 25, 28]
    !! not UC: [0, 1, 2, 3, 4, 5, 6, 8, 9, 10, 11, 12, 13, 14, 16, 17, 18, 20, 22, 24, 26, 28, 30]
    !! not UC: [0, 1, 2, 3, 4, 5, 6, 7, 8, 9, 12, 13, 16, 17, 18, 19, 24, 25]
    !! not UC: [0, 1, 2, 4, 5, 8, 12, 16, 18]
    !! not UC: [0, 1, 2, 4, 5, 6, 8, 9, 10, 12, 13, 14, 16, 17, 18, 20, 21, 24, 25, 28]
    !! not UC: [0, 1, 2, 3, 4, 5, 6, 8, 9, 10, 11, 12, 13, 16, 17, 18, 19, 20, 21, 22, 24, 25, 26, 27]
    !! not UC: [0, 1, 2, 4, 6, 8, 9, 12, 16, 18, 20, 22]
    !! not UC: [0, 1, 2, 3, 4, 5, 8, 10, 16, 17]
    !! not UC: [0, 1, 2, 3, 4, 8, 10, 12, 16, 17, 18]
    !! not UC: [0, 1, 2, 3, 4, 5, 6, 8, 9, 10, 11, 12, 13, 14, 16, 17, 18, 20, 21, 24]
    !! not UC: [0, 1, 2, 3, 4, 5, 6, 7, 8, 16, 17, 18, 20, 21, 22]
    !! not UC: [0, 1, 2, 3, 4, 5, 6, 7, 8, 9, 10, 11, 12, 13, 14, 15, 16, 17, 18, 19, 20, 22]
    !! not UC: [0, 1, 2, 3, 4, 6, 8, 9, 10, 11, 16, 17, 18]
    !! not UC: [0, 1, 2, 3, 4, 6, 8, 10, 16, 17, 18, 19, 20, 22]
    !! not UC: [0, 1, 2, 3, 4, 5, 6, 8, 9, 10, 11, 12, 14, 16, 17, 18, 20, 22, 24, 26, 28]
    !! not UC: [0, 1, 2, 3, 4, 5, 6, 8, 9, 10, 11, 12, 14, 16, 17, 20, 24, 25]
    !! not UC: [0, 1, 2, 3, 4, 5, 6, 8, 9, 10, 12, 16, 17, 18, 20, 21, 22, 24]
    !! not UC: [0, 1, 2, 3, 4, 5, 6, 7, 8, 9, 10, 11, 12, 16, 17, 18, 19, 20, 21, 22, 23, 24, 25, 28]
    !! not UC: [0, 1, 2, 3, 4, 5, 6, 7, 8, 9, 10, 12, 13, 14, 16, 17, 18, 20, 21, 22, 24]
    !! not UC: [0, 1, 2, 4, 5, 6, 8, 9, 10, 12, 13, 14, 16, 18, 20, 22]
    !! not UC: [0, 1, 2, 3, 4, 5, 6, 7, 8, 10, 12, 16, 17, 18, 19, 20, 21, 22]
    !! not UC: [0, 1, 2, 3, 8, 10, 16, 18]
    !! not UC: [0, 1, 2, 4, 5, 8, 9, 16, 17, 24, 25]
    !! not UC: [0, 1, 2, 3, 4, 5, 6, 7, 8, 12, 16, 17, 18, 19, 20, 21, 24]
    !! not UC: [0, 1, 2, 3, 8, 9, 10, 11, 16, 17, 18, 19]
    !! not UC: [0, 1, 2, 3, 4, 5, 6, 7, 8, 9, 10, 11, 12, 13, 14, 16, 17, 18, 19, 20, 22, 24, 25, 26, 28]
    !! not UC: [0, 1, 2, 3, 4, 5, 6, 7, 8, 9, 10, 11, 12, 13, 14, 16, 17, 18, 19, 20, 21, 24, 25, 26, 27, 28]
    !! not UC: [0, 1, 2, 3, 4, 6, 8, 9, 10, 16, 17, 18, 20, 24, 26]
    !! not UC: [0, 1, 2, 3, 4, 5, 6, 8, 9, 10, 12, 13, 14, 16, 20, 24]
    !! not UC: [0, 1, 2, 3, 4, 5, 6, 8, 9, 10, 12, 13, 14, 16, 18, 20, 24]
    !! not UC: [0, 1, 2, 3, 4, 5, 6, 8, 9, 12, 13, 16, 17, 18]
    !! not UC: [0, 1, 2, 3, 4, 5, 8, 10, 16, 17, 18, 20]
    !! not UC: [0, 1, 2, 4, 5, 6, 8, 9, 10, 12, 13, 14, 16, 20, 24]
    !! not UC: [0, 1, 2, 3, 8, 9, 10, 16, 17, 18, 19, 24, 25, 26]
    !! not UC: [0, 1, 2, 3, 4, 5, 6, 8, 9, 10, 12, 13, 14, 16, 17, 18, 19, 20, 21, 22]
    !! not UC: [0, 1, 2, 3, 4, 5, 6, 7, 8, 9, 10, 11, 12, 16, 17, 18, 19, 20, 21, 22, 24, 25, 26, 28]
    !! not UC: [0, 1, 2, 4, 5, 6, 8, 9, 12, 16, 17, 18, 20, 21, 22, 24]
    !! not UC: [0, 1, 2, 3, 4, 5, 6, 8, 9, 10, 12, 16, 17, 18, 20, 24, 25, 26]
    !! not UC: [0, 1, 2, 3, 4, 5, 8, 9, 10]
    !! not UC: [0, 1, 2, 3, 4, 5, 8, 12, 16, 17, 20, 21]
    !! not UC: [0, 1, 2, 3, 4, 5, 6, 7, 8, 9, 10, 11, 12, 13, 14, 15, 16, 17, 18, 24, 25]
    !! not UC: [0, 1, 2, 4, 5, 6, 8, 9, 12, 16, 18]
    !! not UC: [0, 1, 2, 3, 4, 5, 6, 7, 8, 9, 10, 11, 12, 13, 16, 17, 24, 25]
    !! not UC: [0, 1, 2, 3, 4, 5, 8, 9, 10, 12, 13, 16, 20]
    !! not UC: [0, 1, 2, 3, 4, 5, 6, 8, 9, 10, 16, 17, 18, 19, 20, 21, 24, 25, 26]
    !! not UC: [0, 1, 2, 3, 4, 5, 6, 7, 8, 9, 10, 12, 13, 14, 16, 17, 18, 19, 20, 21, 24, 25, 26, 28]
    !! not UC: [0, 1, 2, 4, 5, 6, 8, 10, 12, 16, 18, 24, 26]
    !! not UC: [0, 1, 2, 4, 5, 8, 9, 10, 16, 20, 24]
    !! not UC: [0, 1, 2, 3, 4, 5, 8, 16, 18, 24]
    !! not UC: [0, 1, 2, 3, 4, 5, 6, 8, 12, 16, 18, 20, 22, 24]
    !! not UC: [0, 1, 2, 3, 4, 5, 6, 8, 9, 10, 16, 17, 18, 19, 24, 25]
    !! not UC: [0, 1, 2, 4, 5, 6, 8, 9, 10, 12, 16, 17, 18, 20, 21, 22, 24, 26, 28]
    !! not UC: [0, 1, 2, 3, 4, 8, 9, 16, 17, 20]
    !! not UC: [0, 1, 2, 3, 4, 5, 8, 9, 10, 12, 13, 16, 17, 18, 20]
    !! not UC: [0, 1, 2, 3, 4, 5, 6, 7, 8, 9, 10, 11, 12, 13, 14, 15, 16, 17, 18, 19, 20, 21, 22, 23, 24, 25, 26, 27, 28, 29, 30]
    !! not UC: [0, 1, 2, 3, 4, 5, 6, 7, 8, 9, 12, 16, 17, 20, 21, 24, 28]
    !! not UC: [0, 1, 2, 4, 6, 8, 9, 16, 17, 18, 20, 22]
    !! not UC: [0, 1, 2, 3, 4, 5, 8, 10, 12, 16]
    !! not UC: [0, 1, 2, 3, 4, 5, 6, 8, 12, 16, 17, 18, 19, 20, 21, 22]
    !! not UC: [0, 1, 2, 3, 4, 5, 6, 7, 8, 10, 12, 16, 17, 18, 20, 22, 24, 28]
    !! not UC: [0, 1, 2, 3, 4, 5, 6, 7, 8, 9, 10, 11, 12, 13, 14, 16, 17, 18, 24, 25]
    !! not UC: [0, 1, 2, 4, 5, 8, 12, 16]
    !! not UC: [0, 1, 2, 3, 4, 5, 6, 8, 9, 10, 12, 14, 16, 17, 18, 20, 21, 22]
    !! not UC: [0, 1, 2, 3, 4, 8, 9, 12, 16, 18, 20, 24, 28]
    !! not UC: [0, 1, 2, 3, 4, 5, 6, 7, 8, 9, 10, 11, 12, 13, 14, 15, 16, 17, 18, 20, 22, 24, 25, 26]
    !! not UC: [0, 1, 2, 3, 4, 5, 8, 9, 10, 11, 12, 16, 18, 20, 24]
    !! not UC: [0, 1, 2, 4, 6, 8, 12, 16, 17, 20, 24]
    !! not UC: [0, 1, 4, 8, 16, 17, 20]
    !! not UC: [0, 1, 2, 4, 5, 6, 8, 9, 12, 13, 16, 18, 20, 22]
    !! not UC: [0, 1, 2, 4, 5, 6, 8, 9, 10, 12, 13, 14, 16, 17, 18, 20, 21, 22, 24, 28]
    !! not UC: [0, 1, 2, 4, 5, 8, 10, 16, 17, 18, 20, 21, 24]
    !! not UC: [0, 1, 2, 3, 4, 5, 6, 8, 9, 10, 12, 13, 14, 16, 17, 18, 20, 21, 22, 24, 25, 26, 28, 29, 30]
    !! not UC: [0, 1, 2, 3, 4, 6, 8, 9, 10, 11, 12, 16, 17, 18, 20, 24]
    !! not UC: [0, 1, 2, 3, 4, 5, 6, 7, 8, 12, 16, 18, 20, 22, 24, 28]
    !! not UC: [0, 1, 2, 3, 4, 8, 10, 16, 18, 20, 24, 26]
    !! not UC: [0, 1, 2, 3, 4, 5, 6, 7, 8, 9, 10, 16]
    !! not UC: [0, 1, 2, 3, 4, 8, 16, 17, 18, 24]
    !! not UC: [0, 1, 2, 3, 4, 5, 6, 7, 8, 10, 12, 14, 16, 18, 20, 22, 24, 26, 28]
    !! not UC: [0, 1, 2, 3, 4, 5, 6, 7, 8, 10, 16, 17, 18, 20, 21, 22, 24]
    !! not UC: [0, 1, 2, 3, 4, 6, 8, 9, 12]
    !! not UC: [0, 1, 2, 4, 5, 6, 16, 18, 20, 22]
    !! not UC: [0, 1, 2, 3, 4, 5, 6, 7, 8, 10, 12, 14, 16, 24]
    !! not UC: [0, 1, 2, 4, 5, 8, 9, 12, 16, 17, 20, 24]
    !! not UC: [0, 1, 2, 3, 4, 5, 6, 7, 8, 9, 10, 11, 12, 16, 24]
    !! not UC: [0, 1, 2, 3, 4, 6, 8, 9, 16, 17, 20, 24, 25]
    !! not UC: [0, 1, 2, 4, 5, 6, 8, 9, 10, 12, 13, 14, 16, 17, 18, 20, 22, 24, 25, 26]
    !! not UC: [0, 1, 2, 3, 4, 5, 6, 8, 9, 10, 12, 13, 14, 16, 17, 18, 20, 21, 22, 24, 25, 26, 28, 30]
    !! not UC: [0, 1, 2, 4, 5, 6, 8, 10, 12, 16, 17, 24]
    !! not UC: [0, 1, 2, 3, 4, 5, 6, 7, 8, 9, 10, 11, 16, 20, 24]
    !! not UC: [0, 1, 2, 3, 4, 8, 10, 12, 16, 17, 18, 19]
    !! not UC: [0, 1, 2, 4, 8, 9, 12, 16, 17, 20, 24, 25, 28]
    !! not UC: [0, 1, 2, 4, 5, 6, 8, 9, 10, 16, 18, 20, 24]
    !! not UC: [0, 1, 2, 3, 4, 6, 8, 9, 10, 12, 14, 16, 17, 18, 20]
    !! not UC: [0, 1, 2, 3, 4, 5, 6, 8, 10, 12, 14, 16, 18, 20, 22, 24]
    !! not UC: [0, 1, 2, 3, 4, 5, 6, 7, 8, 9, 10, 11, 16, 18]
    !! not UC: [0, 1, 2, 3, 4, 8, 10, 12, 16, 18, 20, 24]
    !! not UC: [0, 1, 2, 3, 4, 5, 6, 8, 9, 10, 12, 16, 17, 18, 20, 24, 26, 28]
    !! not UC: [0, 1, 2, 3, 4, 5, 6, 7, 8, 9, 12, 13, 16, 17, 18, 19, 20, 21, 22, 23, 24, 25, 28]
    !! not UC: [0, 1, 2, 3, 4, 5, 6, 8, 9, 10, 12, 14, 16, 17, 20, 21, 24, 25]
    !! not UC: [0, 1, 2, 3, 4, 5, 6, 8, 9, 10, 12, 16, 17, 18, 20, 24, 28]
    !! not UC: [0, 1, 2, 3, 4, 5, 6, 7, 8, 9, 10, 12, 14, 16, 17, 18, 24, 25, 26]
    !! not UC: [0, 1, 2, 3, 4, 5, 6, 8, 9, 10, 11, 12, 16, 17, 18, 19, 20]
    !! not UC: [0, 1, 2, 3, 4, 5, 6, 7, 8, 9, 10, 12, 16, 17, 18, 19, 20, 24, 28]
    !! not UC: [0, 1, 2, 3, 4, 8, 9, 10, 11, 12, 16, 18, 24]
    !! not UC: [0, 1, 2, 4, 8, 9, 10, 12, 16, 17, 18, 20, 24]
    !! not UC: [0, 1, 2, 3, 4, 5, 8, 9, 16, 24]
    !! not UC: [0, 1, 2, 4, 5, 8, 9, 12, 16, 17, 18, 20, 21, 24, 25, 28]
    !! not UC: [0, 1, 2, 3, 4, 6, 8, 9, 10, 11, 12, 14, 16, 18, 20, 22, 24, 26]
    !! not UC: [0, 1, 2, 3, 4, 5, 6, 8, 9, 10, 11, 12, 16, 17, 18, 19, 20, 24, 25]
    !! not UC: [0, 1, 2, 3, 4, 5, 6, 7, 8, 9, 10, 11, 12, 16, 17, 18, 19, 20, 21, 22, 24, 25, 28]
    !! not UC: [0, 1, 2, 3, 4, 5, 8, 9, 10, 16, 17, 18, 19, 20]
    !! not UC: [0, 1, 2, 3, 4, 5, 6, 8, 9, 10, 12, 14, 16, 17, 18, 20, 21, 22, 24, 26]
    !! not UC: [0, 1, 2, 3, 4, 5, 8, 9, 12, 13, 16, 17, 20, 21, 24]
    !! not UC: [0, 1, 2, 3, 4, 5, 6, 7, 8, 9, 10, 12, 16, 17, 18, 20, 24, 28]
    !! not UC: [0, 1, 2, 3, 4, 5, 8, 9, 12, 13, 16, 17, 24]
    !! not UC: [0, 1, 2, 3, 4, 5, 8, 9, 10, 12, 13, 16, 17, 18, 19, 20, 21, 24, 25, 28]
    !! not UC: [0, 1, 2, 3, 4, 5, 6, 7, 8, 10, 16]
    !! not UC: [0, 1, 2, 3, 4, 8, 9, 10, 12, 16, 18, 24]
    !! not UC: [0, 1, 2, 3, 4, 5, 6, 7, 8, 9, 12, 13, 16, 17, 20, 24, 25, 28]
    !! not UC: [0, 1, 2, 3, 4, 6, 8, 9, 10, 12, 14, 16, 17, 18, 20, 24, 25, 28]
    !! not UC: [0, 1, 2, 3, 4, 5, 8, 16, 17, 18]
    !! not UC: [0, 1, 2, 3, 4, 8, 9, 10, 16, 17, 18, 20, 24, 25]
    !! not UC: [0, 1, 2, 3, 4, 5, 6, 7, 8, 9, 10, 12, 14, 16, 17, 18, 20, 24, 26]
    !! not UC: [0, 1, 2, 3, 4, 6, 8, 10, 12, 14, 16, 17, 18]
    !! not UC: [0, 1, 2, 4, 5, 6, 8, 16, 20]
    !! not UC: [0, 1, 2, 3, 4, 5, 6, 7, 8, 9, 10, 16, 17, 18, 19, 20, 21, 22, 23, 24, 26]
    !! not UC: [0, 1, 2, 3, 4, 5, 6, 7, 8, 9, 10, 12, 16, 17, 18, 19, 20, 22, 24, 25, 28]
    !! not UC: [0, 1, 2, 4, 6, 8, 9, 10, 12, 16, 17, 18, 20, 24, 28]
    !! not UC: [0, 1, 2, 3, 4, 5, 6, 8, 12, 16, 18, 20, 24]
    !! not UC: [0, 1, 2, 3, 4, 5, 6, 8, 9, 10, 11, 12, 14, 16, 17, 18, 20, 21, 22, 24, 25]
    !! not UC: [0, 1, 2, 3, 4, 6, 8, 9, 10, 12, 14, 16, 17, 18, 19, 20, 24, 25, 28]
    !! not UC: [0, 1, 2, 3, 4, 5, 6, 8, 12, 16]
    !! not UC: [0, 1, 2, 4, 6, 8, 9, 12, 16, 17, 24]
    !! not UC: [0, 1, 2, 4, 5, 6, 8, 9, 10, 12, 13, 16, 17, 18, 20, 22, 24, 25, 26]
    !! not UC: [0, 1, 2, 3, 8, 9, 10, 11, 16, 17, 18, 24, 25, 26]
    !! not UC: [0, 1, 2, 4, 8, 12, 16, 17, 18, 20]
    !! not UC: [0, 1, 2, 3, 4, 5, 6, 7, 8, 9, 10, 12, 13, 16, 17, 18, 19, 20, 21, 22, 23]
    !! not UC: [0, 1, 2, 4, 5, 8, 10, 12, 16, 24]
    !! not UC: [0, 1, 2, 3, 4, 8, 9, 10, 16, 18, 24, 26]
    !! not UC: [0, 1, 2, 3, 4, 5, 6, 7, 8, 9, 10, 12, 13, 14, 16, 17, 18, 19, 20, 24, 26]
    !! not UC: [0, 1, 2, 3, 4, 5, 6, 7, 8, 9, 10, 12, 13, 14, 16, 17, 18, 19, 20, 21, 22, 23, 24, 28]
    !! not UC: [0, 1, 2, 4, 5, 6, 8, 9, 10, 16, 17, 18, 20, 21]
    !! not UC: [0, 1, 2, 4, 5, 8, 9, 10, 12, 13, 16, 17, 20, 21, 24, 25, 28, 29]
    !! not UC: [0, 1, 2, 3, 4, 5, 6, 8, 9, 10, 11, 12, 14, 16, 17, 18, 20, 21, 22, 24, 28]
    !! not UC: [0, 1, 2, 3, 4, 5, 8, 9, 10, 12, 13, 16, 17, 20, 21, 24, 25, 28, 29]
    !! not UC: [0, 1, 2, 3, 4, 5, 6, 7, 8, 9, 10, 11, 12, 14, 16, 18, 20, 22, 24, 26, 28]
    !! not UC: [0, 1, 2, 3, 4, 5, 6, 8, 12, 16, 17, 18, 20, 22]
    !! not UC: [0, 1, 2, 3, 4, 5, 6, 7, 8, 10, 12, 16, 17, 18, 20, 21, 22, 24]
    !! not UC: [0, 1, 2, 3, 4, 5, 8, 9, 10, 11, 12, 16, 17, 18, 20, 21, 24, 25]
    !! not UC: [0, 1, 2, 3, 4, 5, 8, 10, 12, 16, 17, 18, 20, 21, 24, 26]
    !! not UC: [0, 1, 2, 4, 5, 6, 8, 16, 18, 20]
    !! not UC: [0, 1, 2, 3, 4, 5, 6, 8, 9, 10, 12, 14, 16, 17, 18, 19, 20, 21, 22, 24, 26, 28, 30]
    !! not UC: [0, 1, 2, 4, 6, 8, 9, 16, 18]
    !! not UC: [0, 1, 2, 3, 4, 5, 8, 16, 17, 18, 19]
    !! not UC: [0, 4]
    !! not UC: [0, 1, 2, 4, 5, 6, 8, 9, 16, 17, 18, 24, 25]
    !! not UC: [0, 1, 2, 4, 5, 6, 8, 10, 12, 16, 17, 18, 20, 24]
    !! not UC: [0, 1, 2, 3, 4, 6, 8, 12, 16, 17]
    !! not UC: [0, 1, 2, 4, 5, 8, 9, 10, 12, 16, 18, 20, 24, 26]
    !! not UC: [0, 1, 2, 3, 4, 5, 6, 8, 9, 10, 11, 12, 16, 17, 18, 20, 21, 24, 26]
    !! not UC: [0, 1, 2, 3, 4, 5, 6, 8, 9, 10, 12, 14, 16, 17, 18, 20, 21]
    !! not UC: [0, 1, 2, 3, 4, 5, 6, 7, 8, 9, 10, 12, 14, 16, 17, 18, 19, 20, 21]
    !! not UC: [0, 1, 2, 3, 4, 5, 6, 7, 8, 9, 10, 11, 12, 13, 14, 15, 16, 17, 18, 19, 20, 21, 22, 24, 25, 26, 27, 28, 29, 30]
    !! not UC: [0, 1, 2, 3, 4, 5, 6, 8, 9, 10, 11, 12, 14, 16, 17, 18, 20, 22, 24, 26, 28, 30]
    !! not UC: [0, 1, 2, 3, 4, 5, 6, 8, 9, 10, 11, 16, 17, 18, 20, 22, 24, 25, 26]
    !! not UC: [0, 1, 2, 3, 4, 5, 6, 7, 8, 9, 16, 20]
    !! not UC: [0, 1, 2, 3, 4, 5, 6, 7, 8, 12, 16, 17, 18, 19, 20, 22]
    !! not UC: [0, 1, 2, 3, 4, 5, 6, 8, 9, 10, 11, 12, 16, 17, 18, 20, 24, 25, 28]
    !! not UC: [0, 1, 2, 3, 4, 5, 6, 7, 8, 9, 10, 12, 13, 16, 17, 18, 19, 20, 24, 25]
    !! not UC: [0, 1, 2, 4, 5, 6, 8, 9, 10, 12, 13, 16, 18, 20, 24, 28]
    !! not UC: [0, 1, 2, 3, 4, 5, 8, 9, 10, 11, 12, 13, 16, 17, 18, 19, 20, 21, 24, 25]
    !! not UC: [0, 1, 2, 3, 4, 5, 6, 8, 9, 10, 12, 13, 14, 16, 17, 18, 20, 24, 25, 28]
    !! not UC: [0, 1, 2, 3, 4, 5, 6, 8, 16, 18, 20]
    !! not UC: [0, 1, 2, 4, 5, 6, 8, 9, 10, 16, 17, 18, 20, 21, 22, 24, 26]
    !! not UC: [0, 1, 2, 4, 5, 8, 12]
    !! not UC: [0, 1, 2, 3, 4, 6, 8, 9, 10, 16, 20]
    !! not UC: [0, 1, 2, 3, 4, 5, 6, 7, 8, 9, 10, 11, 12, 13, 16, 17, 18, 19, 20, 21, 24, 26, 28]
    !! not UC: [0, 1, 2, 3, 4, 5, 6, 8, 9, 10, 16, 17, 18, 20, 24, 25, 26]
    !! not UC: [0, 1, 2, 3, 4, 5, 6, 7, 8, 9, 10, 16, 17, 18, 19, 20, 24, 25, 26]
    !! not UC: [0, 1, 2, 4, 8, 9, 10, 12, 16]
    !! not UC: [0, 1, 2, 3, 4, 5, 6, 8, 9, 10, 12, 13, 14, 16, 17, 18, 19, 20, 21, 24, 25, 26, 28]
    !! not UC: [0, 1, 2, 3, 4, 8, 10, 16, 17, 24]
    !! not UC: [0, 1, 2, 3, 4, 5, 6, 8, 9, 10, 12, 13, 16, 17, 18, 20, 21, 22, 24, 25]
    !! not UC: [0, 1, 2, 3, 4, 5, 6, 7, 8, 9, 10, 11, 12, 16, 18, 20, 24, 26]
    !! not UC: [0, 1, 2, 3, 4, 5, 6, 7, 8, 9, 10, 11, 12, 16, 17, 18, 19, 20, 22, 24, 25, 26]
    !! not UC: [0, 1, 4, 5, 8, 16, 17, 20, 21, 24]
    !! not UC: [0, 1, 2, 4, 5, 8, 9, 10, 12, 13, 16, 17, 18, 24, 26]
    !! not UC: [0, 1, 2, 3, 4, 5, 6, 7, 8, 9, 10, 11, 12, 16, 17, 18, 19, 20, 21, 24, 25, 26, 27, 28]
    !! not UC: [0, 1, 2, 4, 5, 6, 8, 9, 10, 12, 13, 16, 17, 20, 21, 24, 28]
    !! not UC: [0, 1, 2, 3, 4, 6, 8, 9, 12, 16, 18, 20, 22, 24, 28]
    !! not UC: [0, 1, 2, 3, 4, 5, 6, 7, 8, 9, 10, 12, 14, 16, 17, 18, 20, 24, 25, 28]
    !! not UC: [0, 1, 2, 4, 5, 6, 8, 9, 10, 12, 13, 14, 16, 18, 20, 24, 28]
    !! not UC: [0, 1, 2, 4, 5, 6, 8, 9, 10, 12, 13, 14, 16, 17, 20]
    !! not UC: [0, 1, 2, 3, 4, 5, 8, 9, 10, 12, 13, 16, 17, 18, 20, 24]
    !! not UC: [0, 1, 2, 3, 4, 5, 6, 7, 8, 9, 10, 11, 12, 13, 16, 17, 18, 20, 21, 22, 24, 26]
    !! not UC: [0, 1, 2, 4, 5, 6, 8, 9, 10, 16, 17, 18, 24, 26]
    !! not UC: [0, 1, 2, 3, 4, 5, 6, 8, 10, 12, 14, 16, 20]
    !! not UC: [0, 1, 2, 3, 4, 5, 8, 9, 10, 12, 13, 16, 17, 18, 24, 25]
    !! not UC: [0, 1, 2, 4, 5, 8, 9, 12, 16, 17, 18, 20, 21, 24, 28]
    !! not UC: [0, 1, 4, 8, 9, 12, 16, 20, 24, 28]
    !! not UC: [0, 1, 2, 3, 4, 5, 6, 8, 9, 10, 16, 18, 20, 22]
    !! not UC: [0, 1, 2, 3, 4, 5, 6, 8, 9, 12, 13, 16, 17, 24]
    !! not UC: [0, 1, 2, 3, 4, 5, 8, 12, 16, 18, 24]
    !! not UC: [0, 1, 2, 4, 5, 6, 8, 9, 10, 12, 13, 14, 16, 17, 18, 20, 21, 22, 24, 25]
    !! not UC: [0, 1, 2, 3, 4, 5, 6, 7, 8, 16, 18, 20, 24]
    !! not UC: [0, 1, 2, 3, 4, 5, 6, 7, 16, 17, 18, 19, 20, 21, 22]
    !! not UC: [0, 1, 2, 3, 4, 6, 8, 9, 16, 17, 18, 19, 24, 25]
    !! not UC: [0, 1, 2, 3, 4, 5, 6, 8, 9, 10, 11, 12, 13, 16, 17, 18, 20, 24, 25]
    !! not UC: [0, 1, 2, 3, 4, 5, 6, 7, 8, 9, 10, 11, 12, 13, 14, 15, 16, 17, 18, 20, 21, 22, 24, 25, 26, 28]
    !! not UC: [0, 1, 2, 3, 4, 5, 6, 7, 8, 9, 10, 11, 12, 14, 16, 17, 18, 19, 20, 21, 24]
    !! not UC: [0, 1, 2, 3, 4, 5, 6, 7, 8, 9, 10, 11, 12, 14, 16, 18, 20]
    !! not UC: [0, 1, 2, 3, 4, 5, 8, 9, 12, 16, 24]
    !! not UC: [0, 1, 2, 3, 4, 5, 6, 8, 9, 10, 11, 16, 17, 18, 20, 21, 24, 26]
    !! not UC: [0, 1, 2, 3, 4, 5, 6, 7, 8, 12, 16, 17, 20, 21]
    !! not UC: [0, 1, 2, 3, 4, 5, 6, 7, 8, 9, 10, 16, 17, 18, 19, 20, 24]
    !! not UC: [0, 1, 2, 3, 4, 6, 16, 18, 20]
    !! not UC: [0, 1, 2, 3, 4, 6, 8, 16, 17, 18, 24]
    !! not UC: [0, 1, 2, 3, 4, 5, 8, 9, 10, 12, 13, 16, 17]
    !! not UC: [0, 1, 2, 3, 8, 9, 10, 11]
    !! not UC: [0, 1, 2, 4, 5, 6, 8, 9, 10, 12, 13, 14, 16, 17, 20, 21]
    !! not UC: [0, 1, 2, 3, 4, 6, 8, 10, 16, 17, 18, 24]
    !! not UC: [0, 1, 2, 4, 6, 8, 16, 17, 20, 24]
    !! not UC: [0, 1, 2, 4, 6, 8, 9, 10, 12, 14, 16, 17, 18, 20]
    !! not UC: [0, 2, 4, 6, 8, 10, 12, 16, 18, 20, 22, 24]
    !! not UC: [0, 1, 2, 4, 5, 6, 8, 10, 16, 18]
    !! not UC: [0, 1, 2, 4, 5, 8, 9, 12, 13, 16, 17, 18, 24, 25]
    !! not UC: [0, 1, 2, 4, 6, 8, 10, 12, 14, 16, 17, 18, 20, 22, 24, 26, 28]
    !! not UC: [0, 1, 2, 3, 4, 5, 6, 8, 10, 12, 16, 17, 18, 19, 20, 21, 22, 24, 28]
    !! not UC: [0, 1, 2, 3, 4, 5, 6, 7, 8, 9, 10, 11, 12, 13, 14, 16, 17, 18, 19, 20, 21, 22, 24, 25, 26, 27, 28, 29]
    !! not UC: [0, 1, 2, 4, 5, 8, 9, 10, 12, 16, 17, 20, 21, 24]
    !! not UC: [0, 1, 2, 3, 4, 6, 8, 9, 10, 11, 12, 14, 16, 17, 18, 19, 20, 24, 26]
    !! not UC: [0, 1, 2, 3, 4, 5, 8, 9, 10, 11, 12, 13, 16, 17, 18, 19, 24]
    !! not UC: [0, 1, 2, 3, 4, 5, 6, 7, 8, 9, 12, 16, 17, 18, 19, 20, 21, 22, 24, 28]
    !! not UC: [0, 1, 2, 3, 4, 5, 6, 8, 9, 12, 16, 17, 18, 19, 20, 24, 25]
    !! not UC: [0, 1, 2, 4, 6, 8, 10, 12, 16, 18, 20, 24, 26, 28]
    !! not UC: [0, 1, 2, 3, 4, 5, 6, 8, 9, 10, 12, 16, 17, 18, 20]
    !! not UC: [0, 1, 2, 3, 4, 5, 6, 8, 16, 17, 18, 19, 20]
    !! not UC: [0, 1, 2, 3, 4, 5, 6, 7, 8, 9, 10, 11, 12, 13, 14, 15, 16, 18, 20, 24, 26, 28]
    !! not UC: [0, 1, 2, 4, 5, 8, 12, 16, 20, 24]
    !! not UC: [0, 1, 2, 4, 8, 9, 12, 16, 24]
    !! not UC: [0, 1, 2, 3, 4, 5, 8, 9, 10, 11, 12, 13, 16, 17, 18, 20, 21, 24, 25, 28, 29]
    !! not UC: [0, 1, 4, 5, 8, 9, 12, 13, 16, 17, 24, 25]
    !! not UC: [0, 1, 2, 4, 5, 6, 8, 9, 12, 16, 17, 18, 20, 22, 24]
    !! not UC: [0, 1, 2, 3, 4, 5, 6, 8, 9, 10, 16, 17, 20, 24]
    !! not UC: [0, 1, 2, 3, 4, 5, 6, 8, 9, 16, 17, 18, 19, 20, 22, 24]
    !! not UC: [0, 1, 2, 4, 6, 8, 10, 12, 16, 18, 20, 24]
    !! not UC: [0, 1, 2, 3, 4, 6, 8, 12]
    !! not UC: [0, 1, 2, 3, 4, 5, 6, 8, 10, 12, 16, 20, 24]
    !! not UC: [0, 1, 2, 3, 4, 5, 8, 9, 10, 11, 12, 16, 17, 18, 19, 20, 24, 25, 26]
    !! not UC: [0, 1, 2, 3, 4, 16, 17, 18, 19, 20]
    !! not UC: [0, 1, 2, 3, 8, 10, 16, 17, 18]
    !! not UC: [0, 1, 2, 3, 4, 5, 6, 7, 8, 9, 10, 11, 12, 14, 16, 17, 18, 20, 21, 24, 25]
    !! not UC: [0, 1, 2, 3, 4, 5, 6, 8, 10, 16, 17, 18, 20, 21, 22, 24]
    !! not UC: [0, 1, 2, 3, 4, 5, 6, 8, 9, 10, 16, 17, 18, 19, 20, 22, 24, 26]
    !! not UC: [0, 2, 8, 10, 16, 18]
    !! not UC: [0, 1, 2, 3, 4, 5, 6, 8, 12, 16, 17, 18, 20, 21, 24, 28]
    !! not UC: [0, 1, 2, 3, 4, 8, 10, 12, 16, 18, 20]
    !! not UC: [0, 1, 2, 3, 4, 5, 8, 9, 10, 12, 16, 18, 20, 24]
    !! not UC: [0, 1, 2, 3, 4, 5, 8, 9, 10, 11, 12, 16, 17, 18, 24, 26]
    !! not UC: [0, 1, 4, 5, 8, 16]
    !! not UC: [0, 1, 2, 3, 4, 5, 6, 8, 9, 10, 12, 13, 14, 16, 17, 24]
    !! not UC: [0, 1, 2, 4, 5, 6, 8, 9, 10, 12, 14, 16, 17, 24, 25]
    !! not UC: [0, 1, 2, 3, 4, 5, 8, 12, 16, 20, 24]
    !! not UC: [0, 1, 2, 3, 4, 5, 6, 7, 8, 9, 10, 11, 12, 13, 14, 15, 16, 17, 18, 20, 21, 24, 25, 26, 28, 29]
    !! not UC: [0, 1, 2, 3, 4, 5, 6, 8, 9, 10, 11, 12, 14, 16, 17, 20, 24, 28]
    !! not UC: [0, 1, 2, 3, 4, 6, 8, 9, 10, 12, 14, 16, 18, 20, 24]
    !! not UC: [0, 1, 2, 4, 5, 6, 8, 9, 12, 16, 17, 20, 21]
    !! not UC: [0, 1, 2, 3, 4, 5, 8, 9, 10, 12, 13, 16, 17, 20, 24, 25, 28]
    !! not UC: [0, 1, 2, 4, 6, 16, 18, 20]
    !! not UC: [0, 1, 2, 3, 4, 5, 8, 10, 12, 16, 17, 18, 19, 20, 24, 26]
    !! not UC: [0, 1, 2, 4, 5, 6, 8, 9, 12, 13, 16, 17, 18, 20, 22, 24]
    !! not UC: [0, 1, 2, 3, 4, 5, 8, 9, 10, 11, 16, 17, 18, 20, 21, 24, 25, 26]
    !! not UC: [0, 1, 2, 4, 5, 6, 8, 9, 10, 12, 13, 14, 16, 17, 18, 20, 24, 26, 28]
    !! not UC: [0, 1, 2, 3, 4, 5, 6, 7, 8, 9, 10, 16, 17, 18, 19, 20, 21, 22]
    !! not UC: [0, 1, 2, 4, 5, 6, 8, 9, 16, 20]
    !! not UC: [0, 1, 2, 3, 4, 5, 6, 8, 9, 10, 12, 14, 16, 17, 20, 24, 25]
    !! not UC: [0, 1, 2, 4, 5, 6, 8, 9, 12, 13, 16, 17, 20, 21]
    !! not UC: [0, 1, 2, 3, 4, 6, 8, 9, 10, 12, 16, 17, 18]
    !! not UC: [0, 1, 2, 3, 4, 5, 6, 7, 8, 9, 10, 11, 12, 13, 14, 15, 16, 17, 18, 19, 20, 21, 22, 24, 25, 26, 27]
    !! not UC: [0, 1, 2, 3, 4, 5, 6, 7, 8, 9, 10, 12, 14, 16, 17, 18, 24, 25]
    !! not UC: [0, 1, 2, 4, 8, 10, 12, 16, 18, 20, 24, 26]
    !! not UC: [0, 1, 2, 3, 4, 5, 6, 7, 8, 12, 16, 17, 20, 21, 24]
    !! not UC: [0, 4, 8, 12]
    !! not UC: [0, 1, 2, 3, 4, 5, 8, 16, 20]
    !! not UC: [0, 1, 2, 3, 4, 5, 6, 8, 9, 12, 13, 16, 18]
    !! not UC: [0, 1, 2, 4, 6, 8, 10, 12, 14, 16, 18, 20, 22]
    !! not UC: [0, 1, 2, 3, 4, 5, 8, 9, 10, 12, 16, 17, 18, 20, 21, 24, 25, 26, 28]
    !! not UC: [0, 1, 2, 4, 5, 8, 9, 12, 16, 17, 20]
    !! not UC: [0, 1, 2, 3, 4, 5, 6, 7, 8, 9, 10, 12, 16, 17, 18, 19, 20, 22, 24, 25]
    !! not UC: [0, 1, 2, 3, 4, 5, 6, 8, 9, 10, 11, 12, 13, 16, 17, 18, 20, 21, 22, 24, 25, 26]
    !! not UC: [0, 1, 2, 3, 4, 5, 8, 12, 16]
    !! not UC: [0, 1, 2, 3, 4, 6, 8, 9, 10, 12, 16, 17, 18, 20, 22, 24]
    !! not UC: [0, 1, 2, 3, 4, 6, 8, 9, 10, 11, 12, 14, 16, 17, 18, 19, 24, 25, 26, 27]
    !! not UC: [0, 1, 2, 3, 4, 5, 6, 7, 8, 16, 17, 18, 19, 20, 21]
    !! not UC: [0, 1, 2, 3, 4, 5, 6, 7, 8, 9, 10, 11, 12, 13, 14, 16, 17, 18, 20, 21, 24, 25, 28, 29]
    !! not UC: [0, 1, 2, 3, 4, 5, 6, 8, 10, 16, 20]
    !! not UC: [0, 1, 2, 3, 4, 5, 6, 8, 9, 10, 11, 16, 18, 20, 24, 26]
    !! not UC: [0, 1, 2, 4, 5, 6, 8, 9, 10, 12, 13, 16, 17, 20, 21, 24, 25, 28, 29]
    !! not UC: [0, 1, 2, 3, 4, 5, 6, 7, 8, 9, 10, 11, 12, 13, 14, 15, 16, 17, 18, 19, 20, 22, 24, 26, 28, 30]
    !! not UC: [0, 1, 2, 4, 5, 6, 8, 10, 12, 14, 16, 17, 20, 21, 24]
    !! not UC: [0, 1, 2, 3, 4, 5, 6, 7, 8, 9, 10, 12, 13, 14, 16, 17, 18, 19, 20, 22, 24, 25, 26, 28]
    !! not UC: [0, 1, 2, 4, 16, 17, 18, 20]
    !! not UC: [0, 1, 2, 3, 4, 5, 6, 8, 9, 10, 12, 13, 14, 16, 24]
    !! not UC: [0, 1, 2, 3, 4, 5, 6, 7, 8, 9, 10, 11, 12, 14, 16, 17, 18, 20, 24, 25]
    !! not UC: [0, 1, 2, 3, 4, 5, 6, 8, 9, 12, 13, 16, 18, 20, 22]
    !! not UC: [0, 1, 2, 4, 5, 8, 10, 16, 24]
    !! not UC: [0, 1, 2, 3, 4, 5, 6, 7, 8, 9, 10, 11, 16, 17, 18, 20, 24]
    !! not UC: [0, 1, 2, 3, 4, 5, 6, 8, 16, 17, 20, 21]
    !! not UC: [0, 1, 2, 3, 4, 5, 8, 10, 12, 16, 17, 18, 20, 24]
    !! not UC: [0, 1, 2, 3, 4, 5, 6, 7, 8, 9, 10, 11, 12, 13, 14, 15, 16, 17, 18, 19, 20, 21, 22, 23, 24, 25, 26, 27]
    !! not UC: [0, 1, 2, 3, 4, 5, 6, 7, 8, 9, 10, 11, 16, 17, 18, 19, 20, 21, 22, 24, 25, 26]
    !! not UC: [0, 1, 2, 3, 4, 5, 6, 8, 9, 10, 11, 12, 13, 16, 17, 18, 19, 20, 21, 22, 24, 25, 26, 28, 29]
    !! not UC: [0, 1, 2, 3, 4, 5, 6, 7, 8, 12, 16, 17, 18, 19, 20, 21, 22, 24]
    !! not UC: [0, 1, 2, 3, 4, 5, 6, 8, 10, 12, 16, 17, 18, 20]
    !! not UC: [0, 1, 2, 3, 4, 5, 6, 7, 8, 9, 10, 12, 13, 16, 17, 18, 19, 20, 21, 22, 24, 25, 26]
    !! not UC: [0, 1, 2, 4, 6, 8, 10, 12, 16, 17, 18, 20, 22, 24, 26, 28]
    !! not UC: [0, 1, 2, 4, 5, 6, 8, 9, 10, 12, 13, 14, 16, 17, 18, 20, 22]
    !! not UC: [0, 1, 2, 4, 6, 8, 9, 10, 16, 17, 24]
    !! not UC: [0, 1, 2, 3, 4, 5, 6, 7, 8, 9, 10, 11, 12, 13, 14, 15, 16, 17, 18, 20, 24, 26]
    !! not UC: [0, 1, 2, 3, 4, 5, 6, 8, 10, 16]
    !! not UC: [0, 1, 2, 3, 4, 5, 6, 7, 8, 9, 16, 17, 18, 20, 21, 22]
    !! not UC: [0, 1, 2, 3, 4, 5, 6, 8, 9, 10, 11, 12, 13, 14, 16, 17, 18, 20, 24, 25]
    !! not UC: [0, 1, 2, 3, 4, 5, 8, 9, 10, 11, 12, 16]
    !! not UC: [0, 1, 4, 8, 12, 16, 17, 24]
    !! not UC: [0, 1, 2, 3, 4, 5, 6, 8, 10, 12, 14, 16, 18, 20, 24, 28]
    !! not UC: [0, 1, 2, 3, 4, 5, 8, 9, 10, 16, 17, 18, 19, 20, 21, 24, 26]
    !! not UC: [0, 1, 2, 3, 4, 5, 6, 8, 9, 10, 12, 13, 14, 16, 18, 24, 26]
    !! not UC: [0, 1, 2, 3, 4, 5, 6, 7, 8, 9, 10, 11, 12, 13, 14, 16, 17, 18, 20, 21, 24]
    !! not UC: [0, 1, 2, 3, 4, 5, 8, 16, 18]
    !! not UC: [0, 1, 2, 3, 4, 5, 6, 7, 8, 9, 10, 11, 12, 14, 16, 17, 20, 21, 24, 28]
    !! not UC: [0, 1, 2, 3, 4, 5, 8, 9, 10, 11, 12, 13, 16, 17, 20, 24, 28]
    !! not UC: [0, 1, 2, 3, 4, 5, 8, 9, 10, 12, 13]
    !! not UC: [0, 1, 2, 3, 4, 5, 8, 9, 10, 12, 13, 16, 17, 18, 19, 24, 26]
    !! not UC: [0, 1, 2, 4, 6, 8, 10, 12, 16, 20]
    !! not UC: [0, 1, 2, 4, 5, 6, 8, 9, 10, 12, 16]
    !! not UC: [0, 1, 2, 4, 6, 8, 9, 10, 12, 14, 16, 17]
    !! not UC: [0, 1, 2, 3, 4, 5, 6, 7, 8, 9, 10, 11, 12, 13, 14, 15, 16, 17, 18, 20, 21, 22, 24, 28]
    !! not UC: [0, 1, 2, 3, 4, 5, 8, 16, 17, 20, 21]
    !! not UC: [0, 1, 2, 3, 4, 5, 6, 8, 9, 10, 12, 14, 16, 17, 18, 19, 20, 21, 22, 24, 25, 28]
    !! not UC: [0, 1, 2, 3, 4, 5, 6, 8, 9, 10, 11, 12, 13, 14, 16, 17, 18, 19, 20, 24, 25]
    !! not UC: [0, 1, 2, 3, 4, 5, 6, 8, 10, 12, 16, 17, 20, 24, 28]
    !! not UC: [0, 1, 2, 3, 4, 6, 8, 9, 10, 12, 16, 17, 18, 20, 24, 25]
    !! not UC: [0, 1, 2, 3, 4, 5, 6, 7, 8, 9, 10, 11, 16, 17, 18, 19, 20, 21, 22, 24, 25]
    !! not UC: [0, 1, 2, 3, 4, 5, 6, 7, 8, 10, 12, 14, 16, 17, 18, 20, 22, 24, 28]
    !! not UC: [0, 1, 2, 3, 4, 5, 6, 8, 9, 10, 12, 16, 17, 18, 20, 21, 24, 25, 26]
    !! not UC: [0, 1, 2, 3, 4, 5, 6, 8, 9, 10, 11, 12, 14, 16, 17]
    !! not UC: [0, 1, 2, 3, 4, 5, 8, 10, 16, 24]
    !! not UC: [0, 1, 2, 4, 5, 8, 9, 10, 12, 16, 17, 18, 20, 21, 24, 26, 28]
    !! not UC: [0, 1, 2, 3, 4, 5, 8, 12, 16, 24]
    !! not UC: [0, 1, 2, 3, 4, 6, 8, 10, 16, 17, 18, 19]
    !! not UC: [0, 1, 2, 4, 8, 9, 10, 12, 16, 17, 18, 20, 24, 25, 28]
    !! not UC: [0, 1, 2, 3, 4, 5, 6, 7, 8, 9, 10, 12, 16, 17, 18, 19, 20, 21]
    !! not UC: [0, 1, 2, 4, 5, 6, 8, 9, 10, 12, 13, 16, 17, 18, 24, 25]
    !! not UC: [0, 1, 2, 3, 4, 6, 8, 9, 12, 16, 17, 24]
    !! not UC: [0, 1, 2, 3, 4, 6, 8, 9, 10, 11, 12, 16, 17, 18, 20, 24, 25]
    !! not UC: [0, 1, 2, 3, 4, 8, 9, 10, 12, 16, 20, 24, 28]
    !! not UC: [0, 1, 4, 5]
    !! not UC: [0, 1, 2, 3, 4, 6, 8, 9, 10, 16, 17, 18, 20, 24]
    !! not UC: [0, 1, 2, 3, 4, 5, 6, 8, 9, 10, 11, 12, 14, 16, 17, 18, 19, 20, 22]
    !! not UC: [0, 1, 2, 3, 4, 5, 6, 8, 9, 10, 11, 16, 24]
    !! not UC: [0, 1, 2, 4, 6, 8, 16, 17, 18, 20, 24]
    !! not UC: [0, 1, 2, 4, 5, 6, 8, 9, 10, 12, 13, 14, 16, 17, 18, 20, 21, 22, 24, 25, 26, 28, 29]
    !! not UC: [0, 1, 2, 3, 4, 5, 6, 7, 8, 9, 10, 11, 16, 17, 18, 20, 22, 24, 26]
    !! not UC: [0, 1, 2, 3, 4, 5, 6, 8, 12, 16, 17, 18, 20, 24]
    !! not UC: [0, 1, 4]
    !! not UC: [0, 1, 2, 3, 8, 9, 16, 17, 18, 19, 24, 25]
    !! not UC: [0, 1, 2, 3, 4, 5, 6, 7, 16, 17, 18]
    !! not UC: [0, 1, 2, 4, 5, 6, 8, 9, 10, 12, 16, 17, 18, 24, 26]
    !! not UC: [0, 1, 2, 3, 4, 5, 6, 8, 9, 12, 16, 17, 18, 19, 20, 21, 22, 24, 25]
    !! not UC: [0, 1, 2, 3, 4, 5, 6, 7, 8, 9, 10, 11, 16, 17]
    !! not UC: [0, 1, 2, 3, 4, 5, 6, 8, 12, 16, 18, 20, 24, 28]
    !! not UC: [0, 1, 2, 3, 4, 5, 6, 7, 8, 9, 10, 12, 16, 17, 18, 19, 20, 24, 25, 26, 28]
    !! not UC: [0, 1, 2, 3, 4, 5, 8, 9, 10, 11, 16, 17, 24, 25]
    !! not UC: [0, 1, 2, 3, 4, 6, 8, 10, 12, 16, 20, 24, 28]
    !! not UC: [0, 1, 2, 3, 4, 5, 6, 7, 8, 9, 10, 12, 14, 16, 17, 18, 20, 22, 24]
    !! not UC: [0, 1, 2, 4, 5, 6, 8, 10, 12, 16, 20]
    !! not UC: [0, 1, 2, 3, 4, 6, 8, 9, 10, 16, 18, 24]
    !! not UC: [0, 1, 2, 3, 4, 5, 6, 7, 8, 9, 10, 11, 12, 13, 16, 17, 18, 19, 20, 22, 24, 25, 28]
    !! not UC: [0, 1, 2, 4, 5, 6, 8, 9, 12, 16, 17, 18, 20, 21, 24, 28]
    !! not UC: [0, 1, 2, 3, 4, 5, 6, 8, 10, 12, 14, 16, 18, 20, 22, 24, 28]
    !! not UC: [0, 1, 2, 3, 4, 6, 8, 9, 10, 12, 14, 16, 17, 18, 19, 20, 22, 24, 26, 28, 30]
    !! not UC: [0, 1, 2, 3, 4, 5, 6, 7, 8, 9, 10, 11, 12, 13, 16, 17, 18, 20, 21, 22]
    !! not UC: [0, 1, 2, 3, 4, 6, 8, 10, 12, 16, 18, 20]
    !! not UC: [0, 1, 2, 3, 4, 5, 8, 9, 10, 12, 13, 16, 17, 18, 19, 20, 21, 24, 25, 26]
    !! not UC: [0, 1, 2, 3, 4, 5, 6, 8, 9, 10, 11, 12, 14, 16, 17, 18, 19, 20]
    !! not UC: [0, 1, 2, 3, 4, 5, 6, 7, 8, 9, 10, 11, 12, 13, 16, 17, 18, 20, 21, 22, 24, 28]
    !! not UC: [0, 1, 2, 3, 4, 5, 6, 8, 9, 10, 11, 16, 17, 24, 25]
    !! not UC: [0, 1, 2, 3, 4, 5, 8, 9, 10, 12, 13, 16, 17, 18, 20, 21, 24]
    !! not UC: [0, 1, 2, 3, 4, 5, 6, 8, 9, 10, 11, 12, 13, 16, 17, 20, 24]
    !! not UC: [0, 1, 2, 4, 8, 9, 12, 16, 17, 18, 20]
    !! not UC: [0, 1, 2, 3, 4, 6, 16, 20]
    !! not UC: [0, 1, 2, 4, 6, 8, 12, 16, 18, 20, 22, 24]
    !! not UC: [0, 1, 2, 3, 8, 9, 10, 16, 17, 18, 19]
    !! not UC: [0, 1, 2, 3, 4, 5, 6, 7, 8, 9, 10, 12, 13, 14, 16, 17, 20, 24, 25, 28]
    !! not UC: [0, 1, 2, 3, 4, 5, 8, 9, 10, 12, 13, 16, 17, 20, 21]
    !! not UC: [0, 1, 2, 3, 4, 5, 6, 7, 8, 10, 12, 14, 16, 17, 18, 20, 21, 22, 24, 26, 28]
    !! not UC: [0, 1, 2, 3, 4, 5, 8, 10, 16, 17, 18, 19, 24]
    !! not UC: [0, 1, 2, 3, 4, 5, 6, 8, 9, 10, 11, 12, 13, 14, 16, 17, 18, 19, 20, 21, 24, 25, 26, 27]
    !! not UC: [0, 1, 2, 3, 4, 5, 6, 8, 9, 10, 11, 12, 14, 16, 17, 18, 20, 22, 24, 28]
    !! not UC: [0, 1, 2, 3, 4, 5, 6, 7, 8, 9, 10, 11, 12, 16, 17, 18, 20, 21, 22, 24, 25, 28]
    !! not UC: [0, 1, 2, 3, 4, 5, 6, 7, 8, 9, 10, 12, 13, 16, 18, 20, 22, 24, 28]
    !! not UC: [0, 1, 2, 3, 4, 5, 6, 8, 9, 10, 12, 13, 16, 17, 20, 21, 24]
    !! not UC: [0, 1, 2, 3, 4, 5, 6, 8, 10, 12, 14, 16, 17, 18, 19, 20, 24, 26, 28]
    !! not UC: [0, 1, 2, 3, 4, 8, 10, 12, 16, 17, 20, 24, 28]
    !! not UC: [0, 2]
    !! not UC: [0, 1, 2, 3, 4, 5, 6, 8, 10, 12, 14, 16, 17, 18, 20, 24]
    !! not UC: [0, 1, 2, 3, 4, 5, 6, 8, 9, 10, 11, 16, 17, 18, 19, 20, 24, 25, 26, 27]
    !! not UC: [0, 1, 2, 3, 4, 5, 6, 7, 8, 9, 10, 11, 12, 13, 14, 16, 17, 18, 19, 20, 24, 26, 28]
    !! not UC: [0, 1, 2, 4, 5, 6, 8, 9, 12, 13, 16, 18]
    !! not UC: [0, 1, 2, 3, 4, 5, 8, 10, 16, 17, 18, 20, 24, 26]
    !! not UC: [0, 1, 2, 4, 5, 6, 16, 17, 20, 21]
    !! not UC: [0, 1, 2, 3, 4, 5, 6, 8, 9, 10, 11, 12, 14, 16, 17, 18, 20, 21, 22, 24, 25, 28]
    !! not UC: [0, 1, 2, 3, 4, 5, 8, 9, 10, 11, 12, 13, 16, 17, 18, 20, 24, 25, 26, 28]
    !! not UC: [0, 1, 2, 3, 4, 5, 8, 10, 12, 16, 17, 18, 20, 21, 24, 28]
    !! not UC: [0, 1, 2, 3, 4, 5, 6, 7, 8, 9, 10, 11, 12, 13, 14, 16, 18, 20, 24, 26]
    !! not UC: [0, 1, 2, 3, 4, 6, 8, 9, 10, 11, 12, 16, 17, 20]
    !! not UC: [0, 1, 2, 3, 4, 5, 6, 7, 8, 10, 12, 14, 16, 17, 24]
    !! not UC: [0, 1, 2, 3, 4, 5, 6, 7, 8, 9, 12, 16, 17, 18, 20, 21, 24, 25]
    !! not UC: [0, 1, 2, 3, 4, 5, 6, 8, 9, 10, 11, 12, 13, 14, 16, 17, 18, 20, 21, 22, 24, 25, 26]
    !! not UC: [0, 1, 2, 3, 4, 5, 6, 7, 8, 9, 10, 11, 12, 13, 14, 15, 16, 18, 20, 24]
    !! not UC: [0, 1, 2, 3, 4, 5, 6, 8, 9, 12, 16, 17, 20, 21, 24, 25, 28]
    !! not UC: [0, 1, 2, 3, 4, 5, 6, 7, 8, 9, 10, 12, 13, 14, 16, 17, 18, 20, 22, 24, 25, 28]
    !! not UC: [0, 1, 2, 3, 4, 5, 6, 7, 8, 9, 10, 11, 12, 13, 14, 15, 16, 17, 18]
    !! not UC: [0, 1, 2, 3, 4, 5, 6, 8, 16, 18]
    !! not UC: [0, 2, 4, 8, 16, 20]
    !! not UC: [0, 1, 2, 3, 4, 5, 6, 7, 8, 9, 10, 11, 12, 13, 16, 17, 20, 24, 28]
    !! not UC: [0, 1, 2, 4, 5, 6, 8, 9, 10, 12, 16, 17, 18, 20, 21, 22, 24, 25, 28]
    !! not UC: [0, 1, 2, 4, 6, 8, 10, 12, 14, 16, 18, 20, 22, 24]
    !! not UC: [0, 1, 2, 3, 4, 5, 6, 8, 9, 10, 11, 12, 14, 16, 17, 18, 19, 20, 21, 22]
    !! not UC: [0, 1, 4, 5, 8, 16, 17, 20, 21]
    !! not UC: [0, 1, 2, 4, 5, 8, 9, 12, 13, 16, 17, 18, 20, 21, 24, 25, 28, 29]
    !! not UC: [0, 1, 2, 3, 4, 5, 6, 7, 8, 9, 10, 12, 13, 16, 17, 18, 19, 20, 21, 22, 24, 25, 26, 28]
    !! not UC: [0, 1, 2, 3, 4, 5, 6, 8, 9, 10, 11, 12, 13, 14, 16, 17, 24]
    !! not UC: [0, 1, 2, 3, 4, 5, 8, 10, 16]
    !! not UC: [0, 1, 2, 3, 4, 5, 6, 8, 9, 10, 12, 14, 16, 17, 18, 19, 20, 24, 26]
    !! not UC: [0, 1, 2, 3, 4, 5, 6, 8, 9, 12, 13, 16, 17, 20, 21, 24, 28]
    !! not UC: [0, 1, 2, 3, 4, 5, 8, 10, 12, 16, 17, 20]
    !! not UC: [0, 1, 2, 3, 4, 5, 6, 7, 8, 9, 10, 11, 12, 13, 14, 16, 17, 18, 20, 21, 22, 24, 25]
    !! not UC: [0, 1, 2, 4, 5, 8, 12, 16, 17, 18]
    !! not UC: [0, 1, 2, 4, 5, 6, 8, 9, 10, 12, 16, 17, 18, 20, 24, 26, 28]
    !! not UC: [0, 1, 2, 3, 4, 6, 8, 9, 10, 11, 12, 16, 17, 18, 20]
    !! not UC: [0, 1, 2, 3, 4, 6, 8, 9, 10, 12, 16, 17, 24]
    !! not UC: [0, 1, 2, 3, 4, 6, 8, 9, 10, 11, 12, 16, 17, 18, 19, 20, 24, 28]
    !! not UC: [0, 1, 2, 3, 4, 6, 16, 17, 20]
    !! not UC: [0, 1, 2, 4, 5, 6, 8, 10, 12, 16, 17, 18, 24, 26]
    !! not UC: [0, 1, 2, 3, 8, 9, 10, 16, 18, 24, 26]
    !! not UC: [0, 1, 4, 5, 16, 17, 20]
    !! not UC: [0, 1, 2, 3, 8, 9, 10, 11, 16]
    !! not UC: [0, 1, 2, 3, 4, 6, 8, 9, 10, 11, 12, 14, 16, 17, 18, 19, 20, 22, 24, 25, 26]
    !! not UC: [0, 1, 2, 3, 4, 6, 8, 9, 16, 18, 20, 24]
    !! not UC: [0, 1, 2, 3, 4, 5, 8, 9, 10, 12, 16, 17, 18, 20, 21, 24]
    !! not UC: [0, 1, 2, 3, 4, 5, 6, 7, 8, 9, 16, 20, 24]
    !! not UC: [0, 1, 2, 3, 4, 5, 6, 8, 9, 10, 12, 16, 17, 18, 19, 20, 24, 25, 26]
    !! not UC: [0, 1, 2, 3, 4, 6, 8, 9, 10, 11, 16, 17, 18, 19, 20, 24]
    !! not UC: [0, 1, 2, 4, 5, 6, 8, 16, 17, 18, 20, 22]
    !! not UC: [0, 1, 2, 3, 4, 8, 9, 10, 12, 16]
    !! not UC: [0, 1, 2, 3, 4, 5, 6, 8, 9, 10, 12, 13, 16, 17, 18, 20, 21, 22, 24, 25, 28, 29]
    !! not UC: [0, 1, 2, 4, 5, 6, 8, 9, 12, 13, 16, 20]
    !! not UC: [0, 1, 2, 3, 4, 5, 6, 7, 8, 9, 10, 11, 12, 13, 14, 16, 17, 18, 19, 20, 21, 22]
    !! not UC: [0, 1, 2, 3, 4, 5, 6, 7, 8, 9, 10, 11, 12, 16, 17, 18, 20, 21, 24, 25, 26, 28]
    !! not UC: [0, 1, 2, 4, 5, 8, 10, 16, 18, 20, 24]
    !! not UC: [0, 1, 2, 4, 6, 8, 9, 10, 12, 14, 16, 17, 18, 20, 24, 28]
    !! not UC: [0, 1, 2, 4, 5, 8, 9, 10, 12, 16, 17, 18, 24, 26]
    !! not UC: [0, 1, 2, 3, 4, 5, 6, 8, 9, 10, 16, 17, 18, 20, 22, 24, 26]
    !! not UC: [0, 1, 2, 3, 4, 5, 6, 8, 9, 10, 11, 12, 13, 14, 16, 17, 18, 20, 21, 22, 24, 25]
    !! not UC: [0, 1, 2, 3, 4, 5, 6, 7, 8, 9, 10, 16, 17, 18, 19, 20, 22, 24, 26]
    !! not UC: [0, 1, 2, 3, 4, 5, 6, 8, 9, 10, 16, 17, 18, 20, 24, 26]
    !! not UC: [0, 1, 2, 3, 4, 5, 6, 8, 9, 10, 12, 14, 16, 17, 18, 19, 20, 21]
    !! not UC: [0, 1, 2, 4, 6, 8, 10, 12, 16, 18, 20, 24, 26]
    !! not UC: [0, 1, 2, 3, 4, 5, 6, 7, 8, 9, 10, 11, 12, 13, 16, 17, 18, 19, 20, 21, 24, 25, 26, 27, 28, 29]
    !! not UC: [0, 1, 2, 3, 4, 5, 6, 8, 9, 10, 11, 12, 16, 17, 20, 24, 25]
    !! not UC: [0, 1, 2, 4, 5, 6, 8, 9, 10, 12, 13, 16, 17, 18, 20, 21, 24, 25]
    !! not UC: [0, 1, 2, 4, 5, 6, 8, 9, 10, 12, 16, 17, 20, 24, 28]
    !! not UC: [0, 1, 2, 3, 4, 5, 6, 8, 9, 10, 11, 12, 16, 17, 18, 19, 20, 24, 25, 26, 27, 28]
    !! not UC: [0, 1, 2, 3, 4, 5, 6, 7, 8, 9, 10, 11, 12, 13, 14]
    !! not UC: [0, 1, 2, 3, 4, 5, 6, 7, 8, 9, 10, 11, 12, 16, 17, 18, 19, 24, 25, 26, 27]
    !! not UC: [0, 1, 2, 3, 4, 5, 8, 9, 12, 16, 17, 18, 19, 20, 21, 24, 25, 28]
    !! not UC: [0, 1, 2, 16, 18]
    !! not UC: [0, 1, 2, 4, 5, 8, 9, 12, 13, 16, 18, 20]
    !! not UC: [0, 1, 2, 3, 4, 5, 6, 8, 9, 10, 11, 12, 13, 14, 16, 18, 20, 22]
    !! not UC: [0, 1, 4, 8, 9, 12, 16, 17, 20, 24, 28]
    !! not UC: [0, 1, 2, 3, 4, 8, 10, 12, 16, 20]
    !! not UC: [0, 1, 2, 3, 4, 5, 6, 8, 9, 10, 11, 16, 18, 20, 22, 24]
    !! not UC: [0, 1, 2, 3, 4, 6, 8, 10, 12, 14, 16, 17, 18, 20, 24]
    !! not UC: [0, 1, 2, 3, 4, 5, 6, 7, 8, 9, 10, 12, 16, 18, 20, 22, 24, 28]
    !! not UC: [0, 1, 2, 4, 6, 8, 10, 12, 14, 16, 17, 20, 24, 28]
    !! not UC: [0, 1, 2, 4, 5, 8, 10, 16, 20, 24]
    !! not UC: [0, 1, 2, 4, 5, 6, 8, 9, 10, 12, 14, 16, 17, 20, 21, 24]
    !! not UC: [0, 1, 2, 3, 4, 5, 6, 7, 8, 9, 10, 11, 12, 13, 14, 15, 16, 17, 18, 19, 20, 21, 22, 23, 24, 28]
    !! not UC: [0, 1, 2, 3, 4, 5, 6, 8, 9, 10, 11, 12, 16, 17, 18, 24]
    !! not UC: [0, 1, 4, 8, 9, 12, 16, 17, 24]
    !! not UC: [0, 1, 2, 3, 4, 5, 6, 8, 9, 10, 11, 12, 16]
    !! not UC: [0, 1, 2, 3, 4, 5, 6, 7, 8, 9, 12, 13, 16, 17, 18, 20, 21, 24, 28]
    !! not UC: [0, 1, 2, 3, 4, 5, 8, 16, 17, 18, 20, 21]
    !! not UC: [0, 1, 2, 3, 4, 5, 6, 8, 9, 10, 11, 12, 13, 16, 17, 18, 19, 20, 24, 25, 26]
    !! not UC: [0, 1, 2, 3, 4, 5, 6, 8, 9, 10, 11, 12, 13, 16, 17, 18, 20, 22, 24]
    !! not UC: [0, 1, 2, 3, 4, 5, 6, 8, 9, 12, 13, 16, 17, 20, 21, 24, 25, 28, 29]
    !! not UC: [0, 1, 2, 3, 4, 5, 6, 7, 8, 9, 10, 11, 12, 13, 14, 15, 16, 17, 18, 20]
    !! not UC: [0, 1, 4, 5, 8, 9, 12, 16, 20, 24, 28]
    !! not UC: [0, 1, 2, 3, 4, 5, 6, 8, 9, 10, 12, 13, 14, 16, 17, 18, 19, 20, 24, 25, 26, 28]
    !! not UC: [0, 1, 2, 3, 4, 5, 6, 7, 8, 9, 10, 11, 12, 13, 14, 15, 16, 17, 18, 20, 24, 28]
    !! not UC: [0, 1, 2, 4, 6, 8, 9, 10, 12, 16, 20, 24, 28]
    !! not UC: [0, 1, 2, 4, 5, 6, 8, 10, 16, 17, 18, 20, 22, 24]
    !! not UC: [0, 8]
    !! not UC: [0, 1, 2, 3, 4, 5, 6, 8, 9, 10, 12, 13, 14, 16, 17, 18, 19, 20, 21, 22, 24, 25, 26]
    !! not UC: [0, 1, 2, 3, 4, 5, 6, 8, 9, 10, 12, 13, 14, 16, 17, 24, 25]
    !! not UC: [0, 1, 2, 3, 4, 6, 8, 9, 10, 12, 16, 18, 20, 24, 26, 28]
    !! not UC: [0, 1, 2, 3, 4, 5, 6, 8, 9, 16, 17, 18, 19, 20, 21, 22, 24, 25]
    !! not UC: [0, 1, 2, 3, 4, 5, 6, 8, 9, 12, 13, 16, 20, 24, 28]
    !! not UC: [0, 1, 2, 3, 4, 5, 6, 8, 9, 10, 11, 12, 16, 17, 18, 20, 22, 24, 25]
    !! not UC: [0, 1, 2, 3, 4, 8, 9, 10, 11, 16, 17, 18, 20, 24]
    !! not UC: [0, 1, 2, 3, 4, 5, 6, 7, 8, 9, 10, 11, 12, 13, 14, 16, 17, 18, 19, 20, 21, 22, 23, 24, 25, 26, 27, 28, 29, 30]
    !! not UC: [0, 1, 2, 4, 6, 8, 9, 12, 16, 17, 18, 20, 22, 24]
    !! not UC: [0, 1, 2, 3, 4, 5, 6, 7, 8, 9, 10, 12, 13, 16, 17, 18, 20, 22, 24, 25, 26]
    !! not UC: [0, 1, 2, 3, 4, 5, 6, 8, 9, 10, 12, 14, 16, 17, 18, 20, 24]
    !! not UC: [0, 1, 2, 3, 4, 5, 6, 7, 8, 9, 10, 12, 14, 16, 17, 18, 19, 20, 24]
    !! not UC: [0, 1, 2, 3, 4, 5, 6, 8, 16, 20]
    !! not UC: [0, 1, 2, 3, 4, 5, 6, 8, 9, 10, 11, 12, 16, 17, 18, 20, 21, 24, 26, 28]
    !! not UC: [0, 1, 2, 3, 4, 6, 8, 9, 10, 11, 12, 14, 16, 17, 18, 19, 20, 22, 24, 26]
    !! not UC: [0, 1, 2, 3, 4, 5, 6, 7, 8, 9, 10, 12, 16, 17, 20, 24, 28]
    !! not UC: [0, 1, 2, 3, 4, 5, 6, 8, 9, 10, 11, 12, 13, 14, 16, 17, 18, 19, 20, 21, 22, 24, 25, 26, 28, 29]
    !! not UC: [0, 1, 2, 4, 8, 9, 10, 12, 16, 17, 20, 24, 25, 28]
    !! not UC: [0, 1, 2, 3, 4, 5, 6, 8, 9, 10, 11, 12, 13, 14, 16, 17, 18, 19, 20, 21, 24, 25, 28, 29]
    !! not UC: [0, 1, 2, 3, 4, 5, 6, 7, 8, 9, 10, 11, 12, 14, 16, 17, 18, 19, 20, 22, 24, 25, 26]
    !! not UC: [0, 1, 2, 3, 4, 6, 8, 9, 10, 12, 16, 17, 18, 19, 20, 22, 24, 25, 26]
    !! not UC: [0, 1, 2, 3, 4, 6, 8, 9, 10, 12, 16, 17, 18, 19, 20]
    !! not UC: [0, 1, 2, 3, 4, 5, 6, 7, 8, 9, 10, 11, 12, 13, 14, 16, 17, 18, 20, 22]
    !! not UC: [0, 1, 2, 3, 4, 5, 6, 8, 9, 12, 16, 17, 18, 24, 25]
    !! not UC: [0, 1, 2, 3, 4, 5, 6, 8, 9, 10, 11, 12, 16, 18, 24]
    !! not UC: [0, 1, 2, 3, 4, 5, 8, 9, 10, 11, 12, 13, 16, 20, 24]
    !! not UC: [0, 1, 2, 4, 5, 6, 8, 9, 10, 12, 13, 16, 18, 20, 22, 24, 28]
    !! not UC: [0, 1, 2, 3, 4, 5, 6, 7, 8, 10, 12, 16, 18]
    !! not UC: [0, 1, 2, 3, 4, 5, 6, 7, 8, 9, 10, 11, 12, 13, 14, 16, 17, 18, 19, 20, 21, 24, 25]
    !! not UC: [0, 1, 2, 3, 4, 5, 6, 7, 8, 9, 10, 12, 13, 14, 16, 17, 18, 19, 20, 21, 22, 23, 24, 25, 26]
    !! not UC: [0, 1, 2, 3, 4, 5, 6, 7, 8, 9, 10, 11, 16, 18, 24]
    !! not UC: [0, 1, 2, 3, 4, 5, 8, 9, 16, 17, 20, 21, 24]
    !! not UC: [0, 1, 2, 3, 4, 5, 6, 8, 9, 10, 12, 13, 14, 16, 17, 18, 20, 21, 22, 24, 25, 28, 29]
    !! not UC: [0, 1, 2, 4, 5, 6, 8, 9, 12, 13, 16, 17, 18, 20, 21, 22, 24, 25, 28]
    !! not UC: [0, 1, 2, 3, 4, 5, 6, 8, 10, 12, 16, 17, 20, 21, 24, 28]
    !! not UC: [0, 1, 2, 3, 4, 5, 6, 7, 8, 10, 12, 14, 16, 18, 20, 22, 24]
    !! not UC: [0, 1, 2, 3, 4, 5, 6, 7, 8, 10, 12, 16, 17, 18, 20, 21, 24]
    !! not UC: [0, 1, 2, 3, 4, 5, 6, 8, 12, 16, 17, 18, 20, 22, 24]
    !! not UC: [0, 1, 2, 3, 4, 6, 8, 9, 10, 11, 12, 14, 16, 17, 18, 19, 24, 26]
    !! not UC: [0, 1, 2, 3, 4, 5, 6, 7, 8, 9, 10, 11, 12, 14, 16, 17, 18, 24]
    !! not UC: [0, 1, 2, 3, 4, 6, 8, 9, 10, 12, 16, 17, 18, 20, 22, 24, 25]
    !! not UC: [0, 1, 2, 3, 4, 8, 9, 10, 16, 17, 18, 20]
    !! not UC: [0, 1, 2, 4, 5, 8, 10, 12, 16, 17, 24]
    !! not UC: [0, 1, 2, 3, 4, 5, 6, 7, 8, 9, 10, 11, 12, 14, 16, 17, 18, 19, 20, 21, 22, 24, 25]
    !! not UC: [0, 1, 2, 3, 4, 5, 6, 7, 8, 10, 16, 17, 18, 19, 20, 22]
    !! not UC: [0, 1, 2, 3, 4, 5, 6, 7, 8, 16, 20, 24]
    !! not UC: [0, 1, 2, 3, 4, 5, 6, 8, 9, 10, 11, 12, 13, 16, 17, 18, 20, 21, 22, 24, 26]
    !! not UC: [0, 1, 2, 4, 5, 6, 8, 9, 10, 12, 14, 16, 17, 18, 20, 22, 24, 25, 26, 28, 30]
    !! not UC: [0, 1, 2, 3, 4, 5, 6, 7, 8, 9, 10, 11, 16, 17, 18, 19, 20, 22, 24, 26]
    !! not UC: [0, 1, 2, 3, 4, 5, 6, 7, 8, 9, 10, 11, 12, 14, 16, 17, 18, 19, 20, 22, 24, 25, 26, 27, 28, 30]
    !! not UC: [0, 1, 2, 3, 4, 5, 8, 9, 10, 11, 12, 13, 16, 17, 18, 19, 20, 24, 25, 26, 28]
    !! not UC: [0, 1, 2, 3, 4, 5, 6, 7, 8, 9, 10, 12, 13, 14, 16, 17, 18, 20]
    !! not UC: [0, 1, 2, 3, 4, 5, 6, 7, 8, 9, 10, 12, 16, 20, 24, 28]
    !! not UC: [0, 1, 4, 8, 9, 16, 24]
    !! not UC: [0, 1, 2, 4, 6, 8, 9, 10, 12, 16, 17, 18, 20]
    !! not UC: [0, 1, 2, 3, 4, 5, 6, 8, 9, 10, 12, 14, 16, 18, 20, 24]
    !! not UC: [0, 1, 2, 3, 4, 5, 6, 8, 10, 16, 17, 18, 24]
    !! not UC: [0, 1, 2, 3, 4, 5, 6, 8, 9, 12, 16, 17, 18, 19, 24]
    !! not UC: [0, 1, 2, 3, 4, 5, 6, 7, 8, 9, 10, 12, 13, 16, 17, 24]
    !! not UC: [0, 1, 4, 5, 8, 9]
    !! not UC: [0, 1, 2, 4, 5, 6, 8, 9, 10, 12, 13, 14, 16, 18, 20, 22, 24, 26, 28, 30]
    !! not UC: [0, 1, 2, 3]
    !! not UC: [0, 1, 2, 4, 5, 6, 8, 16, 17, 18, 20, 21, 22]
    !! not UC: [0, 1, 2, 3, 4, 5, 8, 9, 10, 12, 13, 16, 17, 18, 19, 20, 24, 26, 28]
    !! not UC: [0, 1, 2, 3, 4, 5, 6, 8, 9, 10, 12, 13, 16, 17, 18, 19, 20, 21, 24, 25, 26, 28, 29]
    !! not UC: [0, 1, 2, 3, 4, 5, 6, 8, 9, 10, 11, 12, 16, 17, 18, 20, 21, 22, 24, 25, 26]
    !! not UC: [0, 1, 2, 3, 4, 5, 6, 7, 8, 9, 10, 11, 12, 13, 14, 15, 16, 17, 18, 19, 20, 22, 24, 25, 26, 27, 28, 30]
    !! not UC: [0, 1, 2, 3, 4, 5, 6, 8, 9, 10, 12, 14, 16, 17, 18, 20, 22, 24, 25]
    !! not UC: [0, 1, 2, 3, 4, 5, 6, 8, 9, 10, 11, 12, 13, 16, 17, 18, 20, 21, 22, 24]
    !! not UC: [0, 1, 2, 3, 4, 5, 6, 8, 9, 10, 16, 17, 18, 19]
    !! not UC: [0, 1, 2, 3, 4, 5, 6, 8, 9, 10, 11, 12, 14, 16, 17, 18, 19, 20, 21, 22, 24, 25, 26, 27, 28, 30]
    !! not UC: [0, 1, 2, 4, 5, 8, 10, 12, 16, 18, 24, 26]
    !! not UC: [0, 1, 2, 3, 4, 5, 6, 8, 9, 10, 12, 13, 14, 16, 17, 18, 20, 22, 24, 25, 28]
    !! not UC: [0, 1, 2, 3, 4, 5, 6, 8, 9, 10, 11, 12, 13, 16, 17, 18, 19, 20, 21, 22, 24, 25, 26]
    !! not UC: [0, 1, 2, 3, 4, 5, 6, 7, 8, 9, 10, 11, 16, 17, 18, 24, 25, 26]
    !! not UC: [0, 1, 2, 4, 5, 8, 9, 10, 12, 13, 16, 17, 18, 20, 24, 25, 26]
    !! not UC: [0, 1, 2, 3, 4, 6, 8, 9, 10, 12, 14, 16, 17, 18, 19, 20, 22, 24, 25, 26]
    !! not UC: [0, 1, 2, 3, 8, 9, 16, 17, 24, 25]
    !! not UC: [0, 1, 4, 5, 8, 9, 12, 16, 17]
    !! not UC: [0, 1, 2, 3, 4, 5, 6, 7, 8, 9, 10, 11, 12, 13, 14, 16, 17, 18, 20, 22, 24, 26, 28, 30]
    !! not UC: [0, 1, 2, 3, 4, 5, 8, 9, 10, 12, 13, 16, 17, 18, 19, 20, 21, 24, 25, 28, 29]
    !! not UC: [0, 1, 2, 3, 4, 6, 8, 9, 10, 11, 12, 16, 17, 18, 20, 24, 26]
    !! not UC: [0, 1, 2, 3, 4, 5, 6, 7, 8, 9, 10, 12, 13, 16, 17, 18, 19, 20, 21, 22, 24]
    !! not UC: [0, 1, 2, 4, 5, 8, 16, 17, 24]
    !! not UC: [0, 1, 2, 3, 4, 5, 6, 7, 8, 9, 12, 13, 16, 17, 18, 19, 20, 21, 24, 28]
    !! not UC: [0, 1, 2, 3, 4, 5, 6, 7, 8, 9, 10, 11, 12, 13, 14, 16, 17, 18, 20, 21, 24, 26]
    !! not UC: [0, 1, 2, 3, 4, 5, 8, 9, 10, 12, 13, 16, 17, 18, 20, 24, 25, 26, 28]
    !! not UC: [0, 1, 2, 3, 4, 5, 8, 9, 10, 11, 12, 16, 17, 18, 20, 24]
    !! not UC: [0, 1, 2, 3, 4, 5, 6, 8, 9, 10, 12, 16, 17, 18, 20, 21, 22, 24, 25, 28]
    !! not UC: [0, 1, 2, 3, 4, 5, 6, 8, 9, 10, 11, 16, 17, 18, 19, 20, 21, 24]
    !! not UC: [0, 2, 4, 6, 16, 20]
    !! not UC: [0, 1, 2, 4, 5, 6, 8, 9, 10, 16, 18, 20, 22, 24, 26]
    !! not UC: [0, 1, 2, 3, 4, 5, 6, 8, 9, 10, 12, 13, 14, 16, 17, 18, 20, 21, 24]
    !! not UC: [0, 1, 2, 3, 4, 5, 6, 8, 9, 10, 11, 12, 13, 14, 16, 17, 18, 20, 22, 24, 25, 26]
    !! not UC: [0, 1, 2, 3, 4, 5, 6, 8, 9, 10, 11, 12, 13, 16, 18, 20, 22, 24]
    !! not UC: [0, 1, 2, 3, 4, 5, 6, 7, 8, 9, 10, 12, 13, 16, 17, 20, 21, 24, 28]
    !! not UC: [0, 1, 2, 4, 6, 8, 9, 10, 12, 16]
    !! not UC: [0, 1, 2, 4, 5, 6, 8, 9, 10, 12, 13, 14, 16, 17, 20, 24, 28]
    !! not UC: [0, 1, 2, 3, 4, 6, 8, 9, 10, 11, 12, 14, 16, 17, 18, 19, 20, 24, 25, 26, 27, 28]
    !! not UC: [0, 1, 2, 4, 5, 6, 8, 9, 10, 12, 13, 14, 16, 17, 18, 20, 24, 25, 28]
    !! not UC: [0, 1, 2, 3, 4, 5, 8, 9, 12, 13, 16, 20]
    !! not UC: [0, 1, 2, 4, 5, 6, 8, 9, 10, 12, 13, 14, 16, 17, 18, 20, 22, 24, 25]
    !! not UC: [0, 1, 2, 4, 6, 8, 10, 16, 18]
    !! not UC: [0, 1, 2, 3, 4, 5, 6, 7, 8, 9, 10, 11, 16, 17, 20, 21, 24, 25]
    !! not UC: [0, 1, 2, 3, 4, 5, 6, 7, 8, 9, 10, 11, 12, 16, 18, 20, 22, 24, 26]
    !! not UC: [0, 1, 2, 3, 4, 8, 9, 12, 16, 17, 18, 19, 20, 24]
    !! not UC: [0, 1, 2, 3, 4, 6, 8, 9, 10, 11, 12, 14, 16, 17, 18, 20, 22, 24, 25, 28]
    !! not UC: [0, 1, 2, 3, 4, 5, 6, 7, 8, 10, 12, 16, 20]
    !! not UC: [0, 1, 2, 3, 4, 5, 6, 7, 8, 12, 16, 17, 18, 20, 21, 22, 24]
    !! not UC: [0, 1, 2, 4, 6, 8, 9, 10, 12, 16, 17, 18, 20, 22]
    !! not UC: [0, 1, 2, 3, 4, 6, 8, 9, 10, 11, 12, 16, 17, 20, 24]
    !! not UC: [0, 1, 2, 3, 4, 6, 8, 10, 12, 16, 17, 18, 19, 24]
    !! not UC: [0, 1, 2, 3, 4, 8, 9, 10, 11, 16, 17, 24]
    !! not UC: [0, 1, 2, 3, 4, 5, 6, 7, 16, 17, 18, 19, 20, 22]
    !! not UC: [0, 1, 2, 3, 4, 5, 6, 8, 10, 16, 17, 18, 19, 20, 21]
    !! not UC: [0, 1, 2, 3, 4, 6, 8, 10, 12, 16, 17, 18]
    !! not UC: [0, 1, 2, 3, 4, 5, 6, 8, 9, 10, 11, 12, 13, 16, 17, 18, 19, 24, 26]
    !! not UC: [0, 1, 2, 3, 4, 5, 6, 8, 9, 10, 11, 12, 16, 17, 18, 20, 21, 22, 24, 26]
    !! not UC: [0, 1, 2, 3, 4, 6, 8, 9, 10, 11, 12, 14, 16]
    !! not UC: [0, 1, 2, 3, 4, 5, 6, 7, 8, 10, 12, 14, 16, 17, 18, 19, 20]
    !! not UC: [0, 1, 2, 3, 4, 5, 8, 9, 12, 16, 17, 18, 20, 24, 25, 28]
    !! not UC: [0, 1, 2, 3, 4, 5, 6, 8, 10, 12, 16, 17, 18, 20, 21, 22]
    !! not UC: [0, 1, 2, 4, 5, 6, 8, 9, 10, 12, 13, 14, 16, 17, 18, 20, 22, 24, 26, 28, 30]
    !! not UC: [0, 1, 2, 3, 4, 5, 6, 7, 8, 9, 10, 11, 12, 13, 14, 16, 17, 18, 20, 24, 25]
    !! not UC: [0, 1, 2, 3, 4, 5, 6, 7, 8, 9, 10, 11, 12, 13, 14, 15, 16, 17, 18, 20, 21, 24, 26]
    !! not UC: [0, 1, 2, 3, 4, 5, 8, 9, 10, 12, 16, 17, 18, 19, 24, 25, 26]
    !! not UC: [0, 1, 2, 4, 5, 6, 8, 10, 12, 14, 16, 17, 20, 24]
    !! not UC: [0, 1, 2, 3, 4, 5, 6, 8, 9, 10, 12, 16, 17, 20]
    !! not UC: [0, 1, 2, 3, 4, 5, 6, 7, 8, 9, 10, 11, 12, 14, 16, 17, 18, 19, 20, 21, 22, 23, 24, 25]
    !! not UC: [0, 1, 2, 3, 4, 5, 6, 8, 9, 10, 12, 14, 16, 17, 18, 19, 20]
    !! not UC: [0, 1, 2, 3, 4, 5, 6, 8, 9, 10, 11, 12, 16, 17, 20, 24, 25, 28]
    !! not UC: [0, 1, 2, 3, 4, 5, 6, 7, 8, 9, 10, 11, 12, 13, 14, 16, 17, 20, 24, 25, 28]
    !! not UC: [0, 1, 2, 3, 4, 5, 6, 7, 8, 16, 17]
    !! not UC: [0, 1, 2, 4, 5, 8, 9, 10, 12, 16, 17, 18, 20, 21, 24]
    !! not UC: [0, 1, 2, 3, 4, 5, 6, 8, 10, 12, 16, 17, 18, 19, 20, 24, 26]
    !! not UC: [0, 1, 2, 3, 4, 5, 8, 10, 16, 20, 24]
    !! not UC: [0, 1, 2, 4, 8, 10, 16, 17, 18]
    !! not UC: [0, 1, 2, 3, 4, 6, 8, 10, 12, 14, 16, 17, 18, 19, 20, 22, 24, 28]
    !! not UC: [0, 1, 2, 3, 4, 6, 8, 9, 10, 11, 12, 14, 16, 17, 20]
    !! not UC: [0, 1, 2, 3, 4, 5, 6, 7, 8, 9, 10, 11, 12, 13, 14, 16, 18, 20, 22, 24, 26]
    !! not UC: [0, 1, 2, 3, 4, 6, 8, 9, 10, 12, 14, 16, 17, 18, 24, 25]
    !! not UC: [0, 1, 2, 3, 8, 10, 16, 17, 24]
    !! not UC: [0, 1, 2, 3, 4, 5, 6, 8, 9, 10, 12, 14, 16, 17, 18, 19, 20, 21, 22, 24, 26, 28]
    !! not UC: [0, 1, 2, 3, 4, 5, 6, 7, 8, 12, 16, 20, 24, 28]
    !! not UC: [0, 1, 2, 3, 4, 5, 6, 8, 9, 10, 12, 13, 16, 17, 18, 19, 20, 21, 24, 26, 28]
    !! not UC: [0, 1, 2, 3, 4, 5, 6, 7, 8, 9, 16, 17, 20, 24, 25]
    !! not UC: [0, 1, 2, 4, 5, 8, 9, 10, 12, 13, 16, 17, 18, 20, 24, 26]
    !! not UC: [0, 1, 4, 8, 9, 12, 16]
    !! not UC: [0, 1, 2, 3, 4, 5, 8, 9, 10, 11, 12, 13, 16, 17, 18, 19, 20, 21, 24, 26]
    !! not UC: [0, 1, 2, 3, 4, 5, 6, 7, 8, 10, 12, 14, 16, 17, 18, 19, 20, 21, 22, 24, 26, 28]
    !! not UC: [0, 1, 2, 3, 4, 5, 6, 7, 8, 9, 10, 12, 13, 14, 16, 17, 18, 19, 24, 25]
    !! not UC: [0, 1, 2, 4, 5, 6, 8, 9, 10, 12, 14, 16, 17, 18, 20, 22, 24, 25, 26]
    !! not UC: [0, 1, 2, 3, 4, 5, 6, 7, 8, 9, 10, 12, 13, 14, 16, 17, 18, 19, 20, 21, 22, 23, 24, 26, 28, 30]
    !! not UC: [0, 1, 2, 3, 4, 5, 6, 16, 17, 18, 20, 21]
    !! not UC: [0, 1, 4, 5, 8, 9, 12, 16, 17, 20, 24, 25, 28]
    !! not UC: [0, 1, 2, 3, 4, 5, 6, 7, 8, 9, 10, 11, 12, 16, 17, 18, 20, 22, 24, 25, 28]
    !! not UC: [0, 1, 2, 4, 5, 8, 9, 10, 12, 16, 17, 18, 20, 24, 28]
    !! not UC: [0, 1, 2, 3, 4, 5, 6, 7, 8, 9, 10, 11, 12, 16, 17, 18, 20, 21, 22, 24, 25, 26]
    !! not UC: [0, 1, 2, 3, 4, 5, 6, 7, 8, 9, 10, 11, 12, 16, 17, 18, 19, 20, 22, 24]
    !! not UC: [0, 1, 2, 3, 4, 5, 6, 8, 9, 12, 16, 17, 18, 19, 24, 25]
    !! not UC: [0, 1, 2, 3, 4, 5, 8, 9, 10, 12, 13, 16, 17, 18, 20, 21, 24, 26]
    !! not UC: [0, 1, 2, 3, 4, 5, 6, 7, 8, 9, 10, 11, 12, 14, 16, 17, 18, 19, 20, 21, 22, 23, 24]
    !! not UC: [0, 1, 2, 4, 5, 8, 9, 12, 13, 16, 17, 20, 21, 24, 25, 28, 29]
    !! not UC: [0, 1, 2, 3, 4, 5, 8, 9, 10, 11, 12, 16, 17, 18, 19, 20, 24, 25, 26, 27]
    !! not UC: [0, 1, 2, 3, 4, 5, 6, 7, 8, 9, 12, 16, 18, 20, 24, 28]
    !! not UC: [0, 1, 2, 3, 4, 5, 6, 8, 16, 17, 18, 20, 24]
    !! not UC: [0, 1, 2, 4, 5, 8, 9, 12, 16, 17, 20, 24, 28]
    !! not UC: [0, 1, 2, 3, 4, 5, 6, 7, 8, 9, 12, 13, 16, 17, 20, 24]
    !! not UC: [0, 1, 2, 3, 4, 6, 8, 9, 10, 12, 14, 16, 17, 18, 20, 24]
    !! not UC: [0, 1, 2, 3, 4, 5, 6, 7, 8, 9, 12, 16, 17, 18, 20, 22, 24, 25]
    !! not UC: [0, 1, 2, 3, 4, 6, 8, 9, 10, 11, 16, 17, 18, 19, 20, 22]
    !! not UC: [0, 1, 2, 3, 4, 5, 8, 9, 12, 13, 16, 17, 20, 24]
    !! not UC: [0, 1, 2, 3, 4, 6, 8, 12, 16, 17, 18, 24]
    !! not UC: [0, 1, 2, 3, 4, 5, 6, 7, 8, 9, 10, 12, 16, 17, 18, 20, 21, 22, 24, 26, 28]
    !! not UC: [0, 1, 2, 3, 4, 5, 6, 7, 8, 9, 10, 12, 16, 17, 18, 19, 20, 21, 24, 26, 28]
    !! not UC: [0, 1, 2, 3, 4, 5, 6, 7, 8, 9, 10, 11, 12, 16, 17, 18, 19, 20, 21, 22, 23, 24, 25, 26, 27]
    !! not UC: [0, 1, 2, 3, 4, 5, 8, 9, 10, 11, 12, 13, 16, 17, 18, 19, 20, 21, 24, 25, 26, 27, 28]
    !! not UC: [0, 1, 2, 3, 4, 8, 9, 10, 12, 16, 17, 20, 24, 28]
    !! not UC: [0, 1, 2, 3, 4, 5, 6, 8, 9, 10, 11, 12, 13, 16, 20, 24]
    !! not UC: [0, 1, 2, 3, 4, 6, 8, 16]
    !! not UC: [0, 1, 2, 3, 4, 5, 6, 7, 8, 9, 10, 11, 12, 13, 16, 17, 18, 19, 20, 21, 22, 24, 28]
    !! not UC: [0, 1, 2, 3, 4, 5, 6, 7, 8, 10, 16, 17, 18, 19, 20, 22, 24]
    !! not UC: [0, 1, 2, 3, 4, 5, 6, 7, 8, 10, 16, 17, 18, 19, 20, 22, 24, 26]
    !! not UC: [0, 1, 2, 4, 8, 9, 10, 12, 16, 17, 20]
    !! not UC: [0, 1, 2, 3, 4, 5, 6, 7, 8, 9, 10, 12, 13, 14, 16, 17, 18, 19, 20, 22, 24, 26, 28, 30]
    !! not UC: [0, 1, 2, 3, 4, 5, 6, 8, 9, 10, 11, 12, 13, 16, 17, 18, 19, 20, 21, 22, 24, 25, 26, 27, 28]
    !! not UC: [0, 1, 2, 4, 8, 9, 10, 16, 18, 24]
    !! not UC: [0, 1, 2, 3, 4, 6, 8, 9, 10, 11, 16, 17, 18, 19, 24]
    !! not UC: [0, 1, 2, 3, 4, 5, 6, 7, 8, 9, 10, 11, 12, 14, 16, 17, 18, 20, 21]
    !! not UC: [0, 1, 2, 3, 4, 5, 6, 8, 9, 10, 12, 13, 16, 17, 18, 19, 24, 25, 26]
    !! not UC: [0, 1, 2, 3, 4, 5, 6, 7, 8, 12, 16, 17, 18, 20, 21, 22, 24, 28]
    !! not UC: [0, 1, 2, 3, 4, 5, 6, 8, 10, 12, 16, 17, 18, 19, 20, 22, 24, 26]
    !! not UC: [0, 1, 2, 3, 4, 6, 8, 9, 10, 12, 16, 17, 18, 19, 20, 24, 25, 26, 28]
    !! not UC: [0, 1, 2, 3, 4, 6, 8, 9, 10, 12, 14, 16, 17, 18, 19, 20, 22]
    !! not UC: [0, 1, 2, 3, 4, 5, 6, 7, 8, 10, 12, 14, 16, 20, 24, 28]
    !! not UC: [0, 1, 2, 3, 4, 5, 6, 8, 9, 10, 11, 12, 13, 14, 16, 17, 18, 19, 20, 22, 24, 26, 28, 30]
    !! not UC: [0, 1, 2, 4, 5, 6, 8, 10, 12, 16, 18, 20, 24, 26]
    !! not UC: [0, 1, 2, 3, 4, 5, 6, 7, 8, 9, 10, 12, 16, 17, 18, 19, 24, 25]
    !! not UC: [0, 1, 2, 8, 9, 10, 16, 17, 18, 24, 25, 26]
    !! not UC: [0, 1, 2, 4, 5, 8, 10, 12, 16, 18, 20, 24, 28]
    !! not UC: [0, 1, 2, 3, 4, 8, 10, 16, 17, 18, 19, 20, 24]
    !! not UC: [0, 1, 2, 4, 8, 12, 16, 17, 18, 20, 24, 28]
    !! not UC: [0, 1, 2, 4, 5, 16, 17, 20, 21]
    !! not UC: [0, 1, 2, 4, 5, 6, 8, 9, 10, 12]
    !! not UC: [0, 1, 2, 3, 4, 5, 6, 7, 8, 9, 10, 12, 13, 14, 16, 17, 18, 19, 20, 21, 22, 24, 25, 28, 29]
    !! not UC: [0, 1, 2, 3, 4, 5, 8, 9, 12, 16, 18, 20]
    !! not UC: [0, 1, 2, 3, 4, 5, 6, 7, 8, 9, 10, 11, 12, 13, 14, 16, 17, 18, 20, 24, 26, 28]
    !! not UC: [0, 1, 2, 3, 4, 5, 6, 8, 9, 10, 11, 12, 14, 16, 17, 18, 19, 20, 21, 22, 24, 26]
    !! not UC: [0, 1, 2, 4, 5, 6, 8, 9, 10, 12, 14, 16, 18, 20, 22, 24, 26, 28, 30]
    !! not UC: [0, 1, 2, 3, 4, 8, 9, 10, 16, 18, 20, 24, 26]
    !! not UC: [0, 1, 2, 3, 4, 5, 6, 8, 9, 10, 11, 12, 14, 16, 17, 18, 20, 21, 22, 24, 25, 26, 28, 30]
    !! not UC: [0, 1, 2, 4, 5, 6, 8, 9, 16, 17, 18, 20, 21]
    !! not UC: [0, 1, 2, 3, 4, 5, 6, 8, 9, 10, 11, 12, 14, 16, 17, 18, 19, 20, 21, 22, 24, 25, 28]
    !! not UC: [0, 1, 2, 3, 4, 5, 6, 7, 8, 10, 12, 16, 17, 18, 20, 21, 24, 26]
    !! not UC: [0, 1, 2, 3, 4, 6, 8, 9, 10, 11, 12, 14, 16, 17, 18, 19, 20, 24, 26, 28]
    !! not UC: [0, 1, 2, 3, 4, 5, 6, 7, 8, 9, 10, 12, 13, 14, 16, 17, 18, 19, 20, 21, 22, 23, 24, 25, 28]
    !! not UC: [0, 1, 2, 3, 4, 5, 6, 8, 9, 10, 11, 16, 18, 20]
    !! not UC: [0, 1, 2, 3, 4, 5, 6, 7, 8, 9, 10, 12, 16, 17, 20, 21, 24, 25]
    !! not UC: [0, 1, 2, 4, 5, 8, 9, 12, 13, 16, 17, 18]
    !! not UC: [0, 1, 4, 8]
    !! not UC: [0, 1, 2, 4, 5, 8, 10]
    !! not UC: [0, 1, 2, 3, 4, 5, 6, 7, 8, 9, 10, 12, 16, 17, 18, 20, 22]
    !! not UC: [0, 1, 2, 3, 4, 8, 9, 10, 12, 16, 18, 20, 24, 26, 28]
    !! not UC: [0, 1, 2, 3, 4, 5, 6, 8, 9, 10, 12, 13, 14, 16, 17, 18, 20, 21, 22, 24, 26]
    !! not UC: [0, 1, 2, 3, 4, 5, 6, 7, 8, 9, 10, 12, 13, 16, 17, 18, 20, 21, 22, 24, 28]
    !! not UC: [0, 1, 2, 3, 4, 6, 8, 10, 12, 16, 17, 18, 20, 24, 26, 28]
    !! not UC: [0, 1, 2, 3, 4, 5, 6, 8, 9, 10, 11, 12, 13, 14, 16, 17, 18, 19, 20, 22]
    !! not UC: [0, 1, 2, 3, 4, 5, 6, 8, 9, 10, 11, 12, 13, 16, 17, 18, 19, 20, 22, 24, 25]
    !! not UC: [0, 1, 2, 3, 4, 8, 12, 16, 18, 24]
    !! not UC: [0, 1, 2, 4, 5, 8, 10, 12, 16, 17, 18, 20, 24, 26]
    !! not UC: [0, 1, 2, 4, 6, 8, 9, 10, 12, 14, 16, 17, 18, 20, 22, 24, 26, 28, 30]
    !! not UC: [0, 1, 2, 3, 4, 5, 6, 7, 8, 9, 10, 12, 14, 16, 18, 20, 24]
    !! not UC: [0, 1, 2, 3, 4, 5, 6, 8, 9, 10, 11, 16, 17, 18, 19, 20]
    !! not UC: [0, 1, 2, 3, 4, 5, 8, 9, 10, 11, 12, 13, 16, 18, 20, 24, 28]
    !! not UC: [0, 1, 2, 4, 5, 8, 9, 10, 16, 17, 24]
    !! not UC: [0, 1, 2, 3, 4, 5, 6, 7, 8, 9, 10, 11, 12, 14, 16, 17, 18, 19, 20, 22, 24]
    !! not UC: [0, 1, 2, 3, 4, 6, 8, 10, 16, 20]
    !! not UC: [0, 1, 2, 3, 4, 5, 6, 7, 8, 12, 16, 18, 20, 22]
    !! not UC: [0, 1, 2, 3, 4, 5, 6, 7, 8, 9, 10, 12, 13, 14, 16, 18, 24, 26]
    !! not UC: [0, 1, 2, 3, 4, 5, 8, 9, 10, 11, 16, 17, 18, 19]
    !! not UC: [0, 1, 2, 3, 4, 5, 6, 7, 8, 12]
    !! not UC: [0, 1, 2, 4, 6, 8, 10, 12, 14, 16, 18, 20, 24]
    !! not UC: [0, 1, 2, 3, 4, 5, 6, 8, 9, 10, 11, 12, 14, 16, 17, 18, 19, 20, 24, 26, 28]
    !! not UC: [0, 1, 2, 4, 5, 6, 8, 16, 17, 20, 24]
    !! not UC: [0, 1, 2, 3, 4, 5, 6, 8, 9, 10, 11, 12, 13, 14, 16, 17, 18, 19, 20, 21, 24, 28]
    !! not UC: [0, 1, 2, 3, 4, 5, 6, 8, 10, 12, 14, 16, 17, 18, 20, 24, 28]
    !! not UC: [0, 1, 2, 3, 4, 5, 6, 7, 8, 10, 12, 14, 16, 17, 18, 19, 20, 24, 28]
    !! not UC: [0, 1, 2, 4, 8, 9, 10, 12, 16, 17, 20, 24, 25]
    !! not UC: [0, 1, 2, 3, 4, 5, 6, 8, 9, 10, 12, 13, 16, 17, 18, 19, 20, 21, 22, 24, 28]
    !! not UC: [0, 1, 2, 4, 6, 8, 10, 12, 14, 16, 18, 20, 22, 24, 26, 28, 30]
    !! not UC: [0, 1, 4, 5, 8, 12, 16, 17]
    !! not UC: [0, 1, 2, 3, 4, 5, 6, 8, 9, 10, 11, 12, 13, 16, 17, 18, 20, 21, 24, 26, 28]
    !! not UC: [0, 1, 2, 3, 4, 5, 6, 7, 8, 9, 10, 11, 12, 13, 16, 18, 20, 22, 24, 26]
    !! not UC: [0, 1, 2, 3, 4, 5, 6, 7, 8, 10, 16, 17, 18, 19, 20, 21]
    !! not UC: [0, 1, 2, 3, 4, 5, 6, 8, 9, 10, 12, 13, 16, 17, 24, 25]
    !! not UC: [0, 1, 2, 3, 4, 5, 6, 8, 9, 12, 13, 16, 18, 20, 24]
    !! not UC: [0, 1, 2, 4, 5, 8, 10, 12, 16, 18, 20, 24, 26, 28]
    !! not UC: [0, 1, 2, 3, 4, 8, 10, 16, 17, 18, 19, 20, 24, 26]
    !! not UC: [0, 1, 2, 3, 4, 6, 8, 10, 12, 14, 16, 17, 18, 19, 20, 24, 26, 28]
    !! not UC: [0, 2, 4, 8, 12, 16, 24]
    !! not UC: [0, 1, 2, 4, 6, 8, 12, 16, 17, 18, 20, 24]
    !! not UC: [0, 1, 2, 4, 5, 6, 8, 9, 16, 18, 20]
    !! not UC: [0, 1, 2, 3, 4, 5, 6, 8, 9, 10, 12, 13, 16, 18, 20, 22]
    !! not UC: [0, 1, 2, 3, 4, 5, 8, 10, 16, 17, 18, 19]
    !! not UC: [0, 1, 2, 3, 4, 5, 6, 7, 8, 9, 10, 11, 12, 14, 16, 17, 18, 19, 20, 21, 24, 28]
    !! not UC: [0, 1, 2, 4, 5, 6, 8, 9, 10, 12, 16, 18, 24, 26]
    !! not UC: [0, 1, 2, 4, 5, 6, 8, 9, 10, 12, 13, 16, 18, 20, 22]
    !! not UC: [0, 1, 2, 3, 4, 5, 6, 8, 9, 10, 12, 16, 17, 18, 19, 24, 25, 26]
    !! not UC: [0, 1, 2, 3, 4, 5, 6, 7, 8, 9, 10, 11, 12, 13, 14, 15, 16, 17, 18, 20, 21]
    !! not UC: [0, 1, 2, 3, 4, 5, 6, 8, 9, 10, 11, 12, 16, 17, 18, 19, 20, 22, 24, 25, 28]
    !! not UC: [0, 1, 2, 3, 4, 5, 6, 8, 9, 10, 11, 12, 16, 17, 20, 21, 24]
    !! not UC: [0, 1, 2, 3, 4, 5, 8, 9, 10, 11, 12, 13, 16, 17, 18, 19, 20, 21, 24, 25, 26, 28, 29]
    !! not UC: [0, 1, 2, 3, 4, 6, 8, 9, 10, 12, 14, 16, 18, 24, 26]
    !! not UC: [0, 1, 2, 3, 4, 5, 6, 7, 8, 9, 10, 11, 12, 13, 14, 16, 17, 18, 20, 21]
    !! not UC: [0, 1, 2, 4, 5, 8, 16, 17, 18, 24]
    !! not UC: [0, 1, 2, 3, 4, 6, 8, 9, 10, 11, 12, 14, 16, 17, 18, 20, 22]
    !! not UC: [0, 1, 2, 3, 4, 6, 16, 18, 20, 22]
    !! not UC: [0, 1, 2, 3, 4, 6, 8, 16, 17, 18, 20, 22, 24]
    !! not UC: [0, 1, 2, 3, 4, 5, 6, 8, 9, 12, 16, 20, 24, 28]
    !! not UC: [0, 1, 2, 3, 4, 5, 6, 8, 9, 10, 12, 13, 14, 16, 17, 20, 24, 25]
    !! not UC: [0, 1, 2, 3, 4, 6, 8, 9, 10, 11, 12, 16, 17, 18, 20, 24, 26, 28]
    !! not UC: [0, 1, 2, 3, 4, 6, 8, 9, 10, 11, 12, 14, 16, 17, 18, 19, 24, 25]
    !! not UC: [0, 1, 2, 3, 4, 5, 6, 7, 8, 9, 10, 11, 12, 14, 16, 17, 18, 19, 20, 21, 22, 23, 24, 25, 26, 28, 30]
    !! not UC: [0, 1, 2, 3, 4, 5, 6, 8, 9, 10, 11, 12, 16, 17, 18, 19, 24, 25, 26, 27]
    !! not UC: [0, 1, 2, 3, 4, 5, 6, 7, 8, 9, 10, 12, 14, 16, 17, 18, 19, 20, 21, 24, 26, 28]
    !! not UC: [0, 1, 2, 3, 4, 6, 8, 10, 12, 16, 20, 24]
    !! not UC: [0, 1, 2, 3, 4, 5, 6, 8, 9, 10, 12, 13, 16, 17, 18, 19, 20, 21, 22, 24, 25]
    !! not UC: [0, 1, 2, 3, 4, 5, 6, 7, 8, 9, 10, 11, 12, 16, 17, 20, 21, 24]
    !! not UC: [0, 1, 2, 3, 4, 5, 8, 9, 12, 13, 16, 17, 20, 21, 24, 28]
    !! not UC: [0, 1, 2, 4, 5, 8, 9, 10, 12, 16, 17, 18, 20, 24, 26, 28]
    !! not UC: [0, 1, 2, 3, 4, 5, 6, 7, 8, 9, 10, 11, 12, 14, 16, 17, 18, 20, 21, 22, 24, 26, 28, 30]
    !! not UC: [0, 1, 2, 3, 4, 6, 8, 12, 16, 20, 24]
    !! not UC: [0, 1, 2, 4, 5, 6, 8, 10, 12, 14, 16, 24]
    !! not UC: [0, 1, 2, 3, 4, 5, 6, 7, 8, 9, 10, 11, 12, 14, 16, 17, 18, 19, 20, 21, 22, 24, 28]
    !! not UC: [0, 1, 2, 3, 4, 5, 6, 8, 9, 16, 20, 24]
    !! not UC: [0, 1, 2, 3, 4, 6, 8, 9, 10, 16, 17, 20, 24]
    !! not UC: [0, 1, 2, 3, 4, 5, 6, 7, 8, 9, 16, 17, 18, 19, 20, 21, 22]
    !! not UC: [0, 1, 2, 4, 8, 9, 12, 16, 17, 20, 24]
    !! not UC: [0, 1, 2, 3, 4, 5, 6, 7, 8, 9, 10, 11, 12, 13, 14, 16, 17, 18, 20, 21, 22, 24, 26]
    !! not UC: [0, 1, 2, 3, 4, 5, 6, 8, 9, 10, 11, 12, 14, 16, 17, 18, 19, 20, 21, 24, 26, 28]
    !! not UC: [0, 1, 2, 3, 4, 5, 6, 7, 8, 9, 10, 11, 12, 13, 14, 16, 17, 18, 20, 22, 24, 26]
    !! not UC: [0, 1, 2, 3, 4, 6, 8]
    !! not UC: [0, 1, 2, 3, 4, 5, 8, 9, 10, 11, 12, 16, 20, 24]
    !! not UC: [0, 1, 2, 4, 5, 8, 9, 10, 12, 13]
    !! not UC: [0, 1, 2, 3, 4, 5, 6, 7, 8, 9, 10, 12, 13, 14, 16, 17, 18, 19, 20, 21, 22, 24, 25, 26, 28, 29, 30]
    !! not UC: [0, 1, 2, 3, 4, 5, 6, 7, 8, 9, 10, 11, 12, 13, 14, 16, 17, 18, 20, 22, 24, 25, 28]
    !! not UC: [0, 2, 4, 6, 8, 16, 18, 20, 24]
    !! not UC: [0, 1, 2, 3, 4, 5, 6, 7, 8, 9, 12, 16, 24]
    !! not UC: [0, 1, 2, 3, 4, 5, 6, 7, 8, 9, 10, 11, 12, 13, 14, 16, 17, 18, 20, 21, 22, 24, 25, 28, 29]
    !! not UC: [0, 1, 2, 3, 4, 5, 6, 7, 8, 9, 10, 11, 12, 13, 14, 15, 16, 17, 18, 19, 20, 24, 25]
    !! not UC: [0, 1, 2, 3, 4, 5, 6, 8, 10, 12, 16, 17, 18, 20, 22, 24, 26, 28]
    !! not UC: [0, 1, 2, 4, 8, 9, 16, 20]
    !! not UC: [0, 1, 2, 3, 4, 5, 6, 8, 9, 10, 11, 12, 16, 20]
    !! not UC: [0, 1, 2, 3, 4, 5, 6, 7, 8, 9, 10, 12, 13, 16, 18, 20, 22, 24, 26, 28]
    !! not UC: [0, 1, 2, 3, 4, 5, 6, 8, 9, 10, 16, 17, 18, 19, 20, 21, 24, 26]
    !! not UC: [0, 1, 2, 3, 4, 5, 6, 7, 8, 9, 10, 12, 14, 16, 18, 20, 24, 28]
    !! not UC: [0, 1, 2, 4, 8, 10, 12, 16, 17, 20, 24, 28]
    !! not UC: [0, 1, 2, 3, 4, 6, 8, 9, 10, 16, 17, 18, 20, 22]
    !! not UC: [0, 1, 2, 3, 4, 5, 6, 8, 16, 17, 18, 19, 20, 21, 22, 24]
    !! not UC: [0, 1, 2, 3, 4, 5, 6, 8, 10, 12, 16, 17, 18, 19, 20, 21, 22, 24]
    !! not UC: [0, 1, 2, 3, 4, 5, 6, 7, 8, 9, 10, 11, 12, 13, 14, 15, 16, 17, 18, 19, 20, 21, 24, 25]
    !! not UC: [0, 1, 2, 3, 4, 5, 6, 8, 9, 10, 11, 12, 13, 16, 17, 24]
    !! not UC: [0, 1, 2, 3, 4, 5, 6, 7, 8, 12, 16, 17, 18]
    !! not UC: [0, 1, 2, 3, 4, 5, 6, 7, 8, 9, 10, 16, 17, 18, 19]
    !! not UC: [0, 1, 2, 3, 4, 5, 6, 8, 9, 10, 11, 12, 13, 14, 16, 17, 18, 20, 21, 22, 24]
    !! not UC: [0, 1, 2, 3, 4, 6, 8, 10, 12, 14, 16, 17, 18, 24, 26]
    !! not UC: [0, 1, 2, 3, 4, 6, 8, 9, 10, 12, 14, 16, 17, 18, 19]
    !! not UC: [0, 1, 2, 3, 4, 6, 8, 9, 10, 11, 12, 16, 18]
    !! not UC: [0, 1, 2, 8, 10, 16, 17, 18, 24]
    !! not UC: [0, 1, 2, 3, 4, 8, 9, 10, 12]
    !! not UC: [0, 1, 2, 8, 9, 10, 16, 17, 24, 25]
    !! not UC: [0, 1, 2, 3, 4, 5, 6, 7, 8, 9, 10, 11, 16, 17, 18, 20, 22]
    !! not UC: [0, 1, 2, 3, 4, 5, 8, 12, 16, 17, 18, 19, 20, 21, 24]
    !! not UC: [0, 1, 2, 3, 4, 5, 6, 8, 9, 10, 11, 12, 14, 16, 17, 18, 19, 20, 22, 24, 25, 26, 27, 28]
    !! not UC: [0, 1, 2, 3, 4, 5, 8, 9, 10, 12, 16, 17, 18, 19]
    !! not UC: [0, 1, 2, 3, 8, 9, 10, 11, 16, 17, 18, 24, 26]
    !! not UC: [0, 1, 2, 4, 5, 6, 8, 9, 10, 12, 13, 14, 16, 17, 18, 20, 21]
    !! not UC: [0, 1, 2, 3, 4, 5, 6, 8, 9, 10, 12, 16, 17, 18, 19, 20, 22, 24, 26, 28]
    !! not UC: [0, 1, 2, 3, 4, 5, 8, 9, 10, 11, 12, 13, 16, 18, 20, 24, 26, 28]
    !! not UC: [0, 1, 2, 4, 5, 6, 8, 9, 10, 12, 14, 16, 17, 18, 20, 21, 22, 24, 26, 28]
    !! not UC: [0, 1, 2, 3, 4, 5, 6, 7, 8, 9, 10, 12, 13, 14, 16, 17, 18, 19, 20, 21, 22, 24, 25, 26, 28, 30]
    !! not UC: [0, 1, 2, 3, 4, 5, 6, 8, 9, 12, 16, 17, 18, 20, 21, 24, 25]
    !! not UC: [0, 1, 2, 3, 4, 5, 6, 7, 8, 9, 12, 16, 17, 18, 19, 20, 21, 24, 25]
    !! not UC: [0, 1, 2, 3, 4, 5, 6, 7, 8, 10, 16, 17, 18, 20]
    !! not UC: [0, 1, 2, 3, 4, 5, 6, 7, 8, 9, 10, 11, 12, 16, 17, 18, 20, 21, 24, 28]
    !! not UC: [0, 1, 2, 3, 4, 5, 6, 8, 9, 10, 11, 16, 17, 18, 19, 20, 21, 22, 24, 26]
    !! not UC: [0, 1, 2, 3, 4, 5, 6, 7, 8, 9, 10, 11, 12, 14, 16, 18, 20, 22, 24, 28]
    !! not UC: [0, 2, 4, 6, 8, 16, 18]
    !! not UC: [0, 1, 2, 3, 4, 5, 6, 8, 12, 16, 20]
    !! not UC: [0, 1, 2, 3, 4, 6, 8, 16, 18, 20]
    !! not UC: [0, 1, 2, 3, 4, 5, 6, 7, 8, 10, 12, 14, 16, 17, 18, 19, 20, 21, 22, 23, 24, 26, 28]
    !! not UC: [0, 2, 4, 16, 20]
    !! not UC: [0, 1, 2, 4, 5, 6, 8, 10, 12, 14, 16, 20, 24]
    !! not UC: [0, 1, 2, 3, 4, 5, 6, 8, 12, 16, 17, 20, 24]
    !! not UC: [0, 1, 2, 4, 8, 9, 16, 18]
    !! not UC: [0, 1, 2, 4, 5, 6, 8, 9, 12, 16, 17, 20, 21, 24, 25, 28]
    !! not UC: [0, 1, 2, 4, 5, 6, 8, 9, 12, 13]
    !! not UC: [0, 1, 2, 3, 4, 5, 8, 9, 10, 11, 16, 17, 18, 24, 26]
    !! not UC: [0, 1, 2, 3, 4, 5, 6, 8, 9, 10, 11, 12, 13, 16, 17, 18, 19, 24, 25]
    !! not UC: [0, 1, 2, 3, 4, 5, 8, 16, 17, 18, 20]
    !! not UC: [0, 1, 2, 3, 4, 5, 6, 8, 9, 10, 11, 12, 16, 17, 18]
    !! not UC: [0, 1, 2, 3, 4, 5, 8, 9, 10, 12, 16, 17, 24]
    !! not UC: [0, 1, 2, 3, 4, 6, 8, 9, 10, 11, 12, 14, 16, 17, 18, 19]
    !! not UC: [0, 1, 2, 3, 4, 5, 8, 9, 10, 11, 12, 13, 16, 17, 18, 19, 20, 21, 24, 26, 28]
    !! not UC: [0, 1, 2, 4, 8, 10, 16, 18, 20]
    !! not UC: [0, 1, 2, 3, 4, 5, 8, 10, 16, 18, 20, 24]
    !! not UC: [0, 1, 2, 4, 6, 8, 9, 16, 18, 20, 22, 24]
    !! not UC: [0, 1, 2, 4, 8, 10, 12, 16, 18]
    !! not UC: [0, 1, 2, 3, 4, 5, 6, 8, 10, 12, 14, 16, 17, 18, 19, 20, 22, 24, 26, 28]
    !! not UC: [0, 1, 2, 3, 4, 5, 6, 8, 9, 10, 11, 12, 13, 14, 16, 17, 18, 19, 20, 21, 24, 25, 26, 28, 29]
    !! not UC: [0, 1, 2, 3, 4, 5, 6, 7, 8, 10, 12, 14, 16, 17, 18, 19, 20, 21, 22, 23, 24, 26, 28, 30]
    !! not UC: [0, 1, 2, 4, 5, 6, 8, 9, 10, 12, 13, 16, 17, 18, 24, 25, 26]
    !! not UC: [0, 1, 2, 3, 4, 5, 6, 8, 9, 10, 12, 13, 14, 16, 17, 18, 19]
    !! not UC: [0, 1, 2, 3, 4, 5, 6, 8, 9, 10, 11, 12, 13, 14, 16, 17, 18, 19, 20, 22, 24, 25, 26, 27]
    !! not UC: [0, 1, 2, 3, 4, 5, 6, 8, 9, 16, 18, 24]
    !! not UC: [0, 1, 2, 3, 4, 5, 6, 7, 8, 9, 10, 11, 12, 14, 16, 17, 18, 19, 20, 21, 22, 23, 24, 28]
    !! not UC: [0, 1, 2, 4, 5, 6, 8, 9, 10, 16, 17]
    !! not UC: [0, 1, 2, 3, 4, 5, 6, 8, 9, 12, 16, 18, 20]
    !! not UC: [0, 1, 2, 3, 8, 9, 10, 16, 17, 18, 24, 25]
    !! not UC: [0, 1, 2, 3, 4, 8, 9, 16, 17, 18, 19, 24]
    !! not UC: [0, 1, 2, 3, 4, 5, 8, 9, 10, 11, 12, 16, 17, 18, 19, 20, 21, 24, 26, 28]
    !! not UC: [0, 1, 2, 4, 5, 8, 9, 10, 12, 13, 16, 17, 20, 24]
    !! not UC: [0, 1, 2, 3, 4, 5, 6, 8, 10, 12, 16, 18, 20, 22, 24, 28]
    !! not UC: [0, 1, 2, 3, 4, 5, 6, 7, 8, 10, 12, 16, 17, 18, 20, 24, 26]
    !! not UC: [0, 1, 2, 3, 4, 6, 8, 9, 10, 12, 14, 16, 17, 20, 24, 25, 28]
    !! not UC: [0, 1, 2, 3, 4, 5, 6, 8, 10, 12, 16, 18, 20, 24, 26, 28]
    !! not UC: [0, 1, 2, 3, 4, 5, 6, 8, 9, 10, 11, 12, 13, 14, 16, 17, 18, 20, 24]
    !! not UC: [0, 1, 2, 4, 5, 8, 9, 10, 12, 16, 17, 18, 24, 25]
    !! not UC: [0, 1, 2, 4, 6, 8, 9, 16, 17, 18, 20, 22, 24, 25]
    !! not UC: [0, 1, 2, 3, 4, 6, 8, 9, 10, 12, 16, 17, 20, 24, 25]
    !! not UC: [0, 1, 2, 3, 4, 5, 6, 8, 9, 10, 12, 14, 16, 17, 18, 19, 20, 21, 22, 24, 25, 26]
    !! not UC: [0, 1, 2, 3, 4, 8, 10, 12, 16, 17, 18, 19, 20, 24, 26, 28]
    !! not UC: [0, 1, 2, 3, 4, 5, 6, 8, 9, 10, 16, 17, 18, 19, 24, 25, 26]
    !! not UC: [0, 1, 2, 3, 4, 5, 6, 7, 8, 9, 10, 11, 12, 13, 14, 15]
    !! not UC: [0, 1, 2, 3, 4, 5, 8, 9, 10, 11, 16, 18, 20, 24]
    !! not UC: [0, 1, 2, 3, 4, 8, 9, 10, 16, 17, 18, 20, 24, 25, 26]
    !! not UC: [0, 1, 2, 3, 4, 5, 6, 7, 8, 9, 10, 12, 13, 16, 17, 18, 19, 20, 22, 24, 25]
    !! not UC: [0, 1, 2, 4, 6, 8, 16, 18, 24]
    !! not UC: [0, 1, 2, 3, 4, 5, 6, 7, 8, 9, 10, 11, 12, 13, 16, 17, 18, 19, 20, 24, 25, 28]
    !! not UC: [0, 1, 2, 3, 4, 5, 6, 8, 16, 17, 20]
    !! not UC: [0, 1, 2, 3, 4, 5, 6, 7, 8, 9, 10, 11, 12, 13, 16, 17, 18, 24, 26]
    !! not UC: [0, 1, 2, 4, 6, 8, 9, 12, 16, 18]
    !! not UC: [0, 1, 2, 3, 4, 5, 6, 8, 10, 12, 16, 17, 18, 19, 20, 24, 26, 28]
    !! not UC: [0, 1, 2, 4, 5, 6, 8, 9, 10, 12, 13, 16, 17, 24, 25]
    !! not UC: [0, 1, 2, 3, 4, 5, 6, 8, 9, 10, 12, 13, 16, 17, 18, 19, 20, 21, 22, 24]
    !! not UC: [0, 1, 2, 3, 4, 5, 6, 8, 10, 12, 16, 17, 18, 19, 20, 24, 28]
    !! not UC: [0, 1, 2, 4, 5, 6, 8, 16, 17, 18, 20, 21, 22, 24]
    !! not UC: [0, 1, 2, 3, 4, 5, 6, 8, 10, 12, 16, 17, 20, 21, 24]
    !! not UC: [0, 1, 2, 3, 4, 5, 6, 8, 10, 12, 16, 17, 20]
    !! not UC: [0, 1, 2, 3, 4, 6, 8, 12, 16, 17, 18, 19, 20]
    !! not UC: [0, 1, 2, 3, 4, 5, 8, 9, 10, 12, 13, 16, 17, 18, 20, 24, 28]
    !! not UC: [0, 1, 2, 3, 4, 5, 8, 9, 16, 17, 20]
    !! not UC: [0, 1, 2, 3, 4, 5, 6, 7, 8, 9, 12, 13, 16, 17, 20, 21, 24]
    !! not UC: [0, 1, 2, 3, 4, 5, 6, 7, 8, 9, 10, 12, 16, 17, 18, 24, 25]
    !! not UC: [0, 1, 2, 3, 4, 5, 6, 7, 8, 9, 10, 11, 12, 16, 17, 18, 20]
    !! not UC: [0, 1, 2, 4, 5, 6, 8, 9, 10, 12, 14, 16, 17, 18, 20, 22, 24, 26, 28]
    !! not UC: [0, 1, 2, 3, 4, 5, 6, 7, 8, 9, 10, 11, 12, 13, 14, 16, 17, 18, 19, 20, 21, 22, 23, 24, 25, 26, 27]
    !! not UC: [0, 1, 2, 3, 4, 5, 6, 8, 9, 10, 11, 12, 13, 16, 17, 18, 19, 20, 21, 24, 25, 26, 28, 29]
    !! not UC: [0, 1, 2, 3, 4, 5, 6, 7, 8, 9, 10, 12, 13, 14, 16, 17, 18, 19, 20, 21, 24, 26]
    !! not UC: [0, 1, 2, 3, 4, 5, 6, 8, 9, 10, 11, 16, 17, 18, 19, 20, 22, 24, 26]
    !! not UC: [0, 1, 2, 3, 4, 5, 6, 8, 9, 10, 12, 13, 14, 16, 20]
    !! not UC: [0, 1, 2, 3, 4, 5, 6, 7, 8, 9, 10, 11, 12, 13, 14, 15, 16, 17, 18, 19, 20, 21, 24, 28]
    !! not UC: [0, 1, 2, 4, 5, 6, 8, 10, 12, 14, 16, 17, 20]
    !! not UC: [0, 1, 2, 3, 4, 5, 6, 7, 8, 9, 16, 17, 18, 19, 20, 21, 22, 23, 24, 25]
    !! not UC: [0, 1, 2, 4, 8, 16, 17, 18, 24]
    !! not UC: [0, 1, 2, 3, 4, 6, 8, 10, 12, 14, 16, 18, 20, 24, 26]
    !! not UC: [0, 1, 2, 3, 4, 5, 6, 8, 10, 12, 14, 16, 18, 20, 22, 24, 26]
    !! not UC: [0, 1, 2, 3, 4, 5, 6, 8, 9, 12, 16, 17, 18, 19, 20, 22, 24, 25, 28]
    !! not UC: [0, 1, 2, 3, 4, 5, 6, 8, 9, 10, 12, 14, 16, 18, 20]
    !! not UC: [0, 1, 2, 3, 4, 5, 6, 7, 8, 9, 16, 17, 18, 19, 24]
    !! not UC: [0, 1, 2, 3, 4, 5, 8, 16, 18, 20, 24]
    !! not UC: [0, 1, 2, 3, 4, 5, 16, 17, 18]
    !! not UC: [0, 1, 2, 4, 5, 6, 8, 9, 12, 13, 16, 17, 20, 21, 24, 28]
    !! not UC: [0, 1, 2, 3, 4, 5, 6, 7, 8, 9, 10, 11, 12, 16, 17, 18, 20, 21, 22, 24, 26]
    !! not UC: [0, 1, 2, 3, 4, 5, 6, 8, 9, 10, 12, 16, 17, 18, 19, 20, 24]
    !! not UC: [0, 1, 2, 4, 5, 8, 9, 16, 17, 20]
    !! not UC: [0, 1, 2, 3, 4, 6, 8, 9, 10, 11, 16, 17, 18, 19, 20, 24, 25, 26, 27]
    !! not UC: [0, 1, 2, 3, 4, 5, 6, 7, 8, 9, 10, 11, 12, 13, 14, 16, 18, 20, 24, 26, 28]
    !! not UC: [0, 1, 2, 3, 4, 5, 6, 8, 9, 10, 11, 12, 13, 14, 16, 18, 20, 24]
    !! not UC: [0, 1, 2, 3, 4, 5, 8, 10, 12, 16, 17, 18, 20, 21, 24, 26, 28]
    !! not UC: [0, 1, 2, 3, 4, 5, 6, 7, 8, 9, 10, 11, 12, 13, 14, 16, 17, 18, 19, 20, 24, 25, 28]
    !! not UC: [0, 1, 2, 3, 4, 5, 6, 8, 9, 10, 11, 12, 13, 14, 16, 17, 18, 20, 21, 24, 28]
    !! not UC: [0, 1, 2, 3, 4, 6, 8, 9, 10, 11, 12, 16, 17, 18, 19, 20, 22, 24, 25, 26, 27, 28]
    !! not UC: [0, 1, 2, 3, 4, 5, 8, 9, 10, 12, 16, 17, 18, 19, 20]
    !! not UC: [0, 1, 2, 3, 4, 5, 6, 8, 9, 10, 16, 17, 24, 25]
    !! not UC: [0, 1, 2, 3, 4, 8, 12, 16]
    !! not UC: [0, 1, 2, 4, 6, 8, 12, 16, 24]
    !! not UC: [0, 1, 2, 3, 4, 5, 6, 7, 8, 9, 10, 12, 14, 16, 17, 18, 20, 22, 24, 25]
    !! not UC: [0, 1, 2, 3, 4, 5, 6, 7, 8, 9, 10, 11, 12, 13, 14, 16, 17, 20, 21, 24, 28]
    !! not UC: [0, 2, 4, 6, 8, 10, 16, 18]
    !! not UC: [0, 1, 2, 4, 5, 8, 9, 12, 16, 18, 20, 24, 28]
    !! not UC: [0, 1, 2, 3, 4, 8, 9, 16, 17, 18, 19, 20, 24]
    !! not UC: [0, 1, 2, 3, 4, 5, 6, 7, 8, 9, 10, 12, 16, 17, 18, 19, 20, 24, 25, 26]
    !! not UC: [0, 1, 2, 3, 4, 5, 8, 12, 16, 17, 18, 20, 21, 24]
    !! not UC: [0, 1, 2, 3, 4, 5, 6, 7, 8, 9, 10, 11, 12, 14, 16, 17, 18, 19, 24, 25]
    !! not UC: [0, 1, 2, 3, 4, 5, 6, 7, 8, 9, 12, 16, 17, 18, 19, 20, 21, 22, 23, 24]
    !! not UC: [0, 1, 2, 3, 4, 5, 6, 8, 9, 10, 12, 13, 16, 18, 20, 24, 28]
    !! not UC: [0, 1, 2, 3, 4, 6, 8, 9, 10, 11, 12, 14, 16, 18, 20, 22, 24, 26, 28]
    !! not UC: [0, 1, 2, 3, 4, 5, 6, 8, 9, 10, 16, 17, 18]
    !! not UC: [0, 1, 2, 3, 4, 5, 6, 8, 9, 10, 11, 12, 13, 14, 16, 17, 20, 24, 25, 28]
    !! not UC: [0, 1, 2, 3, 4, 5, 6, 8, 9, 16, 17, 20, 24, 25]
    !! not UC: [0, 1, 2, 3, 4, 5, 6, 7, 8, 9, 10, 12, 13, 16, 17, 18, 20, 24, 26, 28]
    !! not UC: [0, 1, 2, 3, 4, 5, 6, 8, 9, 10, 12, 14, 16, 17, 18, 19, 20, 22, 24, 25, 26, 28]
    !! not UC: [0, 1, 2, 3, 4, 6, 8, 9, 10, 11, 12, 14, 16, 17, 18, 19, 24, 25, 26]
    !! not UC: [0, 1, 2, 3, 4, 6, 8, 10, 12, 14, 16, 17, 18, 19, 20, 24, 26]
    !! not UC: [0, 1, 2, 3, 4, 5, 8, 12]
    !! not UC: [0, 1, 2, 3, 4, 8, 9, 10, 11, 12, 16, 17, 18, 19, 20, 24, 28]
    !! not UC: [0, 1, 2, 4, 5, 8, 9, 10, 12, 16, 17, 18, 20, 24, 25, 26]
    !! not UC: [0, 1, 2, 3, 4, 5, 6, 8, 9, 10, 11]
    !! not UC: [0, 1, 2, 3, 4, 5, 8, 9, 12, 13, 16, 17, 20, 21, 24, 25]
    !! not UC: [0, 1, 2, 3, 4, 5, 6, 8, 9, 10, 11, 16, 17, 18, 19, 24, 26]
    !! not UC: [0, 1, 2, 4, 5, 6, 8, 12, 16, 18, 20, 24, 28]
    !! not UC: [0, 1, 2, 3, 4, 8, 9, 10]
    !! not UC: [0, 1, 2, 3, 4, 6, 8, 9, 10, 12, 16, 17, 18, 20, 24]
    !! not UC: [0, 1, 2, 3, 4, 6, 8, 16, 17, 18, 19, 20, 24]
    !! not UC: [0, 1, 2, 3, 4, 5, 6, 7, 8, 9, 10, 16, 17, 18, 19, 24, 25]
    !! not UC: [0, 1, 2, 3, 4, 6, 8, 12, 16, 18, 20]
    !! not UC: [0, 1, 2, 3, 4, 5, 6, 8, 9, 10, 11, 12, 13, 16, 17, 18, 19, 20, 21, 22, 24, 25, 26, 28]
    !! not UC: [0, 1, 2, 3, 4, 5, 6, 7, 8, 9, 10, 12, 14, 16, 17, 18, 19, 20, 21, 22]
    !! not UC: [0, 1, 2, 3, 4, 5, 8, 10, 12, 16, 17, 20, 21, 24, 28]
    !! not UC: [0, 1, 2, 3, 4, 5, 8, 9, 10, 12, 13, 16, 18, 24]
    !! not UC: [0, 1, 2, 4, 6, 8, 10, 12, 14, 16, 17, 20, 24]
    !! not UC: [0, 1, 2, 3, 4, 6, 8, 9, 10, 11, 16, 17, 18, 20]
    !! not UC: [0, 1, 2, 3, 4, 5, 6, 7, 8, 9, 10, 12, 13, 16, 18, 24]
    !! not UC: [0, 1, 2, 3, 4, 6, 8, 10, 12, 14, 16, 17, 18, 20, 24, 26]
    !! not UC: [0, 1, 2, 3, 4, 5, 6, 7, 8, 9, 10, 12, 13, 16, 18, 20]
    !! not UC: [0, 1, 2, 3, 4, 5, 6, 8, 9, 10, 11, 12, 13, 16, 17, 18, 19, 20, 21, 22, 24, 26, 28]
    !! not UC: [0, 1, 2, 4, 6, 8, 9, 16, 18, 24]
    !! not UC: [0, 1, 2, 3, 4, 5, 6, 8, 9, 12, 16, 17, 18, 19, 20, 22]
    !! not UC: [0, 1, 2, 3, 4, 5, 8, 10, 16, 17, 20]
    !! not UC: [0, 1, 2, 4, 8, 9, 10, 16, 20, 24]
    !! not UC: [0, 1, 2, 3, 4, 5, 6, 7, 8, 9, 10, 12, 13, 16, 17, 18, 20, 21, 24, 25, 28, 29]
    !! not UC: [0, 1, 2, 3, 4, 5, 6, 7, 8, 9, 10, 12, 13, 14, 16, 17, 18, 20, 21, 22, 24, 25, 26]
    !! not UC: [0, 1, 2, 3, 4, 5, 8, 9, 10, 11, 12, 16, 18, 20]
    !! not UC: [0, 1, 2, 3, 4, 5, 6, 7, 8, 9, 10, 12, 13, 14]
    !! not UC: [0, 1, 2, 3, 4, 5, 6, 7, 8, 9, 10, 11, 16, 17, 18, 19, 20, 21]
    !! not UC: [0, 1, 2, 3, 4, 5, 6, 7, 8, 9, 10, 12, 13, 16, 17, 18, 19, 20, 21, 22, 23, 24]
    !! not UC: [0, 1, 2, 3, 4, 5, 6, 7, 8, 9, 10, 12, 13, 14, 16, 17, 18, 20, 22, 24, 25, 26]
    !! not UC: [0, 1, 2, 3, 4, 5, 6, 8, 9, 10, 11, 16, 17, 18, 24]
    !! not UC: [0, 1, 2, 4, 5, 8, 10, 12, 16, 17, 20, 21, 24, 28]
    !! not UC: [0, 1, 2, 3, 4, 5, 8, 9, 10, 12, 13, 16, 17, 18, 19, 20, 24, 25, 26]
    !! not UC: [0, 1, 2, 4, 6, 8, 9, 10, 12, 14, 16, 17, 18, 20, 24]
    !! not UC: [0, 1, 2, 3, 4, 8, 9, 12, 16, 17, 18, 20, 24]
    !! not UC: [0, 1, 2, 3, 4, 5, 6, 7, 8, 9, 10, 11, 12, 13, 14, 16, 17, 18, 19, 20, 22, 24, 25, 26, 27]
    !! not UC: [0, 1, 2, 3, 4, 5, 6, 8, 9, 12, 13, 16, 17, 18, 20, 22, 24]
    !! not UC: [0, 1, 2, 3, 4, 5, 6, 7, 8, 9, 12, 13, 16, 17, 18, 19, 20, 22, 24]
    !! not UC: [0, 1, 2, 3, 4, 5, 8, 12, 16, 17, 18, 19, 20, 21, 24, 28]
    !! not UC: [0, 1, 2, 3, 4, 5, 8, 9, 10, 11, 12, 13, 16, 17, 18, 19, 20, 24, 25, 26, 27, 28]
    !! not UC: [0, 1, 2, 4, 5, 8, 12, 16, 17, 18, 20, 24, 28]
    !! not UC: [0, 1, 2, 3, 4, 6, 8, 10, 16, 17, 18, 20]
    !! not UC: [0, 1, 2, 3, 4, 5, 6, 7, 8, 9, 10, 11, 12, 16, 17, 20, 21, 24, 28]
    !! not UC: [0, 2, 4, 6, 8, 10, 16, 18, 24, 26]
    !! not UC: [0, 1, 2, 4, 5, 8, 9, 10, 12, 13, 16, 17, 18, 20, 24, 26, 28]
    !! not UC: [0, 1, 2, 3, 4, 5, 6, 7, 8, 12, 16, 17, 20, 21, 24, 28]
    !! not UC: [0, 1, 2, 3, 4, 5, 6, 8, 9, 10, 11, 12, 14, 16, 17, 18, 20, 21, 24]
    !! not UC: [0, 1, 2, 3, 4, 6, 8, 16, 17, 18, 19]
    !! not UC: [0, 1, 4, 5, 8, 9, 12, 13, 16, 20, 24]
    !! not UC: [0, 1, 2, 3, 4, 5, 8, 9, 10, 12, 16, 17, 20, 21, 24]
    !! not UC: [0, 1, 2, 4, 5, 8, 16, 17, 20]
    !! not UC: [0, 1, 2, 3, 4, 5, 6, 7, 8, 12, 16, 17, 18, 20, 22, 24, 28]
    !! not UC: [0, 1, 2, 3, 4, 5, 6, 7, 8, 9, 10, 12, 16, 17, 18, 19, 20, 21, 22, 23, 24, 25, 26]
    !! not UC: [0, 1, 2, 4, 5, 6, 8, 9, 10, 12, 14, 16, 17, 18, 20, 24, 25, 28]
    !! not UC: [0, 1, 2, 4, 5, 6, 8, 9, 12, 13, 16, 18, 20, 24]
    !! not UC: [0, 1, 2, 3, 4, 5, 6, 7, 8, 9, 10, 11, 12, 13, 14, 15, 16, 17, 18, 20, 21, 22, 24, 25]
    !! not UC: [0, 1, 2, 3, 4, 5, 8, 9, 12, 16, 20]
    !! not UC: [0, 1, 2, 3, 4, 6, 8, 10, 12, 16, 17, 18, 20, 22]
    !! not UC: [0, 1, 2, 3, 4, 5, 8, 9, 12, 13]
    !! not UC: [0, 1, 2, 3, 4, 5, 6, 7, 8, 9, 10, 11, 12, 13, 16, 17, 18, 20, 21]
    !! not UC: [0, 1, 2, 3, 4, 5, 6, 8, 9, 10, 11, 12, 16, 17, 18, 24, 26]
    !! not UC: [0, 1, 2, 3, 4, 5, 6, 7, 8, 9, 10, 11, 12, 16, 17, 18, 19, 24, 26]
    !! not UC: [0, 1, 4, 5, 8, 12]
    !! not UC: [0, 1, 2, 4, 5, 6, 8, 10, 12, 14, 16, 17, 18]
    !! not UC: [0, 2, 4, 8, 10, 12, 16, 18, 20]
    !! not UC: [0, 1, 2, 4, 6, 8, 9, 10, 12, 14, 16, 18, 20, 22, 24, 28]
    !! not UC: [0, 1, 2, 4, 5, 6, 8, 9, 12, 16]
    !! not UC: [0, 1, 2, 4, 5, 8, 9, 10, 12, 13, 16, 18]
    !! not UC: [0, 1, 2, 4, 5, 6, 8, 10, 12, 14, 16, 17, 18, 20, 21, 22]
    !! not UC: [0, 1, 2, 4, 6, 8, 12, 16, 17]
    !! not UC: [0, 1, 2, 3, 4, 5, 8, 9, 10, 11, 16, 17, 18, 19, 20, 24, 25]
    !! not UC: [0, 1, 2, 3, 4, 5, 6, 8, 12, 16, 17, 18, 20, 21, 24]
    !! not UC: [0, 1, 2, 4, 5, 6, 8, 9, 10, 12, 13, 14, 16, 17, 18, 20, 24, 28]
    !! not UC: [0, 1, 2, 4, 5, 6, 8, 9, 10, 12, 13, 16, 17, 18, 20, 21, 24, 25, 26]
    !! not UC: [0, 1, 2, 3, 4, 5, 8, 9, 10, 11, 12, 13, 16, 17, 18, 24, 25, 26]
    !! not UC: [0, 1, 2, 3, 4, 5, 6, 7, 8, 9, 10, 12, 16, 17, 18, 19, 20, 21, 22, 23, 24, 28]
    !! not UC: [0, 1, 2, 3, 4, 5, 6, 7, 8, 9, 10, 12, 13, 16, 17, 20, 21]
    !! not UC: [0, 1, 2, 3, 4, 5, 8, 9, 10, 11, 16, 17]
    !! not UC: [0, 1, 2, 3, 4, 8, 9, 10, 16]
    !! not UC: [0, 1, 2, 3, 4, 5, 6, 8, 10, 12, 16, 17, 18, 19]
    !! not UC: [0, 1, 2, 4, 5, 6, 8, 10, 16, 17, 18, 20, 22]
    !! not UC: [0, 1, 2, 3, 4, 5, 6, 7, 8, 9, 10, 12, 14, 16, 17, 18, 20, 21, 22, 24, 25, 26, 28]
    !! not UC: [0, 1, 2, 4, 5, 6, 8, 10, 12, 16, 18, 20, 22, 24, 28]
    !! not UC: [0, 1, 2, 3, 4, 6, 8, 10, 16, 17, 18, 19, 20, 22, 24]
    !! not UC: [0, 1, 2, 3, 4, 5, 8, 9, 12, 16, 17, 18, 19, 20, 21, 24]
    !! not UC: [0, 2, 4, 6, 8, 10, 12, 16, 18, 20, 22, 24, 26, 28]
    !! not UC: [0, 1, 2, 3, 4, 5, 6, 8, 9, 10, 11, 12, 13, 16, 17, 18, 19, 20, 22, 24, 26]
    !! not UC: [0, 1, 2, 3, 4, 8, 9, 16, 17, 18, 20]
    !! not UC: [0, 1, 8, 16, 24]
    !! not UC: [0, 2, 4, 8, 10, 12, 16, 24]
    !! not UC: [0, 1, 2, 4, 5, 6, 8, 10, 12, 16, 17, 18, 20, 21, 22]
    !! not UC: [0, 1, 2, 4, 5, 6, 8, 9, 16, 18, 20, 22]
    !! not UC: [0, 1, 2, 3, 4, 8, 10, 12, 16, 17]
    !! not UC: [0, 1, 2, 3, 4, 5, 6, 7, 8, 9, 10, 11, 12, 14, 16, 17, 18, 19, 20, 24, 28]
    !! not UC: [0, 1, 2, 3, 4, 5, 6, 7, 8, 9, 10, 11, 12, 14, 16, 17, 18, 19, 20, 24, 25, 26, 27]
    !! not UC: [0, 1, 2, 3, 4, 6, 8, 9, 10, 11, 12, 16]
    !! not UC: [0, 1, 2, 3, 4, 5, 6, 7, 8, 9, 10, 11, 16, 17, 18, 19, 24]
    !! not UC: [0, 1, 2, 3, 4, 5, 6, 8, 9, 10, 12, 14, 16, 17, 18, 19, 20, 22]
    !! not UC: [0, 1, 2, 3, 4, 5, 6, 8, 9, 10, 12, 13, 16, 17, 18, 20, 21, 24, 25, 26]
    !! not UC: [0, 1, 2, 3, 4, 5, 6, 7, 8, 9, 10, 11, 12, 14, 16, 17, 18, 19, 20, 21, 22, 23, 24, 25, 26, 27]
    !! not UC: [0, 1, 2, 3, 4, 5, 6, 7, 8, 9, 10, 11, 12, 13, 14, 16, 17, 18, 19, 20, 22]
    !! not UC: [0, 1, 2, 4, 5, 8, 12, 16, 17, 20, 24, 28]
    !! not UC: [0, 1, 2, 3, 4, 5, 8, 9, 10, 11, 12, 13, 16]
    !! not UC: [0, 1, 2, 3, 4, 5, 6, 7, 8, 9, 10, 12, 13, 14, 16, 17, 24, 25]
    !! not UC: [0, 1, 2, 3, 4, 5, 6, 7, 8, 9, 10, 12, 14, 16, 17, 18, 20, 21, 24, 26]
    !! not UC: [0, 1, 2, 4, 5, 6, 8, 9, 10, 12, 13, 16, 17, 20]
    !! not UC: [0, 1, 2, 4, 6, 8, 9]
    !! not UC: [0, 1, 2, 3, 4, 6, 8, 9, 10, 11, 12, 16, 17, 18, 19, 20, 22, 24, 26, 28]
    !! not UC: [0, 1, 2, 4, 8, 16, 17]
    !! not UC: [0, 1, 2, 3, 4, 5, 8, 10, 12, 16, 17, 18, 19, 20, 24, 26, 28]
    !! not UC: [0, 1, 2, 4, 5, 6, 8, 9, 12, 13, 16, 17, 18, 20, 22, 24, 28]
    !! not UC: [0, 1, 2, 3, 4, 5, 6, 7, 8, 9, 10, 11, 12, 13, 14, 16, 17, 18, 20, 21, 24, 25, 28]
    !! not UC: [0, 1, 2, 3, 4, 8, 9, 10, 11, 12, 16, 17, 20, 24]
    !! not UC: [0, 1, 2, 3, 4, 5, 8, 9, 10, 11, 12, 13, 16, 17, 18]
    !! not UC: [0, 1, 2, 3, 4, 5, 6, 8, 9, 12, 13, 16, 18, 20, 24, 28]
    !! not UC: [0, 1, 2, 4, 5, 6, 8, 9, 10, 12, 14, 16, 17, 18, 20, 21, 24, 25, 26, 28]
    !! not UC: [0, 1, 2, 3, 4, 5, 6, 7, 8, 9, 10, 12, 16, 17, 18, 19, 20, 21, 24, 25, 28]
    !! not UC: [0, 1, 2, 3, 4, 6, 8, 12, 16, 24]
    !! not UC: [0, 1, 2, 3, 8, 16, 24]
    !! not UC: [0, 1, 2, 3, 4, 5, 6, 8, 9, 10, 12, 13, 16, 17, 18, 20, 21, 22, 24, 26, 28]
    !! not UC: [0, 1, 2, 3, 4, 5, 8, 9, 10, 12, 16, 17, 18, 19, 20, 21, 24, 25, 26, 28]
    !! not UC: [0, 1, 2, 3, 8, 9, 10, 11, 16, 17, 18, 24]
    !! not UC: [0, 1, 2, 4, 5, 6, 8, 10, 12, 16, 18, 20, 22, 24, 26, 28]
    !! not UC: [0, 1, 2, 3, 4, 6, 8, 10, 16, 17, 18, 19, 20, 22, 24, 26]
    !! not UC: [0, 1, 2, 3, 4, 5, 6, 7, 8, 10, 12, 14]
    !! not UC: [0, 1, 2, 4, 5, 6, 8, 9, 10, 12, 14, 16, 17, 18, 20, 22, 24, 28]
    !! not UC: [0, 1, 2, 3, 4, 5, 6, 8, 9, 10, 12, 13, 16, 17, 18, 19, 20, 22, 24, 25, 26, 28]
    !! not UC: [0, 1, 2, 3, 4, 5, 6, 8, 9, 10, 11, 16, 20, 24]
    !! not UC: [0, 1, 2, 3, 4, 8, 9, 16, 17, 18, 19, 20]
    !! not UC: [0, 2, 4, 6, 8, 16, 18, 20, 22]
    !! not UC: [0, 1, 2, 3, 4, 5, 8, 10, 16, 17, 18, 19, 24, 26]
    !! not UC: [0, 1, 2, 3, 4, 5, 6, 7, 8, 10, 12, 14, 16, 17, 20, 21, 24]
    !! not UC: [0, 1, 2, 3, 4, 6, 8, 9, 16, 17, 18, 20, 24, 25]
    !! not UC: [0, 1, 2, 3, 4, 16, 17, 20]
    !! not UC: [0, 1, 2, 4, 6, 8, 10, 12, 14, 16, 17, 18, 20, 22, 24, 28]
    !! not UC: [0, 1, 2, 3, 4, 5, 6, 8, 9, 12, 13, 16, 17, 18, 19, 20, 22, 24, 25]
    !! not UC: [0, 1, 2, 3, 4, 5, 6, 7, 8, 9, 10, 12, 13, 14, 16, 17, 18, 20, 21, 24, 25, 26, 28]
    !! not UC: [0, 1, 2, 3, 4, 5, 6, 16, 17, 18, 19]
    !! not UC: [0, 1, 2, 4, 5, 6, 8, 9, 10, 12, 13, 16, 17, 18, 20, 21, 24, 28]
    !! not UC: [0, 2, 4, 6, 8, 10, 12, 16, 20, 24]
    !! not UC: [0, 1, 2, 3, 4, 8, 16, 18, 20, 24]
    !! not UC: [0, 1, 2, 3, 4, 6, 16, 17, 18, 20, 22]
    !! not UC: [0, 1, 2, 3, 4, 6, 8, 9, 10, 12, 16, 17, 18, 19, 24, 25]
    !! not UC: [0, 1, 2, 3, 4, 5, 6, 8, 9, 10, 11, 12, 16, 17, 18, 20, 21, 24, 25]
    !! not UC: [0, 1, 2, 3, 4, 5, 8, 9, 10, 11, 12, 13, 16, 18, 20, 24]
    !! not UC: [0, 1, 2, 3, 4, 5, 6, 8, 9, 10, 11, 12, 13, 14, 16, 17, 18, 19, 20, 21, 24, 25, 26, 27, 28]
    !! not UC: [0, 1, 2, 3, 4, 5, 6, 8, 9, 10, 12, 14, 16, 18, 20, 24, 26]
    !! not UC: [0, 1, 2, 8, 10, 16, 18, 24, 26]
    !! not UC: [0, 1, 2, 3, 4, 5, 6, 8, 10, 16, 17, 18, 24, 26]
    !! not UC: [0, 1, 2, 3, 4, 6, 8, 9, 10, 11, 12, 16, 17, 18, 20, 22, 24, 25, 26, 28]
    !! not UC: [0, 1, 2, 3, 4, 5, 6, 8, 9, 10, 12, 13, 14, 16, 17, 18, 19, 20, 21, 24, 28]
    !! not UC: [0, 1, 2, 3, 4, 5, 8, 9, 12, 16, 17, 20, 24, 28]
    !! not UC: [0, 1, 2, 3, 4, 5, 6, 8, 9, 10, 12, 14, 16, 17, 20, 21, 24, 25, 28]
    !! not UC: [0, 1, 2, 3, 4, 6, 8, 9, 10, 11, 12, 14, 16, 17, 18, 20, 24, 26, 28]
    !! not UC: [0, 1, 2, 3, 4, 5, 6, 7, 8, 9, 10, 11, 12, 16, 17, 20, 24]
    !! not UC: [0, 1, 2, 3, 4, 5, 6, 8, 9, 10, 11, 12, 13, 14, 16, 17, 18, 19, 20, 22, 24, 25, 26, 28]
    !! not UC: [0, 1, 2, 4, 5, 6, 8, 9, 10, 12, 16, 18, 20, 22, 24, 26]
    !! not UC: [0, 1, 2, 4, 5, 8, 9, 12, 16, 17, 24, 25]
    !! not UC: [0, 1, 2, 3, 4, 5, 8, 9, 12, 13, 16, 17, 18, 20, 21, 24, 25]
    !! not UC: [0, 1, 2, 3, 4, 5, 6, 7, 8, 9, 12, 16, 17, 18]
    !! not UC: [0, 1, 2, 3, 4, 5, 6, 8, 9, 10, 12, 14, 16, 17, 18, 19, 24, 25, 26]
    !! not UC: [0, 1, 2, 3, 4, 6, 8, 9, 10, 12, 16, 17, 18, 19, 20, 24]
    !! not UC: [0, 1, 4, 5, 8, 9, 12, 13, 16, 17, 20, 24, 25, 28]
    !! not UC: [0, 1, 2, 3, 4, 5, 6, 8, 9, 10, 11, 12, 14, 16, 17, 18, 20, 21, 22, 24, 25, 26, 28]
    !! not UC: [0, 1, 2, 4, 6, 8, 9, 10, 12, 14, 16, 17, 18, 20, 24, 26]
    !! not UC: [0, 1, 2, 3, 4, 6, 8, 10, 12, 14, 16, 17]
    !! not UC: [0, 1, 4, 8, 9, 12, 16, 17, 20, 24, 25]
    !! not UC: [0, 1, 2, 3, 4, 6, 8, 10, 12, 14, 16, 17, 18, 19, 20]
    !! not UC: [0, 1, 2, 3, 4, 5, 6, 8, 9, 10, 11, 12, 14, 16, 17, 18, 20, 22, 24, 25, 26, 28]
    !! not UC: [0, 1, 2, 4, 5, 6, 8, 12, 16, 17, 20, 24]
    !! not UC: [0, 1, 2, 3, 4, 5, 6, 7, 8, 9, 10, 12, 13, 14, 16, 17, 18]
    !! not UC: [0, 1, 2, 3, 4, 5, 6, 8, 9, 10, 11, 16, 17, 20, 24, 25]
    !! not UC: [0, 1, 2, 4, 6, 8, 10, 16, 17, 18, 24]
    !! not UC: [0, 1, 2, 4, 5, 6, 8, 9, 10, 12, 16, 18]
    !! not UC: [0, 1, 2, 3, 4, 5, 6, 7, 8, 12, 16, 17, 18, 19, 20, 24]
    !! not UC: [0, 1, 2, 3, 4, 5, 6, 8, 9, 10, 11, 12, 14, 16, 17, 18, 19, 20, 22, 24, 25]
    !! not UC: [0, 1, 2, 4, 6, 8, 10, 12, 14, 16, 18, 20, 22, 24, 26]
    !! not UC: [0, 1, 2, 3, 4, 5, 8, 9, 10, 12, 16, 17, 18, 24, 25]
    !! not UC: [0, 1, 2, 3, 4, 5, 6, 8, 9, 10, 11, 12, 14, 16, 17, 18, 19, 20, 24, 25, 28]
    !! not UC: [0, 1, 2, 3, 4, 6, 8, 9, 10, 12, 16, 17, 18, 19, 20, 24, 26, 28]
    !! not UC: [0, 1, 2, 4, 5, 6, 8, 9, 10, 12, 16, 17, 18, 20, 24, 25, 26]
    !! not UC: [0, 1, 2, 4, 5, 8, 9, 10, 12, 16, 17, 18, 24, 25, 26]
    !! not UC: [0, 1, 2, 4, 6, 8, 12, 16, 17, 18, 20, 22, 24, 28]
    !! not UC: [0, 1, 2, 4, 6, 8, 9, 10]
    !! not UC: [0, 1, 2, 3, 4, 5, 6, 8, 9, 10, 16, 17, 18, 20, 21, 24, 25]
    !! not UC: [0, 1, 2, 3, 4, 5, 6, 8, 9, 12, 13, 16, 17, 20, 21, 24, 25]
    !! not UC: [0, 1, 2, 3, 4, 8, 9, 12, 16]
    !! not UC: [0, 1, 2, 3, 4, 5, 6, 7, 8, 9, 10, 16, 17, 18, 19, 20, 21, 24, 25]
    !! not UC: [0, 1, 2, 3, 4, 5, 8, 9, 10, 12, 16, 17, 18, 19, 20, 24, 25, 28]
    !! not UC: [0, 2, 4, 6, 8, 10, 12, 14, 16, 18, 20, 24, 26]
    !! not UC: [0, 1, 4, 5, 8, 12, 16, 20]
    !! not UC: [0, 1, 2, 3, 4, 5, 6, 7, 8, 9, 16, 17, 18, 24]
    !! not UC: [0, 1, 2, 3, 4, 5, 6, 8, 9, 10, 12, 13, 14, 16, 17, 18, 19, 20, 22, 24, 25, 26, 28]
    !! not UC: [0, 1, 2, 4, 8, 9, 16, 17, 18, 20, 24, 25]
    !! not UC: [0, 1, 2, 3, 4, 8, 12, 16, 18]
    !! not UC: [0, 1, 2, 3, 4, 5, 6, 7, 8, 9, 10, 12, 13, 16, 17, 18, 20, 22]
    !! not UC: [0, 1, 2, 3, 4, 5, 6, 8, 9, 10, 12, 14, 16, 17, 18]
    !! not UC: [0, 1, 2, 3, 4, 5, 6, 8, 10, 12, 14, 16, 17, 18, 20, 22, 24, 26, 28, 30]
    !! not UC: [0, 1, 2, 4, 16]
    !! not UC: [0, 1, 2, 3, 4, 5, 6, 8, 9, 10, 11, 12, 16, 17, 18, 20, 21]
    !! not UC: [0, 1, 2, 3, 4, 5, 8, 9, 10, 11, 12, 16, 17, 20, 21, 24, 25, 28]
    !! not UC: [0, 1, 2, 3, 4, 5, 6, 7, 8, 9, 10, 11, 12, 16, 17, 18, 19, 20, 21]
    !! not UC: [0, 1, 2, 3, 4, 5, 6, 7, 8, 9, 10, 11, 12, 13, 14, 15, 16, 17, 20, 21, 24, 25, 28]
    !! not UC: [0, 4, 8, 16, 20]
    !! not UC: [0, 1, 2, 3, 4, 5, 6, 8, 9, 10, 12, 16, 18, 20, 22, 24]
    !! not UC: [0, 1, 2, 3, 4, 5, 6, 8, 9, 10, 16, 17, 18, 19, 20, 24, 25, 26]
    !! not UC: [0, 1, 2, 3, 4, 5, 6, 7, 8, 9, 10, 12, 14, 16, 17, 18, 19, 20, 22, 24, 25]
    !! not UC: [0, 1, 2, 3, 8, 10, 16, 17, 18, 24, 26]
    !! not UC: [0, 1, 2, 3, 4, 5, 6, 8, 9, 10, 12, 16, 17, 18, 19, 20, 24, 26, 28]
    !! not UC: [0, 1, 2, 3, 4, 5, 6, 8, 9, 12, 16, 18, 20, 22, 24, 28]
    !! not UC: [0, 1, 2, 4, 5, 6, 8, 9, 10, 12, 16, 18, 20]
    !! not UC: [0, 1, 2, 4, 6, 8, 9, 12, 16, 17]
    !! not UC: [0, 1, 2, 3, 4, 5, 6, 8, 9, 10, 12, 13, 16, 17, 18, 19]
    !! not UC: [0, 1, 2, 3, 4, 5, 6, 7, 8, 9, 10, 11, 12, 13, 14, 15, 16, 17]
    !! not UC: [0, 1, 2, 3, 4, 5, 6, 8, 10, 12, 16, 17, 18, 19, 20, 22, 24]
    !! not UC: [0, 1, 2, 3, 4, 8, 9, 10, 12, 16, 17, 18, 19, 20, 24, 26]
    !! not UC: [0, 1, 2, 3, 4, 8, 9, 16]
    !! not UC: [0, 1, 2, 3, 4, 6, 8, 9, 10, 11, 12, 14, 16, 17]
    !! not UC: [0, 1, 2, 3, 4, 5, 6, 8, 9, 10, 12, 16, 18, 20, 22, 24, 26, 28]
    !! not UC: [0, 1, 2, 3, 4, 5, 8, 9, 10, 11, 12, 13, 16, 17, 18, 19, 20, 24, 26, 28]
    !! not UC: [0, 1, 2, 3, 4, 5, 6, 7, 8, 9, 10, 12, 16, 17, 18, 20, 21, 24]
    !! not UC: [0, 1, 2, 3, 4, 6, 8, 9, 10, 12, 14, 16, 17, 18, 24, 26]
    !! not UC: [0, 1, 2, 3, 4, 5, 6, 8, 9, 10, 12, 13, 14, 16, 17, 18, 20, 21, 22]
    !! not UC: [0, 1, 2, 3, 4, 8, 9, 10, 11, 12, 16, 18, 24, 26]
    !! not UC: [0, 1, 2, 3, 4, 5, 6, 8, 9, 10, 11, 12, 14, 16, 17, 18, 20, 22, 24, 25]
    !! not UC: [0, 1, 2, 4, 5, 6, 8, 9, 10, 12, 13, 14, 16, 17, 18, 20, 22, 24, 28]
    !! not UC: [0, 1, 2, 3, 4, 5, 8, 9, 10, 11, 16, 17, 18, 24, 25, 26]
    !! not UC: [0, 1, 2, 4, 5, 6, 8, 9, 10, 12, 14, 16, 18, 20, 24, 26, 28]
    !! not UC: [0, 1, 2, 3, 4, 8, 9, 10, 11, 12, 16, 17, 18, 24, 25]
    !! not UC: [0, 1, 2, 4, 5, 6, 8, 9, 10, 12, 16, 17, 18, 20, 21, 24, 25, 28]
    !! not UC: [0, 1, 2, 3, 4, 6, 8, 9, 10, 12, 14, 16, 24]
    !! not UC: [0, 1, 2, 3, 4, 8, 9, 10, 11, 12, 16, 17, 18, 19, 20, 24, 26]
    !! not UC: [0, 1, 2, 4, 5, 6, 8, 9, 10, 12, 16, 17, 20, 21, 24]
    !! not UC: [0, 1, 2, 3, 4, 6, 8, 9, 12, 16, 17, 24, 25]
    !! not UC: [0, 1, 2, 3, 4, 5, 6, 7, 8, 9, 10, 12, 16, 17, 18, 19, 20, 22, 24, 26, 28]
    !! not UC: [0, 1, 2, 3, 4, 6, 8, 9, 10, 11, 12, 16, 17, 18, 19]
    !! not UC: [0, 1, 2, 3, 4, 5, 6, 7, 8, 9, 10, 12, 16, 17, 18, 20, 21, 22, 24, 25, 26, 28]
    !! not UC: [0, 1, 2, 4, 5, 6, 8, 9, 12, 16, 20]
    !! not UC: [0, 1, 2, 4, 6, 8, 10, 12, 14, 16, 18]
    !! not UC: [0, 1, 2, 3, 4, 5, 6, 7, 8, 9, 10, 11, 12, 13, 16, 17, 18, 20, 24, 25, 28]
    !! not UC: [0, 1, 2, 4, 8, 9, 10, 16, 17, 20, 24]
    !! not UC: [0, 1, 2, 3, 4, 5, 6, 7, 8, 9, 12, 16, 17, 18, 20, 21, 22, 24, 25]
    !! not UC: [0, 1, 2, 4, 8, 9, 12, 16, 20, 24]
    !! not UC: [0, 1, 2, 3, 4, 5, 8, 12, 16, 17, 20]
    !! not UC: [0, 1, 2, 4, 8, 9, 10, 16, 17, 24, 25]
    !! not UC: [0, 1, 2, 3, 4, 6, 8, 9, 10, 11, 12, 16, 18, 20, 22, 24]
    !! not UC: [0, 1, 2, 3, 4, 5, 6, 7, 8, 9, 10, 11, 12, 13, 14, 16, 17, 18, 19, 20, 22, 24, 25, 26, 27, 28, 30]
    !! not UC: [0, 1, 2, 3, 4, 6, 8, 16, 17, 18, 19, 20]
    !! not UC: [0, 1, 2, 3, 4, 6, 8, 12, 16, 17, 18, 19, 20, 22, 24, 28]
    !! not UC: [0, 1, 2, 3, 4, 5, 6, 7, 8, 9, 10, 11, 12, 13, 16, 17, 18, 19, 20, 21, 24, 25, 26]
    !! not UC: [0, 1, 2, 3, 4, 8, 9, 10, 11, 12, 16, 17, 24, 25]
    !! not UC: [0, 1, 2, 3, 4, 5, 6, 7, 8, 9, 10, 11, 12, 13, 16, 17, 18, 19, 20, 24, 25, 26]
    !! not UC: [0, 1, 2, 3, 4, 5, 6, 7, 8, 9, 10, 12, 13, 16, 17, 18, 20, 21, 24, 25, 28]
    !! not UC: [0, 1, 2, 3, 4, 5, 6, 7, 8, 9, 10, 12, 14, 16, 17, 18, 20, 21, 24, 25, 26]
    !! not UC: [0, 1, 2, 3, 4, 5, 8, 9, 10, 11, 12, 13, 16, 17]
    !! not UC: [0, 1, 2, 3, 4, 5, 6, 7, 8, 9, 10, 12, 16, 17, 18, 19, 20, 21, 22, 24, 25]
    !! not UC: [0, 1, 2, 3, 4, 5, 6, 7, 8, 9, 10, 11, 12, 13, 16, 17, 18, 19, 20, 21, 22, 24, 25, 26]
    !! not UC: [0, 1, 2, 3, 4, 8, 9, 10, 11, 12, 16, 17, 18, 20, 24]
    !! not UC: [0, 1, 2, 4, 5, 6, 8, 9, 10, 12, 14, 16, 20, 24, 28]
    !! not UC: [0, 1, 2, 3, 4, 5, 6, 8, 9, 10, 11, 12, 13, 14, 16, 17, 18, 20, 21, 22, 24, 26, 28, 30]
    !! not UC: [0, 1, 2, 3, 4, 5, 6, 8, 9, 10, 16, 17]
    !! not UC: [0, 1, 2, 3, 4, 5, 6, 7, 8, 10, 12, 14, 16, 17, 18, 19, 20, 21, 22, 23, 24]
    !! not UC: [0, 1, 2, 4, 5, 6, 8, 9, 16, 18, 24]
    !! not UC: [0, 1, 2, 3, 4, 5, 6, 7, 8, 9, 12, 13, 16, 17, 18, 19, 20, 21, 22, 23]
    !! not UC: [0, 1, 2, 4, 5, 6, 8, 9, 10, 12, 13, 14, 16, 17, 18, 20, 21, 22, 24, 25, 26, 28, 29, 30]
    !! not UC: [0, 1, 2, 3, 4, 5, 6, 8, 9, 12]
    !! not UC: [0, 2, 4, 6, 8, 10, 12, 14, 16, 18, 20]
    !! not UC: [0, 1, 2, 4, 5, 8, 9, 12, 13, 16, 17, 20, 21]
    !! not UC: [0, 1, 2, 4, 5, 8, 9, 10, 16, 17, 18, 20, 24, 26]
    !! not UC: [0, 1, 2, 3, 4, 6, 8, 9, 16, 17, 18, 19]
    !! not UC: [0, 1, 2, 3, 4, 5, 6, 7, 8, 9, 10, 12, 13, 16, 17, 18, 19, 24, 25, 26]
    !! not UC: [0, 1, 2, 3, 4, 5, 6, 7, 8, 9, 10, 11, 12, 13, 14, 15, 16, 18, 20, 22, 24, 26]
    !! not UC: [0, 1, 2, 4, 5, 6, 8, 9, 12]
    !! not UC: [0, 1, 2, 4, 5, 6, 8, 10, 16, 17, 20, 21]
    !! not UC: [0, 1, 2, 4, 8, 9, 10, 16, 18, 20, 24, 26]
    !! not UC: [0, 1, 2, 3, 4, 5, 6, 8, 9, 10, 12, 16, 17, 18, 20, 22, 24, 25]
    !! not UC: [0, 1, 2, 3, 4, 5, 6, 7, 8, 9, 10, 11, 12, 14, 16, 17, 18, 20, 21, 22, 24, 25, 26, 28]
    !! not UC: [0, 1, 2, 4, 5, 6, 8, 9, 10, 12, 13, 14, 16, 17, 18, 20, 21, 22, 24, 25, 26]
    !! not UC: [0, 1, 2, 4, 8, 9, 10, 16, 18, 24, 26]
    !! not UC: [0, 1, 2, 3, 4, 5, 6, 7, 8, 10, 12, 16, 17, 18, 19, 20, 22]
    !! not UC: [0, 1, 2, 3, 4, 6, 8, 9, 10, 12, 14, 16, 18, 20, 24, 28]
    !! not UC: [0, 2, 4, 6, 8, 12, 16, 18]
    !! not UC: [0, 1, 2, 4, 6, 8, 9, 10, 12, 16, 18, 20, 24, 26]
    !! not UC: [0, 1, 2, 3, 4, 5, 6, 7, 8, 9, 12, 16, 17, 20, 24]
    !! not UC: [0, 1, 2, 3, 4, 8, 10, 16]
    !! not UC: [0, 1, 2, 3, 4, 5, 6, 8, 9, 10, 11, 12, 14, 16, 18, 24]
    !! not UC: [0, 1, 2, 3, 4, 5, 6, 7, 8, 9, 12, 16, 17, 18, 19, 20, 21, 22, 23]
    !! not UC: [0, 1, 2, 3, 4, 6, 8, 9, 10, 11, 12, 14, 16, 17, 18, 20, 24, 26]
    !! not UC: [0, 1, 2, 4, 5, 6, 8, 9, 10, 12, 13, 16, 17, 18, 20, 22, 24]
    !! not UC: [0, 1, 2, 3, 4, 5, 6, 7, 8, 9, 10, 11, 12, 13, 14, 16, 17, 18, 19, 20, 21, 22, 24, 26, 28]
    !! not UC: [0, 1, 2, 4, 5, 6, 8, 9, 12, 16, 17, 18, 20, 21, 22, 24, 25]
    !! not UC: [0, 1, 2, 3, 4, 5, 8, 9, 10, 11, 16, 17, 20, 21, 24, 25]
    !! not UC: [0, 1, 2, 3, 4, 5, 6, 7, 8, 9, 10, 12, 13, 16, 17, 18, 20, 21, 24, 25, 26, 28]
    !! not UC: [0, 1, 2, 3, 4, 5, 6, 8, 12, 16, 17, 18, 20]
    !! not UC: [0, 1, 2, 3, 4, 5, 6, 8, 9, 10, 16, 17, 18, 19, 20]
    !! not UC: [0, 1, 2, 3, 4, 5, 6, 7, 8, 9, 10, 12, 13, 14, 16, 17, 18, 20, 21, 24, 25, 28, 29]
    !! not UC: [0, 1, 2, 3, 4, 5, 8, 9, 10, 12, 16, 17, 24, 25]
    !! not UC: [0, 1, 2, 3, 4, 5, 6, 7, 8, 9, 10, 12, 14, 16, 17, 18, 20, 22, 24, 25, 26, 28]
    !! not UC: [0, 1, 2, 3, 4, 5, 6, 7, 8, 9, 10, 12, 14, 16, 17, 18, 19, 20, 21, 24, 26]
    !! not UC: [0, 1, 2, 3, 4, 6, 8, 10, 16, 17, 18, 20, 22, 24]
    !! not UC: [0, 1, 2, 3, 4, 5, 6, 7, 8, 9, 10, 12, 16, 17, 18, 24, 25, 26]
    !! not UC: [0, 1, 2, 3, 4, 5, 6, 7, 8, 10, 12, 16, 17, 18, 20, 21, 24, 26, 28]
    !! not UC: [0, 1, 2, 3, 4, 5, 6, 8, 9, 10, 12, 13, 16, 17, 18, 19, 20, 22, 24, 25]
    !! not UC: [0, 1, 2, 3, 4, 5, 6, 7, 8, 9, 10, 16, 17, 18, 20, 24, 25, 26]
    !! not UC: [0, 1, 2, 3, 4, 5, 6, 7, 8, 9, 10, 11, 12, 13, 14, 15, 16, 17, 18, 19]
    !! not UC: [0, 1, 2, 4, 5, 6, 8, 9, 10, 12, 16, 17, 18, 20, 22, 24, 25, 26]
    !! not UC: [0, 1, 2, 3, 4, 8, 9, 10, 16, 18, 20, 24]
    !! not UC: [0, 1, 2, 3, 4, 5, 6, 8, 9, 12, 16, 17, 18, 20, 21, 24]
    !! not UC: [0, 1, 2, 3, 4, 5, 8, 9, 10, 12, 13, 16, 17, 20, 21, 24, 25]
    !! not UC: [0, 1, 2, 3, 4, 5, 6, 8, 9, 10, 12, 13, 14, 16, 17, 18, 20, 21, 22, 24, 25]
    !! not UC: [0, 1, 2, 3, 4, 5, 6, 8, 10, 12, 14, 16, 17, 18, 19, 20, 21, 24]
    !! not UC: [0, 1, 2, 3, 4, 5, 6, 8, 9, 10, 12, 13, 14, 16, 17, 18, 19, 20, 24]
    !! not UC: [0, 1, 2, 3, 4, 6, 8, 10, 12, 14, 16, 17, 18, 19, 24]
    !! not UC: [0, 1, 2, 3, 4, 6, 8, 9, 10, 11, 16, 18]
    !! not UC: [0, 1, 4, 8, 16]
    !! not UC: [0, 1, 2, 3, 4, 5, 6, 8, 9, 10, 12, 13, 16, 17, 20, 24, 28]
    !! not UC: [0, 1, 2, 3, 4, 5, 8, 9, 10, 12, 13, 16, 17, 18, 20, 21, 24, 28]
    !! not UC: [0, 1, 2, 3, 4, 5, 6, 7, 8, 9, 10, 11, 12, 13, 14, 15, 16, 17, 18, 19, 20, 21, 24, 25, 26, 27, 28]
    !! not UC: [0, 1, 2, 3, 4, 5, 6, 7, 8, 10, 12, 16, 17, 18, 19, 20, 21, 22, 23, 24]
    !! not UC: [0, 1, 2, 3, 4, 5, 6, 7, 8, 9, 10, 11, 12, 13, 14, 16, 17, 18, 19, 20, 21, 24, 26, 28]
    !! not UC: [0, 1, 2, 3, 4, 5, 6, 7, 8, 9, 10, 11, 12, 14, 16, 17, 18, 20, 24, 25, 28]
    !! not UC: [0, 1, 2, 4, 5, 8, 9, 10, 12, 13, 16, 17, 18, 20, 21, 24]
    !! not UC: [0, 1, 2, 3, 4, 6, 8, 9, 10, 11, 12, 16, 17, 18, 20, 24, 28]
    !! not UC: [0, 1, 2, 3, 4, 5, 6, 8, 9, 10, 12, 13, 16, 17, 18, 19, 20, 21, 24, 26]
    !! not UC: [0, 1, 2, 4, 6, 8, 12, 16, 17, 18, 20, 22]
    !! not UC: [0, 1, 2, 3, 4, 5, 8, 9, 10, 16]
    !! not UC: [0, 1, 2, 3, 4, 5, 6, 16, 18, 20, 22]
    !! not UC: [0, 1, 2, 3, 4, 5, 6, 8, 9, 10, 16, 17, 18, 19, 20, 21, 22, 24, 25, 26]
    !! not UC: [0, 1, 2, 3, 4, 5, 6, 8, 9, 10, 12, 13, 16, 18, 20, 24]
    !! not UC: [0, 1, 2, 3, 4, 5, 6, 7, 8, 10, 16, 20, 24]
    !! not UC: [0, 1, 2, 3, 4, 5, 6, 7, 8, 9, 10, 12, 13, 14, 16, 17, 18, 19, 20, 24, 25]
    !! not UC: [0, 1, 2, 3, 4, 5, 8, 10, 16, 17, 18, 19, 20, 21, 24, 26]
    !! not UC: [0, 1, 2, 4, 8, 12, 16, 20, 24]
    !! not UC: [0, 1, 2, 4, 6, 8, 10, 12, 14, 16, 20]
    !! not UC: [0, 1, 2, 3, 4, 5, 6, 7, 8, 9, 10, 11, 12, 13, 16, 17, 18, 19, 20, 22, 24, 25]
    !! not UC: [0, 1, 2, 4, 5, 8, 10, 12, 16, 17, 18, 20, 21, 24, 28]
    !! not UC: [0, 1, 2, 3, 4, 5, 6, 7, 8, 9, 10, 11, 12, 13, 14, 15, 16, 17, 18, 20, 22, 24, 26]
    !! not UC: [0, 1, 2, 4, 6, 8, 9, 16, 18, 20]
    !! not UC: [0, 1, 2, 3, 4, 5, 6, 16, 18]
    !! not UC: [0, 1, 2, 3, 4, 5, 6, 8, 9, 10, 12, 16, 17, 18, 19, 20, 21, 24]
    !! not UC: [0, 1, 2, 3, 4, 5, 6, 7, 8, 9, 10, 12, 13, 14, 16, 18, 20, 22, 24, 28]
    !! not UC: [0, 1, 2, 3, 4, 5, 8, 9, 12, 16, 17, 20, 21, 24, 28]
    !! not UC: [0, 1, 2, 3, 4, 5, 6, 8, 9, 10, 11, 12, 16, 17, 18, 19, 20, 21, 24, 25, 28]
    !! not UC: [0, 1, 2, 4, 5, 6, 8, 9, 16, 17, 20, 21, 24, 25]
    !! not UC: [0, 1, 2, 3, 4, 5, 6, 7, 8, 9, 10, 12, 14, 16, 18, 24, 26]
    !! not UC: [0, 1, 2, 3, 4, 5, 6, 7, 8, 9, 12, 13, 16, 18, 20, 22, 24]
    !! not UC: [0, 1, 2, 3, 4, 5, 6, 8, 9, 10, 11, 12, 13, 14, 16, 17, 20, 21, 24, 28]
    !! not UC: [0, 1, 2, 3, 4, 5, 6, 8, 9, 10, 12, 13, 16, 17, 18, 20, 24, 25]
    !! not UC: [0, 1, 2, 3, 4, 5, 6, 7, 8, 9, 10, 12, 13, 16, 17, 18, 20, 24, 25, 26, 28]
    !! not UC: [0, 1, 2, 3, 4, 5, 6, 7, 8, 9, 10, 11, 12, 13, 14, 15, 16, 17, 18, 19, 20, 21]
    !! not UC: [0, 1, 4, 5, 8, 9, 12, 16, 17, 24]
    !! not UC: [0, 1, 2, 3, 4, 6, 8, 9, 10, 12, 16, 17, 20, 24]
    !! not UC: [0, 1, 2, 4, 6, 8, 10, 16, 20]
    !! not UC: [0, 1, 2, 4, 6, 8, 10, 12, 16, 20, 24]
    !! not UC: [0, 1, 2, 3, 4, 5, 6, 7, 8, 9, 10, 11, 12, 13, 14, 16, 18, 20]
    !! not UC: [0, 1, 2, 3, 4, 5, 6, 7, 8, 9, 10, 11, 12, 13, 14, 15, 16, 17, 18, 19, 20, 21, 22, 23, 24, 26, 28, 30]
    !! not UC: [0, 1, 2, 3, 4, 5, 6, 7, 8, 9, 12, 13, 16, 18, 20, 22, 24, 28]
    !! not UC: [0, 1, 2, 3, 4, 5, 6, 8, 12, 16, 18]
    !! not UC: [0, 1, 2, 3, 4, 5, 6, 7, 8, 9, 12, 13, 16, 17, 18, 19, 20, 21, 22, 23, 24, 28]
    !! not UC: [0, 2, 4, 6, 8, 10, 12, 16, 18, 20, 24, 28]
    !! not UC: [0, 1, 2, 4, 5, 8, 9, 12, 16, 17, 18, 20, 24, 28]
    !! not UC: [0, 1, 2, 3, 4, 5, 8, 9, 10, 12, 16, 17, 18, 20, 21, 24, 25, 26]
    !! not UC: [0, 1, 2, 4, 6, 8, 9, 10, 12, 14, 16, 18, 24, 26]
    !! not UC: [0, 1, 2, 3, 4, 5, 6, 8, 12, 16, 17, 18, 19, 20, 24, 28]
    !! not UC: [0, 1, 2, 3, 4, 5, 6, 8, 9, 12, 13, 16, 17, 18, 19, 20, 22]
    !! not UC: [0, 1, 2, 3, 4, 5, 6, 16, 17, 18, 19, 20]
    !! not UC: [0, 1, 2, 3, 4, 5, 6, 8, 9, 16, 17, 18, 20, 24, 25]
    !! not UC: [0, 1, 2, 3, 4, 5, 6, 7, 8, 9, 10, 11, 12, 13, 14, 16, 17, 18, 20, 22, 24, 25, 26, 28, 30]
    !! not UC: [0, 1, 2, 3, 4, 5, 6, 7, 8, 9, 10, 11, 12, 16, 17, 18, 20, 21, 22, 24]
    !! not UC: [0, 1, 2, 4, 8, 9, 16, 17, 18, 20]
    !! not UC: [0, 1, 2, 3, 4, 8, 9, 10, 11, 12, 16, 17, 18, 20, 24, 26]
    !! not UC: [0, 1, 2, 4, 8, 9, 10, 16, 20]
    !! not UC: [0, 1, 2, 3, 4, 8, 9, 10, 11, 16, 17, 18, 20, 24, 26]
    !! not UC: [0, 1, 2, 3, 8, 9, 16, 17, 18]
    !! not UC: [0, 1, 2, 3, 4, 5, 6, 8, 9, 10, 16, 17, 18, 19, 20, 22, 24, 25]
    !! not UC: [0, 1, 2, 3, 4, 5, 6, 8, 9, 10, 12, 13, 14, 16, 17, 20, 21, 24, 25, 28, 29]
    !! not UC: [0, 1, 2, 3, 4, 5, 6, 7, 8, 9, 10, 12, 13, 16, 17, 18, 24, 25, 26]
    !! not UC: [0, 1, 2, 3, 4, 5, 6, 7, 8, 9, 10, 11, 12, 13, 14, 15, 16, 17, 18, 19, 20, 24, 25, 26]
    !! not UC: [0, 1, 2, 3, 4, 5, 6, 7, 8, 9, 10, 12, 13, 14, 16, 17, 18, 19, 20, 22, 24, 25]
    !! not UC: [0, 1, 2, 3, 4, 5, 6, 7, 8, 9, 10, 12, 13, 14, 16, 17, 18, 20, 21, 24, 28]
    !! not UC: [0, 1, 2, 3, 4, 5, 6, 7, 8, 9, 10, 12, 13, 16, 17, 18, 20, 21, 22, 24, 25, 26]
    !! not UC: [0, 1, 2, 3, 4, 5, 6, 8, 9, 10, 11, 12, 16, 17, 18, 19, 20, 22, 24, 25]
    !! not UC: [0, 2, 4, 6, 8, 10, 12, 14, 16, 18, 20, 24, 28]
    !! not UC: [0, 2, 4, 8]
    !! not UC: [0, 1, 2, 3, 4, 5, 8, 9, 16, 17, 18, 19, 20, 24]
    !! not UC: [0, 2, 4, 6, 8, 10, 12, 14, 16, 18, 20, 22, 24]
    !! not UC: [0, 1, 2, 3, 4, 5, 6, 8, 9, 10, 12, 13, 14, 16, 17, 18, 19, 20, 21, 24]
    !! not UC: [0, 1, 2, 8, 9, 16, 17, 24]
    !! not UC: [0, 1, 2, 3, 4, 5, 6, 7, 8, 9, 10, 11, 12, 14, 16, 17, 18, 20, 21, 22, 24, 26, 28]
    !! not UC: [0, 1, 2, 3, 4, 5, 6, 7, 8, 9, 12, 13, 16, 17, 18, 19, 20, 21, 22, 24, 25]
    !! not UC: [0, 1, 2, 8, 16, 17, 18, 24]
    !! not UC: [0, 1, 2, 3, 4, 6, 8, 9, 10, 11, 12, 14, 16, 17, 24]
    !! not UC: [0, 1, 2, 3, 4, 5, 6, 7, 8, 10, 12, 14, 16, 18, 24, 26]
    !! not UC: [0, 1, 2, 3, 4, 5, 6, 7, 8, 9, 16, 18, 20, 24]
    !! not UC: [0, 1, 2, 3, 4, 5, 6, 8, 9, 10, 11, 12, 13, 14, 16, 17, 18, 19, 20, 21, 24, 25, 26, 28]
    !! not UC: [0, 1, 2, 4, 5, 6, 8, 9, 16, 17, 18, 20, 22, 24]
    !! not UC: [0, 1, 2, 3, 4, 5, 6, 8, 9, 10, 12, 16, 17, 20, 24]
    !! not UC: [0, 1, 2, 4, 6, 8, 10, 12, 16, 18, 20, 22, 24]
    !! not UC: [0, 1, 2, 4, 5, 8, 9, 10, 12, 16, 18, 20, 24]
P2: boundary families (max density == 1/2): 2; non-Boolean among them: 0
P2: boundary-family sizes |F|: [(32, 1), (64, 1)]
P3: n=6 trials=400000 seed=20260711: boundary families 0, non-Boolean 0, sizes []
P3: n=7 trials=200000 seed=20260711: boundary families 0, non-Boolean 0, sizes []

SUMMARY
  coordinate-wise statement refuted: 42 non-Boolean n=3 families with an element at density 1/2
  max-density characterization: n=6 exhaustive G-shape subclass boundary=2, non-Boolean=0; n=6 random: (0, 0); n=7 random: (0, 0)
  non-Boolean max-density-1/2 family found anywhere: False
