  VIOLATION part2: n=5 chi=3 edges=[(0, 1), (0, 4), (1, 2), (1, 3)]
  VIOLATION part2: n=5 chi=3 edges=[(0, 1), (0, 3), (1, 2), (1, 4)]
  VIOLATION part2: n=5 chi=3 edges=[(0, 1), (0, 2), (1, 3), (1, 4)]
  VIOLATION part2: n=5 chi=3 edges=[(0, 2), (0, 4), (1, 2), (2, 3)]
  VIOLATION part2: n=5 chi=3 edges=[(0, 3), (0, 4), (1, 3), (2, 3)]
  VIOLATION part2: n=5 chi=3 edges=[(0, 3), (1, 2), (1, 4), (2, 3)]
  VIOLATION part2: n=5 chi=3 edges=[(0, 1), (0, 3), (1, 2), (1, 4), (2, 3)]
  VIOLATION part2: n=5 chi=3 edges=[(0, 2), (0, 4), (1, 2), (1, 4), (2, 3)]
  VIOLATION part2: n=5 chi=3 edges=[(0, 2), (1, 3), (1, 4), (2, 3)]
  VIOLATION part2: n=5 chi=3 edges=[(0, 1), (0, 2), (1, 3), (1, 4), (2, 3)]
  VIOLATION part2: n=5 chi=3 edges=[(0, 3), (0, 4), (1, 3), (1, 4), (2, 3)]
  VIOLATION part2: n=5 chi=3 edges=[(0, 2), (0, 3), (1, 2), (2, 4)]
  VIOLATION part2: n=5 chi=3 edges=[(0, 2), (0, 3), (1, 2), (1, 3), (2, 4)]
  VIOLATION part2: n=5 chi=3 edges=[(0, 4), (1, 2), (1, 3), (2, 4)]
  VIOLATION part2: n=5 chi=3 edges=[(0, 1), (0, 4), (1, 2), (1, 3), (2, 4)]
  VIOLATION part2: n=5 chi=3 edges=[(0, 3), (0, 4), (1, 4), (2, 4)]
  VIOLATION part2: n=5 chi=3 edges=[(0, 2), (1, 3), (1, 4), (2, 4)]
  VIOLATION part2: n=5 chi=3 edges=[(0, 1), (0, 2), (1, 3), (1, 4), (2, 4)]
  VIOLATION part2: n=5 chi=3 edges=[(0, 3), (0, 4), (1, 3), (1, 4), (2, 4)]
  VIOLATION part2: n=5 chi=3 edges=[(0, 1), (0, 2), (2, 3), (2, 4)]
  VIOLATION part2: n=5 chi=3 edges=[(0, 1), (0, 2), (1, 3), (2, 3), (2, 4)]
  VIOLATION part2: n=5 chi=3 edges=[(0, 3), (0, 4), (1, 3), (2, 3), (2, 4)]
  VIOLATION part2: n=5 chi=3 edges=[(0, 1), (0, 2), (1, 4), (2, 3), (2, 4)]
  VIOLATION part2: n=5 chi=3 edges=[(0, 3), (0, 4), (1, 4), (2, 3), (2, 4)]
  VIOLATION part2: n=5 chi=3 edges=[(0, 2), (0, 3), (1, 3), (3, 4)]
  VIOLATION part2: n=5 chi=3 edges=[(0, 2), (0, 3), (1, 2), (1, 3), (3, 4)]
  VIOLATION part2: n=5 chi=3 edges=[(0, 4), (1, 2), (1, 3), (3, 4)]
  VIOLATION part2: n=5 chi=3 edges=[(0, 1), (0, 4), (1, 2), (1, 3), (3, 4)]
  VIOLATION part2: n=5 chi=3 edges=[(0, 2), (0, 4), (1, 4), (3, 4)]
  VIOLATION part2: n=5 chi=3 edges=[(0, 3), (1, 2), (1, 4), (3, 4)]
  VIOLATION part2: n=5 chi=3 edges=[(0, 1), (0, 3), (1, 2), (1, 4), (3, 4)]
  VIOLATION part2: n=5 chi=3 edges=[(0, 2), (0, 4), (1, 2), (1, 4), (3, 4)]
  VIOLATION part2: n=5 chi=3 edges=[(0, 1), (0, 3), (2, 3), (3, 4)]
  VIOLATION part2: n=5 chi=3 edges=[(0, 1), (0, 3), (1, 2), (2, 3), (3, 4)]
  VIOLATION part2: n=5 chi=3 edges=[(0, 4), (1, 2), (2, 3), (3, 4)]
  VIOLATION part2: n=5 chi=3 edges=[(0, 2), (0, 4), (1, 2), (2, 3), (3, 4)]
  VIOLATION part2: n=5 chi=3 edges=[(0, 1), (0, 3), (1, 4), (2, 3), (3, 4)]
  VIOLATION part2: n=5 chi=3 edges=[(0, 2), (0, 4), (1, 4), (2, 3), (3, 4)]
  VIOLATION part2: n=5 chi=3 edges=[(0, 1), (0, 4), (2, 4), (3, 4)]
  VIOLATION part2: n=5 chi=3 edges=[(0, 3), (1, 2), (2, 4), (3, 4)]
  VIOLATION part2: n=5 chi=3 edges=[(0, 2), (0, 3), (1, 2), (2, 4), (3, 4)]
  VIOLATION part2: n=5 chi=3 edges=[(0, 1), (0, 4), (1, 2), (2, 4), (3, 4)]
  VIOLATION part2: n=5 chi=3 edges=[(0, 2), (0, 3), (1, 3), (2, 4), (3, 4)]
  VIOLATION part2: n=5 chi=3 edges=[(0, 1), (0, 4), (1, 3), (2, 4), (3, 4)]
  VIOLATION part2: n=5 chi=4 edges=[(0, 1), (0, 4), (1, 2), (1, 3), (2, 3), (2, 4), (3, 4)]
  VIOLATION part2: n=5 chi=4 edges=[(0, 1), (0, 3), (1, 2), (1, 4), (2, 3), (2, 4), (3, 4)]
  VIOLATION part2: n=5 chi=4 edges=[(0, 1), (0, 2), (1, 3), (1, 4), (2, 3), (2, 4), (3, 4)]
  VIOLATION part2: n=6 chi=4 edges=[(0, 1), (0, 2), (0, 3), (1, 2), (1, 4), (1, 5), (2, 3)]
  VIOLATION part2: n=6 chi=4 edges=[(0, 1), (0, 2), (0, 3), (1, 3), (1, 4), (1, 5), (2, 3)]
  VIOLATION part2: n=6 chi=4 edges=[(0, 1), (0, 2), (0, 4), (1, 2), (1, 3), (1, 5), (2, 4)]
  VIOLATION part2: n=6 chi=4 edges=[(0, 1), (0, 2), (0, 4), (1, 3), (1, 4), (1, 5), (2, 4)]
  VIOLATION part2: n=6 chi=4 edges=[(0, 1), (0, 2), (0, 5), (1, 2), (1, 5), (2, 3), (2, 4)]
  VIOLATION part2: n=6 chi=4 edges=[(0, 1), (0, 2), (0, 4), (1, 2), (1, 3), (1, 5), (2, 3), (2, 4)]
  VIOLATION part2: n=6 chi=4 edges=[(0, 1), (0, 2), (0, 3), (1, 2), (1, 4), (1, 5), (2, 3), (2, 4)]
  VIOLATION part2: n=6 chi=4 edges=[(0, 1), (0, 2), (0, 3), (1, 3), (1, 4), (1, 5), (2, 3), (2, 4)]
  VIOLATION part2: n=6 chi=4 edges=[(0, 1), (0, 2), (0, 4), (1, 3), (1, 4), (1, 5), (2, 3), (2, 4)]
  VIOLATION part2: n=6 chi=4 edges=[(0, 1), (0, 2), (0, 5), (1, 2), (1, 3), (1, 4), (2, 5)]
  VIOLATION part2: n=6 chi=4 edges=[(0, 1), (0, 2), (0, 5), (1, 3), (1, 4), (1, 5), (2, 5)]
  VIOLATION part2: n=6 chi=4 edges=[(0, 1), (0, 2), (0, 4), (1, 2), (1, 4), (2, 3), (2, 5)]
  VIOLATION part2: n=6 chi=4 edges=[(0, 1), (0, 2), (0, 5), (1, 2), (1, 3), (1, 4), (2, 3), (2, 5)]
  VIOLATION part2: n=6 chi=4 edges=[(0, 1), (0, 2), (0, 3), (1, 2), (1, 4), (1, 5), (2, 3), (2, 5)]
  VIOLATION part2: n=6 chi=4 edges=[(0, 1), (0, 2), (0, 3), (1, 3), (1, 4), (1, 5), (2, 3), (2, 5)]
  VIOLATION part2: n=6 chi=4 edges=[(0, 1), (0, 2), (0, 5), (1, 3), (1, 4), (1, 5), (2, 3), (2, 5)]
  VIOLATION part2: n=6 chi=4 edges=[(0, 1), (0, 2), (0, 3), (1, 2), (1, 3), (2, 4), (2, 5)]
  VIOLATION part2: n=6 chi=4 edges=[(0, 1), (0, 2), (0, 5), (1, 2), (1, 3), (1, 4), (2, 4), (2, 5)]
  VIOLATION part2: n=6 chi=4 edges=[(0, 1), (0, 2), (0, 4), (1, 2), (1, 3), (1, 5), (2, 4), (2, 5)]
  VIOLATION part2: n=6 chi=4 edges=[(0, 1), (0, 2), (0, 4), (1, 3), (1, 4), (1, 5), (2, 4), (2, 5)]
  VIOLATION part2: n=6 chi=4 edges=[(0, 1), (0, 2), (0, 5), (1, 3), (1, 4), (1, 5), (2, 4), (2, 5)]
  VIOLATION part2: n=6 chi=3 edges=[(0, 1), (1, 3), (2, 3), (2, 4), (2, 5)]
  VIOLATION part2: n=6 chi=4 edges=[(0, 1), (0, 2), (0, 3), (1, 3), (2, 3), (2, 4), (2, 5)]
  VIOLATION part2: n=6 chi=3 edges=[(0, 1), (1, 4), (2, 3), (2, 4), (2, 5)]
  VIOLATION part2: n=6 chi=4 edges=[(0, 1), (0, 2), (0, 4), (1, 4), (2, 3), (2, 4), (2, 5)]
  VIOLATION part2: n=6 chi=4 edges=[(0, 1), (0, 2), (0, 3), (1, 3), (1, 4), (2, 3), (2, 4), (2, 5)]
  VIOLATION part2: n=6 chi=4 edges=[(0, 1), (0, 2), (0, 4), (1, 3), (1, 4), (2, 3), (2, 4), (2, 5)]
  VIOLATION part2: n=6 chi=3 edges=[(0, 1), (1, 5), (2, 3), (2, 4), (2, 5)]
  VIOLATION part2: n=6 chi=4 edges=[(0, 1), (0, 2), (0, 5), (1, 5), (2, 3), (2, 4), (2, 5)]
  VIOLATION part2: n=6 chi=4 edges=[(0, 1), (0, 2), (0, 3), (1, 3), (1, 5), (2, 3), (2, 4), (2, 5)]
  VIOLATION part2: n=6 chi=4 edges=[(0, 1), (0, 2), (0, 5), (1, 3), (1, 5), (2, 3), (2, 4), (2, 5)]
  VIOLATION part2: n=6 chi=4 edges=[(0, 1), (0, 2), (0, 4), (1, 4), (1, 5), (2, 3), (2, 4), (2, 5)]
  VIOLATION part2: n=6 chi=4 edges=[(0, 1), (0, 2), (0, 5), (1, 4), (1, 5), (2, 3), (2, 4), (2, 5)]
  VIOLATION part2: n=6 chi=4 edges=[(0, 1), (0, 2), (0, 3), (1, 3), (1, 4), (1, 5), (2, 3), (2, 4), (2, 5)]
  VIOLATION part2: n=6 chi=4 edges=[(0, 1), (0, 2), (0, 4), (1, 3), (1, 4), (1, 5), (2, 3), (2, 4), (2, 5)]
  VIOLATION part2: n=6 chi=4 edges=[(0, 1), (0, 2), (0, 5), (1, 3), (1, 4), (1, 5), (2, 3), (2, 4), (2, 5)]
  VIOLATION part2: n=6 chi=4 edges=[(0, 1), (0, 3), (0, 4), (1, 2), (1, 3), (1, 5), (3, 4)]
  VIOLATION part2: n=6 chi=4 edges=[(0, 1), (0, 3), (0, 4), (1, 2), (1, 4), (1, 5), (3, 4)]
  VIOLATION part2: n=6 chi=4 edges=[(0, 1), (0, 3), (0, 5), (1, 3), (1, 5), (2, 3), (3, 4)]
  VIOLATION part2: n=6 chi=4 edges=[(0, 1), (0, 3), (0, 4), (1, 2), (1, 3), (1, 5), (2, 3), (3, 4)]
  VIOLATION part2: n=6 chi=4 edges=[(0, 1), (0, 2), (0, 3), (1, 2), (1, 4), (1, 5), (2, 3), (3, 4)]
  VIOLATION part2: n=6 chi=4 edges=[(0, 1), (0, 3), (0, 4), (1, 2), (1, 4), (1, 5), (2, 3), (3, 4)]
  VIOLATION part2: n=6 chi=4 edges=[(0, 1), (0, 2), (0, 3), (1, 3), (1, 4), (1, 5), (2, 3), (3, 4)]
  VIOLATION part2: n=6 chi=4 edges=[(0, 1), (0, 2), (0, 4), (1, 2), (1, 3), (1, 5), (2, 4), (3, 4)]
  VIOLATION part2: n=6 chi=4 edges=[(0, 1), (0, 3), (0, 4), (1, 2), (1, 3), (1, 5), (2, 4), (3, 4)]
  VIOLATION part2: n=6 chi=4 edges=[(0, 1), (0, 4), (0, 5), (1, 4), (1, 5), (2, 4), (3, 4)]
  VIOLATION part2: n=6 chi=4 edges=[(0, 1), (0, 3), (0, 4), (1, 2), (1, 4), (1, 5), (2, 4), (3, 4)]
  VIOLATION part2: n=6 chi=4 edges=[(0, 1), (0, 2), (0, 4), (1, 3), (1, 4), (1, 5), (2, 4), (3, 4)]
  VIOLATION part2: n=6 chi=4 edges=[(0, 1), (0, 2), (0, 5), (1, 2), (1, 5), (2, 3), (2, 4), (3, 4)]
  VIOLATION part2: n=6 chi=4 edges=[(0, 1), (0, 3), (0, 5), (1, 3), (1, 5), (2, 3), (2, 4), (3, 4)]
  VIOLATION part2: n=6 chi=4 edges=[(0, 4), (1, 2), (1, 3), (1, 5), (2, 3), (2, 4), (3, 4)]
  VIOLATION part2: n=6 chi=4 edges=[(0, 1), (0, 2), (0, 4), (1, 2), (1, 3), (1, 5), (2, 3), (2, 4), (3, 4)]
  VIOLATION part2: n=6 chi=4 edges=[(0, 1), (0, 3), (0, 4), (1, 2), (1, 3), (1, 5), (2, 3), (2, 4), (3, 4)]
  VIOLATION part2: n=6 chi=4 edges=[(0, 4), (0, 5), (1, 2), (1, 3), (1, 5), (2, 3), (2, 4), (3, 4)]
  VIOLATION part2: n=6 chi=4 edges=[(0, 2), (0, 4), (0, 5), (1, 2), (1, 3), (1, 5), (2, 3), (2, 4), (3, 4)]
  VIOLATION part2: n=6 chi=4 edges=[(0, 3), (0, 4), (0, 5), (1, 2), (1, 3), (1, 5), (2, 3), (2, 4), (3, 4)]
  VIOLATION part2: n=6 chi=4 edges=[(0, 1), (0, 4), (0, 5), (1, 4), (1, 5), (2, 3), (2, 4), (3, 4)]
  VIOLATION part2: n=6 chi=4 edges=[(0, 3), (1, 2), (1, 4), (1, 5), (2, 3), (2, 4), (3, 4)]
  VIOLATION part2: n=6 chi=4 edges=[(0, 1), (0, 2), (0, 3), (1, 2), (1, 4), (1, 5), (2, 3), (2, 4), (3, 4)]
  VIOLATION part2: n=6 chi=4 edges=[(0, 1), (0, 3), (0, 4), (1, 2), (1, 4), (1, 5), (2, 3), (2, 4), (3, 4)]
  VIOLATION part2: n=6 chi=4 edges=[(0, 3), (0, 5), (1, 2), (1, 4), (1, 5), (2, 3), (2, 4), (3, 4)]
  VIOLATION part2: n=6 chi=4 edges=[(0, 2), (0, 3), (0, 5), (1, 2), (1, 4), (1, 5), (2, 3), (2, 4), (3, 4)]
  VIOLATION part2: n=6 chi=4 edges=[(0, 3), (0, 4), (0, 5), (1, 2), (1, 4), (1, 5), (2, 3), (2, 4), (3, 4)]
  VIOLATION part2: n=6 chi=4 edges=[(0, 2), (1, 3), (1, 4), (1, 5), (2, 3), (2, 4), (3, 4)]
  VIOLATION part2: n=6 chi=4 edges=[(0, 1), (0, 2), (0, 3), (1, 3), (1, 4), (1, 5), (2, 3), (2, 4), (3, 4)]
  VIOLATION part2: n=6 chi=4 edges=[(0, 1), (0, 2), (0, 4), (1, 3), (1, 4), (1, 5), (2, 3), (2, 4), (3, 4)]
  VIOLATION part2: n=6 chi=4 edges=[(0, 2), (0, 5), (1, 3), (1, 4), (1, 5), (2, 3), (2, 4), (3, 4)]
  VIOLATION part2: n=6 chi=4 edges=[(0, 2), (0, 3), (0, 5), (1, 3), (1, 4), (1, 5), (2, 3), (2, 4), (3, 4)]
  VIOLATION part2: n=6 chi=4 edges=[(0, 2), (0, 4), (0, 5), (1, 3), (1, 4), (1, 5), (2, 3), (2, 4), (3, 4)]
  VIOLATION part2: n=6 chi=4 edges=[(0, 1), (0, 2), (0, 5), (1, 2), (1, 3), (1, 4), (2, 5), (3, 4)]
  VIOLATION part2: n=6 chi=4 edges=[(0, 1), (0, 3), (0, 4), (1, 2), (1, 3), (1, 5), (2, 5), (3, 4)]
  VIOLATION part2: n=6 chi=4 edges=[(0, 1), (0, 3), (0, 4), (1, 2), (1, 4), (1, 5), (2, 5), (3, 4)]
  VIOLATION part2: n=6 chi=4 edges=[(0, 1), (0, 2), (0, 5), (1, 3), (1, 4), (1, 5), (2, 5), (3, 4)]
  VIOLATION part2: n=6 chi=4 edges=[(0, 2), (0, 3), (0, 4), (1, 2), (2, 3), (2, 5), (3, 4)]
  VIOLATION part2: n=6 chi=3 edges=[(0, 5), (1, 3), (2, 3), (2, 5), (3, 4)]
  VIOLATION part2: n=6 chi=4 edges=[(0, 2), (0, 3), (0, 5), (1, 3), (2, 3), (2, 5), (3, 4)]
  VIOLATION part2: n=6 chi=4 edges=[(0, 2), (0, 3), (0, 4), (1, 2), (1, 3), (2, 3), (2, 5), (3, 4)]
  VIOLATION part2: n=6 chi=4 edges=[(0, 1), (0, 2), (0, 4), (1, 2), (1, 4), (2, 3), (2, 5), (3, 4)]
  VIOLATION part2: n=6 chi=4 edges=[(0, 2), (0, 3), (0, 4), (1, 2), (1, 4), (2, 3), (2, 5), (3, 4)]
  VIOLATION part2: n=6 chi=4 edges=[(0, 2), (0, 3), (0, 5), (1, 3), (1, 4), (2, 3), (2, 5), (3, 4)]
  VIOLATION part2: n=6 chi=4 edges=[(0, 2), (0, 4), (1, 2), (1, 3), (1, 4), (2, 3), (2, 5), (3, 4)]
  VIOLATION part2: n=6 chi=4 edges=[(0, 2), (0, 3), (0, 4), (1, 2), (1, 3), (1, 4), (2, 3), (2, 5), (3, 4)]
  VIOLATION part2: n=6 chi=4 edges=[(0, 1), (0, 2), (0, 5), (1, 2), (1, 3), (1, 4), (2, 3), (2, 5), (3, 4)]
  VIOLATION part2: n=6 chi=4 edges=[(0, 1), (0, 4), (0, 5), (1, 2), (1, 3), (1, 4), (2, 3), (2, 5), (3, 4)]
  VIOLATION part2: n=6 chi=4 edges=[(0, 2), (0, 4), (0, 5), (1, 2), (1, 3), (1, 4), (2, 3), (2, 5), (3, 4)]
  VIOLATION part2: n=6 chi=4 edges=[(0, 3), (0, 4), (0, 5), (1, 2), (1, 3), (1, 4), (2, 3), (2, 5), (3, 4)]
  VIOLATION part2: n=6 chi=4 edges=[(0, 2), (0, 3), (0, 4), (1, 2), (1, 5), (2, 3), (2, 5), (3, 4)]
  VIOLATION part2: n=6 chi=4 edges=[(0, 1), (0, 3), (0, 5), (1, 3), (1, 5), (2, 3), (2, 5), (3, 4)]
  VIOLATION part2: n=6 chi=4 edges=[(0, 2), (0, 3), (0, 5), (1, 3), (1, 5), (2, 3), (2, 5), (3, 4)]
  VIOLATION part2: n=6 chi=4 edges=[(0, 1), (0, 3), (0, 4), (1, 2), (1, 3), (1, 5), (2, 3), (2, 5), (3, 4)]
  VIOLATION part2: n=6 chi=4 edges=[(0, 2), (0, 3), (0, 4), (1, 2), (1, 3), (1, 5), (2, 3), (2, 5), (3, 4)]
  VIOLATION part2: n=6 chi=4 edges=[(0, 3), (0, 5), (1, 2), (1, 3), (1, 5), (2, 3), (2, 5), (3, 4)]
  VIOLATION part2: n=6 chi=4 edges=[(0, 1), (0, 4), (0, 5), (1, 2), (1, 3), (1, 5), (2, 3), (2, 5), (3, 4)]
  VIOLATION part2: n=6 chi=4 edges=[(0, 2), (0, 4), (0, 5), (1, 2), (1, 3), (1, 5), (2, 3), (2, 5), (3, 4)]
  VIOLATION part2: n=6 chi=4 edges=[(0, 3), (0, 4), (0, 5), (1, 2), (1, 3), (1, 5), (2, 3), (2, 5), (3, 4)]
  VIOLATION part2: n=6 chi=4 edges=[(0, 1), (0, 2), (0, 3), (1, 2), (1, 4), (1, 5), (2, 3), (2, 5), (3, 4)]
  VIOLATION part2: n=6 chi=4 edges=[(0, 1), (0, 3), (0, 4), (1, 2), (1, 4), (1, 5), (2, 3), (2, 5), (3, 4)]
  VIOLATION part2: n=6 chi=4 edges=[(0, 2), (0, 3), (0, 4), (1, 2), (1, 4), (1, 5), (2, 3), (2, 5), (3, 4)]
  VIOLATION part2: n=6 chi=4 edges=[(0, 1), (0, 2), (0, 3), (1, 3), (1, 4), (1, 5), (2, 3), (2, 5), (3, 4)]
  VIOLATION part2: n=6 chi=4 edges=[(0, 1), (0, 2), (0, 5), (1, 3), (1, 4), (1, 5), (2, 3), (2, 5), (3, 4)]
  VIOLATION part2: n=6 chi=4 edges=[(0, 2), (0, 3), (0, 5), (1, 3), (1, 4), (1, 5), (2, 3), (2, 5), (3, 4)]
  VIOLATION part2: n=6 chi=4 edges=[(0, 2), (0, 3), (0, 4), (1, 2), (2, 4), (2, 5), (3, 4)]
  VIOLATION part2: n=6 chi=4 edges=[(0, 1), (0, 2), (0, 3), (1, 2), (1, 3), (2, 4), (2, 5), (3, 4)]
  VIOLATION part2: n=6 chi=4 edges=[(0, 2), (0, 3), (0, 4), (1, 2), (1, 3), (2, 4), (2, 5), (3, 4)]
  VIOLATION part2: n=6 chi=3 edges=[(0, 5), (1, 4), (2, 4), (2, 5), (3, 4)]
  VIOLATION part2: n=6 chi=4 edges=[(0, 2), (0, 4), (0, 5), (1, 4), (2, 4), (2, 5), (3, 4)]
  VIOLATION part2: n=6 chi=4 edges=[(0, 2), (0, 3), (0, 4), (1, 2), (1, 4), (2, 4), (2, 5), (3, 4)]
  VIOLATION part2: n=6 chi=4 edges=[(0, 2), (0, 4), (0, 5), (1, 3), (1, 4), (2, 4), (2, 5), (3, 4)]
  VIOLATION part2: n=6 chi=4 edges=[(0, 2), (0, 3), (1, 2), (1, 3), (1, 4), (2, 4), (2, 5), (3, 4)]
  VIOLATION part2: n=6 chi=4 edges=[(0, 2), (0, 3), (0, 4), (1, 2), (1, 3), (1, 4), (2, 4), (2, 5), (3, 4)]
  VIOLATION part2: n=6 chi=4 edges=[(0, 1), (0, 2), (0, 5), (1, 2), (1, 3), (1, 4), (2, 4), (2, 5), (3, 4)]
  VIOLATION part2: n=6 chi=4 edges=[(0, 1), (0, 3), (0, 5), (1, 2), (1, 3), (1, 4), (2, 4), (2, 5), (3, 4)]
  VIOLATION part2: n=6 chi=4 edges=[(0, 2), (0, 3), (0, 5), (1, 2), (1, 3), (1, 4), (2, 4), (2, 5), (3, 4)]
  VIOLATION part2: n=6 chi=4 edges=[(0, 3), (0, 4), (0, 5), (1, 2), (1, 3), (1, 4), (2, 4), (2, 5), (3, 4)]
  VIOLATION part2: n=6 chi=4 edges=[(0, 2), (0, 3), (0, 4), (1, 2), (1, 5), (2, 4), (2, 5), (3, 4)]
  VIOLATION part2: n=6 chi=4 edges=[(0, 1), (0, 2), (0, 4), (1, 2), (1, 3), (1, 5), (2, 4), (2, 5), (3, 4)]
  VIOLATION part2: n=6 chi=4 edges=[(0, 1), (0, 3), (0, 4), (1, 2), (1, 3), (1, 5), (2, 4), (2, 5), (3, 4)]
  VIOLATION part2: n=6 chi=4 edges=[(0, 2), (0, 3), (0, 4), (1, 2), (1, 3), (1, 5), (2, 4), (2, 5), (3, 4)]
  VIOLATION part2: n=6 chi=4 edges=[(0, 1), (0, 4), (0, 5), (1, 4), (1, 5), (2, 4), (2, 5), (3, 4)]
  VIOLATION part2: n=6 chi=4 edges=[(0, 2), (0, 4), (0, 5), (1, 4), (1, 5), (2, 4), (2, 5), (3, 4)]
  VIOLATION part2: n=6 chi=4 edges=[(0, 1), (0, 3), (0, 4), (1, 2), (1, 4), (1, 5), (2, 4), (2, 5), (3, 4)]
  VIOLATION part2: n=6 chi=4 edges=[(0, 2), (0, 3), (0, 4), (1, 2), (1, 4), (1, 5), (2, 4), (2, 5), (3, 4)]
  VIOLATION part2: n=6 chi=4 edges=[(0, 1), (0, 3), (0, 5), (1, 2), (1, 4), (1, 5), (2, 4), (2, 5), (3, 4)]
  VIOLATION part2: n=6 chi=4 edges=[(0, 2), (0, 3), (0, 5), (1, 2), (1, 4), (1, 5), (2, 4), (2, 5), (3, 4)]
  VIOLATION part2: n=6 chi=4 edges=[(0, 4), (0, 5), (1, 2), (1, 4), (1, 5), (2, 4), (2, 5), (3, 4)]
  VIOLATION part2: n=6 chi=4 edges=[(0, 3), (0, 4), (0, 5), (1, 2), (1, 4), (1, 5), (2, 4), (2, 5), (3, 4)]
  VIOLATION part2: n=6 chi=4 edges=[(0, 1), (0, 2), (0, 4), (1, 3), (1, 4), (1, 5), (2, 4), (2, 5), (3, 4)]
  VIOLATION part2: n=6 chi=4 edges=[(0, 1), (0, 2), (0, 5), (1, 3), (1, 4), (1, 5), (2, 4), (2, 5), (3, 4)]
  VIOLATION part2: n=6 chi=4 edges=[(0, 2), (0, 4), (0, 5), (1, 3), (1, 4), (1, 5), (2, 4), (2, 5), (3, 4)]
  VIOLATION part2: n=6 chi=4 edges=[(0, 1), (0, 2), (0, 3), (1, 3), (2, 3), (2, 4), (2, 5), (3, 4)]
  VIOLATION part2: n=6 chi=4 edges=[(0, 1), (0, 2), (0, 4), (1, 4), (2, 3), (2, 4), (2, 5), (3, 4)]
  VIOLATION part2: n=6 chi=4 edges=[(0, 1), (0, 2), (0, 3), (1, 3), (1, 4), (2, 3), (2, 4), (2, 5), (3, 4)]
  VIOLATION part2: n=6 chi=4 edges=[(0, 1), (0, 2), (0, 4), (1, 3), (1, 4), (2, 3), (2, 4), (2, 5), (3, 4)]
  VIOLATION part2: n=6 chi=4 edges=[(0, 1), (0, 3), (0, 5), (1, 3), (1, 4), (2, 3), (2, 4), (2, 5), (3, 4)]
  VIOLATION part2: n=6 chi=4 edges=[(0, 1), (0, 4), (0, 5), (1, 3), (1, 4), (2, 3), (2, 4), (2, 5), (3, 4)]
  VIOLATION part2: n=6 chi=4 edges=[(0, 1), (0, 2), (0, 5), (1, 5), (2, 3), (2, 4), (2, 5), (3, 4)]
  VIOLATION part2: n=6 chi=4 edges=[(0, 1), (0, 2), (0, 3), (1, 3), (1, 5), (2, 3), (2, 4), (2, 5), (3, 4)]
  VIOLATION part2: n=6 chi=4 edges=[(0, 1), (0, 2), (0, 5), (1, 3), (1, 5), (2, 3), (2, 4), (2, 5), (3, 4)]
  VIOLATION part2: n=6 chi=4 edges=[(0, 1), (0, 3), (0, 5), (1, 3), (1, 5), (2, 3), (2, 4), (2, 5), (3, 4)]
  VIOLATION part2: n=6 chi=4 edges=[(0, 1), (0, 3), (0, 4), (1, 2), (1, 3), (1, 5), (2, 3), (2, 4), (2, 5), (3, 4)]
  VIOLATION part2: n=6 chi=4 edges=[(0, 1), (0, 2), (0, 4), (1, 4), (1, 5), (2, 3), (2, 4), (2, 5), (3, 4)]
  VIOLATION part2: n=6 chi=4 edges=[(0, 1), (0, 2), (0, 5), (1, 4), (1, 5), (2, 3), (2, 4), (2, 5), (3, 4)]
  VIOLATION part2: n=6 chi=4 edges=[(0, 1), (0, 4), (0, 5), (1, 4), (1, 5), (2, 3), (2, 4), (2, 5), (3, 4)]
  VIOLATION part2: n=6 chi=4 edges=[(0, 1), (0, 3), (0, 4), (1, 2), (1, 4), (1, 5), (2, 3), (2, 4), (2, 5), (3, 4)]
  VIOLATION part2: n=6 chi=4 edges=[(0, 1), (0, 2), (0, 3), (1, 3), (1, 4), (1, 5), (2, 3), (2, 4), (2, 5), (3, 4)]
  VIOLATION part2: n=6 chi=4 edges=[(0, 1), (0, 2), (0, 4), (1, 3), (1, 4), (1, 5), (2, 3), (2, 4), (2, 5), (3, 4)]
  VIOLATION part2: n=6 chi=4 edges=[(0, 1), (0, 3), (0, 5), (1, 2), (1, 3), (1, 4), (3, 5)]
  VIOLATION part2: n=6 chi=4 edges=[(0, 1), (0, 3), (0, 5), (1, 2), (1, 4), (1, 5), (3, 5)]
  VIOLATION part2: n=6 chi=4 edges=[(0, 1), (0, 3), (0, 4), (1, 3), (1, 4), (2, 3), (3, 5)]
  VIOLATION part2: n=6 chi=4 edges=[(0, 1), (0, 3), (0, 5), (1, 2), (1, 3), (1, 4), (2, 3), (3, 5)]
  VIOLATION part2: n=6 chi=4 edges=[(0, 1), (0, 2), (0, 3), (1, 2), (1, 4), (1, 5), (2, 3), (3, 5)]
  VIOLATION part2: n=6 chi=4 edges=[(0, 1), (0, 3), (0, 5), (1, 2), (1, 4), (1, 5), (2, 3), (3, 5)]
  VIOLATION part2: n=6 chi=4 edges=[(0, 1), (0, 2), (0, 3), (1, 3), (1, 4), (1, 5), (2, 3), (3, 5)]
  VIOLATION part2: n=6 chi=4 edges=[(0, 1), (0, 3), (0, 5), (1, 2), (1, 3), (1, 4), (2, 4), (3, 5)]
  VIOLATION part2: n=6 chi=4 edges=[(0, 1), (0, 2), (0, 4), (1, 2), (1, 3), (1, 5), (2, 4), (3, 5)]
  VIOLATION part2: n=6 chi=4 edges=[(0, 1), (0, 3), (0, 5), (1, 2), (1, 4), (1, 5), (2, 4), (3, 5)]
  VIOLATION part2: n=6 chi=4 edges=[(0, 1), (0, 2), (0, 4), (1, 3), (1, 4), (1, 5), (2, 4), (3, 5)]
  VIOLATION part2: n=6 chi=4 edges=[(0, 2), (0, 3), (0, 5), (1, 2), (2, 3), (2, 4), (3, 5)]
  VIOLATION part2: n=6 chi=3 edges=[(0, 4), (1, 3), (2, 3), (2, 4), (3, 5)]
  VIOLATION part2: n=6 chi=4 edges=[(0, 2), (0, 3), (0, 4), (1, 3), (2, 3), (2, 4), (3, 5)]
  VIOLATION part2: n=6 chi=4 edges=[(0, 2), (0, 3), (0, 5), (1, 2), (1, 3), (2, 3), (2, 4), (3, 5)]
  VIOLATION part2: n=6 chi=4 edges=[(0, 2), (0, 3), (0, 5), (1, 2), (1, 4), (2, 3), (2, 4), (3, 5)]
  VIOLATION part2: n=6 chi=4 edges=[(0, 1), (0, 3), (0, 4), (1, 3), (1, 4), (2, 3), (2, 4), (3, 5)]
  VIOLATION part2: n=6 chi=4 edges=[(0, 2), (0, 3), (0, 4), (1, 3), (1, 4), (2, 3), (2, 4), (3, 5)]
  VIOLATION part2: n=6 chi=4 edges=[(0, 3), (0, 4), (1, 2), (1, 3), (1, 4), (2, 3), (2, 4), (3, 5)]
  VIOLATION part2: n=6 chi=4 edges=[(0, 1), (0, 3), (0, 5), (1, 2), (1, 3), (1, 4), (2, 3), (2, 4), (3, 5)]
  VIOLATION part2: n=6 chi=4 edges=[(0, 2), (0, 3), (0, 5), (1, 2), (1, 3), (1, 4), (2, 3), (2, 4), (3, 5)]
  VIOLATION part2: n=6 chi=4 edges=[(0, 1), (0, 4), (0, 5), (1, 2), (1, 3), (1, 4), (2, 3), (2, 4), (3, 5)]
  VIOLATION part2: n=6 chi=4 edges=[(0, 2), (0, 4), (0, 5), (1, 2), (1, 3), (1, 4), (2, 3), (2, 4), (3, 5)]
  VIOLATION part2: n=6 chi=4 edges=[(0, 3), (0, 4), (0, 5), (1, 2), (1, 3), (1, 4), (2, 3), (2, 4), (3, 5)]
  VIOLATION part2: n=6 chi=4 edges=[(0, 1), (0, 2), (0, 5), (1, 2), (1, 5), (2, 3), (2, 4), (3, 5)]
  VIOLATION part2: n=6 chi=4 edges=[(0, 2), (0, 3), (0, 5), (1, 2), (1, 5), (2, 3), (2, 4), (3, 5)]
  VIOLATION part2: n=6 chi=4 edges=[(0, 2), (0, 3), (0, 4), (1, 3), (1, 5), (2, 3), (2, 4), (3, 5)]
  VIOLATION part2: n=6 chi=4 edges=[(0, 1), (0, 2), (0, 4), (1, 2), (1, 3), (1, 5), (2, 3), (2, 4), (3, 5)]
  VIOLATION part2: n=6 chi=4 edges=[(0, 2), (0, 5), (1, 2), (1, 3), (1, 5), (2, 3), (2, 4), (3, 5)]
  VIOLATION part2: n=6 chi=4 edges=[(0, 2), (0, 3), (0, 5), (1, 2), (1, 3), (1, 5), (2, 3), (2, 4), (3, 5)]
  VIOLATION part2: n=6 chi=4 edges=[(0, 1), (0, 4), (0, 5), (1, 2), (1, 3), (1, 5), (2, 3), (2, 4), (3, 5)]
  VIOLATION part2: n=6 chi=4 edges=[(0, 2), (0, 4), (0, 5), (1, 2), (1, 3), (1, 5), (2, 3), (2, 4), (3, 5)]
  VIOLATION part2: n=6 chi=4 edges=[(0, 3), (0, 4), (0, 5), (1, 2), (1, 3), (1, 5), (2, 3), (2, 4), (3, 5)]
  VIOLATION part2: n=6 chi=4 edges=[(0, 1), (0, 2), (0, 3), (1, 2), (1, 4), (1, 5), (2, 3), (2, 4), (3, 5)]
  VIOLATION part2: n=6 chi=4 edges=[(0, 1), (0, 3), (0, 5), (1, 2), (1, 4), (1, 5), (2, 3), (2, 4), (3, 5)]
  VIOLATION part2: n=6 chi=4 edges=[(0, 2), (0, 3), (0, 5), (1, 2), (1, 4), (1, 5), (2, 3), (2, 4), (3, 5)]
  VIOLATION part2: n=6 chi=4 edges=[(0, 1), (0, 2), (0, 3), (1, 3), (1, 4), (1, 5), (2, 3), (2, 4), (3, 5)]
  VIOLATION part2: n=6 chi=4 edges=[(0, 1), (0, 2), (0, 4), (1, 3), (1, 4), (1, 5), (2, 3), (2, 4), (3, 5)]
  VIOLATION part2: n=6 chi=4 edges=[(0, 2), (0, 3), (0, 4), (1, 3), (1, 4), (1, 5), (2, 3), (2, 4), (3, 5)]
  VIOLATION part2: n=6 chi=4 edges=[(0, 1), (0, 2), (0, 5), (1, 2), (1, 3), (1, 4), (2, 5), (3, 5)]
  VIOLATION part2: n=6 chi=4 edges=[(0, 1), (0, 3), (0, 5), (1, 2), (1, 3), (1, 4), (2, 5), (3, 5)]
  VIOLATION part2: n=6 chi=4 edges=[(0, 1), (0, 4), (0, 5), (1, 4), (1, 5), (2, 5), (3, 5)]
  VIOLATION part2: n=6 chi=4 edges=[(0, 1), (0, 3), (0, 5), (1, 2), (1, 4), (1, 5), (2, 5), (3, 5)]
  VIOLATION part2: n=6 chi=4 edges=[(0, 1), (0, 2), (0, 5), (1, 3), (1, 4), (1, 5), (2, 5), (3, 5)]
  VIOLATION part2: n=6 chi=4 edges=[(0, 1), (0, 2), (0, 4), (1, 2), (1, 4), (2, 3), (2, 5), (3, 5)]
  VIOLATION part2: n=6 chi=4 edges=[(0, 1), (0, 3), (0, 4), (1, 3), (1, 4), (2, 3), (2, 5), (3, 5)]
  VIOLATION part2: n=6 chi=4 edges=[(0, 5), (1, 2), (1, 3), (1, 4), (2, 3), (2, 5), (3, 5)]
  VIOLATION part2: n=6 chi=4 edges=[(0, 1), (0, 2), (0, 5), (1, 2), (1, 3), (1, 4), (2, 3), (2, 5), (3, 5)]
  VIOLATION part2: n=6 chi=4 edges=[(0, 1), (0, 3), (0, 5), (1, 2), (1, 3), (1, 4), (2, 3), (2, 5), (3, 5)]
  VIOLATION part2: n=6 chi=4 edges=[(0, 4), (0, 5), (1, 2), (1, 3), (1, 4), (2, 3), (2, 5), (3, 5)]
  VIOLATION part2: n=6 chi=4 edges=[(0, 2), (0, 4), (0, 5), (1, 2), (1, 3), (1, 4), (2, 3), (2, 5), (3, 5)]
  VIOLATION part2: n=6 chi=4 edges=[(0, 3), (0, 4), (0, 5), (1, 2), (1, 3), (1, 4), (2, 3), (2, 5), (3, 5)]
  VIOLATION part2: n=6 chi=4 edges=[(0, 1), (0, 4), (0, 5), (1, 4), (1, 5), (2, 3), (2, 5), (3, 5)]
  VIOLATION part2: n=6 chi=4 edges=[(0, 3), (1, 2), (1, 4), (1, 5), (2, 3), (2, 5), (3, 5)]
  VIOLATION part2: n=6 chi=4 edges=[(0, 1), (0, 2), (0, 3), (1, 2), (1, 4), (1, 5), (2, 3), (2, 5), (3, 5)]
  VIOLATION part2: n=6 chi=4 edges=[(0, 3), (0, 4), (1, 2), (1, 4), (1, 5), (2, 3), (2, 5), (3, 5)]
  VIOLATION part2: n=6 chi=4 edges=[(0, 2), (0, 3), (0, 4), (1, 2), (1, 4), (1, 5), (2, 3), (2, 5), (3, 5)]
  VIOLATION part2: n=6 chi=4 edges=[(0, 1), (0, 3), (0, 5), (1, 2), (1, 4), (1, 5), (2, 3), (2, 5), (3, 5)]
  VIOLATION part2: n=6 chi=4 edges=[(0, 3), (0, 4), (0, 5), (1, 2), (1, 4), (1, 5), (2, 3), (2, 5), (3, 5)]
  VIOLATION part2: n=6 chi=4 edges=[(0, 2), (1, 3), (1, 4), (1, 5), (2, 3), (2, 5), (3, 5)]
  VIOLATION part2: n=6 chi=4 edges=[(0, 1), (0, 2), (0, 3), (1, 3), (1, 4), (1, 5), (2, 3), (2, 5), (3, 5)]
  VIOLATION part2: n=6 chi=4 edges=[(0, 2), (0, 4), (1, 3), (1, 4), (1, 5), (2, 3), (2, 5), (3, 5)]
  VIOLATION part2: n=6 chi=4 edges=[(0, 2), (0, 3), (0, 4), (1, 3), (1, 4), (1, 5), (2, 3), (2, 5), (3, 5)]
  VIOLATION part2: n=6 chi=4 edges=[(0, 1), (0, 2), (0, 5), (1, 3), (1, 4), (1, 5), (2, 3), (2, 5), (3, 5)]
  VIOLATION part2: n=6 chi=4 edges=[(0, 2), (0, 4), (0, 5), (1, 3), (1, 4), (1, 5), (2, 3), (2, 5), (3, 5)]
  VIOLATION part2: n=6 chi=4 edges=[(0, 2), (0, 3), (0, 5), (1, 2), (2, 4), (2, 5), (3, 5)]
  VIOLATION part2: n=6 chi=4 edges=[(0, 1), (0, 2), (0, 3), (1, 2), (1, 3), (2, 4), (2, 5), (3, 5)]
  VIOLATION part2: n=6 chi=4 edges=[(0, 2), (0, 3), (0, 5), (1, 2), (1, 3), (2, 4), (2, 5), (3, 5)]
  VIOLATION part2: n=6 chi=4 edges=[(0, 2), (0, 3), (0, 5), (1, 2), (1, 4), (2, 4), (2, 5), (3, 5)]
  VIOLATION part2: n=6 chi=4 edges=[(0, 1), (0, 2), (0, 5), (1, 2), (1, 3), (1, 4), (2, 4), (2, 5), (3, 5)]
  VIOLATION part2: n=6 chi=4 edges=[(0, 1), (0, 3), (0, 5), (1, 2), (1, 3), (1, 4), (2, 4), (2, 5), (3, 5)]
  VIOLATION part2: n=6 chi=4 edges=[(0, 2), (0, 3), (0, 5), (1, 2), (1, 3), (1, 4), (2, 4), (2, 5), (3, 5)]
  VIOLATION part2: n=6 chi=3 edges=[(0, 4), (1, 5), (2, 4), (2, 5), (3, 5)]
  VIOLATION part2: n=6 chi=4 edges=[(0, 2), (0, 4), (0, 5), (1, 5), (2, 4), (2, 5), (3, 5)]
  VIOLATION part2: n=6 chi=4 edges=[(0, 2), (0, 3), (0, 5), (1, 2), (1, 5), (2, 4), (2, 5), (3, 5)]
  VIOLATION part2: n=6 chi=4 edges=[(0, 2), (0, 4), (0, 5), (1, 3), (1, 5), (2, 4), (2, 5), (3, 5)]
  VIOLATION part2: n=6 chi=4 edges=[(0, 2), (0, 3), (1, 2), (1, 3), (1, 5), (2, 4), (2, 5), (3, 5)]
  VIOLATION part2: n=6 chi=4 edges=[(0, 1), (0, 2), (0, 4), (1, 2), (1, 3), (1, 5), (2, 4), (2, 5), (3, 5)]
  VIOLATION part2: n=6 chi=4 edges=[(0, 1), (0, 3), (0, 4), (1, 2), (1, 3), (1, 5), (2, 4), (2, 5), (3, 5)]
  VIOLATION part2: n=6 chi=4 edges=[(0, 2), (0, 3), (0, 4), (1, 2), (1, 3), (1, 5), (2, 4), (2, 5), (3, 5)]
  VIOLATION part2: n=6 chi=4 edges=[(0, 2), (0, 3), (0, 5), (1, 2), (1, 3), (1, 5), (2, 4), (2, 5), (3, 5)]
  VIOLATION part2: n=6 chi=4 edges=[(0, 3), (0, 4), (0, 5), (1, 2), (1, 3), (1, 5), (2, 4), (2, 5), (3, 5)]
  VIOLATION part2: n=6 chi=4 edges=[(0, 1), (0, 4), (0, 5), (1, 4), (1, 5), (2, 4), (2, 5), (3, 5)]
  VIOLATION part2: n=6 chi=4 edges=[(0, 2), (0, 4), (0, 5), (1, 4), (1, 5), (2, 4), (2, 5), (3, 5)]
  VIOLATION part2: n=6 chi=4 edges=[(0, 1), (0, 3), (0, 4), (1, 2), (1, 4), (1, 5), (2, 4), (2, 5), (3, 5)]
  VIOLATION part2: n=6 chi=4 edges=[(0, 2), (0, 3), (0, 4), (1, 2), (1, 4), (1, 5), (2, 4), (2, 5), (3, 5)]
  VIOLATION part2: n=6 chi=4 edges=[(0, 1), (0, 3), (0, 5), (1, 2), (1, 4), (1, 5), (2, 4), (2, 5), (3, 5)]
  VIOLATION part2: n=6 chi=4 edges=[(0, 2), (0, 3), (0, 5), (1, 2), (1, 4), (1, 5), (2, 4), (2, 5), (3, 5)]
  VIOLATION part2: n=6 chi=4 edges=[(0, 4), (0, 5), (1, 2), (1, 4), (1, 5), (2, 4), (2, 5), (3, 5)]
  VIOLATION part2: n=6 chi=4 edges=[(0, 3), (0, 4), (0, 5), (1, 2), (1, 4), (1, 5), (2, 4), (2, 5), (3, 5)]
  VIOLATION part2: n=6 chi=4 edges=[(0, 1), (0, 2), (0, 4), (1, 3), (1, 4), (1, 5), (2, 4), (2, 5), (3, 5)]
  VIOLATION part2: n=6 chi=4 edges=[(0, 1), (0, 2), (0, 5), (1, 3), (1, 4), (1, 5), (2, 4), (2, 5), (3, 5)]
  VIOLATION part2: n=6 chi=4 edges=[(0, 2), (0, 4), (0, 5), (1, 3), (1, 4), (1, 5), (2, 4), (2, 5), (3, 5)]
  VIOLATION part2: n=6 chi=4 edges=[(0, 1), (0, 2), (0, 3), (1, 3), (2, 3), (2, 4), (2, 5), (3, 5)]
  VIOLATION part2: n=6 chi=4 edges=[(0, 1), (0, 2), (0, 4), (1, 4), (2, 3), (2, 4), (2, 5), (3, 5)]
  VIOLATION part2: n=6 chi=4 edges=[(0, 1), (0, 2), (0, 3), (1, 3), (1, 4), (2, 3), (2, 4), (2, 5), (3, 5)]
  VIOLATION part2: n=6 chi=4 edges=[(0, 1), (0, 2), (0, 4), (1, 3), (1, 4), (2, 3), (2, 4), (2, 5), (3, 5)]
  VIOLATION part2: n=6 chi=4 edges=[(0, 1), (0, 3), (0, 4), (1, 3), (1, 4), (2, 3), (2, 4), (2, 5), (3, 5)]
  VIOLATION part2: n=6 chi=4 edges=[(0, 1), (0, 3), (0, 5), (1, 2), (1, 3), (1, 4), (2, 3), (2, 4), (2, 5), (3, 5)]
  VIOLATION part2: n=6 chi=4 edges=[(0, 1), (0, 2), (0, 5), (1, 5), (2, 3), (2, 4), (2, 5), (3, 5)]
  VIOLATION part2: n=6 chi=4 edges=[(0, 1), (0, 2), (0, 3), (1, 3), (1, 5), (2, 3), (2, 4), (2, 5), (3, 5)]
  VIOLATION part2: n=6 chi=4 edges=[(0, 1), (0, 3), (0, 4), (1, 3), (1, 5), (2, 3), (2, 4), (2, 5), (3, 5)]
  VIOLATION part2: n=6 chi=4 edges=[(0, 1), (0, 2), (0, 5), (1, 3), (1, 5), (2, 3), (2, 4), (2, 5), (3, 5)]
  VIOLATION part2: n=6 chi=4 edges=[(0, 1), (0, 4), (0, 5), (1, 3), (1, 5), (2, 3), (2, 4), (2, 5), (3, 5)]
  VIOLATION part2: n=6 chi=4 edges=[(0, 1), (0, 2), (0, 4), (1, 4), (1, 5), (2, 3), (2, 4), (2, 5), (3, 5)]
  VIOLATION part2: n=6 chi=4 edges=[(0, 1), (0, 2), (0, 5), (1, 4), (1, 5), (2, 3), (2, 4), (2, 5), (3, 5)]
  VIOLATION part2: n=6 chi=4 edges=[(0, 1), (0, 4), (0, 5), (1, 4), (1, 5), (2, 3), (2, 4), (2, 5), (3, 5)]
  VIOLATION part2: n=6 chi=4 edges=[(0, 1), (0, 3), (0, 5), (1, 2), (1, 4), (1, 5), (2, 3), (2, 4), (2, 5), (3, 5)]
  VIOLATION part2: n=6 chi=4 edges=[(0, 1), (0, 2), (0, 3), (1, 3), (1, 4), (1, 5), (2, 3), (2, 4), (2, 5), (3, 5)]
  VIOLATION part2: n=6 chi=4 edges=[(0, 1), (0, 2), (0, 5), (1, 3), (1, 4), (1, 5), (2, 3), (2, 4), (2, 5), (3, 5)]
  VIOLATION part2: n=6 chi=4 edges=[(0, 1), (0, 2), (0, 3), (1, 2), (1, 3), (3, 4), (3, 5)]
  VIOLATION part2: n=6 chi=4 edges=[(0, 1), (0, 3), (0, 5), (1, 2), (1, 3), (1, 4), (3, 4), (3, 5)]
  VIOLATION part2: n=6 chi=4 edges=[(0, 1), (0, 3), (0, 4), (1, 2), (1, 3), (1, 5), (3, 4), (3, 5)]
  VIOLATION part2: n=6 chi=4 edges=[(0, 1), (0, 3), (0, 4), (1, 2), (1, 4), (1, 5), (3, 4), (3, 5)]
  VIOLATION part2: n=6 chi=4 edges=[(0, 1), (0, 3), (0, 5), (1, 2), (1, 4), (1, 5), (3, 4), (3, 5)]
  VIOLATION part2: n=6 chi=3 edges=[(0, 1), (1, 2), (2, 3), (3, 4), (3, 5)]
  VIOLATION part2: n=6 chi=4 edges=[(0, 1), (0, 2), (0, 3), (1, 2), (2, 3), (3, 4), (3, 5)]
  VIOLATION part2: n=6 chi=3 edges=[(0, 1), (1, 4), (2, 3), (3, 4), (3, 5)]
  VIOLATION part2: n=6 chi=4 edges=[(0, 1), (0, 3), (0, 4), (1, 4), (2, 3), (3, 4), (3, 5)]
  VIOLATION part2: n=6 chi=4 edges=[(0, 1), (0, 2), (0, 3), (1, 2), (1, 4), (2, 3), (3, 4), (3, 5)]
  VIOLATION part2: n=6 chi=4 edges=[(0, 1), (0, 3), (0, 4), (1, 2), (1, 4), (2, 3), (3, 4), (3, 5)]
  VIOLATION part2: n=6 chi=3 edges=[(0, 1), (1, 5), (2, 3), (3, 4), (3, 5)]
  VIOLATION part2: n=6 chi=4 edges=[(0, 1), (0, 3), (0, 5), (1, 5), (2, 3), (3, 4), (3, 5)]
  VIOLATION part2: n=6 chi=4 edges=[(0, 1), (0, 2), (0, 3), (1, 2), (1, 5), (2, 3), (3, 4), (3, 5)]
  VIOLATION part2: n=6 chi=4 edges=[(0, 1), (0, 3), (0, 5), (1, 2), (1, 5), (2, 3), (3, 4), (3, 5)]
  VIOLATION part2: n=6 chi=4 edges=[(0, 1), (0, 3), (0, 4), (1, 4), (1, 5), (2, 3), (3, 4), (3, 5)]
  VIOLATION part2: n=6 chi=4 edges=[(0, 1), (0, 3), (0, 5), (1, 4), (1, 5), (2, 3), (3, 4), (3, 5)]
  VIOLATION part2: n=6 chi=4 edges=[(0, 1), (0, 2), (0, 3), (1, 2), (1, 4), (1, 5), (2, 3), (3, 4), (3, 5)]
  VIOLATION part2: n=6 chi=4 edges=[(0, 1), (0, 3), (0, 4), (1, 2), (1, 4), (1, 5), (2, 3), (3, 4), (3, 5)]
  VIOLATION part2: n=6 chi=4 edges=[(0, 1), (0, 3), (0, 5), (1, 2), (1, 4), (1, 5), (2, 3), (3, 4), (3, 5)]
  VIOLATION part2: n=6 chi=3 edges=[(0, 2), (1, 3), (2, 4), (3, 4), (3, 5)]
  VIOLATION part2: n=6 chi=4 edges=[(0, 2), (0, 3), (0, 4), (1, 3), (2, 4), (3, 4), (3, 5)]
  VIOLATION part2: n=6 chi=4 edges=[(0, 1), (0, 2), (0, 3), (1, 2), (1, 3), (2, 4), (3, 4), (3, 5)]
  VIOLATION part2: n=6 chi=4 edges=[(0, 2), (0, 3), (0, 4), (1, 2), (1, 3), (2, 4), (3, 4), (3, 5)]
  VIOLATION part2: n=6 chi=3 edges=[(0, 5), (1, 4), (2, 4), (3, 4), (3, 5)]
  VIOLATION part2: n=6 chi=4 edges=[(0, 3), (0, 4), (0, 5), (1, 4), (2, 4), (3, 4), (3, 5)]
  VIOLATION part2: n=6 chi=4 edges=[(0, 3), (0, 4), (0, 5), (1, 2), (1, 4), (2, 4), (3, 4), (3, 5)]
  VIOLATION part2: n=6 chi=4 edges=[(0, 2), (0, 3), (0, 4), (1, 3), (1, 4), (2, 4), (3, 4), (3, 5)]
  VIOLATION part2: n=6 chi=4 edges=[(0, 2), (0, 3), (1, 2), (1, 3), (1, 4), (2, 4), (3, 4), (3, 5)]
  VIOLATION part2: n=6 chi=4 edges=[(0, 2), (0, 3), (0, 4), (1, 2), (1, 3), (1, 4), (2, 4), (3, 4), (3, 5)]
  VIOLATION part2: n=6 chi=4 edges=[(0, 1), (0, 2), (0, 5), (1, 2), (1, 3), (1, 4), (2, 4), (3, 4), (3, 5)]
  VIOLATION part2: n=6 chi=4 edges=[(0, 1), (0, 3), (0, 5), (1, 2), (1, 3), (1, 4), (2, 4), (3, 4), (3, 5)]
  VIOLATION part2: n=6 chi=4 edges=[(0, 2), (0, 3), (0, 5), (1, 2), (1, 3), (1, 4), (2, 4), (3, 4), (3, 5)]
  VIOLATION part2: n=6 chi=4 edges=[(0, 2), (0, 4), (0, 5), (1, 2), (1, 3), (1, 4), (2, 4), (3, 4), (3, 5)]
  VIOLATION part2: n=6 chi=4 edges=[(0, 2), (0, 3), (0, 4), (1, 3), (1, 5), (2, 4), (3, 4), (3, 5)]
  VIOLATION part2: n=6 chi=4 edges=[(0, 1), (0, 2), (0, 4), (1, 2), (1, 3), (1, 5), (2, 4), (3, 4), (3, 5)]
  VIOLATION part2: n=6 chi=4 edges=[(0, 1), (0, 3), (0, 4), (1, 2), (1, 3), (1, 5), (2, 4), (3, 4), (3, 5)]
  VIOLATION part2: n=6 chi=4 edges=[(0, 2), (0, 3), (0, 4), (1, 2), (1, 3), (1, 5), (2, 4), (3, 4), (3, 5)]
  VIOLATION part2: n=6 chi=4 edges=[(0, 1), (0, 4), (0, 5), (1, 4), (1, 5), (2, 4), (3, 4), (3, 5)]
  VIOLATION part2: n=6 chi=4 edges=[(0, 3), (0, 4), (0, 5), (1, 4), (1, 5), (2, 4), (3, 4), (3, 5)]
  VIOLATION part2: n=6 chi=4 edges=[(0, 1), (0, 3), (0, 4), (1, 2), (1, 4), (1, 5), (2, 4), (3, 4), (3, 5)]
  VIOLATION part2: n=6 chi=4 edges=[(0, 1), (0, 3), (0, 5), (1, 2), (1, 4), (1, 5), (2, 4), (3, 4), (3, 5)]
  VIOLATION part2: n=6 chi=4 edges=[(0, 3), (0, 4), (0, 5), (1, 2), (1, 4), (1, 5), (2, 4), (3, 4), (3, 5)]
  VIOLATION part2: n=6 chi=4 edges=[(0, 1), (0, 2), (0, 4), (1, 3), (1, 4), (1, 5), (2, 4), (3, 4), (3, 5)]
  VIOLATION part2: n=6 chi=4 edges=[(0, 2), (0, 3), (0, 4), (1, 3), (1, 4), (1, 5), (2, 4), (3, 4), (3, 5)]
  VIOLATION part2: n=6 chi=4 edges=[(0, 1), (0, 2), (0, 5), (1, 3), (1, 4), (1, 5), (2, 4), (3, 4), (3, 5)]
  VIOLATION part2: n=6 chi=4 edges=[(0, 2), (0, 3), (0, 5), (1, 3), (1, 4), (1, 5), (2, 4), (3, 4), (3, 5)]
  VIOLATION part2: n=6 chi=4 edges=[(0, 4), (0, 5), (1, 3), (1, 4), (1, 5), (2, 4), (3, 4), (3, 5)]
  VIOLATION part2: n=6 chi=4 edges=[(0, 2), (0, 4), (0, 5), (1, 3), (1, 4), (1, 5), (2, 4), (3, 4), (3, 5)]
  VIOLATION part2: n=6 chi=4 edges=[(0, 2), (0, 3), (0, 5), (1, 2), (2, 3), (2, 4), (3, 4), (3, 5)]
  VIOLATION part2: n=6 chi=4 edges=[(0, 1), (0, 3), (0, 4), (1, 4), (2, 3), (2, 4), (3, 4), (3, 5)]
  VIOLATION part2: n=6 chi=4 edges=[(0, 1), (0, 3), (0, 4), (1, 2), (1, 4), (2, 3), (2, 4), (3, 4), (3, 5)]
  VIOLATION part2: n=6 chi=4 edges=[(0, 1), (0, 2), (0, 5), (1, 2), (1, 4), (2, 3), (2, 4), (3, 4), (3, 5)]
  VIOLATION part2: n=6 chi=4 edges=[(0, 2), (0, 3), (0, 5), (1, 2), (1, 4), (2, 3), (2, 4), (3, 4), (3, 5)]
  VIOLATION part2: n=6 chi=4 edges=[(0, 1), (0, 4), (0, 5), (1, 2), (1, 4), (2, 3), (2, 4), (3, 4), (3, 5)]
  VIOLATION part2: n=6 chi=4 edges=[(0, 1), (0, 3), (0, 5), (1, 5), (2, 3), (2, 4), (3, 4), (3, 5)]
  VIOLATION part2: n=6 chi=4 edges=[(0, 1), (0, 2), (0, 5), (1, 2), (1, 5), (2, 3), (2, 4), (3, 4), (3, 5)]
  VIOLATION part2: n=6 chi=4 edges=[(0, 1), (0, 3), (0, 5), (1, 2), (1, 5), (2, 3), (2, 4), (3, 4), (3, 5)]
  VIOLATION part2: n=6 chi=4 edges=[(0, 2), (0, 3), (0, 5), (1, 2), (1, 5), (2, 3), (2, 4), (3, 4), (3, 5)]
  VIOLATION part2: n=6 chi=4 edges=[(0, 1), (0, 2), (0, 4), (1, 2), (1, 3), (1, 5), (2, 3), (2, 4), (3, 4), (3, 5)]
  VIOLATION part2: n=6 chi=4 edges=[(0, 2), (0, 5), (1, 2), (1, 3), (1, 5), (2, 3), (2, 4), (3, 4), (3, 5)]
  VIOLATION part2: n=6 chi=4 edges=[(0, 1), (0, 3), (0, 4), (1, 4), (1, 5), (2, 3), (2, 4), (3, 4), (3, 5)]
  VIOLATION part2: n=6 chi=4 edges=[(0, 1), (0, 3), (0, 5), (1, 4), (1, 5), (2, 3), (2, 4), (3, 4), (3, 5)]
  VIOLATION part2: n=6 chi=4 edges=[(0, 1), (0, 4), (0, 5), (1, 4), (1, 5), (2, 3), (2, 4), (3, 4), (3, 5)]
  VIOLATION part2: n=6 chi=4 edges=[(0, 1), (0, 2), (0, 3), (1, 2), (1, 4), (1, 5), (2, 3), (2, 4), (3, 4), (3, 5)]
  VIOLATION part2: n=6 chi=4 edges=[(0, 1), (0, 3), (0, 4), (1, 2), (1, 4), (1, 5), (2, 3), (2, 4), (3, 4), (3, 5)]
  VIOLATION part2: n=6 chi=4 edges=[(0, 1), (0, 2), (0, 4), (1, 3), (1, 4), (1, 5), (2, 3), (2, 4), (3, 4), (3, 5)]
  VIOLATION part2: n=6 chi=3 edges=[(0, 2), (1, 3), (2, 5), (3, 4), (3, 5)]
  VIOLATION part2: n=6 chi=4 edges=[(0, 2), (0, 3), (0, 5), (1, 3), (2, 5), (3, 4), (3, 5)]
  VIOLATION part2: n=6 chi=4 edges=[(0, 1), (0, 2), (0, 3), (1, 2), (1, 3), (2, 5), (3, 4), (3, 5)]
  VIOLATION part2: n=6 chi=4 edges=[(0, 2), (0, 3), (0, 5), (1, 2), (1, 3), (2, 5), (3, 4), (3, 5)]
  VIOLATION part2: n=6 chi=4 edges=[(0, 2), (0, 3), (0, 5), (1, 3), (1, 4), (2, 5), (3, 4), (3, 5)]
  VIOLATION part2: n=6 chi=4 edges=[(0, 1), (0, 2), (0, 5), (1, 2), (1, 3), (1, 4), (2, 5), (3, 4), (3, 5)]
  VIOLATION part2: n=6 chi=4 edges=[(0, 1), (0, 3), (0, 5), (1, 2), (1, 3), (1, 4), (2, 5), (3, 4), (3, 5)]
  VIOLATION part2: n=6 chi=4 edges=[(0, 2), (0, 3), (0, 5), (1, 2), (1, 3), (1, 4), (2, 5), (3, 4), (3, 5)]
  VIOLATION part2: n=6 chi=3 edges=[(0, 4), (1, 5), (2, 5), (3, 4), (3, 5)]
  VIOLATION part2: n=6 chi=4 edges=[(0, 3), (0, 4), (0, 5), (1, 5), (2, 5), (3, 4), (3, 5)]
  VIOLATION part2: n=6 chi=4 edges=[(0, 3), (0, 4), (0, 5), (1, 2), (1, 5), (2, 5), (3, 4), (3, 5)]
  VIOLATION part2: n=6 chi=4 edges=[(0, 2), (0, 3), (0, 5), (1, 3), (1, 5), (2, 5), (3, 4), (3, 5)]
  VIOLATION part2: n=6 chi=4 edges=[(0, 2), (0, 3), (1, 2), (1, 3), (1, 5), (2, 5), (3, 4), (3, 5)]
  VIOLATION part2: n=6 chi=4 edges=[(0, 1), (0, 2), (0, 4), (1, 2), (1, 3), (1, 5), (2, 5), (3, 4), (3, 5)]
  VIOLATION part2: n=6 chi=4 edges=[(0, 1), (0, 3), (0, 4), (1, 2), (1, 3), (1, 5), (2, 5), (3, 4), (3, 5)]
  VIOLATION part2: n=6 chi=4 edges=[(0, 2), (0, 3), (0, 4), (1, 2), (1, 3), (1, 5), (2, 5), (3, 4), (3, 5)]
  VIOLATION part2: n=6 chi=4 edges=[(0, 2), (0, 3), (0, 5), (1, 2), (1, 3), (1, 5), (2, 5), (3, 4), (3, 5)]
  VIOLATION part2: n=6 chi=4 edges=[(0, 2), (0, 4), (0, 5), (1, 2), (1, 3), (1, 5), (2, 5), (3, 4), (3, 5)]
  VIOLATION part2: n=6 chi=4 edges=[(0, 1), (0, 4), (0, 5), (1, 4), (1, 5), (2, 5), (3, 4), (3, 5)]
  VIOLATION part2: n=6 chi=4 edges=[(0, 3), (0, 4), (0, 5), (1, 4), (1, 5), (2, 5), (3, 4), (3, 5)]
  VIOLATION part2: n=6 chi=4 edges=[(0, 1), (0, 3), (0, 4), (1, 2), (1, 4), (1, 5), (2, 5), (3, 4), (3, 5)]
  VIOLATION part2: n=6 chi=4 edges=[(0, 1), (0, 3), (0, 5), (1, 2), (1, 4), (1, 5), (2, 5), (3, 4), (3, 5)]
  VIOLATION part2: n=6 chi=4 edges=[(0, 3), (0, 4), (0, 5), (1, 2), (1, 4), (1, 5), (2, 5), (3, 4), (3, 5)]
  VIOLATION part2: n=6 chi=4 edges=[(0, 1), (0, 2), (0, 4), (1, 3), (1, 4), (1, 5), (2, 5), (3, 4), (3, 5)]
  VIOLATION part2: n=6 chi=4 edges=[(0, 2), (0, 3), (0, 4), (1, 3), (1, 4), (1, 5), (2, 5), (3, 4), (3, 5)]
  VIOLATION part2: n=6 chi=4 edges=[(0, 1), (0, 2), (0, 5), (1, 3), (1, 4), (1, 5), (2, 5), (3, 4), (3, 5)]
  VIOLATION part2: n=6 chi=4 edges=[(0, 2), (0, 3), (0, 5), (1, 3), (1, 4), (1, 5), (2, 5), (3, 4), (3, 5)]
  VIOLATION part2: n=6 chi=4 edges=[(0, 4), (0, 5), (1, 3), (1, 4), (1, 5), (2, 5), (3, 4), (3, 5)]
  VIOLATION part2: n=6 chi=4 edges=[(0, 2), (0, 4), (0, 5), (1, 3), (1, 4), (1, 5), (2, 5), (3, 4), (3, 5)]
  VIOLATION part2: n=6 chi=4 edges=[(0, 2), (0, 3), (0, 4), (1, 2), (2, 3), (2, 5), (3, 4), (3, 5)]
  VIOLATION part2: n=6 chi=4 edges=[(0, 1), (0, 3), (0, 4), (1, 4), (2, 3), (2, 5), (3, 4), (3, 5)]
  VIOLATION part2: n=6 chi=4 edges=[(0, 1), (0, 2), (0, 4), (1, 2), (1, 4), (2, 3), (2, 5), (3, 4), (3, 5)]
  VIOLATION part2: n=6 chi=4 edges=[(0, 1), (0, 3), (0, 4), (1, 2), (1, 4), (2, 3), (2, 5), (3, 4), (3, 5)]
  VIOLATION part2: n=6 chi=4 edges=[(0, 2), (0, 3), (0, 4), (1, 2), (1, 4), (2, 3), (2, 5), (3, 4), (3, 5)]
  VIOLATION part2: n=6 chi=4 edges=[(0, 2), (0, 4), (1, 2), (1, 3), (1, 4), (2, 3), (2, 5), (3, 4), (3, 5)]
  VIOLATION part2: n=6 chi=4 edges=[(0, 1), (0, 2), (0, 5), (1, 2), (1, 3), (1, 4), (2, 3), (2, 5), (3, 4), (3, 5)]
  VIOLATION part2: n=6 chi=4 edges=[(0, 1), (0, 3), (0, 5), (1, 5), (2, 3), (2, 5), (3, 4), (3, 5)]
  VIOLATION part2: n=6 chi=4 edges=[(0, 1), (0, 2), (0, 4), (1, 2), (1, 5), (2, 3), (2, 5), (3, 4), (3, 5)]
  VIOLATION part2: n=6 chi=4 edges=[(0, 2), (0, 3), (0, 4), (1, 2), (1, 5), (2, 3), (2, 5), (3, 4), (3, 5)]
  VIOLATION part2: n=6 chi=4 edges=[(0, 1), (0, 3), (0, 5), (1, 2), (1, 5), (2, 3), (2, 5), (3, 4), (3, 5)]
  VIOLATION part2: n=6 chi=4 edges=[(0, 1), (0, 4), (0, 5), (1, 2), (1, 5), (2, 3), (2, 5), (3, 4), (3, 5)]
  VIOLATION part2: n=6 chi=4 edges=[(0, 1), (0, 3), (0, 4), (1, 4), (1, 5), (2, 3), (2, 5), (3, 4), (3, 5)]
  VIOLATION part2: n=6 chi=4 edges=[(0, 1), (0, 3), (0, 5), (1, 4), (1, 5), (2, 3), (2, 5), (3, 4), (3, 5)]
  VIOLATION part2: n=6 chi=4 edges=[(0, 1), (0, 4), (0, 5), (1, 4), (1, 5), (2, 3), (2, 5), (3, 4), (3, 5)]
  VIOLATION part2: n=6 chi=4 edges=[(0, 1), (0, 2), (0, 3), (1, 2), (1, 4), (1, 5), (2, 3), (2, 5), (3, 4), (3, 5)]
  VIOLATION part2: n=6 chi=4 edges=[(0, 1), (0, 3), (0, 5), (1, 2), (1, 4), (1, 5), (2, 3), (2, 5), (3, 4), (3, 5)]
  VIOLATION part2: n=6 chi=4 edges=[(0, 1), (0, 2), (0, 5), (1, 3), (1, 4), (1, 5), (2, 3), (2, 5), (3, 4), (3, 5)]
  VIOLATION part2: n=6 chi=4 edges=[(0, 2), (0, 3), (0, 4), (1, 2), (2, 4), (2, 5), (3, 4), (3, 5)]
  VIOLATION part2: n=6 chi=4 edges=[(0, 2), (0, 3), (0, 5), (1, 2), (2, 4), (2, 5), (3, 4), (3, 5)]
  VIOLATION part2: n=6 chi=4 edges=[(0, 2), (0, 3), (0, 4), (1, 3), (2, 4), (2, 5), (3, 4), (3, 5)]
  VIOLATION part2: n=6 chi=4 edges=[(0, 2), (0, 3), (0, 5), (1, 3), (2, 4), (2, 5), (3, 4), (3, 5)]
  VIOLATION part2: n=6 chi=4 edges=[(0, 1), (0, 2), (0, 3), (1, 2), (1, 3), (2, 4), (2, 5), (3, 4), (3, 5)]
  VIOLATION part2: n=6 chi=4 edges=[(0, 2), (0, 3), (0, 4), (1, 2), (1, 3), (2, 4), (2, 5), (3, 4), (3, 5)]
  VIOLATION part2: n=6 chi=4 edges=[(0, 2), (0, 3), (0, 5), (1, 2), (1, 3), (2, 4), (2, 5), (3, 4), (3, 5)]
  VIOLATION part2: n=6 chi=3 edges=[(0, 5), (1, 4), (2, 4), (2, 5), (3, 4), (3, 5)]
  VIOLATION part2: n=6 chi=4 edges=[(0, 2), (0, 4), (0, 5), (1, 4), (2, 4), (2, 5), (3, 4), (3, 5)]
  VIOLATION part2: n=6 chi=4 edges=[(0, 3), (0, 4), (0, 5), (1, 4), (2, 4), (2, 5), (3, 4), (3, 5)]
  VIOLATION part2: n=6 chi=4 edges=[(0, 2), (0, 3), (0, 4), (1, 2), (1, 4), (2, 4), (2, 5), (3, 4), (3, 5)]
  VIOLATION part2: n=6 chi=4 edges=[(0, 2), (0, 3), (0, 5), (1, 2), (1, 4), (2, 4), (2, 5), (3, 4), (3, 5)]
  VIOLATION part2: n=6 chi=4 edges=[(0, 3), (0, 4), (0, 5), (1, 2), (1, 4), (2, 4), (2, 5), (3, 4), (3, 5)]
  VIOLATION part2: n=6 chi=4 edges=[(0, 2), (0, 3), (0, 4), (1, 3), (1, 4), (2, 4), (2, 5), (3, 4), (3, 5)]
  VIOLATION part2: n=6 chi=4 edges=[(0, 2), (0, 3), (0, 5), (1, 3), (1, 4), (2, 4), (2, 5), (3, 4), (3, 5)]
  VIOLATION part2: n=6 chi=4 edges=[(0, 2), (0, 4), (0, 5), (1, 3), (1, 4), (2, 4), (2, 5), (3, 4), (3, 5)]
  VIOLATION part2: n=6 chi=4 edges=[(0, 2), (0, 3), (1, 2), (1, 3), (1, 4), (2, 4), (2, 5), (3, 4), (3, 5)]
  VIOLATION part2: n=6 chi=4 edges=[(0, 2), (0, 3), (0, 4), (1, 2), (1, 3), (1, 4), (2, 4), (2, 5), (3, 4), (3, 5)]
  VIOLATION part2: n=6 chi=4 edges=[(0, 2), (0, 4), (0, 5), (1, 5), (2, 4), (2, 5), (3, 4), (3, 5)]
  VIOLATION part2: n=6 chi=4 edges=[(0, 3), (0, 4), (0, 5), (1, 5), (2, 4), (2, 5), (3, 4), (3, 5)]
  VIOLATION part2: n=6 chi=4 edges=[(0, 2), (0, 3), (0, 4), (1, 2), (1, 5), (2, 4), (2, 5), (3, 4), (3, 5)]
  VIOLATION part2: n=6 chi=4 edges=[(0, 2), (0, 3), (0, 5), (1, 2), (1, 5), (2, 4), (2, 5), (3, 4), (3, 5)]
  VIOLATION part2: n=6 chi=4 edges=[(0, 3), (0, 4), (0, 5), (1, 2), (1, 5), (2, 4), (2, 5), (3, 4), (3, 5)]
  VIOLATION part2: n=6 chi=4 edges=[(0, 2), (0, 3), (0, 4), (1, 3), (1, 5), (2, 4), (2, 5), (3, 4), (3, 5)]
  VIOLATION part2: n=6 chi=4 edges=[(0, 2), (0, 3), (0, 5), (1, 3), (1, 5), (2, 4), (2, 5), (3, 4), (3, 5)]
  VIOLATION part2: n=6 chi=4 edges=[(0, 2), (0, 4), (0, 5), (1, 3), (1, 5), (2, 4), (2, 5), (3, 4), (3, 5)]
  VIOLATION part2: n=6 chi=4 edges=[(0, 2), (0, 3), (1, 2), (1, 3), (1, 5), (2, 4), (2, 5), (3, 4), (3, 5)]
  VIOLATION part2: n=6 chi=4 edges=[(0, 2), (0, 3), (0, 5), (1, 2), (1, 3), (1, 5), (2, 4), (2, 5), (3, 4), (3, 5)]
  VIOLATION part2: n=6 chi=4 edges=[(0, 1), (0, 4), (0, 5), (1, 4), (1, 5), (2, 4), (2, 5), (3, 4), (3, 5)]
  VIOLATION part2: n=6 chi=4 edges=[(0, 2), (0, 4), (0, 5), (1, 4), (1, 5), (2, 4), (2, 5), (3, 4), (3, 5)]
  VIOLATION part2: n=6 chi=4 edges=[(0, 3), (0, 4), (0, 5), (1, 4), (1, 5), (2, 4), (2, 5), (3, 4), (3, 5)]
  VIOLATION part2: n=6 chi=4 edges=[(0, 4), (0, 5), (1, 2), (1, 4), (1, 5), (2, 4), (2, 5), (3, 4), (3, 5)]
  VIOLATION part2: n=6 chi=4 edges=[(0, 4), (0, 5), (1, 3), (1, 4), (1, 5), (2, 4), (2, 5), (3, 4), (3, 5)]
  VIOLATION part2: n=6 chi=4 edges=[(0, 1), (0, 2), (0, 4), (1, 4), (2, 3), (2, 4), (2, 5), (3, 4), (3, 5)]
  VIOLATION part2: n=6 chi=4 edges=[(0, 1), (0, 3), (0, 4), (1, 4), (2, 3), (2, 4), (2, 5), (3, 4), (3, 5)]
  VIOLATION part2: n=6 chi=4 edges=[(0, 1), (0, 2), (0, 5), (1, 4), (2, 3), (2, 4), (2, 5), (3, 4), (3, 5)]
  VIOLATION part2: n=6 chi=4 edges=[(0, 1), (0, 3), (0, 5), (1, 4), (2, 3), (2, 4), (2, 5), (3, 4), (3, 5)]
  VIOLATION part2: n=6 chi=4 edges=[(0, 4), (0, 5), (1, 4), (2, 3), (2, 4), (2, 5), (3, 4), (3, 5)]
  VIOLATION part2: n=6 chi=4 edges=[(0, 1), (0, 4), (0, 5), (1, 4), (2, 3), (2, 4), (2, 5), (3, 4), (3, 5)]
  VIOLATION part2: n=6 chi=4 edges=[(0, 1), (0, 2), (0, 4), (1, 3), (1, 4), (2, 3), (2, 4), (2, 5), (3, 4), (3, 5)]
  VIOLATION part2: n=6 chi=4 edges=[(0, 1), (0, 2), (0, 4), (1, 5), (2, 3), (2, 4), (2, 5), (3, 4), (3, 5)]
  VIOLATION part2: n=6 chi=4 edges=[(0, 1), (0, 3), (0, 4), (1, 5), (2, 3), (2, 4), (2, 5), (3, 4), (3, 5)]
  VIOLATION part2: n=6 chi=4 edges=[(0, 1), (0, 2), (0, 5), (1, 5), (2, 3), (2, 4), (2, 5), (3, 4), (3, 5)]
  VIOLATION part2: n=6 chi=4 edges=[(0, 1), (0, 3), (0, 5), (1, 5), (2, 3), (2, 4), (2, 5), (3, 4), (3, 5)]
  VIOLATION part2: n=6 chi=4 edges=[(0, 4), (0, 5), (1, 5), (2, 3), (2, 4), (2, 5), (3, 4), (3, 5)]
  VIOLATION part2: n=6 chi=4 edges=[(0, 1), (0, 4), (0, 5), (1, 5), (2, 3), (2, 4), (2, 5), (3, 4), (3, 5)]
  VIOLATION part2: n=6 chi=4 edges=[(0, 1), (0, 2), (0, 5), (1, 3), (1, 5), (2, 3), (2, 4), (2, 5), (3, 4), (3, 5)]
  VIOLATION part2: n=6 chi=4 edges=[(0, 4), (0, 5), (1, 4), (1, 5), (2, 3), (2, 4), (2, 5), (3, 4), (3, 5)]
  VIOLATION part2: n=6 chi=4 edges=[(0, 1), (0, 4), (0, 5), (1, 2), (1, 3), (1, 4), (4, 5)]
  VIOLATION part2: n=6 chi=4 edges=[(0, 1), (0, 4), (0, 5), (1, 2), (1, 3), (1, 5), (4, 5)]
  VIOLATION part2: n=6 chi=4 edges=[(0, 1), (0, 4), (0, 5), (1, 2), (1, 3), (1, 4), (2, 3), (4, 5)]
  VIOLATION part2: n=6 chi=4 edges=[(0, 1), (0, 4), (0, 5), (1, 2), (1, 3), (1, 5), (2, 3), (4, 5)]
  VIOLATION part2: n=6 chi=4 edges=[(0, 1), (0, 2), (0, 3), (1, 2), (1, 4), (1, 5), (2, 3), (4, 5)]
  VIOLATION part2: n=6 chi=4 edges=[(0, 1), (0, 2), (0, 3), (1, 3), (1, 4), (1, 5), (2, 3), (4, 5)]
  VIOLATION part2: n=6 chi=4 edges=[(0, 1), (0, 3), (0, 4), (1, 3), (1, 4), (2, 4), (4, 5)]
  VIOLATION part2: n=6 chi=4 edges=[(0, 1), (0, 4), (0, 5), (1, 2), (1, 3), (1, 4), (2, 4), (4, 5)]
  VIOLATION part2: n=6 chi=4 edges=[(0, 1), (0, 2), (0, 4), (1, 2), (1, 3), (1, 5), (2, 4), (4, 5)]
  VIOLATION part2: n=6 chi=4 edges=[(0, 1), (0, 4), (0, 5), (1, 2), (1, 3), (1, 5), (2, 4), (4, 5)]
  VIOLATION part2: n=6 chi=4 edges=[(0, 1), (0, 2), (0, 4), (1, 3), (1, 4), (1, 5), (2, 4), (4, 5)]
  VIOLATION part2: n=6 chi=4 edges=[(0, 2), (0, 4), (0, 5), (1, 2), (2, 3), (2, 4), (4, 5)]
  VIOLATION part2: n=6 chi=4 edges=[(0, 2), (0, 4), (0, 5), (1, 2), (1, 3), (2, 3), (2, 4), (4, 5)]
  VIOLATION part2: n=6 chi=3 edges=[(0, 3), (1, 4), (2, 3), (2, 4), (4, 5)]
  VIOLATION part2: n=6 chi=4 edges=[(0, 2), (0, 3), (0, 4), (1, 4), (2, 3), (2, 4), (4, 5)]
  VIOLATION part2: n=6 chi=4 edges=[(0, 2), (0, 4), (0, 5), (1, 2), (1, 4), (2, 3), (2, 4), (4, 5)]
  VIOLATION part2: n=6 chi=4 edges=[(0, 1), (0, 3), (0, 4), (1, 3), (1, 4), (2, 3), (2, 4), (4, 5)]
  VIOLATION part2: n=6 chi=4 edges=[(0, 2), (0, 3), (0, 4), (1, 3), (1, 4), (2, 3), (2, 4), (4, 5)]
  VIOLATION part2: n=6 chi=4 edges=[(0, 3), (0, 4), (1, 2), (1, 3), (1, 4), (2, 3), (2, 4), (4, 5)]
  VIOLATION part2: n=6 chi=4 edges=[(0, 1), (0, 3), (0, 5), (1, 2), (1, 3), (1, 4), (2, 3), (2, 4), (4, 5)]
  VIOLATION part2: n=6 chi=4 edges=[(0, 2), (0, 3), (0, 5), (1, 2), (1, 3), (1, 4), (2, 3), (2, 4), (4, 5)]
  VIOLATION part2: n=6 chi=4 edges=[(0, 1), (0, 4), (0, 5), (1, 2), (1, 3), (1, 4), (2, 3), (2, 4), (4, 5)]
  VIOLATION part2: n=6 chi=4 edges=[(0, 2), (0, 4), (0, 5), (1, 2), (1, 3), (1, 4), (2, 3), (2, 4), (4, 5)]
  VIOLATION part2: n=6 chi=4 edges=[(0, 3), (0, 4), (0, 5), (1, 2), (1, 3), (1, 4), (2, 3), (2, 4), (4, 5)]
  VIOLATION part2: n=6 chi=4 edges=[(0, 1), (0, 2), (0, 5), (1, 2), (1, 5), (2, 3), (2, 4), (4, 5)]
  VIOLATION part2: n=6 chi=4 edges=[(0, 2), (0, 4), (0, 5), (1, 2), (1, 5), (2, 3), (2, 4), (4, 5)]
  VIOLATION part2: n=6 chi=4 edges=[(0, 1), (0, 2), (0, 4), (1, 2), (1, 3), (1, 5), (2, 3), (2, 4), (4, 5)]
  VIOLATION part2: n=6 chi=4 edges=[(0, 1), (0, 4), (0, 5), (1, 2), (1, 3), (1, 5), (2, 3), (2, 4), (4, 5)]
  VIOLATION part2: n=6 chi=4 edges=[(0, 2), (0, 4), (0, 5), (1, 2), (1, 3), (1, 5), (2, 3), (2, 4), (4, 5)]
  VIOLATION part2: n=6 chi=4 edges=[(0, 2), (0, 3), (0, 4), (1, 4), (1, 5), (2, 3), (2, 4), (4, 5)]
  VIOLATION part2: n=6 chi=4 edges=[(0, 1), (0, 2), (0, 3), (1, 2), (1, 4), (1, 5), (2, 3), (2, 4), (4, 5)]
  VIOLATION part2: n=6 chi=4 edges=[(0, 2), (0, 5), (1, 2), (1, 4), (1, 5), (2, 3), (2, 4), (4, 5)]
  VIOLATION part2: n=6 chi=4 edges=[(0, 1), (0, 3), (0, 5), (1, 2), (1, 4), (1, 5), (2, 3), (2, 4), (4, 5)]
  VIOLATION part2: n=6 chi=4 edges=[(0, 2), (0, 3), (0, 5), (1, 2), (1, 4), (1, 5), (2, 3), (2, 4), (4, 5)]
  VIOLATION part2: n=6 chi=4 edges=[(0, 2), (0, 4), (0, 5), (1, 2), (1, 4), (1, 5), (2, 3), (2, 4), (4, 5)]
  VIOLATION part2: n=6 chi=4 edges=[(0, 3), (0, 4), (0, 5), (1, 2), (1, 4), (1, 5), (2, 3), (2, 4), (4, 5)]
  VIOLATION part2: n=6 chi=4 edges=[(0, 1), (0, 2), (0, 3), (1, 3), (1, 4), (1, 5), (2, 3), (2, 4), (4, 5)]
  VIOLATION part2: n=6 chi=4 edges=[(0, 1), (0, 2), (0, 4), (1, 3), (1, 4), (1, 5), (2, 3), (2, 4), (4, 5)]
  VIOLATION part2: n=6 chi=4 edges=[(0, 2), (0, 3), (0, 4), (1, 3), (1, 4), (1, 5), (2, 3), (2, 4), (4, 5)]
  VIOLATION part2: n=6 chi=4 edges=[(0, 1), (0, 2), (0, 5), (1, 2), (1, 3), (1, 4), (2, 5), (4, 5)]
  VIOLATION part2: n=6 chi=4 edges=[(0, 1), (0, 4), (0, 5), (1, 2), (1, 3), (1, 4), (2, 5), (4, 5)]
  VIOLATION part2: n=6 chi=4 edges=[(0, 1), (0, 3), (0, 5), (1, 3), (1, 5), (2, 5), (4, 5)]
  VIOLATION part2: n=6 chi=4 edges=[(0, 1), (0, 4), (0, 5), (1, 2), (1, 3), (1, 5), (2, 5), (4, 5)]
  VIOLATION part2: n=6 chi=4 edges=[(0, 1), (0, 2), (0, 5), (1, 3), (1, 4), (1, 5), (2, 5), (4, 5)]
  VIOLATION part2: n=6 chi=4 edges=[(0, 2), (0, 4), (0, 5), (1, 2), (2, 3), (2, 5), (4, 5)]
  VIOLATION part2: n=6 chi=4 edges=[(0, 2), (0, 4), (0, 5), (1, 2), (1, 3), (2, 3), (2, 5), (4, 5)]
  VIOLATION part2: n=6 chi=4 edges=[(0, 1), (0, 2), (0, 4), (1, 2), (1, 4), (2, 3), (2, 5), (4, 5)]
  VIOLATION part2: n=6 chi=4 edges=[(0, 2), (0, 4), (0, 5), (1, 2), (1, 4), (2, 3), (2, 5), (4, 5)]
  VIOLATION part2: n=6 chi=4 edges=[(0, 1), (0, 2), (0, 5), (1, 2), (1, 3), (1, 4), (2, 3), (2, 5), (4, 5)]
  VIOLATION part2: n=6 chi=4 edges=[(0, 1), (0, 4), (0, 5), (1, 2), (1, 3), (1, 4), (2, 3), (2, 5), (4, 5)]
  VIOLATION part2: n=6 chi=4 edges=[(0, 2), (0, 4), (0, 5), (1, 2), (1, 3), (1, 4), (2, 3), (2, 5), (4, 5)]
  VIOLATION part2: n=6 chi=3 edges=[(0, 3), (1, 5), (2, 3), (2, 5), (4, 5)]
  VIOLATION part2: n=6 chi=4 edges=[(0, 2), (0, 3), (0, 5), (1, 5), (2, 3), (2, 5), (4, 5)]
  VIOLATION part2: n=6 chi=4 edges=[(0, 2), (0, 4), (0, 5), (1, 2), (1, 5), (2, 3), (2, 5), (4, 5)]
  VIOLATION part2: n=6 chi=4 edges=[(0, 1), (0, 3), (0, 5), (1, 3), (1, 5), (2, 3), (2, 5), (4, 5)]
  VIOLATION part2: n=6 chi=4 edges=[(0, 2), (0, 3), (0, 5), (1, 3), (1, 5), (2, 3), (2, 5), (4, 5)]
  VIOLATION part2: n=6 chi=4 edges=[(0, 1), (0, 3), (0, 4), (1, 2), (1, 3), (1, 5), (2, 3), (2, 5), (4, 5)]
  VIOLATION part2: n=6 chi=4 edges=[(0, 2), (0, 3), (0, 4), (1, 2), (1, 3), (1, 5), (2, 3), (2, 5), (4, 5)]
  VIOLATION part2: n=6 chi=4 edges=[(0, 3), (0, 5), (1, 2), (1, 3), (1, 5), (2, 3), (2, 5), (4, 5)]
  VIOLATION part2: n=6 chi=4 edges=[(0, 1), (0, 4), (0, 5), (1, 2), (1, 3), (1, 5), (2, 3), (2, 5), (4, 5)]
  VIOLATION part2: n=6 chi=4 edges=[(0, 2), (0, 4), (0, 5), (1, 2), (1, 3), (1, 5), (2, 3), (2, 5), (4, 5)]
  VIOLATION part2: n=6 chi=4 edges=[(0, 3), (0, 4), (0, 5), (1, 2), (1, 3), (1, 5), (2, 3), (2, 5), (4, 5)]
  VIOLATION part2: n=6 chi=4 edges=[(0, 2), (0, 3), (0, 5), (1, 4), (1, 5), (2, 3), (2, 5), (4, 5)]
  VIOLATION part2: n=6 chi=4 edges=[(0, 1), (0, 2), (0, 3), (1, 2), (1, 4), (1, 5), (2, 3), (2, 5), (4, 5)]
  VIOLATION part2: n=6 chi=4 edges=[(0, 2), (0, 4), (1, 2), (1, 4), (1, 5), (2, 3), (2, 5), (4, 5)]
  VIOLATION part2: n=6 chi=4 edges=[(0, 1), (0, 3), (0, 4), (1, 2), (1, 4), (1, 5), (2, 3), (2, 5), (4, 5)]
  VIOLATION part2: n=6 chi=4 edges=[(0, 2), (0, 3), (0, 4), (1, 2), (1, 4), (1, 5), (2, 3), (2, 5), (4, 5)]
  VIOLATION part2: n=6 chi=4 edges=[(0, 2), (0, 4), (0, 5), (1, 2), (1, 4), (1, 5), (2, 3), (2, 5), (4, 5)]
  VIOLATION part2: n=6 chi=4 edges=[(0, 3), (0, 4), (0, 5), (1, 2), (1, 4), (1, 5), (2, 3), (2, 5), (4, 5)]
  VIOLATION part2: n=6 chi=4 edges=[(0, 1), (0, 2), (0, 3), (1, 3), (1, 4), (1, 5), (2, 3), (2, 5), (4, 5)]
  VIOLATION part2: n=6 chi=4 edges=[(0, 1), (0, 2), (0, 5), (1, 3), (1, 4), (1, 5), (2, 3), (2, 5), (4, 5)]
  VIOLATION part2: n=6 chi=4 edges=[(0, 2), (0, 3), (0, 5), (1, 3), (1, 4), (1, 5), (2, 3), (2, 5), (4, 5)]
  VIOLATION part2: n=6 chi=4 edges=[(0, 1), (0, 2), (0, 3), (1, 2), (1, 3), (2, 4), (2, 5), (4, 5)]
  VIOLATION part2: n=6 chi=4 edges=[(0, 1), (0, 3), (0, 4), (1, 3), (1, 4), (2, 4), (2, 5), (4, 5)]
  VIOLATION part2: n=6 chi=4 edges=[(0, 5), (1, 2), (1, 3), (1, 4), (2, 4), (2, 5), (4, 5)]
  VIOLATION part2: n=6 chi=4 edges=[(0, 1), (0, 2), (0, 5), (1, 2), (1, 3), (1, 4), (2, 4), (2, 5), (4, 5)]
  VIOLATION part2: n=6 chi=4 edges=[(0, 3), (0, 5), (1, 2), (1, 3), (1, 4), (2, 4), (2, 5), (4, 5)]
  VIOLATION part2: n=6 chi=4 edges=[(0, 2), (0, 3), (0, 5), (1, 2), (1, 3), (1, 4), (2, 4), (2, 5), (4, 5)]
  VIOLATION part2: n=6 chi=4 edges=[(0, 1), (0, 4), (0, 5), (1, 2), (1, 3), (1, 4), (2, 4), (2, 5), (4, 5)]
  VIOLATION part2: n=6 chi=4 edges=[(0, 3), (0, 4), (0, 5), (1, 2), (1, 3), (1, 4), (2, 4), (2, 5), (4, 5)]
  VIOLATION part2: n=6 chi=4 edges=[(0, 1), (0, 3), (0, 5), (1, 3), (1, 5), (2, 4), (2, 5), (4, 5)]
  VIOLATION part2: n=6 chi=4 edges=[(0, 4), (1, 2), (1, 3), (1, 5), (2, 4), (2, 5), (4, 5)]
  VIOLATION part2: n=6 chi=4 edges=[(0, 1), (0, 2), (0, 4), (1, 2), (1, 3), (1, 5), (2, 4), (2, 5), (4, 5)]
  VIOLATION part2: n=6 chi=4 edges=[(0, 3), (0, 4), (1, 2), (1, 3), (1, 5), (2, 4), (2, 5), (4, 5)]
  VIOLATION part2: n=6 chi=4 edges=[(0, 2), (0, 3), (0, 4), (1, 2), (1, 3), (1, 5), (2, 4), (2, 5), (4, 5)]
  VIOLATION part2: n=6 chi=4 edges=[(0, 1), (0, 4), (0, 5), (1, 2), (1, 3), (1, 5), (2, 4), (2, 5), (4, 5)]
  VIOLATION part2: n=6 chi=4 edges=[(0, 3), (0, 4), (0, 5), (1, 2), (1, 3), (1, 5), (2, 4), (2, 5), (4, 5)]
  VIOLATION part2: n=6 chi=4 edges=[(0, 2), (1, 3), (1, 4), (1, 5), (2, 4), (2, 5), (4, 5)]
  VIOLATION part2: n=6 chi=4 edges=[(0, 2), (0, 3), (1, 3), (1, 4), (1, 5), (2, 4), (2, 5), (4, 5)]
  VIOLATION part2: n=6 chi=4 edges=[(0, 1), (0, 2), (0, 4), (1, 3), (1, 4), (1, 5), (2, 4), (2, 5), (4, 5)]
  VIOLATION part2: n=6 chi=4 edges=[(0, 2), (0, 3), (0, 4), (1, 3), (1, 4), (1, 5), (2, 4), (2, 5), (4, 5)]
  VIOLATION part2: n=6 chi=4 edges=[(0, 1), (0, 2), (0, 5), (1, 3), (1, 4), (1, 5), (2, 4), (2, 5), (4, 5)]
  VIOLATION part2: n=6 chi=4 edges=[(0, 2), (0, 3), (0, 5), (1, 3), (1, 4), (1, 5), (2, 4), (2, 5), (4, 5)]
  VIOLATION part2: n=6 chi=4 edges=[(0, 1), (0, 2), (0, 3), (1, 3), (2, 3), (2, 4), (2, 5), (4, 5)]
  VIOLATION part2: n=6 chi=4 edges=[(0, 1), (0, 2), (0, 4), (1, 4), (2, 3), (2, 4), (2, 5), (4, 5)]
  VIOLATION part2: n=6 chi=4 edges=[(0, 1), (0, 2), (0, 3), (1, 3), (1, 4), (2, 3), (2, 4), (2, 5), (4, 5)]
  VIOLATION part2: n=6 chi=4 edges=[(0, 1), (0, 2), (0, 4), (1, 3), (1, 4), (2, 3), (2, 4), (2, 5), (4, 5)]
  VIOLATION part2: n=6 chi=4 edges=[(0, 1), (0, 3), (0, 4), (1, 3), (1, 4), (2, 3), (2, 4), (2, 5), (4, 5)]
  VIOLATION part2: n=6 chi=4 edges=[(0, 1), (0, 4), (0, 5), (1, 2), (1, 3), (1, 4), (2, 3), (2, 4), (2, 5), (4, 5)]
  VIOLATION part2: n=6 chi=4 edges=[(0, 1), (0, 2), (0, 5), (1, 5), (2, 3), (2, 4), (2, 5), (4, 5)]
  VIOLATION part2: n=6 chi=4 edges=[(0, 1), (0, 2), (0, 3), (1, 3), (1, 5), (2, 3), (2, 4), (2, 5), (4, 5)]
  VIOLATION part2: n=6 chi=4 edges=[(0, 1), (0, 2), (0, 5), (1, 3), (1, 5), (2, 3), (2, 4), (2, 5), (4, 5)]
  VIOLATION part2: n=6 chi=4 edges=[(0, 1), (0, 3), (0, 5), (1, 3), (1, 5), (2, 3), (2, 4), (2, 5), (4, 5)]
  VIOLATION part2: n=6 chi=4 edges=[(0, 1), (0, 4), (0, 5), (1, 2), (1, 3), (1, 5), (2, 3), (2, 4), (2, 5), (4, 5)]
  VIOLATION part2: n=6 chi=4 edges=[(0, 1), (0, 2), (0, 4), (1, 4), (1, 5), (2, 3), (2, 4), (2, 5), (4, 5)]
  VIOLATION part2: n=6 chi=4 edges=[(0, 1), (0, 3), (0, 4), (1, 4), (1, 5), (2, 3), (2, 4), (2, 5), (4, 5)]
  VIOLATION part2: n=6 chi=4 edges=[(0, 1), (0, 2), (0, 5), (1, 4), (1, 5), (2, 3), (2, 4), (2, 5), (4, 5)]
  VIOLATION part2: n=6 chi=4 edges=[(0, 1), (0, 3), (0, 5), (1, 4), (1, 5), (2, 3), (2, 4), (2, 5), (4, 5)]
  VIOLATION part2: n=6 chi=4 edges=[(0, 1), (0, 2), (0, 4), (1, 3), (1, 4), (1, 5), (2, 3), (2, 4), (2, 5), (4, 5)]
  VIOLATION part2: n=6 chi=4 edges=[(0, 1), (0, 2), (0, 5), (1, 3), (1, 4), (1, 5), (2, 3), (2, 4), (2, 5), (4, 5)]
  VIOLATION part2: n=6 chi=4 edges=[(0, 1), (0, 2), (0, 4), (1, 2), (1, 4), (3, 4), (4, 5)]
  VIOLATION part2: n=6 chi=4 edges=[(0, 1), (0, 4), (0, 5), (1, 2), (1, 3), (1, 4), (3, 4), (4, 5)]
  VIOLATION part2: n=6 chi=4 edges=[(0, 1), (0, 3), (0, 4), (1, 2), (1, 3), (1, 5), (3, 4), (4, 5)]
  VIOLATION part2: n=6 chi=4 edges=[(0, 1), (0, 4), (0, 5), (1, 2), (1, 3), (1, 5), (3, 4), (4, 5)]
  VIOLATION part2: n=6 chi=4 edges=[(0, 1), (0, 3), (0, 4), (1, 2), (1, 4), (1, 5), (3, 4), (4, 5)]
  VIOLATION part2: n=6 chi=4 edges=[(0, 3), (0, 4), (0, 5), (1, 3), (2, 3), (3, 4), (4, 5)]
  VIOLATION part2: n=6 chi=4 edges=[(0, 3), (0, 4), (0, 5), (1, 2), (1, 3), (2, 3), (3, 4), (4, 5)]
  VIOLATION part2: n=6 chi=3 edges=[(0, 2), (1, 4), (2, 3), (3, 4), (4, 5)]
  VIOLATION part2: n=6 chi=4 edges=[(0, 2), (0, 3), (0, 4), (1, 4), (2, 3), (3, 4), (4, 5)]
  VIOLATION part2: n=6 chi=4 edges=[(0, 1), (0, 2), (0, 4), (1, 2), (1, 4), (2, 3), (3, 4), (4, 5)]
  VIOLATION part2: n=6 chi=4 edges=[(0, 2), (0, 3), (0, 4), (1, 2), (1, 4), (2, 3), (3, 4), (4, 5)]
  VIOLATION part2: n=6 chi=4 edges=[(0, 3), (0, 4), (0, 5), (1, 3), (1, 4), (2, 3), (3, 4), (4, 5)]
  VIOLATION part2: n=6 chi=4 edges=[(0, 2), (0, 4), (1, 2), (1, 3), (1, 4), (2, 3), (3, 4), (4, 5)]
  VIOLATION part2: n=6 chi=4 edges=[(0, 1), (0, 2), (0, 5), (1, 2), (1, 3), (1, 4), (2, 3), (3, 4), (4, 5)]
  VIOLATION part2: n=6 chi=4 edges=[(0, 2), (0, 3), (0, 5), (1, 2), (1, 3), (1, 4), (2, 3), (3, 4), (4, 5)]
  VIOLATION part2: n=6 chi=4 edges=[(0, 1), (0, 4), (0, 5), (1, 2), (1, 3), (1, 4), (2, 3), (3, 4), (4, 5)]
  VIOLATION part2: n=6 chi=4 edges=[(0, 2), (0, 4), (0, 5), (1, 2), (1, 3), (1, 4), (2, 3), (3, 4), (4, 5)]
  VIOLATION part2: n=6 chi=4 edges=[(0, 3), (0, 4), (0, 5), (1, 2), (1, 3), (1, 4), (2, 3), (3, 4), (4, 5)]
  VIOLATION part2: n=6 chi=4 edges=[(0, 1), (0, 3), (0, 5), (1, 3), (1, 5), (2, 3), (3, 4), (4, 5)]
  VIOLATION part2: n=6 chi=4 edges=[(0, 3), (0, 4), (0, 5), (1, 3), (1, 5), (2, 3), (3, 4), (4, 5)]
  VIOLATION part2: n=6 chi=4 edges=[(0, 1), (0, 3), (0, 4), (1, 2), (1, 3), (1, 5), (2, 3), (3, 4), (4, 5)]
  VIOLATION part2: n=6 chi=4 edges=[(0, 1), (0, 4), (0, 5), (1, 2), (1, 3), (1, 5), (2, 3), (3, 4), (4, 5)]
  VIOLATION part2: n=6 chi=4 edges=[(0, 3), (0, 4), (0, 5), (1, 2), (1, 3), (1, 5), (2, 3), (3, 4), (4, 5)]
  VIOLATION part2: n=6 chi=4 edges=[(0, 2), (0, 3), (0, 4), (1, 4), (1, 5), (2, 3), (3, 4), (4, 5)]
  VIOLATION part2: n=6 chi=4 edges=[(0, 1), (0, 2), (0, 3), (1, 2), (1, 4), (1, 5), (2, 3), (3, 4), (4, 5)]
  VIOLATION part2: n=6 chi=4 edges=[(0, 1), (0, 3), (0, 4), (1, 2), (1, 4), (1, 5), (2, 3), (3, 4), (4, 5)]
  VIOLATION part2: n=6 chi=4 edges=[(0, 2), (0, 3), (0, 4), (1, 2), (1, 4), (1, 5), (2, 3), (3, 4), (4, 5)]
  VIOLATION part2: n=6 chi=4 edges=[(0, 1), (0, 2), (0, 3), (1, 3), (1, 4), (1, 5), (2, 3), (3, 4), (4, 5)]
  VIOLATION part2: n=6 chi=4 edges=[(0, 1), (0, 2), (0, 5), (1, 3), (1, 4), (1, 5), (2, 3), (3, 4), (4, 5)]
  VIOLATION part2: n=6 chi=4 edges=[(0, 3), (0, 5), (1, 3), (1, 4), (1, 5), (2, 3), (3, 4), (4, 5)]
  VIOLATION part2: n=6 chi=4 edges=[(0, 2), (0, 3), (0, 5), (1, 3), (1, 4), (1, 5), (2, 3), (3, 4), (4, 5)]
  VIOLATION part2: n=6 chi=4 edges=[(0, 2), (0, 4), (0, 5), (1, 3), (1, 4), (1, 5), (2, 3), (3, 4), (4, 5)]
  VIOLATION part2: n=6 chi=4 edges=[(0, 3), (0, 4), (0, 5), (1, 3), (1, 4), (1, 5), (2, 3), (3, 4), (4, 5)]
  VIOLATION part2: n=6 chi=3 edges=[(0, 1), (1, 2), (2, 4), (3, 4), (4, 5)]
  VIOLATION part2: n=6 chi=4 edges=[(0, 1), (0, 2), (0, 4), (1, 2), (2, 4), (3, 4), (4, 5)]
  VIOLATION part2: n=6 chi=3 edges=[(0, 1), (1, 3), (2, 4), (3, 4), (4, 5)]
  VIOLATION part2: n=6 chi=4 edges=[(0, 1), (0, 3), (0, 4), (1, 3), (2, 4), (3, 4), (4, 5)]
  VIOLATION part2: n=6 chi=4 edges=[(0, 1), (0, 2), (0, 4), (1, 2), (1, 3), (2, 4), (3, 4), (4, 5)]
  VIOLATION part2: n=6 chi=4 edges=[(0, 1), (0, 3), (0, 4), (1, 2), (1, 3), (2, 4), (3, 4), (4, 5)]
  VIOLATION part2: n=6 chi=3 edges=[(0, 1), (1, 5), (2, 4), (3, 4), (4, 5)]
  VIOLATION part2: n=6 chi=4 edges=[(0, 1), (0, 4), (0, 5), (1, 5), (2, 4), (3, 4), (4, 5)]
  VIOLATION part2: n=6 chi=4 edges=[(0, 1), (0, 2), (0, 4), (1, 2), (1, 5), (2, 4), (3, 4), (4, 5)]
  VIOLATION part2: n=6 chi=4 edges=[(0, 1), (0, 4), (0, 5), (1, 2), (1, 5), (2, 4), (3, 4), (4, 5)]
  VIOLATION part2: n=6 chi=4 edges=[(0, 1), (0, 3), (0, 4), (1, 3), (1, 5), (2, 4), (3, 4), (4, 5)]
  VIOLATION part2: n=6 chi=4 edges=[(0, 1), (0, 4), (0, 5), (1, 3), (1, 5), (2, 4), (3, 4), (4, 5)]
  VIOLATION part2: n=6 chi=4 edges=[(0, 1), (0, 2), (0, 4), (1, 2), (1, 3), (1, 5), (2, 4), (3, 4), (4, 5)]
  VIOLATION part2: n=6 chi=4 edges=[(0, 1), (0, 3), (0, 4), (1, 2), (1, 3), (1, 5), (2, 4), (3, 4), (4, 5)]
  VIOLATION part2: n=6 chi=4 edges=[(0, 1), (0, 4), (0, 5), (1, 2), (1, 3), (1, 5), (2, 4), (3, 4), (4, 5)]
  VIOLATION part2: n=6 chi=4 edges=[(0, 2), (0, 4), (0, 5), (1, 2), (2, 3), (2, 4), (3, 4), (4, 5)]
  VIOLATION part2: n=6 chi=4 edges=[(0, 3), (0, 4), (0, 5), (1, 3), (2, 3), (2, 4), (3, 4), (4, 5)]
  VIOLATION part2: n=6 chi=4 edges=[(0, 1), (0, 2), (0, 5), (1, 2), (1, 3), (2, 3), (2, 4), (3, 4), (4, 5)]
  VIOLATION part2: n=6 chi=4 edges=[(0, 1), (0, 3), (0, 5), (1, 2), (1, 3), (2, 3), (2, 4), (3, 4), (4, 5)]
  VIOLATION part2: n=6 chi=4 edges=[(0, 2), (0, 4), (0, 5), (1, 2), (1, 3), (2, 3), (2, 4), (3, 4), (4, 5)]
  VIOLATION part2: n=6 chi=4 edges=[(0, 3), (0, 4), (0, 5), (1, 2), (1, 3), (2, 3), (2, 4), (3, 4), (4, 5)]
  VIOLATION part2: n=6 chi=4 edges=[(0, 1), (0, 4), (0, 5), (1, 5), (2, 3), (2, 4), (3, 4), (4, 5)]
  VIOLATION part2: n=6 chi=4 edges=[(0, 1), (0, 2), (0, 5), (1, 2), (1, 5), (2, 3), (2, 4), (3, 4), (4, 5)]
  VIOLATION part2: n=6 chi=4 edges=[(0, 1), (0, 4), (0, 5), (1, 2), (1, 5), (2, 3), (2, 4), (3, 4), (4, 5)]
  VIOLATION part2: n=6 chi=4 edges=[(0, 2), (0, 4), (0, 5), (1, 2), (1, 5), (2, 3), (2, 4), (3, 4), (4, 5)]
  VIOLATION part2: n=6 chi=4 edges=[(0, 1), (0, 3), (0, 5), (1, 3), (1, 5), (2, 3), (2, 4), (3, 4), (4, 5)]
  VIOLATION part2: n=6 chi=4 edges=[(0, 1), (0, 4), (0, 5), (1, 3), (1, 5), (2, 3), (2, 4), (3, 4), (4, 5)]
  VIOLATION part2: n=6 chi=4 edges=[(0, 3), (0, 4), (0, 5), (1, 3), (1, 5), (2, 3), (2, 4), (3, 4), (4, 5)]
  VIOLATION part2: n=6 chi=4 edges=[(0, 1), (0, 2), (0, 4), (1, 2), (1, 3), (1, 5), (2, 3), (2, 4), (3, 4), (4, 5)]
  VIOLATION part2: n=6 chi=4 edges=[(0, 1), (0, 3), (0, 4), (1, 2), (1, 3), (1, 5), (2, 3), (2, 4), (3, 4), (4, 5)]
  VIOLATION part2: n=6 chi=4 edges=[(0, 1), (0, 2), (0, 3), (1, 2), (1, 4), (1, 5), (2, 3), (2, 4), (3, 4), (4, 5)]
  VIOLATION part2: n=6 chi=4 edges=[(0, 2), (0, 5), (1, 2), (1, 4), (1, 5), (2, 3), (2, 4), (3, 4), (4, 5)]
  VIOLATION part2: n=6 chi=4 edges=[(0, 1), (0, 2), (0, 3), (1, 3), (1, 4), (1, 5), (2, 3), (2, 4), (3, 4), (4, 5)]
  VIOLATION part2: n=6 chi=4 edges=[(0, 3), (0, 5), (1, 3), (1, 4), (1, 5), (2, 3), (2, 4), (3, 4), (4, 5)]
  VIOLATION part2: n=6 chi=3 edges=[(0, 2), (1, 4), (2, 5), (3, 4), (4, 5)]
  VIOLATION part2: n=6 chi=4 edges=[(0, 2), (0, 4), (0, 5), (1, 4), (2, 5), (3, 4), (4, 5)]
  VIOLATION part2: n=6 chi=4 edges=[(0, 1), (0, 2), (0, 4), (1, 2), (1, 4), (2, 5), (3, 4), (4, 5)]
  VIOLATION part2: n=6 chi=4 edges=[(0, 2), (0, 4), (0, 5), (1, 2), (1, 4), (2, 5), (3, 4), (4, 5)]
  VIOLATION part2: n=6 chi=4 edges=[(0, 2), (0, 4), (0, 5), (1, 3), (1, 4), (2, 5), (3, 4), (4, 5)]
  VIOLATION part2: n=6 chi=4 edges=[(0, 1), (0, 2), (0, 5), (1, 2), (1, 3), (1, 4), (2, 5), (3, 4), (4, 5)]
  VIOLATION part2: n=6 chi=4 edges=[(0, 1), (0, 4), (0, 5), (1, 2), (1, 3), (1, 4), (2, 5), (3, 4), (4, 5)]
  VIOLATION part2: n=6 chi=4 edges=[(0, 2), (0, 4), (0, 5), (1, 2), (1, 3), (1, 4), (2, 5), (3, 4), (4, 5)]
  VIOLATION part2: n=6 chi=3 edges=[(0, 3), (1, 5), (2, 5), (3, 4), (4, 5)]
  VIOLATION part2: n=6 chi=4 edges=[(0, 3), (0, 4), (0, 5), (1, 5), (2, 5), (3, 4), (4, 5)]
  VIOLATION part2: n=6 chi=4 edges=[(0, 3), (0, 4), (0, 5), (1, 2), (1, 5), (2, 5), (3, 4), (4, 5)]
  VIOLATION part2: n=6 chi=4 edges=[(0, 1), (0, 3), (0, 5), (1, 3), (1, 5), (2, 5), (3, 4), (4, 5)]
  VIOLATION part2: n=6 chi=4 edges=[(0, 3), (0, 4), (0, 5), (1, 3), (1, 5), (2, 5), (3, 4), (4, 5)]
  VIOLATION part2: n=6 chi=4 edges=[(0, 1), (0, 3), (0, 4), (1, 2), (1, 3), (1, 5), (2, 5), (3, 4), (4, 5)]
  VIOLATION part2: n=6 chi=4 edges=[(0, 1), (0, 4), (0, 5), (1, 2), (1, 3), (1, 5), (2, 5), (3, 4), (4, 5)]
  VIOLATION part2: n=6 chi=4 edges=[(0, 3), (0, 4), (0, 5), (1, 2), (1, 3), (1, 5), (2, 5), (3, 4), (4, 5)]
  VIOLATION part2: n=6 chi=4 edges=[(0, 2), (0, 4), (0, 5), (1, 4), (1, 5), (2, 5), (3, 4), (4, 5)]
  VIOLATION part2: n=6 chi=4 edges=[(0, 1), (0, 2), (0, 3), (1, 2), (1, 4), (1, 5), (2, 5), (3, 4), (4, 5)]
  VIOLATION part2: n=6 chi=4 edges=[(0, 2), (0, 4), (1, 2), (1, 4), (1, 5), (2, 5), (3, 4), (4, 5)]
  VIOLATION part2: n=6 chi=4 edges=[(0, 1), (0, 3), (0, 4), (1, 2), (1, 4), (1, 5), (2, 5), (3, 4), (4, 5)]
  VIOLATION part2: n=6 chi=4 edges=[(0, 2), (0, 3), (0, 4), (1, 2), (1, 4), (1, 5), (2, 5), (3, 4), (4, 5)]
  VIOLATION part2: n=6 chi=4 edges=[(0, 2), (0, 3), (0, 5), (1, 2), (1, 4), (1, 5), (2, 5), (3, 4), (4, 5)]
  VIOLATION part2: n=6 chi=4 edges=[(0, 2), (0, 4), (0, 5), (1, 2), (1, 4), (1, 5), (2, 5), (3, 4), (4, 5)]
  VIOLATION part2: n=6 chi=4 edges=[(0, 1), (0, 2), (0, 3), (1, 3), (1, 4), (1, 5), (2, 5), (3, 4), (4, 5)]
  VIOLATION part2: n=6 chi=4 edges=[(0, 2), (0, 3), (0, 4), (1, 3), (1, 4), (1, 5), (2, 5), (3, 4), (4, 5)]
  VIOLATION part2: n=6 chi=4 edges=[(0, 1), (0, 2), (0, 5), (1, 3), (1, 4), (1, 5), (2, 5), (3, 4), (4, 5)]
  VIOLATION part2: n=6 chi=4 edges=[(0, 3), (0, 5), (1, 3), (1, 4), (1, 5), (2, 5), (3, 4), (4, 5)]
  VIOLATION part2: n=6 chi=4 edges=[(0, 2), (0, 3), (0, 5), (1, 3), (1, 4), (1, 5), (2, 5), (3, 4), (4, 5)]
  VIOLATION part2: n=6 chi=4 edges=[(0, 2), (0, 4), (0, 5), (1, 3), (1, 4), (1, 5), (2, 5), (3, 4), (4, 5)]
  VIOLATION part2: n=6 chi=4 edges=[(0, 2), (0, 3), (0, 4), (1, 2), (2, 3), (2, 5), (3, 4), (4, 5)]
  VIOLATION part2: n=6 chi=4 edges=[(0, 2), (0, 4), (0, 5), (1, 2), (2, 3), (2, 5), (3, 4), (4, 5)]
  VIOLATION part2: n=6 chi=4 edges=[(0, 2), (0, 3), (0, 5), (1, 3), (2, 3), (2, 5), (3, 4), (4, 5)]
  VIOLATION part2: n=6 chi=4 edges=[(0, 3), (0, 4), (0, 5), (1, 3), (2, 3), (2, 5), (3, 4), (4, 5)]
  VIOLATION part2: n=6 chi=4 edges=[(0, 2), (0, 3), (0, 4), (1, 2), (1, 3), (2, 3), (2, 5), (3, 4), (4, 5)]
  VIOLATION part2: n=6 chi=4 edges=[(0, 2), (0, 4), (0, 5), (1, 2), (1, 3), (2, 3), (2, 5), (3, 4), (4, 5)]
  VIOLATION part2: n=6 chi=4 edges=[(0, 3), (0, 4), (0, 5), (1, 2), (1, 3), (2, 3), (2, 5), (3, 4), (4, 5)]
  VIOLATION part2: n=6 chi=4 edges=[(0, 2), (0, 3), (0, 4), (1, 4), (2, 3), (2, 5), (3, 4), (4, 5)]
  VIOLATION part2: n=6 chi=4 edges=[(0, 2), (0, 4), (0, 5), (1, 4), (2, 3), (2, 5), (3, 4), (4, 5)]
  VIOLATION part2: n=6 chi=4 edges=[(0, 1), (0, 2), (0, 4), (1, 2), (1, 4), (2, 3), (2, 5), (3, 4), (4, 5)]
  VIOLATION part2: n=6 chi=4 edges=[(0, 2), (0, 3), (0, 4), (1, 2), (1, 4), (2, 3), (2, 5), (3, 4), (4, 5)]
  VIOLATION part2: n=6 chi=4 edges=[(0, 2), (0, 4), (0, 5), (1, 2), (1, 4), (2, 3), (2, 5), (3, 4), (4, 5)]
  VIOLATION part2: n=6 chi=4 edges=[(0, 2), (0, 3), (0, 5), (1, 3), (1, 4), (2, 3), (2, 5), (3, 4), (4, 5)]
  VIOLATION part2: n=6 chi=4 edges=[(0, 2), (0, 4), (0, 5), (1, 3), (1, 4), (2, 3), (2, 5), (3, 4), (4, 5)]
  VIOLATION part2: n=6 chi=4 edges=[(0, 3), (0, 4), (0, 5), (1, 3), (1, 4), (2, 3), (2, 5), (3, 4), (4, 5)]
  VIOLATION part2: n=6 chi=4 edges=[(0, 2), (0, 4), (1, 2), (1, 3), (1, 4), (2, 3), (2, 5), (3, 4), (4, 5)]
  VIOLATION part2: n=6 chi=4 edges=[(0, 2), (0, 3), (0, 4), (1, 2), (1, 3), (1, 4), (2, 3), (2, 5), (3, 4), (4, 5)]
  VIOLATION part2: n=6 chi=4 edges=[(0, 2), (0, 3), (0, 5), (1, 5), (2, 3), (2, 5), (3, 4), (4, 5)]
  VIOLATION part2: n=6 chi=4 edges=[(0, 3), (0, 4), (0, 5), (1, 5), (2, 3), (2, 5), (3, 4), (4, 5)]
  VIOLATION part2: n=6 chi=4 edges=[(0, 2), (0, 3), (0, 4), (1, 2), (1, 5), (2, 3), (2, 5), (3, 4), (4, 5)]
  VIOLATION part2: n=6 chi=4 edges=[(0, 2), (0, 4), (0, 5), (1, 2), (1, 5), (2, 3), (2, 5), (3, 4), (4, 5)]
  VIOLATION part2: n=6 chi=4 edges=[(0, 3), (0, 4), (0, 5), (1, 2), (1, 5), (2, 3), (2, 5), (3, 4), (4, 5)]
  VIOLATION part2: n=6 chi=4 edges=[(0, 1), (0, 3), (0, 5), (1, 3), (1, 5), (2, 3), (2, 5), (3, 4), (4, 5)]
  VIOLATION part2: n=6 chi=4 edges=[(0, 2), (0, 3), (0, 5), (1, 3), (1, 5), (2, 3), (2, 5), (3, 4), (4, 5)]
  VIOLATION part2: n=6 chi=4 edges=[(0, 3), (0, 4), (0, 5), (1, 3), (1, 5), (2, 3), (2, 5), (3, 4), (4, 5)]
  VIOLATION part2: n=6 chi=4 edges=[(0, 3), (0, 5), (1, 2), (1, 3), (1, 5), (2, 3), (2, 5), (3, 4), (4, 5)]
  VIOLATION part2: n=6 chi=4 edges=[(0, 2), (0, 3), (0, 4), (1, 4), (1, 5), (2, 3), (2, 5), (3, 4), (4, 5)]
  VIOLATION part2: n=6 chi=4 edges=[(0, 2), (0, 3), (0, 5), (1, 4), (1, 5), (2, 3), (2, 5), (3, 4), (4, 5)]
  VIOLATION part2: n=6 chi=4 edges=[(0, 2), (0, 4), (0, 5), (1, 4), (1, 5), (2, 3), (2, 5), (3, 4), (4, 5)]
  VIOLATION part2: n=6 chi=4 edges=[(0, 2), (0, 4), (1, 2), (1, 4), (1, 5), (2, 3), (2, 5), (3, 4), (4, 5)]
  VIOLATION part2: n=6 chi=4 edges=[(0, 2), (0, 4), (0, 5), (1, 2), (1, 4), (1, 5), (2, 3), (2, 5), (3, 4), (4, 5)]
  VIOLATION part2: n=6 chi=4 edges=[(0, 3), (0, 5), (1, 3), (1, 4), (1, 5), (2, 3), (2, 5), (3, 4), (4, 5)]
  VIOLATION part2: n=6 chi=4 edges=[(0, 3), (0, 4), (0, 5), (1, 3), (1, 4), (1, 5), (2, 3), (2, 5), (3, 4), (4, 5)]
  VIOLATION part2: n=6 chi=4 edges=[(0, 2), (0, 3), (0, 4), (1, 2), (2, 4), (2, 5), (3, 4), (4, 5)]
  VIOLATION part2: n=6 chi=4 edges=[(0, 1), (0, 3), (0, 4), (1, 3), (2, 4), (2, 5), (3, 4), (4, 5)]
  VIOLATION part2: n=6 chi=4 edges=[(0, 1), (0, 2), (0, 3), (1, 2), (1, 3), (2, 4), (2, 5), (3, 4), (4, 5)]
  VIOLATION part2: n=6 chi=4 edges=[(0, 1), (0, 3), (0, 4), (1, 2), (1, 3), (2, 4), (2, 5), (3, 4), (4, 5)]
  VIOLATION part2: n=6 chi=4 edges=[(0, 2), (0, 3), (0, 4), (1, 2), (1, 3), (2, 4), (2, 5), (3, 4), (4, 5)]
  VIOLATION part2: n=6 chi=4 edges=[(0, 2), (0, 3), (1, 2), (1, 3), (1, 4), (2, 4), (2, 5), (3, 4), (4, 5)]
  VIOLATION part2: n=6 chi=4 edges=[(0, 1), (0, 2), (0, 5), (1, 2), (1, 3), (1, 4), (2, 4), (2, 5), (3, 4), (4, 5)]
  VIOLATION part2: n=6 chi=4 edges=[(0, 1), (0, 4), (0, 5), (1, 5), (2, 4), (2, 5), (3, 4), (4, 5)]
  VIOLATION part2: n=6 chi=4 edges=[(0, 1), (0, 2), (0, 3), (1, 2), (1, 5), (2, 4), (2, 5), (3, 4), (4, 5)]
  VIOLATION part2: n=6 chi=4 edges=[(0, 2), (0, 3), (0, 4), (1, 2), (1, 5), (2, 4), (2, 5), (3, 4), (4, 5)]
  VIOLATION part2: n=6 chi=4 edges=[(0, 1), (0, 3), (0, 5), (1, 2), (1, 5), (2, 4), (2, 5), (3, 4), (4, 5)]
  VIOLATION part2: n=6 chi=4 edges=[(0, 1), (0, 4), (0, 5), (1, 2), (1, 5), (2, 4), (2, 5), (3, 4), (4, 5)]
  VIOLATION part2: n=6 chi=4 edges=[(0, 1), (0, 3), (0, 4), (1, 3), (1, 5), (2, 4), (2, 5), (3, 4), (4, 5)]
  VIOLATION part2: n=6 chi=4 edges=[(0, 1), (0, 3), (0, 5), (1, 3), (1, 5), (2, 4), (2, 5), (3, 4), (4, 5)]
  VIOLATION part2: n=6 chi=4 edges=[(0, 1), (0, 4), (0, 5), (1, 3), (1, 5), (2, 4), (2, 5), (3, 4), (4, 5)]
  VIOLATION part2: n=6 chi=4 edges=[(0, 1), (0, 2), (0, 4), (1, 2), (1, 3), (1, 5), (2, 4), (2, 5), (3, 4), (4, 5)]
  VIOLATION part2: n=6 chi=4 edges=[(0, 1), (0, 4), (0, 5), (1, 2), (1, 3), (1, 5), (2, 4), (2, 5), (3, 4), (4, 5)]
  VIOLATION part2: n=6 chi=4 edges=[(0, 1), (0, 2), (0, 5), (1, 3), (1, 4), (1, 5), (2, 4), (2, 5), (3, 4), (4, 5)]
  VIOLATION part2: n=6 chi=4 edges=[(0, 1), (0, 2), (0, 3), (1, 3), (2, 3), (2, 4), (2, 5), (3, 4), (4, 5)]
  VIOLATION part2: n=6 chi=4 edges=[(0, 1), (0, 2), (0, 5), (1, 3), (2, 3), (2, 4), (2, 5), (3, 4), (4, 5)]
  VIOLATION part2: n=6 chi=4 edges=[(0, 3), (0, 5), (1, 3), (2, 3), (2, 4), (2, 5), (3, 4), (4, 5)]
  VIOLATION part2: n=6 chi=4 edges=[(0, 1), (0, 3), (0, 5), (1, 3), (2, 3), (2, 4), (2, 5), (3, 4), (4, 5)]
  VIOLATION part2: n=6 chi=4 edges=[(0, 1), (0, 4), (0, 5), (1, 3), (2, 3), (2, 4), (2, 5), (3, 4), (4, 5)]
  VIOLATION part2: n=6 chi=4 edges=[(0, 3), (0, 4), (0, 5), (1, 3), (2, 3), (2, 4), (2, 5), (3, 4), (4, 5)]
  VIOLATION part2: n=6 chi=4 edges=[(0, 1), (0, 2), (0, 3), (1, 3), (1, 4), (2, 3), (2, 4), (2, 5), (3, 4), (4, 5)]
  VIOLATION part2: n=6 chi=4 edges=[(0, 3), (0, 5), (1, 3), (1, 4), (2, 3), (2, 4), (2, 5), (3, 4), (4, 5)]
  VIOLATION part2: n=6 chi=4 edges=[(0, 1), (0, 2), (0, 3), (1, 5), (2, 3), (2, 4), (2, 5), (3, 4), (4, 5)]
  VIOLATION part2: n=6 chi=4 edges=[(0, 1), (0, 3), (0, 4), (1, 5), (2, 3), (2, 4), (2, 5), (3, 4), (4, 5)]
  VIOLATION part2: n=6 chi=4 edges=[(0, 1), (0, 2), (0, 5), (1, 5), (2, 3), (2, 4), (2, 5), (3, 4), (4, 5)]
  VIOLATION part2: n=6 chi=4 edges=[(0, 3), (0, 5), (1, 5), (2, 3), (2, 4), (2, 5), (3, 4), (4, 5)]
  VIOLATION part2: n=6 chi=4 edges=[(0, 1), (0, 3), (0, 5), (1, 5), (2, 3), (2, 4), (2, 5), (3, 4), (4, 5)]
  VIOLATION part2: n=6 chi=4 edges=[(0, 1), (0, 4), (0, 5), (1, 5), (2, 3), (2, 4), (2, 5), (3, 4), (4, 5)]
  VIOLATION part2: n=6 chi=4 edges=[(0, 3), (0, 5), (1, 3), (1, 5), (2, 3), (2, 4), (2, 5), (3, 4), (4, 5)]
  VIOLATION part2: n=6 chi=4 edges=[(0, 3), (0, 4), (0, 5), (1, 3), (1, 5), (2, 3), (2, 4), (2, 5), (3, 4), (4, 5)]
  VIOLATION part2: n=6 chi=4 edges=[(0, 1), (0, 2), (0, 5), (1, 4), (1, 5), (2, 3), (2, 4), (2, 5), (3, 4), (4, 5)]
  VIOLATION part2: n=6 chi=4 edges=[(0, 3), (0, 5), (1, 3), (1, 4), (1, 5), (2, 3), (2, 4), (2, 5), (3, 4), (4, 5)]
  VIOLATION part2: n=6 chi=4 edges=[(0, 1), (0, 3), (0, 5), (1, 2), (1, 3), (1, 4), (3, 5), (4, 5)]
  VIOLATION part2: n=6 chi=4 edges=[(0, 1), (0, 4), (0, 5), (1, 2), (1, 3), (1, 4), (3, 5), (4, 5)]
  VIOLATION part2: n=6 chi=4 edges=[(0, 1), (0, 2), (0, 5), (1, 2), (1, 5), (3, 5), (4, 5)]
  VIOLATION part2: n=6 chi=4 edges=[(0, 1), (0, 4), (0, 5), (1, 2), (1, 3), (1, 5), (3, 5), (4, 5)]
  VIOLATION part2: n=6 chi=4 edges=[(0, 1), (0, 3), (0, 5), (1, 2), (1, 4), (1, 5), (3, 5), (4, 5)]
  VIOLATION part2: n=6 chi=4 edges=[(0, 3), (0, 4), (0, 5), (1, 3), (2, 3), (3, 5), (4, 5)]
  VIOLATION part2: n=6 chi=4 edges=[(0, 3), (0, 4), (0, 5), (1, 2), (1, 3), (2, 3), (3, 5), (4, 5)]
  VIOLATION part2: n=6 chi=4 edges=[(0, 1), (0, 3), (0, 4), (1, 3), (1, 4), (2, 3), (3, 5), (4, 5)]
  VIOLATION part2: n=6 chi=4 edges=[(0, 3), (0, 4), (0, 5), (1, 3), (1, 4), (2, 3), (3, 5), (4, 5)]
  VIOLATION part2: n=6 chi=4 edges=[(0, 1), (0, 3), (0, 5), (1, 2), (1, 3), (1, 4), (2, 3), (3, 5), (4, 5)]
  VIOLATION part2: n=6 chi=4 edges=[(0, 1), (0, 4), (0, 5), (1, 2), (1, 3), (1, 4), (2, 3), (3, 5), (4, 5)]
  VIOLATION part2: n=6 chi=4 edges=[(0, 3), (0, 4), (0, 5), (1, 2), (1, 3), (1, 4), (2, 3), (3, 5), (4, 5)]
  VIOLATION part2: n=6 chi=3 edges=[(0, 2), (1, 5), (2, 3), (3, 5), (4, 5)]
  VIOLATION part2: n=6 chi=4 edges=[(0, 2), (0, 3), (0, 5), (1, 5), (2, 3), (3, 5), (4, 5)]
  VIOLATION part2: n=6 chi=4 edges=[(0, 1), (0, 2), (0, 5), (1, 2), (1, 5), (2, 3), (3, 5), (4, 5)]
  VIOLATION part2: n=6 chi=4 edges=[(0, 2), (0, 3), (0, 5), (1, 2), (1, 5), (2, 3), (3, 5), (4, 5)]
  VIOLATION part2: n=6 chi=4 edges=[(0, 3), (0, 4), (0, 5), (1, 3), (1, 5), (2, 3), (3, 5), (4, 5)]
  VIOLATION part2: n=6 chi=4 edges=[(0, 1), (0, 2), (0, 4), (1, 2), (1, 3), (1, 5), (2, 3), (3, 5), (4, 5)]
  VIOLATION part2: n=6 chi=4 edges=[(0, 2), (0, 3), (0, 4), (1, 2), (1, 3), (1, 5), (2, 3), (3, 5), (4, 5)]
  VIOLATION part2: n=6 chi=4 edges=[(0, 2), (0, 5), (1, 2), (1, 3), (1, 5), (2, 3), (3, 5), (4, 5)]
  VIOLATION part2: n=6 chi=4 edges=[(0, 1), (0, 4), (0, 5), (1, 2), (1, 3), (1, 5), (2, 3), (3, 5), (4, 5)]
  VIOLATION part2: n=6 chi=4 edges=[(0, 2), (0, 4), (0, 5), (1, 2), (1, 3), (1, 5), (2, 3), (3, 5), (4, 5)]
  VIOLATION part2: n=6 chi=4 edges=[(0, 3), (0, 4), (0, 5), (1, 2), (1, 3), (1, 5), (2, 3), (3, 5), (4, 5)]
  VIOLATION part2: n=6 chi=4 edges=[(0, 2), (0, 3), (0, 5), (1, 4), (1, 5), (2, 3), (3, 5), (4, 5)]
  VIOLATION part2: n=6 chi=4 edges=[(0, 1), (0, 2), (0, 3), (1, 2), (1, 4), (1, 5), (2, 3), (3, 5), (4, 5)]
  VIOLATION part2: n=6 chi=4 edges=[(0, 1), (0, 3), (0, 5), (1, 2), (1, 4), (1, 5), (2, 3), (3, 5), (4, 5)]
  VIOLATION part2: n=6 chi=4 edges=[(0, 2), (0, 3), (0, 5), (1, 2), (1, 4), (1, 5), (2, 3), (3, 5), (4, 5)]
  VIOLATION part2: n=6 chi=4 edges=[(0, 1), (0, 2), (0, 3), (1, 3), (1, 4), (1, 5), (2, 3), (3, 5), (4, 5)]
  VIOLATION part2: n=6 chi=4 edges=[(0, 1), (0, 2), (0, 4), (1, 3), (1, 4), (1, 5), (2, 3), (3, 5), (4, 5)]
  VIOLATION part2: n=6 chi=4 edges=[(0, 3), (0, 4), (1, 3), (1, 4), (1, 5), (2, 3), (3, 5), (4, 5)]
  VIOLATION part2: n=6 chi=4 edges=[(0, 2), (0, 3), (0, 4), (1, 3), (1, 4), (1, 5), (2, 3), (3, 5), (4, 5)]
  VIOLATION part2: n=6 chi=4 edges=[(0, 2), (0, 4), (0, 5), (1, 3), (1, 4), (1, 5), (2, 3), (3, 5), (4, 5)]
  VIOLATION part2: n=6 chi=4 edges=[(0, 3), (0, 4), (0, 5), (1, 3), (1, 4), (1, 5), (2, 3), (3, 5), (4, 5)]
  VIOLATION part2: n=6 chi=3 edges=[(0, 3), (1, 4), (2, 4), (3, 5), (4, 5)]
  VIOLATION part2: n=6 chi=4 edges=[(0, 3), (0, 4), (0, 5), (1, 4), (2, 4), (3, 5), (4, 5)]
  VIOLATION part2: n=6 chi=4 edges=[(0, 3), (0, 4), (0, 5), (1, 2), (1, 4), (2, 4), (3, 5), (4, 5)]
  VIOLATION part2: n=6 chi=4 edges=[(0, 1), (0, 3), (0, 4), (1, 3), (1, 4), (2, 4), (3, 5), (4, 5)]
  VIOLATION part2: n=6 chi=4 edges=[(0, 3), (0, 4), (0, 5), (1, 3), (1, 4), (2, 4), (3, 5), (4, 5)]
  VIOLATION part2: n=6 chi=4 edges=[(0, 1), (0, 3), (0, 5), (1, 2), (1, 3), (1, 4), (2, 4), (3, 5), (4, 5)]
  VIOLATION part2: n=6 chi=4 edges=[(0, 1), (0, 4), (0, 5), (1, 2), (1, 3), (1, 4), (2, 4), (3, 5), (4, 5)]
  VIOLATION part2: n=6 chi=4 edges=[(0, 3), (0, 4), (0, 5), (1, 2), (1, 3), (1, 4), (2, 4), (3, 5), (4, 5)]
  VIOLATION part2: n=6 chi=3 edges=[(0, 2), (1, 5), (2, 4), (3, 5), (4, 5)]
  VIOLATION part2: n=6 chi=4 edges=[(0, 2), (0, 4), (0, 5), (1, 5), (2, 4), (3, 5), (4, 5)]
  VIOLATION part2: n=6 chi=4 edges=[(0, 1), (0, 2), (0, 5), (1, 2), (1, 5), (2, 4), (3, 5), (4, 5)]
  VIOLATION part2: n=6 chi=4 edges=[(0, 2), (0, 4), (0, 5), (1, 2), (1, 5), (2, 4), (3, 5), (4, 5)]
  VIOLATION part2: n=6 chi=4 edges=[(0, 2), (0, 4), (0, 5), (1, 3), (1, 5), (2, 4), (3, 5), (4, 5)]
  VIOLATION part2: n=6 chi=4 edges=[(0, 1), (0, 2), (0, 4), (1, 2), (1, 3), (1, 5), (2, 4), (3, 5), (4, 5)]
  VIOLATION part2: n=6 chi=4 edges=[(0, 1), (0, 4), (0, 5), (1, 2), (1, 3), (1, 5), (2, 4), (3, 5), (4, 5)]
  VIOLATION part2: n=6 chi=4 edges=[(0, 2), (0, 4), (0, 5), (1, 2), (1, 3), (1, 5), (2, 4), (3, 5), (4, 5)]
  VIOLATION part2: n=6 chi=4 edges=[(0, 3), (0, 4), (0, 5), (1, 4), (1, 5), (2, 4), (3, 5), (4, 5)]
  VIOLATION part2: n=6 chi=4 edges=[(0, 1), (0, 2), (0, 3), (1, 2), (1, 4), (1, 5), (2, 4), (3, 5), (4, 5)]
  VIOLATION part2: n=6 chi=4 edges=[(0, 2), (0, 3), (0, 4), (1, 2), (1, 4), (1, 5), (2, 4), (3, 5), (4, 5)]
  VIOLATION part2: n=6 chi=4 edges=[(0, 2), (0, 5), (1, 2), (1, 4), (1, 5), (2, 4), (3, 5), (4, 5)]
  VIOLATION part2: n=6 chi=4 edges=[(0, 1), (0, 3), (0, 5), (1, 2), (1, 4), (1, 5), (2, 4), (3, 5), (4, 5)]
  VIOLATION part2: n=6 chi=4 edges=[(0, 2), (0, 3), (0, 5), (1, 2), (1, 4), (1, 5), (2, 4), (3, 5), (4, 5)]
  VIOLATION part2: n=6 chi=4 edges=[(0, 3), (0, 4), (0, 5), (1, 2), (1, 4), (1, 5), (2, 4), (3, 5), (4, 5)]
  VIOLATION part2: n=6 chi=4 edges=[(0, 1), (0, 2), (0, 3), (1, 3), (1, 4), (1, 5), (2, 4), (3, 5), (4, 5)]
  VIOLATION part2: n=6 chi=4 edges=[(0, 1), (0, 2), (0, 4), (1, 3), (1, 4), (1, 5), (2, 4), (3, 5), (4, 5)]
  VIOLATION part2: n=6 chi=4 edges=[(0, 3), (0, 4), (1, 3), (1, 4), (1, 5), (2, 4), (3, 5), (4, 5)]
  VIOLATION part2: n=6 chi=4 edges=[(0, 2), (0, 3), (0, 4), (1, 3), (1, 4), (1, 5), (2, 4), (3, 5), (4, 5)]
  VIOLATION part2: n=6 chi=4 edges=[(0, 2), (0, 3), (0, 5), (1, 3), (1, 4), (1, 5), (2, 4), (3, 5), (4, 5)]
  VIOLATION part2: n=6 chi=4 edges=[(0, 3), (0, 4), (0, 5), (1, 3), (1, 4), (1, 5), (2, 4), (3, 5), (4, 5)]
  VIOLATION part2: n=6 chi=4 edges=[(0, 2), (0, 3), (0, 5), (1, 2), (2, 3), (2, 4), (3, 5), (4, 5)]
  VIOLATION part2: n=6 chi=4 edges=[(0, 2), (0, 4), (0, 5), (1, 2), (2, 3), (2, 4), (3, 5), (4, 5)]
  VIOLATION part2: n=6 chi=4 edges=[(0, 2), (0, 3), (0, 4), (1, 3), (2, 3), (2, 4), (3, 5), (4, 5)]
  VIOLATION part2: n=6 chi=4 edges=[(0, 3), (0, 4), (0, 5), (1, 3), (2, 3), (2, 4), (3, 5), (4, 5)]
  VIOLATION part2: n=6 chi=4 edges=[(0, 2), (0, 3), (0, 5), (1, 2), (1, 3), (2, 3), (2, 4), (3, 5), (4, 5)]
  VIOLATION part2: n=6 chi=4 edges=[(0, 2), (0, 4), (0, 5), (1, 2), (1, 3), (2, 3), (2, 4), (3, 5), (4, 5)]
  VIOLATION part2: n=6 chi=4 edges=[(0, 3), (0, 4), (0, 5), (1, 2), (1, 3), (2, 3), (2, 4), (3, 5), (4, 5)]
  VIOLATION part2: n=6 chi=4 edges=[(0, 2), (0, 3), (0, 4), (1, 4), (2, 3), (2, 4), (3, 5), (4, 5)]
  VIOLATION part2: n=6 chi=4 edges=[(0, 3), (0, 4), (0, 5), (1, 4), (2, 3), (2, 4), (3, 5), (4, 5)]
  VIOLATION part2: n=6 chi=4 edges=[(0, 2), (0, 3), (0, 5), (1, 2), (1, 4), (2, 3), (2, 4), (3, 5), (4, 5)]
  VIOLATION part2: n=6 chi=4 edges=[(0, 2), (0, 4), (0, 5), (1, 2), (1, 4), (2, 3), (2, 4), (3, 5), (4, 5)]
  VIOLATION part2: n=6 chi=4 edges=[(0, 3), (0, 4), (0, 5), (1, 2), (1, 4), (2, 3), (2, 4), (3, 5), (4, 5)]
  VIOLATION part2: n=6 chi=4 edges=[(0, 1), (0, 3), (0, 4), (1, 3), (1, 4), (2, 3), (2, 4), (3, 5), (4, 5)]
  VIOLATION part2: n=6 chi=4 edges=[(0, 2), (0, 3), (0, 4), (1, 3), (1, 4), (2, 3), (2, 4), (3, 5), (4, 5)]
  VIOLATION part2: n=6 chi=4 edges=[(0, 3), (0, 4), (0, 5), (1, 3), (1, 4), (2, 3), (2, 4), (3, 5), (4, 5)]
  VIOLATION part2: n=6 chi=4 edges=[(0, 3), (0, 4), (1, 2), (1, 3), (1, 4), (2, 3), (2, 4), (3, 5), (4, 5)]
  VIOLATION part2: n=6 chi=4 edges=[(0, 2), (0, 3), (0, 5), (1, 5), (2, 3), (2, 4), (3, 5), (4, 5)]
  VIOLATION part2: n=6 chi=4 edges=[(0, 2), (0, 4), (0, 5), (1, 5), (2, 3), (2, 4), (3, 5), (4, 5)]
  VIOLATION part2: n=6 chi=4 edges=[(0, 1), (0, 2), (0, 5), (1, 2), (1, 5), (2, 3), (2, 4), (3, 5), (4, 5)]
  VIOLATION part2: n=6 chi=4 edges=[(0, 2), (0, 3), (0, 5), (1, 2), (1, 5), (2, 3), (2, 4), (3, 5), (4, 5)]
  VIOLATION part2: n=6 chi=4 edges=[(0, 2), (0, 4), (0, 5), (1, 2), (1, 5), (2, 3), (2, 4), (3, 5), (4, 5)]
  VIOLATION part2: n=6 chi=4 edges=[(0, 2), (0, 3), (0, 4), (1, 3), (1, 5), (2, 3), (2, 4), (3, 5), (4, 5)]
  VIOLATION part2: n=6 chi=4 edges=[(0, 2), (0, 4), (0, 5), (1, 3), (1, 5), (2, 3), (2, 4), (3, 5), (4, 5)]
  VIOLATION part2: n=6 chi=4 edges=[(0, 3), (0, 4), (0, 5), (1, 3), (1, 5), (2, 3), (2, 4), (3, 5), (4, 5)]
  VIOLATION part2: n=6 chi=4 edges=[(0, 2), (0, 5), (1, 2), (1, 3), (1, 5), (2, 3), (2, 4), (3, 5), (4, 5)]
  VIOLATION part2: n=6 chi=4 edges=[(0, 2), (0, 3), (0, 5), (1, 2), (1, 3), (1, 5), (2, 3), (2, 4), (3, 5), (4, 5)]
  VIOLATION part2: n=6 chi=4 edges=[(0, 2), (0, 3), (0, 4), (1, 4), (1, 5), (2, 3), (2, 4), (3, 5), (4, 5)]
  VIOLATION part2: n=6 chi=4 edges=[(0, 2), (0, 3), (0, 5), (1, 4), (1, 5), (2, 3), (2, 4), (3, 5), (4, 5)]
  VIOLATION part2: n=6 chi=4 edges=[(0, 3), (0, 4), (0, 5), (1, 4), (1, 5), (2, 3), (2, 4), (3, 5), (4, 5)]
  VIOLATION part2: n=6 chi=4 edges=[(0, 2), (0, 5), (1, 2), (1, 4), (1, 5), (2, 3), (2, 4), (3, 5), (4, 5)]
  VIOLATION part2: n=6 chi=4 edges=[(0, 2), (0, 4), (0, 5), (1, 2), (1, 4), (1, 5), (2, 3), (2, 4), (3, 5), (4, 5)]
  VIOLATION part2: n=6 chi=4 edges=[(0, 3), (0, 4), (1, 3), (1, 4), (1, 5), (2, 3), (2, 4), (3, 5), (4, 5)]
  VIOLATION part2: n=6 chi=4 edges=[(0, 3), (0, 4), (0, 5), (1, 3), (1, 4), (1, 5), (2, 3), (2, 4), (3, 5), (4, 5)]
  VIOLATION part2: n=6 chi=3 edges=[(0, 1), (1, 2), (2, 5), (3, 5), (4, 5)]
  VIOLATION part2: n=6 chi=4 edges=[(0, 1), (0, 2), (0, 5), (1, 2), (2, 5), (3, 5), (4, 5)]
  VIOLATION part2: n=6 chi=3 edges=[(0, 1), (1, 3), (2, 5), (3, 5), (4, 5)]
  VIOLATION part2: n=6 chi=4 edges=[(0, 1), (0, 3), (0, 5), (1, 3), (2, 5), (3, 5), (4, 5)]
  VIOLATION part2: n=6 chi=4 edges=[(0, 1), (0, 2), (0, 5), (1, 2), (1, 3), (2, 5), (3, 5), (4, 5)]
  VIOLATION part2: n=6 chi=4 edges=[(0, 1), (0, 3), (0, 5), (1, 2), (1, 3), (2, 5), (3, 5), (4, 5)]
  VIOLATION part2: n=6 chi=3 edges=[(0, 1), (1, 4), (2, 5), (3, 5), (4, 5)]
  VIOLATION part2: n=6 chi=4 edges=[(0, 1), (0, 4), (0, 5), (1, 4), (2, 5), (3, 5), (4, 5)]
  VIOLATION part2: n=6 chi=4 edges=[(0, 1), (0, 2), (0, 5), (1, 2), (1, 4), (2, 5), (3, 5), (4, 5)]
  VIOLATION part2: n=6 chi=4 edges=[(0, 1), (0, 4), (0, 5), (1, 2), (1, 4), (2, 5), (3, 5), (4, 5)]
  VIOLATION part2: n=6 chi=4 edges=[(0, 1), (0, 3), (0, 5), (1, 3), (1, 4), (2, 5), (3, 5), (4, 5)]
  VIOLATION part2: n=6 chi=4 edges=[(0, 1), (0, 4), (0, 5), (1, 3), (1, 4), (2, 5), (3, 5), (4, 5)]
  VIOLATION part2: n=6 chi=4 edges=[(0, 1), (0, 2), (0, 5), (1, 2), (1, 3), (1, 4), (2, 5), (3, 5), (4, 5)]
  VIOLATION part2: n=6 chi=4 edges=[(0, 1), (0, 3), (0, 5), (1, 2), (1, 3), (1, 4), (2, 5), (3, 5), (4, 5)]
  VIOLATION part2: n=6 chi=4 edges=[(0, 1), (0, 4), (0, 5), (1, 2), (1, 3), (1, 4), (2, 5), (3, 5), (4, 5)]
  VIOLATION part2: n=6 chi=4 edges=[(0, 2), (0, 4), (0, 5), (1, 2), (2, 3), (2, 5), (3, 5), (4, 5)]
  VIOLATION part2: n=6 chi=4 edges=[(0, 3), (0, 4), (0, 5), (1, 3), (2, 3), (2, 5), (3, 5), (4, 5)]
  VIOLATION part2: n=6 chi=4 edges=[(0, 1), (0, 2), (0, 4), (1, 2), (1, 3), (2, 3), (2, 5), (3, 5), (4, 5)]
  VIOLATION part2: n=6 chi=4 edges=[(0, 1), (0, 3), (0, 4), (1, 2), (1, 3), (2, 3), (2, 5), (3, 5), (4, 5)]
  VIOLATION part2: n=6 chi=4 edges=[(0, 2), (0, 4), (0, 5), (1, 2), (1, 3), (2, 3), (2, 5), (3, 5), (4, 5)]
  VIOLATION part2: n=6 chi=4 edges=[(0, 3), (0, 4), (0, 5), (1, 2), (1, 3), (2, 3), (2, 5), (3, 5), (4, 5)]
  VIOLATION part2: n=6 chi=4 edges=[(0, 1), (0, 4), (0, 5), (1, 4), (2, 3), (2, 5), (3, 5), (4, 5)]
  VIOLATION part2: n=6 chi=4 edges=[(0, 1), (0, 2), (0, 4), (1, 2), (1, 4), (2, 3), (2, 5), (3, 5), (4, 5)]
  VIOLATION part2: n=6 chi=4 edges=[(0, 1), (0, 4), (0, 5), (1, 2), (1, 4), (2, 3), (2, 5), (3, 5), (4, 5)]
  VIOLATION part2: n=6 chi=4 edges=[(0, 2), (0, 4), (0, 5), (1, 2), (1, 4), (2, 3), (2, 5), (3, 5), (4, 5)]
  VIOLATION part2: n=6 chi=4 edges=[(0, 1), (0, 3), (0, 4), (1, 3), (1, 4), (2, 3), (2, 5), (3, 5), (4, 5)]
  VIOLATION part2: n=6 chi=4 edges=[(0, 1), (0, 4), (0, 5), (1, 3), (1, 4), (2, 3), (2, 5), (3, 5), (4, 5)]
  VIOLATION part2: n=6 chi=4 edges=[(0, 3), (0, 4), (0, 5), (1, 3), (1, 4), (2, 3), (2, 5), (3, 5), (4, 5)]
  VIOLATION part2: n=6 chi=4 edges=[(0, 1), (0, 2), (0, 5), (1, 2), (1, 3), (1, 4), (2, 3), (2, 5), (3, 5), (4, 5)]
  VIOLATION part2: n=6 chi=4 edges=[(0, 1), (0, 3), (0, 5), (1, 2), (1, 3), (1, 4), (2, 3), (2, 5), (3, 5), (4, 5)]
  VIOLATION part2: n=6 chi=4 edges=[(0, 1), (0, 2), (0, 3), (1, 2), (1, 4), (1, 5), (2, 3), (2, 5), (3, 5), (4, 5)]
  VIOLATION part2: n=6 chi=4 edges=[(0, 2), (0, 4), (1, 2), (1, 4), (1, 5), (2, 3), (2, 5), (3, 5), (4, 5)]
  VIOLATION part2: n=6 chi=4 edges=[(0, 1), (0, 2), (0, 3), (1, 3), (1, 4), (1, 5), (2, 3), (2, 5), (3, 5), (4, 5)]
  VIOLATION part2: n=6 chi=4 edges=[(0, 3), (0, 4), (1, 3), (1, 4), (1, 5), (2, 3), (2, 5), (3, 5), (4, 5)]
  VIOLATION part2: n=6 chi=4 edges=[(0, 2), (0, 3), (0, 5), (1, 2), (2, 4), (2, 5), (3, 5), (4, 5)]
  VIOLATION part2: n=6 chi=4 edges=[(0, 1), (0, 3), (0, 5), (1, 3), (2, 4), (2, 5), (3, 5), (4, 5)]
  VIOLATION part2: n=6 chi=4 edges=[(0, 1), (0, 2), (0, 3), (1, 2), (1, 3), (2, 4), (2, 5), (3, 5), (4, 5)]
  VIOLATION part2: n=6 chi=4 edges=[(0, 1), (0, 3), (0, 5), (1, 2), (1, 3), (2, 4), (2, 5), (3, 5), (4, 5)]
  VIOLATION part2: n=6 chi=4 edges=[(0, 2), (0, 3), (0, 5), (1, 2), (1, 3), (2, 4), (2, 5), (3, 5), (4, 5)]
  VIOLATION part2: n=6 chi=4 edges=[(0, 3), (0, 4), (0, 5), (1, 4), (2, 4), (2, 5), (3, 5), (4, 5)]
  VIOLATION part2: n=6 chi=4 edges=[(0, 1), (0, 2), (0, 3), (1, 2), (1, 4), (2, 4), (2, 5), (3, 5), (4, 5)]
  VIOLATION part2: n=6 chi=4 edges=[(0, 1), (0, 3), (0, 4), (1, 2), (1, 4), (2, 4), (2, 5), (3, 5), (4, 5)]
  VIOLATION part2: n=6 chi=4 edges=[(0, 2), (0, 3), (0, 5), (1, 2), (1, 4), (2, 4), (2, 5), (3, 5), (4, 5)]
  VIOLATION part2: n=6 chi=4 edges=[(0, 3), (0, 4), (0, 5), (1, 2), (1, 4), (2, 4), (2, 5), (3, 5), (4, 5)]
  VIOLATION part2: n=6 chi=4 edges=[(0, 1), (0, 3), (0, 4), (1, 3), (1, 4), (2, 4), (2, 5), (3, 5), (4, 5)]
  VIOLATION part2: n=6 chi=4 edges=[(0, 1), (0, 3), (0, 5), (1, 3), (1, 4), (2, 4), (2, 5), (3, 5), (4, 5)]
  VIOLATION part2: n=6 chi=4 edges=[(0, 3), (0, 4), (0, 5), (1, 3), (1, 4), (2, 4), (2, 5), (3, 5), (4, 5)]
  VIOLATION part2: n=6 chi=4 edges=[(0, 1), (0, 2), (0, 5), (1, 2), (1, 3), (1, 4), (2, 4), (2, 5), (3, 5), (4, 5)]
  VIOLATION part2: n=6 chi=4 edges=[(0, 1), (0, 4), (0, 5), (1, 2), (1, 3), (1, 4), (2, 4), (2, 5), (3, 5), (4, 5)]
  VIOLATION part2: n=6 chi=4 edges=[(0, 2), (0, 3), (1, 2), (1, 3), (1, 5), (2, 4), (2, 5), (3, 5), (4, 5)]
  VIOLATION part2: n=6 chi=4 edges=[(0, 1), (0, 2), (0, 4), (1, 2), (1, 3), (1, 5), (2, 4), (2, 5), (3, 5), (4, 5)]
  VIOLATION part2: n=6 chi=4 edges=[(0, 1), (0, 2), (0, 4), (1, 3), (1, 4), (1, 5), (2, 4), (2, 5), (3, 5), (4, 5)]
  VIOLATION part2: n=6 chi=4 edges=[(0, 3), (0, 4), (1, 3), (1, 4), (1, 5), (2, 4), (2, 5), (3, 5), (4, 5)]
  VIOLATION part2: n=6 chi=4 edges=[(0, 1), (0, 2), (0, 3), (1, 3), (2, 3), (2, 4), (2, 5), (3, 5), (4, 5)]
  VIOLATION part2: n=6 chi=4 edges=[(0, 1), (0, 2), (0, 4), (1, 3), (2, 3), (2, 4), (2, 5), (3, 5), (4, 5)]
  VIOLATION part2: n=6 chi=4 edges=[(0, 3), (0, 4), (1, 3), (2, 3), (2, 4), (2, 5), (3, 5), (4, 5)]
  VIOLATION part2: n=6 chi=4 edges=[(0, 1), (0, 3), (0, 4), (1, 3), (2, 3), (2, 4), (2, 5), (3, 5), (4, 5)]
  VIOLATION part2: n=6 chi=4 edges=[(0, 1), (0, 4), (0, 5), (1, 3), (2, 3), (2, 4), (2, 5), (3, 5), (4, 5)]
  VIOLATION part2: n=6 chi=4 edges=[(0, 3), (0, 4), (0, 5), (1, 3), (2, 3), (2, 4), (2, 5), (3, 5), (4, 5)]
  VIOLATION part2: n=6 chi=4 edges=[(0, 1), (0, 2), (0, 3), (1, 4), (2, 3), (2, 4), (2, 5), (3, 5), (4, 5)]
  VIOLATION part2: n=6 chi=4 edges=[(0, 1), (0, 2), (0, 4), (1, 4), (2, 3), (2, 4), (2, 5), (3, 5), (4, 5)]
  VIOLATION part2: n=6 chi=4 edges=[(0, 3), (0, 4), (1, 4), (2, 3), (2, 4), (2, 5), (3, 5), (4, 5)]
  VIOLATION part2: n=6 chi=4 edges=[(0, 1), (0, 3), (0, 4), (1, 4), (2, 3), (2, 4), (2, 5), (3, 5), (4, 5)]
  VIOLATION part2: n=6 chi=4 edges=[(0, 1), (0, 3), (0, 5), (1, 4), (2, 3), (2, 4), (2, 5), (3, 5), (4, 5)]
  VIOLATION part2: n=6 chi=4 edges=[(0, 3), (0, 4), (0, 5), (1, 4), (2, 3), (2, 4), (2, 5), (3, 5), (4, 5)]
  VIOLATION part2: n=6 chi=4 edges=[(0, 3), (0, 4), (1, 3), (1, 4), (2, 3), (2, 4), (2, 5), (3, 5), (4, 5)]
  VIOLATION part2: n=6 chi=4 edges=[(0, 3), (0, 4), (0, 5), (1, 3), (1, 4), (2, 3), (2, 4), (2, 5), (3, 5), (4, 5)]
  VIOLATION part2: n=6 chi=4 edges=[(0, 1), (0, 2), (0, 3), (1, 3), (1, 5), (2, 3), (2, 4), (2, 5), (3, 5), (4, 5)]
  VIOLATION part2: n=6 chi=4 edges=[(0, 3), (0, 4), (1, 3), (1, 5), (2, 3), (2, 4), (2, 5), (3, 5), (4, 5)]
  VIOLATION part2: n=6 chi=4 edges=[(0, 1), (0, 2), (0, 4), (1, 4), (1, 5), (2, 3), (2, 4), (2, 5), (3, 5), (4, 5)]
  VIOLATION part2: n=6 chi=4 edges=[(0, 3), (0, 4), (1, 4), (1, 5), (2, 3), (2, 4), (2, 5), (3, 5), (4, 5)]
  VIOLATION part2: n=6 chi=4 edges=[(0, 3), (0, 4), (1, 3), (1, 4), (1, 5), (2, 3), (2, 4), (2, 5), (3, 5), (4, 5)]
  VIOLATION part2: n=6 chi=4 edges=[(0, 1), (0, 2), (0, 3), (1, 2), (1, 3), (3, 4), (3, 5), (4, 5)]
  VIOLATION part2: n=6 chi=4 edges=[(0, 1), (0, 2), (0, 4), (1, 2), (1, 4), (3, 4), (3, 5), (4, 5)]
  VIOLATION part2: n=6 chi=4 edges=[(0, 5), (1, 2), (1, 3), (1, 4), (3, 4), (3, 5), (4, 5)]
  VIOLATION part2: n=6 chi=4 edges=[(0, 2), (0, 5), (1, 2), (1, 3), (1, 4), (3, 4), (3, 5), (4, 5)]
  VIOLATION part2: n=6 chi=4 edges=[(0, 1), (0, 3), (0, 5), (1, 2), (1, 3), (1, 4), (3, 4), (3, 5), (4, 5)]
  VIOLATION part2: n=6 chi=4 edges=[(0, 2), (0, 3), (0, 5), (1, 2), (1, 3), (1, 4), (3, 4), (3, 5), (4, 5)]
  VIOLATION part2: n=6 chi=4 edges=[(0, 1), (0, 4), (0, 5), (1, 2), (1, 3), (1, 4), (3, 4), (3, 5), (4, 5)]
  VIOLATION part2: n=6 chi=4 edges=[(0, 2), (0, 4), (0, 5), (1, 2), (1, 3), (1, 4), (3, 4), (3, 5), (4, 5)]
  VIOLATION part2: n=6 chi=4 edges=[(0, 1), (0, 2), (0, 5), (1, 2), (1, 5), (3, 4), (3, 5), (4, 5)]
  VIOLATION part2: n=6 chi=4 edges=[(0, 4), (1, 2), (1, 3), (1, 5), (3, 4), (3, 5), (4, 5)]
  VIOLATION part2: n=6 chi=4 edges=[(0, 2), (0, 4), (1, 2), (1, 3), (1, 5), (3, 4), (3, 5), (4, 5)]
  VIOLATION part2: n=6 chi=4 edges=[(0, 1), (0, 3), (0, 4), (1, 2), (1, 3), (1, 5), (3, 4), (3, 5), (4, 5)]
  VIOLATION part2: n=6 chi=4 edges=[(0, 2), (0, 3), (0, 4), (1, 2), (1, 3), (1, 5), (3, 4), (3, 5), (4, 5)]
  VIOLATION part2: n=6 chi=4 edges=[(0, 1), (0, 4), (0, 5), (1, 2), (1, 3), (1, 5), (3, 4), (3, 5), (4, 5)]
  VIOLATION part2: n=6 chi=4 edges=[(0, 2), (0, 4), (0, 5), (1, 2), (1, 3), (1, 5), (3, 4), (3, 5), (4, 5)]
  VIOLATION part2: n=6 chi=4 edges=[(0, 3), (1, 2), (1, 4), (1, 5), (3, 4), (3, 5), (4, 5)]
  VIOLATION part2: n=6 chi=4 edges=[(0, 2), (0, 3), (1, 2), (1, 4), (1, 5), (3, 4), (3, 5), (4, 5)]
  VIOLATION part2: n=6 chi=4 edges=[(0, 1), (0, 3), (0, 4), (1, 2), (1, 4), (1, 5), (3, 4), (3, 5), (4, 5)]
  VIOLATION part2: n=6 chi=4 edges=[(0, 2), (0, 3), (0, 4), (1, 2), (1, 4), (1, 5), (3, 4), (3, 5), (4, 5)]
  VIOLATION part2: n=6 chi=4 edges=[(0, 1), (0, 3), (0, 5), (1, 2), (1, 4), (1, 5), (3, 4), (3, 5), (4, 5)]
  VIOLATION part2: n=6 chi=4 edges=[(0, 2), (0, 3), (0, 5), (1, 2), (1, 4), (1, 5), (3, 4), (3, 5), (4, 5)]
  VIOLATION part2: n=6 chi=4 edges=[(0, 1), (0, 2), (0, 3), (1, 2), (2, 3), (3, 4), (3, 5), (4, 5)]
  VIOLATION part2: n=6 chi=4 edges=[(0, 1), (0, 3), (0, 4), (1, 4), (2, 3), (3, 4), (3, 5), (4, 5)]
  VIOLATION part2: n=6 chi=4 edges=[(0, 1), (0, 2), (0, 3), (1, 2), (1, 4), (2, 3), (3, 4), (3, 5), (4, 5)]
  VIOLATION part2: n=6 chi=4 edges=[(0, 1), (0, 2), (0, 4), (1, 2), (1, 4), (2, 3), (3, 4), (3, 5), (4, 5)]
  VIOLATION part2: n=6 chi=4 edges=[(0, 1), (0, 3), (0, 4), (1, 2), (1, 4), (2, 3), (3, 4), (3, 5), (4, 5)]
  VIOLATION part2: n=6 chi=4 edges=[(0, 1), (0, 4), (0, 5), (1, 2), (1, 3), (1, 4), (2, 3), (3, 4), (3, 5), (4, 5)]
  VIOLATION part2: n=6 chi=4 edges=[(0, 1), (0, 3), (0, 5), (1, 5), (2, 3), (3, 4), (3, 5), (4, 5)]
  VIOLATION part2: n=6 chi=4 edges=[(0, 1), (0, 2), (0, 3), (1, 2), (1, 5), (2, 3), (3, 4), (3, 5), (4, 5)]
  VIOLATION part2: n=6 chi=4 edges=[(0, 1), (0, 2), (0, 5), (1, 2), (1, 5), (2, 3), (3, 4), (3, 5), (4, 5)]
  VIOLATION part2: n=6 chi=4 edges=[(0, 1), (0, 3), (0, 5), (1, 2), (1, 5), (2, 3), (3, 4), (3, 5), (4, 5)]
  VIOLATION part2: n=6 chi=4 edges=[(0, 1), (0, 4), (0, 5), (1, 2), (1, 3), (1, 5), (2, 3), (3, 4), (3, 5), (4, 5)]
  VIOLATION part2: n=6 chi=4 edges=[(0, 1), (0, 2), (0, 4), (1, 4), (1, 5), (2, 3), (3, 4), (3, 5), (4, 5)]
  VIOLATION part2: n=6 chi=4 edges=[(0, 1), (0, 3), (0, 4), (1, 4), (1, 5), (2, 3), (3, 4), (3, 5), (4, 5)]
  VIOLATION part2: n=6 chi=4 edges=[(0, 1), (0, 2), (0, 5), (1, 4), (1, 5), (2, 3), (3, 4), (3, 5), (4, 5)]
  VIOLATION part2: n=6 chi=4 edges=[(0, 1), (0, 3), (0, 5), (1, 4), (1, 5), (2, 3), (3, 4), (3, 5), (4, 5)]
  VIOLATION part2: n=6 chi=4 edges=[(0, 1), (0, 3), (0, 4), (1, 2), (1, 4), (1, 5), (2, 3), (3, 4), (3, 5), (4, 5)]
  VIOLATION part2: n=6 chi=4 edges=[(0, 1), (0, 3), (0, 5), (1, 2), (1, 4), (1, 5), (2, 3), (3, 4), (3, 5), (4, 5)]
  VIOLATION part2: n=6 chi=4 edges=[(0, 1), (0, 2), (0, 4), (1, 2), (2, 4), (3, 4), (3, 5), (4, 5)]
  VIOLATION part2: n=6 chi=4 edges=[(0, 2), (0, 3), (0, 4), (1, 3), (2, 4), (3, 4), (3, 5), (4, 5)]
  VIOLATION part2: n=6 chi=4 edges=[(0, 1), (0, 2), (0, 3), (1, 2), (1, 3), (2, 4), (3, 4), (3, 5), (4, 5)]
  VIOLATION part2: n=6 chi=4 edges=[(0, 1), (0, 2), (0, 4), (1, 2), (1, 3), (2, 4), (3, 4), (3, 5), (4, 5)]
  VIOLATION part2: n=6 chi=4 edges=[(0, 2), (0, 3), (0, 4), (1, 2), (1, 3), (2, 4), (3, 4), (3, 5), (4, 5)]
  VIOLATION part2: n=6 chi=4 edges=[(0, 2), (0, 3), (1, 2), (1, 3), (1, 4), (2, 4), (3, 4), (3, 5), (4, 5)]
  VIOLATION part2: n=6 chi=4 edges=[(0, 1), (0, 3), (0, 5), (1, 2), (1, 3), (1, 4), (2, 4), (3, 4), (3, 5), (4, 5)]
  VIOLATION part2: n=6 chi=4 edges=[(0, 1), (0, 4), (0, 5), (1, 5), (2, 4), (3, 4), (3, 5), (4, 5)]
  VIOLATION part2: n=6 chi=4 edges=[(0, 1), (0, 2), (0, 4), (1, 2), (1, 5), (2, 4), (3, 4), (3, 5), (4, 5)]
  VIOLATION part2: n=6 chi=4 edges=[(0, 1), (0, 2), (0, 5), (1, 2), (1, 5), (2, 4), (3, 4), (3, 5), (4, 5)]
  VIOLATION part2: n=6 chi=4 edges=[(0, 1), (0, 4), (0, 5), (1, 2), (1, 5), (2, 4), (3, 4), (3, 5), (4, 5)]
  VIOLATION part2: n=6 chi=4 edges=[(0, 1), (0, 2), (0, 3), (1, 3), (1, 5), (2, 4), (3, 4), (3, 5), (4, 5)]
  VIOLATION part2: n=6 chi=4 edges=[(0, 2), (0, 3), (0, 4), (1, 3), (1, 5), (2, 4), (3, 4), (3, 5), (4, 5)]
  VIOLATION part2: n=6 chi=4 edges=[(0, 1), (0, 2), (0, 5), (1, 3), (1, 5), (2, 4), (3, 4), (3, 5), (4, 5)]
  VIOLATION part2: n=6 chi=4 edges=[(0, 1), (0, 4), (0, 5), (1, 3), (1, 5), (2, 4), (3, 4), (3, 5), (4, 5)]
  VIOLATION part2: n=6 chi=4 edges=[(0, 1), (0, 3), (0, 4), (1, 2), (1, 3), (1, 5), (2, 4), (3, 4), (3, 5), (4, 5)]
  VIOLATION part2: n=6 chi=4 edges=[(0, 1), (0, 4), (0, 5), (1, 2), (1, 3), (1, 5), (2, 4), (3, 4), (3, 5), (4, 5)]
  VIOLATION part2: n=6 chi=4 edges=[(0, 1), (0, 3), (0, 5), (1, 2), (1, 4), (1, 5), (2, 4), (3, 4), (3, 5), (4, 5)]
  VIOLATION part2: n=6 chi=4 edges=[(0, 5), (1, 2), (2, 3), (2, 4), (3, 4), (3, 5), (4, 5)]
  VIOLATION part2: n=6 chi=4 edges=[(0, 1), (0, 5), (1, 2), (2, 3), (2, 4), (3, 4), (3, 5), (4, 5)]
  VIOLATION part2: n=6 chi=4 edges=[(0, 1), (0, 3), (0, 5), (1, 2), (2, 3), (2, 4), (3, 4), (3, 5), (4, 5)]
  VIOLATION part2: n=6 chi=4 edges=[(0, 2), (0, 3), (0, 5), (1, 2), (2, 3), (2, 4), (3, 4), (3, 5), (4, 5)]
  VIOLATION part2: n=6 chi=4 edges=[(0, 1), (0, 4), (0, 5), (1, 2), (2, 3), (2, 4), (3, 4), (3, 5), (4, 5)]
  VIOLATION part2: n=6 chi=4 edges=[(0, 2), (0, 4), (0, 5), (1, 2), (2, 3), (2, 4), (3, 4), (3, 5), (4, 5)]
  VIOLATION part2: n=6 chi=4 edges=[(0, 2), (0, 4), (0, 5), (1, 2), (1, 3), (2, 3), (2, 4), (3, 4), (3, 5), (4, 5)]
  VIOLATION part2: n=6 chi=4 edges=[(0, 2), (0, 3), (0, 5), (1, 2), (1, 4), (2, 3), (2, 4), (3, 4), (3, 5), (4, 5)]
  VIOLATION part2: n=6 chi=4 edges=[(0, 1), (0, 2), (0, 3), (1, 5), (2, 3), (2, 4), (3, 4), (3, 5), (4, 5)]
  VIOLATION part2: n=6 chi=4 edges=[(0, 1), (0, 2), (0, 4), (1, 5), (2, 3), (2, 4), (3, 4), (3, 5), (4, 5)]
  VIOLATION part2: n=6 chi=4 edges=[(0, 1), (0, 3), (0, 5), (1, 5), (2, 3), (2, 4), (3, 4), (3, 5), (4, 5)]
  VIOLATION part2: n=6 chi=4 edges=[(0, 1), (0, 4), (0, 5), (1, 5), (2, 3), (2, 4), (3, 4), (3, 5), (4, 5)]
  VIOLATION part2: n=6 chi=4 edges=[(0, 1), (0, 3), (0, 5), (1, 4), (1, 5), (2, 3), (2, 4), (3, 4), (3, 5), (4, 5)]
  VIOLATION part2: n=6 chi=4 edges=[(0, 1), (0, 2), (0, 5), (1, 2), (2, 5), (3, 4), (3, 5), (4, 5)]
  VIOLATION part2: n=6 chi=4 edges=[(0, 2), (0, 3), (0, 5), (1, 3), (2, 5), (3, 4), (3, 5), (4, 5)]
  VIOLATION part2: n=6 chi=4 edges=[(0, 1), (0, 2), (0, 3), (1, 2), (1, 3), (2, 5), (3, 4), (3, 5), (4, 5)]
  VIOLATION part2: n=6 chi=4 edges=[(0, 1), (0, 2), (0, 5), (1, 2), (1, 3), (2, 5), (3, 4), (3, 5), (4, 5)]
  VIOLATION part2: n=6 chi=4 edges=[(0, 2), (0, 3), (0, 5), (1, 2), (1, 3), (2, 5), (3, 4), (3, 5), (4, 5)]
  VIOLATION part2: n=6 chi=4 edges=[(0, 2), (0, 4), (0, 5), (1, 4), (2, 5), (3, 4), (3, 5), (4, 5)]
  VIOLATION part2: n=6 chi=4 edges=[(0, 1), (0, 2), (0, 4), (1, 2), (1, 4), (2, 5), (3, 4), (3, 5), (4, 5)]
  VIOLATION part2: n=6 chi=4 edges=[(0, 1), (0, 2), (0, 5), (1, 2), (1, 4), (2, 5), (3, 4), (3, 5), (4, 5)]
  VIOLATION part2: n=6 chi=4 edges=[(0, 2), (0, 4), (0, 5), (1, 2), (1, 4), (2, 5), (3, 4), (3, 5), (4, 5)]
  VIOLATION part2: n=6 chi=4 edges=[(0, 1), (0, 2), (0, 3), (1, 3), (1, 4), (2, 5), (3, 4), (3, 5), (4, 5)]
  VIOLATION part2: n=6 chi=4 edges=[(0, 1), (0, 2), (0, 4), (1, 3), (1, 4), (2, 5), (3, 4), (3, 5), (4, 5)]
  VIOLATION part2: n=6 chi=4 edges=[(0, 2), (0, 3), (0, 5), (1, 3), (1, 4), (2, 5), (3, 4), (3, 5), (4, 5)]
  VIOLATION part2: n=6 chi=4 edges=[(0, 2), (0, 4), (0, 5), (1, 3), (1, 4), (2, 5), (3, 4), (3, 5), (4, 5)]
  VIOLATION part2: n=6 chi=4 edges=[(0, 1), (0, 3), (0, 5), (1, 2), (1, 3), (1, 4), (2, 5), (3, 4), (3, 5), (4, 5)]
  VIOLATION part2: n=6 chi=4 edges=[(0, 1), (0, 4), (0, 5), (1, 2), (1, 3), (1, 4), (2, 5), (3, 4), (3, 5), (4, 5)]
  VIOLATION part2: n=6 chi=4 edges=[(0, 2), (0, 3), (1, 2), (1, 3), (1, 5), (2, 5), (3, 4), (3, 5), (4, 5)]
  VIOLATION part2: n=6 chi=4 edges=[(0, 1), (0, 3), (0, 4), (1, 2), (1, 3), (1, 5), (2, 5), (3, 4), (3, 5), (4, 5)]
  VIOLATION part2: n=6 chi=4 edges=[(0, 2), (0, 4), (1, 2), (1, 4), (1, 5), (2, 5), (3, 4), (3, 5), (4, 5)]
  VIOLATION part2: n=6 chi=4 edges=[(0, 1), (0, 3), (0, 4), (1, 2), (1, 4), (1, 5), (2, 5), (3, 4), (3, 5), (4, 5)]
  VIOLATION part2: n=6 chi=4 edges=[(0, 4), (1, 2), (2, 3), (2, 5), (3, 4), (3, 5), (4, 5)]
  VIOLATION part2: n=6 chi=4 edges=[(0, 1), (0, 4), (1, 2), (2, 3), (2, 5), (3, 4), (3, 5), (4, 5)]
  VIOLATION part2: n=6 chi=4 edges=[(0, 1), (0, 3), (0, 4), (1, 2), (2, 3), (2, 5), (3, 4), (3, 5), (4, 5)]
  VIOLATION part2: n=6 chi=4 edges=[(0, 2), (0, 3), (0, 4), (1, 2), (2, 3), (2, 5), (3, 4), (3, 5), (4, 5)]
  VIOLATION part2: n=6 chi=4 edges=[(0, 1), (0, 4), (0, 5), (1, 2), (2, 3), (2, 5), (3, 4), (3, 5), (4, 5)]
  VIOLATION part2: n=6 chi=4 edges=[(0, 2), (0, 4), (0, 5), (1, 2), (2, 3), (2, 5), (3, 4), (3, 5), (4, 5)]
  VIOLATION part2: n=6 chi=4 edges=[(0, 2), (0, 4), (0, 5), (1, 2), (1, 3), (2, 3), (2, 5), (3, 4), (3, 5), (4, 5)]
  VIOLATION part2: n=6 chi=4 edges=[(0, 1), (0, 2), (0, 3), (1, 4), (2, 3), (2, 5), (3, 4), (3, 5), (4, 5)]
  VIOLATION part2: n=6 chi=4 edges=[(0, 1), (0, 3), (0, 4), (1, 4), (2, 3), (2, 5), (3, 4), (3, 5), (4, 5)]
  VIOLATION part2: n=6 chi=4 edges=[(0, 1), (0, 2), (0, 5), (1, 4), (2, 3), (2, 5), (3, 4), (3, 5), (4, 5)]
  VIOLATION part2: n=6 chi=4 edges=[(0, 2), (0, 4), (0, 5), (1, 4), (2, 3), (2, 5), (3, 4), (3, 5), (4, 5)]
  VIOLATION part2: n=6 chi=4 edges=[(0, 2), (0, 3), (0, 4), (1, 2), (1, 5), (2, 3), (2, 5), (3, 4), (3, 5), (4, 5)]
  VIOLATION part2: n=6 chi=4 edges=[(0, 1), (0, 3), (0, 4), (1, 4), (1, 5), (2, 3), (2, 5), (3, 4), (3, 5), (4, 5)]
  VIOLATION part2: n=6 chi=4 edges=[(0, 3), (1, 2), (2, 4), (2, 5), (3, 4), (3, 5), (4, 5)]
  VIOLATION part2: n=6 chi=4 edges=[(0, 1), (0, 3), (1, 2), (2, 4), (2, 5), (3, 4), (3, 5), (4, 5)]
  VIOLATION part2: n=6 chi=4 edges=[(0, 1), (0, 3), (0, 4), (1, 2), (2, 4), (2, 5), (3, 4), (3, 5), (4, 5)]
  VIOLATION part2: n=6 chi=4 edges=[(0, 2), (0, 3), (0, 4), (1, 2), (2, 4), (2, 5), (3, 4), (3, 5), (4, 5)]
  VIOLATION part2: n=6 chi=4 edges=[(0, 1), (0, 3), (0, 5), (1, 2), (2, 4), (2, 5), (3, 4), (3, 5), (4, 5)]
  VIOLATION part2: n=6 chi=4 edges=[(0, 2), (0, 3), (0, 5), (1, 2), (2, 4), (2, 5), (3, 4), (3, 5), (4, 5)]
  VIOLATION part2: n=6 chi=4 edges=[(0, 1), (0, 2), (0, 4), (1, 3), (2, 4), (2, 5), (3, 4), (3, 5), (4, 5)]
  VIOLATION part2: n=6 chi=4 edges=[(0, 2), (0, 3), (0, 4), (1, 3), (2, 4), (2, 5), (3, 4), (3, 5), (4, 5)]
  VIOLATION part2: n=6 chi=4 edges=[(0, 1), (0, 2), (0, 5), (1, 3), (2, 4), (2, 5), (3, 4), (3, 5), (4, 5)]
  VIOLATION part2: n=6 chi=4 edges=[(0, 2), (0, 3), (0, 5), (1, 3), (2, 4), (2, 5), (3, 4), (3, 5), (4, 5)]
  VIOLATION part2: n=6 chi=4 edges=[(0, 2), (0, 3), (0, 5), (1, 2), (1, 4), (2, 4), (2, 5), (3, 4), (3, 5), (4, 5)]
  VIOLATION part2: n=6 chi=4 edges=[(0, 2), (0, 3), (0, 5), (1, 3), (1, 4), (2, 4), (2, 5), (3, 4), (3, 5), (4, 5)]
  VIOLATION part2: n=6 chi=4 edges=[(0, 2), (0, 3), (0, 4), (1, 2), (1, 5), (2, 4), (2, 5), (3, 4), (3, 5), (4, 5)]
  VIOLATION part2: n=6 chi=4 edges=[(0, 2), (0, 3), (0, 4), (1, 3), (1, 5), (2, 4), (2, 5), (3, 4), (3, 5), (4, 5)]
  VIOLATION part2: n=6 chi=5 edges=[(0, 1), (0, 5), (1, 2), (1, 3), (1, 4), (2, 3), (2, 4), (2, 5), (3, 4), (3, 5), (4, 5)]
  VIOLATION part2: n=6 chi=5 edges=[(0, 1), (0, 4), (1, 2), (1, 3), (1, 5), (2, 3), (2, 4), (2, 5), (3, 4), (3, 5), (4, 5)]
  VIOLATION part2: n=6 chi=5 edges=[(0, 1), (0, 3), (1, 2), (1, 4), (1, 5), (2, 3), (2, 4), (2, 5), (3, 4), (3, 5), (4, 5)]
  VIOLATION part2: n=6 chi=5 edges=[(0, 1), (0, 2), (1, 3), (1, 4), (1, 5), (2, 3), (2, 4), (2, 5), (3, 4), (3, 5), (4, 5)]
[part2] all graphs n<= 6: total=33867 vertex-critical=1214 violations(min_deg<chi-1)=1026 max_chi=6
[part1] graphs where greedy deletion failed to yield a vertex-critical same-chi subgraph: 6/33867
RESULT: FAILED
