# d  Qp[-1,-1] Qq[-1,-1]  Qp[-1,+1] Qq[-1,+1]  Qp[+1,-1] Qq[+1,-1]  Qp[+1,+1] Qq[+1,+1]
0.159154943092  0.000000000 0.500000000  0.000000000 0.500000000  0.000000000 0.500000000  0.000000000 0.500000000
0.15929936434  0.142168215 0.357831785  0.935384054 0.585307496  0.135702105 0.350072453  0.928917945 0.577548165
0.159443785587  0.200980166 0.299019834  0.908662259 0.620606668  0.191833627 0.288043986  0.899515719 0.609630820
0.159588206835  0.246056393 0.253943607  0.888187183 0.647667933  0.234851669 0.240497939  0.876982459 0.634222265
0.159732628083  0.284014146 0.215985854  0.870950366 0.670460963  0.271073106 0.200456605  0.858009325 0.654931715
0.159877049331  0.317417641 0.182582359  0.855785897 0.690523892  0.302945832 0.165216188  0.841314088 0.673157721
0.160021470579  0.347582492 0.152417508  0.842095527 0.708645821  0.331725821 0.133389503  0.826238856 0.689617815
0.160165891826  0.375290548 0.124709452  0.829523692 0.725295664  0.358159499 0.104152194  0.812392643 0.704738405
0.160310313074  0.401051428 0.098948572  0.817838608 0.740779040  0.382733413 0.076966954  0.799520593 0.718797422
0.160454734322  0.425219257 0.074780743  0.806879199 0.755308301  0.405785663 0.051460431  0.787445605 0.731987989
0.16059915557  0.448051973 0.051948027  0.796528126 0.769038108  0.427562524 0.027360690  0.776038678 0.744450770
0.160743576818  0.469744375 0.030255625  0.786696766 0.782085256  0.448249993 0.004462366  0.765202385 0.756291997
0.160887998065  0.490447866 0.009552134  0.777316234 0.794540510  0.467992633 0.982605855  0.754861002 0.767594231
0.161032419313  0.510282894 0.989717106  0.768331720 0.806476075  0.486905458 0.961664183  0.744954284 0.778423152
0.161176840561  0.529347159 0.970652841  0.759698764 0.817950515  0.505081759 0.941534362  0.735433364 0.788832035
0.161321261809  0.547721212 0.952278788  0.751380704 0.829012107  0.522598458 0.922131484  0.726257950 0.798864803
0.161465683056  0.565472399 0.934527601  0.743346888 0.839701215  0.539519867 0.903384563  0.717394356 0.808558177
0.161610104304  0.582657709 0.917342291  0.735571372 0.850051990  0.555900408 0.885233530  0.708814072 0.817943229
0.161754525552  0.599325880 0.900674120  0.728031971 0.860093636  0.571786628 0.867627018  0.700492719 0.827046533
0.1618989468  0.615518979 0.884481021  0.720709529 0.869851359  0.587218701 0.850520688  0.692409252 0.835891026
0.162043368048  0.631273620 0.868726380  0.713587376 0.879347095  0.602231597 0.833875954  0.684545354 0.844496669
0.162187789295  0.646621904 0.853378096  0.706650893 0.888600076  0.616855976 0.817658983  0.676884965 0.852880963
0.162332210543  0.661592163 0.838407837  0.699887176 0.897627272  0.631118897 0.801839919  0.669413911 0.861059354
0.162476631791  0.676209553 0.823790447  0.693284768 0.906443753  0.645044390 0.786392252  0.662119605 0.869045558
0.162621053039  0.690496534 0.809503466  0.686833438 0.915062969  0.658653907 0.771292314  0.654990811 0.876851816
0.162765474286  0.704473254 0.795526746  0.680524007 0.923496987  0.671966694 0.756518874  0.648017446 0.884489114
0.162909895534  0.718157875 0.781842125  0.674348200 0.931756682  0.685000099 0.742052794  0.641190424 0.891967351
0.163054316782  0.731566834 0.768433166  0.668298528 0.939851898  0.697769826 0.727876757  0.634501520 0.899295488
0.16319873803  0.744715064 0.755284936  0.662368185 0.947791575  0.710290139 0.713975026  0.627943260 0.906481665
0.163343159278  0.757616185 0.742383815  0.656550966 0.955583866  0.722574050 0.700333253  0.621508831 0.913533304
0.163487580525  0.770282655 0.729717345  0.650841191 0.963236230  0.734633461 0.686938313  0.615191997 0.920457197
0.163632001773  0.782725906 0.717274094  0.645233648 0.970755510  0.746479294 0.673778160  0.608987036 0.927259575
0.163776423021  0.794956462 0.705043538  0.639723542 0.978148004  0.758121604 0.660841708  0.602888684 0.933946174
0.163920844269  0.806984033 0.693015967  0.634306444 0.985419525  0.769569668 0.648118729  0.596892079 0.940522287
0.164065265517  0.818817604 0.681182396  0.628978257 0.992575448  0.780832071 0.635599756  0.590992724 0.946992808
0.164209686764  0.830465507 0.669534493  0.623735184 0.999620759  0.791916775 0.623276015  0.585186451 0.953362281
0.164354108012  0.841935485 0.658064515  0.618573691 0.006560093  0.802831177 0.611139347  0.579469383 0.959634924
0.16449852926  0.853234751 0.646765249  0.613490488 0.013397763  0.813582172 0.599182155  0.573837910 0.965814669
0.164642950508  0.864370037 0.635629963  0.608482506 0.020137797  0.824176192 0.587397349  0.568288661 0.971905183
0.164787371755  0.875347637 0.624652363  0.603546874 0.026783961  0.834619251 0.575778300  0.562818488 0.977909898
0.164931793003  0.886173446 0.613826554  0.598680900 0.033339781  0.844916984 0.564318799  0.557424437 0.983832026
0.165076214251  0.896852998 0.603147002  0.593882061 0.039808564  0.855074678 0.553013018  0.552103740 0.989674580
0.165220635499  0.907391489 0.592608511  0.589147984 0.046193421  0.865097300 0.541855484  0.546853795 0.995440394
0.165365056747  0.917793815 0.582206185  0.584476437 0.052497277  0.874989529 0.530841042  0.541672151 0.001132134
0.165509477994  0.928064586 0.571935414  0.579865314 0.058722890  0.884755772 0.519964837  0.536556500 0.006752314
0.165653899242  0.938208157 0.561791843  0.575312628 0.064872864  0.894400191 0.509222283  0.531504662 0.012303304
0.16579832049  0.948228642 0.551771358  0.570816501 0.070949657  0.903926718 0.498609048  0.526514576 0.017787348
0.165942741738  0.958129936 0.541870064  0.566375154 0.076955599  0.913339076 0.488121032  0.521584294 0.023206567
0.166087162985  0.967915728 0.532084272  0.561986903 0.082892894  0.922640791 0.477754349  0.516711966 0.028562970
0.166231584233  0.977589518 0.522410482  0.557650149 0.088763634  0.931835211 0.467505314  0.511895842 0.033858465
0.166376005481  0.987154630 0.512845370  0.553363375 0.094569805  0.940925511 0.457370427  0.507134256 0.039094863
0.166520426729  0.996614224 0.503385776  0.549125137 0.100313297  0.949914713 0.447346364  0.502425626 0.044273884
0.166664847977  0.005971306 0.494028694  0.544934062 0.105995905  0.958805692 0.437429956  0.497768447 0.049397167
0.166809269224  0.015228742 0.484771258  0.540788841 0.111619341  0.967601185 0.427618190  0.493161284 0.054466273
0.166953690472  0.024389262 0.475610738  0.536688226 0.117185237  0.976303804 0.417908190  0.488602769 0.059482688
0.16709811172  0.033455472 0.466544528  0.532631027 0.122695149  0.984916042 0.408297212  0.484091597 0.064447833
0.167242532968  0.042429862 0.457570138  0.528616106 0.128150565  0.993440277 0.398782636  0.479626521 0.069363063
0.167386954216  0.051314813 0.448685187  0.524642375 0.133552906  0.001878787 0.389361957  0.475206350 0.074229676
0.167531375463  0.060112600 0.439887400  0.520708793 0.138903533  0.010233748 0.380032778  0.470829941 0.079048910
0.167675796711  0.068825405 0.431174595  0.516814364 0.144203746  0.018507246 0.370792804  0.466496205 0.083821955
0.167820217959  0.077455316 0.422544684  0.512958132 0.149454794  0.026701277 0.361639836  0.462204093 0.088549946
0.167964639207  0.086004338 0.413995662  0.509139183 0.154657872  0.034817758 0.352571767  0.457952603 0.093233977
0.168109060454  0.094474392 0.405525608  0.505356635 0.159814129  0.042858528 0.343586572  0.453740771 0.097875093
0.168253481702  0.102867324 0.397132676  0.501609646 0.164924667  0.050825351 0.334682308  0.449567673 0.102474300
0.16839790295  0.111184909 0.388815091  0.497897404 0.169990544  0.058719925 0.325857110  0.445432420 0.107032564
0.168542324198  0.119428853 0.380571147  0.494219129 0.175012779  0.066543881 0.317109182  0.441334157 0.111550814
0.168686745446  0.127600795 0.372399205  0.490574069 0.179992351  0.074298789 0.308436797  0.437272063 0.116029944
0.168831166693  0.135702317 0.364297683  0.486961503 0.184930203  0.081986159 0.299838293  0.433245345 0.120470813
0.168975587941  0.143734940 0.356265060  0.483380735 0.189827242  0.089607448 0.291312068  0.429253242 0.124874251
0.169120009189  0.151700131 0.348299869  0.479831092 0.194684345  0.097164057 0.282856580  0.425295018 0.129241056
0.169264430437  0.159599304 0.340400696  0.476311927 0.199502355  0.104657341 0.274470340  0.421369964 0.133571999
0.169408851684  0.167433824 0.332566176  0.472822617 0.204282085  0.112088605 0.266151912  0.417477397 0.137867822
0.169553272932  0.175205009 0.324794991  0.469362558 0.209024323  0.119459109 0.257899911  0.413616657 0.142129243
0.16969769418  0.182914130 0.317085870  0.465931167 0.213729826  0.126770070 0.249712998  0.409787106 0.146356954
0.169842115428  0.190562417 0.309437583  0.462527882 0.218399329  0.134022664 0.241589879  0.405988128 0.150551625
0.169986536676  0.198151060 0.301848940  0.459152158 0.223033539  0.141218030 0.233529304  0.402219127 0.154713903
0.170130957923  0.205681207 0.294318793  0.455803469 0.227633144  0.148357266 0.225530063  0.398479527 0.158844414
0.170275379171  0.213153972 0.286846028  0.452481305 0.232198805  0.155441438 0.217590987  0.394768771 0.162943764
0.170419800419  0.220570431 0.279429569  0.449185174 0.236731165  0.162471575 0.209710942  0.391086318 0.167012538
0.170564221667  0.227931628 0.272068372  0.445914597 0.241230847  0.169448677 0.201888831  0.387431646 0.171051305
0.170708642915  0.235238572 0.264761428  0.442669111 0.245698451  0.176373709 0.194123592  0.383804248 0.175060616
0.170853064162  0.242492244 0.257507756  0.439448268 0.250134564  0.183247610 0.186414194  0.380203633 0.179041002
0.17099748541  0.249693594 0.250306406  0.436251632 0.254539749  0.190071288 0.178759638  0.376629325 0.182992981
0.171141906658  0.256843543 0.243156457  0.433078781 0.258914557  0.196845625 0.171158955  0.373080863 0.186917055
0.171286327906  0.263942986 0.236057014  0.429929306 0.263259521  0.203571477 0.163611204  0.369557798 0.190813711
0.171430749153  0.270992789 0.229007211  0.426802808 0.267575157  0.210249675 0.156115474  0.366059694 0.194683420
0.171575170401  0.277993797 0.222006203  0.423698901 0.271861968  0.216881026 0.148670877  0.362586129 0.198526642
0.171719591649  0.284946828 0.215053172  0.420617210 0.276120442  0.223466312 0.141276552  0.359136694 0.202343823
0.171864012897  0.291852679 0.208147321  0.417557369 0.280351053  0.230006297 0.133931663  0.355710987 0.206135395
0.172008434145  0.298712122 0.201287878  0.414519025 0.284554261  0.236501720 0.126635396  0.352308623 0.209901779
0.172152855392  0.305525910 0.194474090  0.411501831 0.288730515  0.242953301 0.119386960  0.348929223 0.213643385
0.17229727664  0.312294775 0.187705225  0.408505453 0.292880251  0.249361742 0.112185586  0.345572421 0.217360612
0.172441697888  0.319019429 0.180980571  0.405529564 0.297003892  0.255727723 0.105030525  0.342237859 0.221053846
0.172586119136  0.325700565 0.174299435  0.402573846 0.301101852  0.262051909 0.097921049  0.338925191 0.224723465
0.172730540383  0.332338857 0.167661143  0.399637989 0.305174531  0.268334945 0.090856447  0.335634077 0.228369836
0.172874961631  0.338934964 0.161065036  0.396721692 0.309222322  0.274577460 0.083836030  0.332364188 0.231993317
0.173019382879  0.345489526 0.154510474  0.393824661 0.313245606  0.280780067 0.076859124  0.329115203 0.235594256
0.173163804127  0.352003166 0.147996834  0.390946610 0.317244753  0.286943365 0.069925073  0.325886809 0.239172992
0.173308225375  0.358476492 0.141523508  0.388087259 0.321220126  0.293067934 0.063033238  0.322678701 0.242729857
0.173452646622  0.364910098 0.135089902  0.385246337 0.325172079  0.299154343 0.056182996  0.319490582 0.246265173
0.17359706787  0.371304562 0.128695438  0.382423578 0.329100953  0.305203146 0.049373739  0.316322162 0.249779254
0.173741489118  0.377660447 0.122339553  0.379618723 0.333007087  0.311214882 0.042604874  0.313173157 0.253272408
0.173885910366  0.383978306 0.116021694  0.376831519 0.336890807  0.317190079 0.035875822  0.310043292 0.256744935
0.174030331614  0.390258674 0.109741326  0.374061719 0.340752432  0.323129251 0.029186020  0.306932297 0.260197125
0.174174752861  0.396502076 0.103497924  0.371309083 0.344592275  0.329032901 0.022534915  0.303839909 0.263629266
0.174319174109  0.402709024 0.097290976  0.368573376 0.348410641  0.334901519 0.015921969  0.300765871 0.267041634
0.174463595357  0.408880020 0.091119980  0.365854368 0.352207826  0.340735584 0.009346658  0.297709932 0.270434503
0.174608016605  0.415015550 0.084984450  0.363151834 0.355984122  0.346535564 0.002808467  0.294671847 0.273808139
0.174752437852  0.421116093 0.078883907  0.360465554 0.359739812  0.352301916 0.996306894  0.291651377 0.277162800
0.1748968591  0.427182116 0.072817884  0.357795316 0.363475175  0.358035088 0.989841450  0.288648287 0.280498741
0.175041280348  0.433214074 0.066785926  0.355140908 0.367190480  0.363735515 0.983411655  0.285662349 0.283816210
0.175185701596  0.439212414 0.060787586  0.352502126 0.370885994  0.369403626 0.977017041  0.282693339 0.287115449
0.175330122844  0.445177572 0.054822428  0.349878770 0.374561976  0.375039839 0.970657148  0.279741037 0.290396696
0.175474544091  0.451109975 0.048890025  0.347270643 0.378218679  0.380644562 0.964331530  0.276805230 0.293660183
0.175618965339  0.457010040 0.042989960  0.344677553 0.381856352  0.386218194 0.958039746  0.273885708 0.296906138
0.175763386587  0.462878175 0.037121825  0.342099313 0.385475237  0.391761128 0.951781369  0.270982266 0.300134781
0.175907807835  0.468714782 0.031285218  0.339535739 0.389075572  0.397273747 0.945555977  0.268094704 0.303346331
0.176052229083  0.474520250 0.025479750  0.336986650 0.392657590  0.402756425 0.939363160  0.265222825 0.306541000
0.17619665033  0.480294964 0.019705036  0.334451871 0.396221518  0.408209530 0.933202516  0.262366437 0.309718997
0.176341071578  0.486039298 0.013960702  0.331931228 0.399767579  0.413633421 0.927073649  0.259525351 0.312880526
0.176485492826  0.491753621 0.008246379  0.329424554 0.403295992  0.419028450 0.920976174  0.256699383 0.316025788
0.176629914074  0.497438293 0.002561707  0.326931681 0.406806971  0.424394964 0.914909713  0.253888352 0.319154977
0.176774335321  0.503093665 0.996906335  0.324452449 0.410300725  0.429733299 0.908873894  0.251092082 0.322268285
0.176918756569  0.508720086 0.991279914  0.321986697 0.413777460  0.435043787 0.902868355  0.248310398 0.325365902
0.177063177817  0.514317892 0.985682108  0.319534269 0.417237377  0.440326753 0.896892740  0.245543130 0.328448010
0.177207599065  0.519887417 0.980112583  0.317095013 0.420680674  0.445582515 0.890946700  0.242790111 0.331514791
0.177352020313  0.525428987 0.974571013  0.314668779 0.424107543  0.450811386 0.885029892  0.240051179 0.334566422
0.17749644156  0.530942920 0.969057080  0.312255420 0.427518175  0.456013672 0.879141982  0.237326172 0.337603077
0.177640862808  0.536429531 0.963570469  0.309854791 0.430912755  0.461189673 0.873282639  0.234614933 0.340624925
0.177785284056  0.541889127 0.958110873  0.307466752 0.434291466  0.466339684 0.867451542  0.231917308 0.343632135
0.177929705304  0.547322009 0.952677991  0.305091162 0.437654488  0.471463993 0.861648373  0.229233146 0.346624869
0.178074126551  0.552728473 0.947271527  0.302727886 0.441001995  0.476562886 0.855872821  0.226562298 0.349603290
0.178218547799  0.558108811 0.941891189  0.300376790 0.444334160  0.481636639 0.850124583  0.223904618 0.352567554
0.178362969047  0.563463306 0.936536694  0.298037743 0.447651153  0.486685526 0.844403358  0.221259963 0.355517817
0.178507390295  0.568792239 0.931207761  0.295710615 0.450953139  0.491709815 0.838708854  0.218628192 0.358454231
0.178651811543  0.574095884 0.925904116  0.293395281 0.454240282  0.496709771 0.833040780  0.216009168 0.361376946
0.17879623279  0.579374512 0.920625488  0.291091616 0.457512741  0.501685650 0.827398854  0.213402755 0.364286107
0.178940654038  0.584628387 0.915371613  0.288799498 0.460770673  0.506637708 0.821782799  0.210808819 0.367181859
0.179085075286  0.589857770 0.910142230  0.286518807 0.464014234  0.511566194 0.816192340  0.208227231 0.370064344
0.179229496534  0.595062916 0.904937084  0.284249425 0.467243575  0.516471354 0.810627209  0.205657862 0.372933700
0.179373917782  0.600244077 0.899755923  0.281991236 0.470458844  0.521353427 0.805087144  0.203100586 0.375790064
0.179518339029  0.605401499 0.894598501  0.279744127 0.473660188  0.526212650 0.799571883  0.200555278 0.378633570
0.179662760277  0.610535425 0.889464575  0.277507986 0.476847751  0.531049257 0.794081174  0.198021818 0.381464350
0.179807181525  0.615646093 0.884353907  0.275282702 0.480021675  0.535863475 0.788614765  0.195500084 0.384282534
0.179951602773  0.620733739 0.879266261  0.273068169 0.483182098  0.540655530 0.783172411  0.192989960 0.387088248
0.18009602402  0.625798591 0.874201409  0.270864279 0.486329157  0.545425642 0.777753871  0.190491330 0.389881618
0.180240445268  0.630840877 0.869159123  0.268670928 0.489462986  0.550174029 0.772358905  0.188004080 0.392662768
0.180384866516  0.635860820 0.864139180  0.266488013 0.492583717  0.554900904 0.766987281  0.185528098 0.395431818
0.180529287764  0.640858639 0.859141361  0.264315434 0.495691480  0.559606478 0.761638769  0.183063273 0.398188887
0.180673709012  0.645834548 0.854165452  0.262153091 0.498786403  0.564290956 0.756313142  0.180609499 0.400934093
0.180818130259  0.650788761 0.849211239  0.260000886 0.501868611  0.568954543 0.751010178  0.178166668 0.403667550
0.180962551507  0.655721485 0.844278515  0.257858723 0.504938229  0.573597438 0.745729658  0.175734675 0.406389372
0.181106972755  0.660632926 0.839367074  0.255726507 0.507995377  0.578219838 0.740471367  0.173313418 0.409099670
0.181251394003  0.665523286 0.834476714  0.253604145 0.511040175  0.582821936 0.735235094  0.170902795 0.411798555
0.18139581525  0.670392764 0.829607236  0.251491546 0.514072741  0.587403924 0.730020629  0.168502706 0.414486133
0.181540236498  0.675241554 0.824758446  0.249388619 0.517093190  0.591965989 0.724827767  0.166113053 0.417162512
0.181684657746  0.680069850 0.819930150  0.247295275 0.520101638  0.596508315 0.719656308  0.163733740 0.419827795
0.181829078994  0.684877841 0.815122159  0.245211427 0.523098195  0.601031084 0.714506051  0.161364670 0.422482087
0.181973500242  0.689665714 0.810334286  0.243136989 0.526082973  0.605534476 0.709376801  0.159005751 0.425125487
0.182117921489  0.694433652 0.805566348  0.241071875 0.529056080  0.610018666 0.704268365  0.156656889 0.427758097
0.182262342737  0.699181836 0.800818164  0.239016003 0.532017623  0.614483828 0.699180554  0.154317995 0.430380013
0.182406763985  0.703910445 0.796089555  0.236969290 0.534967708  0.618930133 0.694113181  0.151988978 0.432991334
0.182551185233  0.708619653 0.791380347  0.234931655 0.537906439  0.623357749 0.689066061  0.149669751 0.435592154
0.182695606481  0.713309635 0.786690365  0.232903018 0.540833918  0.627766842 0.684039014  0.147360226 0.438182567
0.182840027728  0.717980559 0.782019441  0.230883301 0.543750246  0.632157575 0.679031861  0.145060318 0.440762666
0.182984448976  0.722632594 0.777367406  0.228872426 0.546655522  0.636530110 0.674044426  0.142769942 0.443332541
0.183128870224  0.727265905 0.772734095  0.226870316 0.549549844  0.640884605 0.669076535  0.140489016 0.445892284
0.183273291472  0.731880655 0.768119345  0.224876897 0.552433308  0.645221216 0.664128018  0.138217458 0.448441981
0.183417712719  0.736477005 0.763522995  0.222892094 0.555306009  0.649540097 0.659198706  0.135955187 0.450981720
0.183562133967  0.741055112 0.758944888  0.220915835 0.558168041  0.653841401 0.654288434  0.133702123 0.453511588
0.183706555215  0.745615133 0.754384867  0.218948046 0.561019497  0.658125276 0.649397039  0.131458189 0.456031668
0.183850976463  0.750157221 0.749842779  0.216988658 0.563860466  0.662391870 0.644524358  0.129223306 0.458542045
0.183995397711  0.754681528 0.745318472  0.215037599 0.566691040  0.666641328 0.639670233  0.126997400 0.461042800
0.184139818958  0.759188203 0.740811797  0.213094802 0.569511305  0.670873795 0.634834507  0.124780393 0.463534015
0.184284240206  0.763677394 0.736322606  0.211160197 0.572321349  0.675089410 0.630017026  0.122572214 0.466015770
0.184428661454  0.768149245 0.731850755  0.209233718 0.575121259  0.679288315 0.625217639  0.120372787 0.468488143
0.184573082702  0.772603901 0.727396099  0.207315298 0.577911118  0.683470645 0.620436193  0.118182043 0.470951212
0.184717503949  0.777041501 0.722958499  0.205404872 0.580691011  0.687636538 0.615672542  0.115999909 0.473405055
0.184861925197  0.781462187 0.718537813  0.203502377 0.583461020  0.691786125 0.610926540  0.113826315 0.475849746
0.185006346445  0.785866094 0.714133906  0.201607747 0.586221225  0.695919540 0.606198042  0.111661193 0.478285360
0.185150767693  0.790253359 0.709746641  0.199720920 0.588971707  0.700036913 0.601486906  0.109504474 0.480711972
0.185295188941  0.794624115 0.705375885  0.197841835 0.591712546  0.704138371 0.596792992  0.107356091 0.483129653
0.185439610188  0.798978495 0.701021505  0.195970431 0.594443819  0.708224042 0.592116161  0.105215978 0.485538475
0.185584031436  0.803316628 0.696683372  0.194106646 0.597165602  0.712294051 0.587456278  0.103084069 0.487938509
0.185728452684  0.807638644 0.692361356  0.192250423 0.599877973  0.716348520 0.582813208  0.100960299 0.490329825
0.185872873932  0.811944668 0.688055332  0.190401701 0.602581006  0.720387572 0.578186817  0.098844605 0.492712491
0.18601729518  0.816234826 0.683765174  0.188560424 0.605274775  0.724411327 0.573576974  0.096736924 0.495086576
0.186161716427  0.820509242 0.679490758  0.186726533 0.607959353  0.728419903 0.568983551  0.094637194 0.497452146
0.186306137675  0.824768037 0.675231963  0.184899973 0.610634811  0.732413417 0.564406419  0.092545353 0.499809267
0.186450558923  0.829011332 0.670988668  0.183080688 0.613301222  0.736391985 0.559845452  0.090461341 0.502158006
0.186594980171  0.833239246 0.666760754  0.181268622 0.615958655  0.740355722 0.555300525  0.088385098 0.504498426
0.186739401418  0.837451895 0.662548105  0.179463722 0.618607179  0.744304738 0.550771517  0.086316566 0.506830591
0.186883822666  0.841649396 0.658350604  0.177665934 0.621246863  0.748239147 0.546258305  0.084255685 0.509154564
0.187028243914  0.845831864 0.654168136  0.175875205 0.623877775  0.752159057 0.541760769  0.082202399 0.511470408
0.187172665162  0.849999410 0.650000590  0.174091482 0.626499981  0.756064578 0.537278792  0.080156650 0.513778182
0.18731708641  0.854152146 0.645847854  0.172314714 0.629113546  0.759955815 0.532812256  0.078118383 0.516077949
0.187461507657  0.858290184 0.641709816  0.170544850 0.631718537  0.763832875 0.528361046  0.076087541 0.518369767
0.187605928905  0.862413630 0.637586370  0.168781839 0.634315017  0.767695863 0.523925049  0.074064072 0.520653696
0.187750350153  0.866522594 0.633477406  0.167025632 0.636903049  0.771544881 0.519504151  0.072047919 0.522929793
0.187894771401  0.870617180 0.629382820  0.165276180 0.639482696  0.775380032 0.515098241  0.070039031 0.525198118
0.188039192648  0.874697495 0.625302505  0.163533433 0.642054021  0.779201415 0.510707210  0.068037354 0.527458726
0.188183613896  0.878763641 0.621236359  0.161797345 0.644617084  0.783009131 0.506330949  0.066042836 0.529711673
0.188328035144  0.882815720 0.617184280  0.160067867 0.647171946  0.786803279 0.501969350  0.064055426 0.531957016
0.188472456392  0.886853834 0.613146166  0.158344952 0.649718665  0.790583954 0.497622309  0.062075072 0.534194809
0.18861687764  0.890878083 0.609121917  0.156628555 0.652257302  0.794351253 0.493289720  0.060101725 0.536425106
0.188761298887  0.894888566 0.605111434  0.154918630 0.654787915  0.798105270 0.488971480  0.058135335 0.538647961
0.188905720135  0.898885379 0.601114621  0.153215131 0.657310561  0.801846101 0.484667487  0.056175852 0.540863426
0.189050141383  0.902868620 0.597131380  0.151518013 0.659825296  0.805573836 0.480377639  0.054223229 0.543071555
0.189194562631  0.906838384 0.593161616  0.149827233 0.662332178  0.809288568 0.476101838  0.052277417 0.545272399
0.189338983879  0.910794764 0.589205236  0.148142746 0.664831261  0.812990387 0.471839983  0.050338369 0.547466008
0.189483405126  0.914737855 0.585262145  0.146464510 0.667322601  0.816679382 0.467591979  0.048406038 0.549652434
0.189627826374  0.918667747 0.581332253  0.144792482 0.669806252  0.820355643 0.463357728  0.046480378 0.551831727
0.189772247622  0.922584533 0.577415467  0.143126619 0.672282267  0.824019256 0.459137135  0.044561342 0.554003935
0.18991666887  0.926488301 0.573511699  0.141466881 0.674750700  0.827670307 0.454930106  0.042648887 0.556169107
0.190061090117  0.930379141 0.569620859  0.139813225 0.677211603  0.831308883 0.450736548  0.040742966 0.558327292
0.190205511365  0.934257141 0.565742859  0.138165611 0.679665027  0.834935067 0.446556369  0.038843536 0.560478538
0.190349932613  0.938122388 0.561877612  0.136523998 0.682111025  0.838548944 0.442389478  0.036950553 0.562622891
0.190494353861  0.941974968 0.558025032  0.134888347 0.684549646  0.842150595 0.438235785  0.035063974 0.564760399
0.190638775109  0.945814965 0.554185035  0.133258618 0.686980941  0.845740102 0.434095200  0.033183756 0.566891107
0.190783196356  0.949642464 0.550357536  0.131634773 0.689404960  0.849317547 0.429967637  0.031309856 0.569015060
0.190927617604  0.953457548 0.546542452  0.130016771 0.691821751  0.852883009 0.425853007  0.029442233 0.571132305
0.191072038852  0.957260298 0.542739702  0.128404577 0.694231362  0.856436567 0.421751224  0.027580846 0.573242885
0.1912164601  0.961050798 0.538949202  0.126798150 0.696633843  0.859978300 0.417662205  0.025725652 0.575346845
0.191360881347  0.964829126 0.535170874  0.125197455 0.699029240  0.863508284 0.413585863  0.023876613 0.577444229
0.191505302595  0.968595363 0.531404637  0.123602455 0.701417599  0.867026596 0.409522117  0.022033688 0.579535079
0.191649723843  0.972349587 0.527650413  0.122013112 0.703798968  0.870533312 0.405470883  0.020196837 0.581619438
0.191794145091  0.976091876 0.523908124  0.120429390 0.706173392  0.874028506 0.401432081  0.018366021 0.583697349
0.191938566339  0.979822307 0.520177693  0.118851255 0.708540917  0.877512253 0.397405629  0.016541201 0.585768853
0.192082987586  0.983540956 0.516459044  0.117278669 0.710901588  0.880984626 0.393391447  0.014722339 0.587833991
0.192227408834  0.987247899 0.512752101  0.115711599 0.713255448  0.884445697 0.389389458  0.012909397 0.589892806
0.192371830082  0.990943211 0.509056789  0.114150010 0.715602543  0.887895538 0.385399582  0.011102337 0.591945336
0.19251625133  0.994626965 0.505373035  0.112593867 0.717942915  0.891334221 0.381421742  0.009301122 0.593991622
0.192660672578  0.998299234 0.501700766  0.111043136 0.720276607  0.894761815 0.377455862  0.007505716 0.596031703
0.192805093825  0.001960091 0.498039909  0.109497784 0.722603662  0.898178389 0.373501867  0.005716082 0.598065620
0.192949515073  0.005609607 0.494390393  0.107957777 0.724924123  0.901584014 0.369559680  0.003932183 0.600093410
0.193093936321  0.009247853 0.490752147  0.106423083 0.727238030  0.904978756 0.365629229  0.002153985 0.602115113
0.193238357569  0.012874900 0.487125100  0.104893669 0.729545426  0.908362683 0.361710440  0.000381452 0.604130765
0.193382778816  0.016490816 0.483509184  0.103369503 0.731846350  0.911735862 0.357803239  0.998614549 0.606140405
0.193527200064  0.020095670 0.479904330  0.101850552 0.734140844  0.915098359 0.353907556  0.996853241 0.608144071
0.193671621312  0.023689531 0.476310469  0.100336785 0.736428947  0.918450239 0.350023320  0.995097494 0.610141798
0.19381604256  0.027272465 0.472727535  0.098828172 0.738710700  0.921791567 0.346150459  0.993347274 0.612133623
0.193960463808  0.030844539 0.469155461  0.097324680 0.740986140  0.925122408 0.342288904  0.991602548 0.614119583
0.194104885055  0.034405819 0.465594181  0.095826279 0.743255308  0.928442823 0.338438586  0.989863283 0.616099713
0.194249306303  0.037956371 0.462043629  0.094332939 0.745518241  0.931752877 0.334599436  0.988129445 0.618074049
0.194393727551  0.041496259 0.458503741  0.092844630 0.747774978  0.935052632 0.330771388  0.986401002 0.620042625
0.194538148799  0.045025548 0.454974452  0.091361321 0.750025556  0.938342148 0.326954374  0.984677922 0.622005477
0.194682570047  0.048544299 0.451455701  0.089882984 0.752270012  0.941621488 0.323148327  0.982960173 0.623962638
0.194826991294  0.052052577 0.447947423  0.088409590 0.754508384  0.944890711 0.319353182  0.981247723 0.625914144
0.194971412542  0.055550444 0.444449556  0.086941108 0.756740708  0.948149877 0.315568875  0.979540541 0.627860027
0.19511583379  0.059037961 0.440962039  0.085477511 0.758967020  0.951399045 0.311795340  0.977838595 0.629800320
0.195260255038  0.062515189 0.437484811  0.084018771 0.761187356  0.954638274 0.308032514  0.976141856 0.631735058
0.195404676285  0.065982188 0.434017812  0.082564858 0.763401751  0.957867623 0.304280333  0.974450293 0.633664273
0.195549097533  0.069439019 0.430560981  0.081115746 0.765610241  0.961087148 0.300538736  0.972763875 0.635587996
0.195693518781  0.072885740 0.427114260  0.079671407 0.767812861  0.964296906 0.296807660  0.971082573 0.637506261
0.195837940029  0.076322410 0.423677590  0.078231813 0.770009645  0.967496954 0.293087044  0.969406357 0.639419098
0.195982361277  0.079749087 0.420250913  0.076796937 0.772200626  0.970687348 0.289376827  0.967735198 0.641326540
0.196126782524  0.083165829 0.416834171  0.075366753 0.774385840  0.973868144 0.285676948  0.966069068 0.643228618
0.196271203772  0.086572693 0.413427307  0.073941234 0.776565320  0.977039395 0.281987349  0.964407936 0.645125362
0.19641562502  0.089969736 0.410030264  0.072520353 0.778739098  0.980201157 0.278307970  0.962751775 0.647016804
0.196560046268  0.093357012 0.406642988  0.071104086 0.780907208  0.983353483 0.274638753  0.961100557 0.648902973
0.196704467515  0.096734579 0.403265421  0.069692405 0.783069682  0.986496427 0.270979639  0.959454253 0.650783899
0.196848888763  0.100102490 0.399897510  0.068285285 0.785226552  0.989630041 0.267330571  0.957812836 0.652659613
0.196993310011  0.103460800 0.396539200  0.066882701 0.787377851  0.992754377 0.263691493  0.956176279 0.654530144
0.197137731259  0.106809563 0.393190437  0.065484628 0.789523610  0.995869489 0.260062348  0.954544554 0.656395521
0.197282152507  0.110148833 0.389851167  0.064091041 0.791663861  0.998975426 0.256443079  0.952917634 0.658255773
0.197426573754  0.113478662 0.386521338  0.062701915 0.793798634  0.002072240 0.252833633  0.951295493 0.660110928
0.197570995002  0.116799102 0.383200898  0.061317225 0.795927960  0.005159982 0.249233953  0.949678105 0.661961016
0.19771541625  0.120110207 0.379889793  0.059936948 0.798051871  0.008238701 0.245643986  0.948065442 0.663806064
0.197859837498  0.123412027 0.376587973  0.058561060 0.800170396  0.011308447 0.242063677  0.946457480 0.665646100
0.198004258746  0.126704614 0.373295386  0.057189536 0.802283565  0.014369270 0.238492973  0.944854192 0.667481152
0.198148679993  0.129988017 0.370011983  0.055822353 0.804391408  0.017421217 0.234931822  0.943255553 0.669311247
0.198293101241  0.133262288 0.366737712  0.054459488 0.806493954  0.020464337 0.231380171  0.941661538 0.671136413
0.198437522489  0.136527476 0.363472524  0.053100918 0.808591233  0.023498679 0.227837967  0.940072121 0.672956677
0.198581943737  0.139783630 0.360216370  0.051746619 0.810683274  0.026524288 0.224305160  0.938487278 0.674772064
0.198726364984  0.143030799 0.356969201  0.050396569 0.812770104  0.029541213 0.220781699  0.936906984 0.676582602
0.198870786232  0.146269031 0.353730969  0.049050745 0.814851754  0.032549500 0.217267532  0.935331214 0.678388317
0.19901520748  0.149498375 0.350501625  0.047709125 0.816928250  0.035549195 0.213762610  0.933759945 0.680189234
0.199159628728  0.152718877 0.347281123  0.046371687 0.818999620  0.038540344 0.210266883  0.932193153 0.681985380
0.199304049976  0.155930586 0.344069414  0.045038408 0.821065893  0.041522992 0.206780301  0.930630814 0.683776780
0.199448471223  0.159133548 0.340866452  0.043709267 0.823127096  0.044497184 0.203302816  0.929072903 0.685563460
0.199592892471  0.162327809 0.337672191  0.042384242 0.825183256  0.047462966 0.199834379  0.927519399 0.687345444
0.199737313719  0.165513415 0.334486585  0.041063312 0.827234400  0.050420380 0.196374943  0.925970277 0.689122758
0.199881734967  0.168690412 0.331309588  0.039746456 0.829280554  0.053369471 0.192924460  0.924425515 0.690895425
0.200026156214  0.171858844 0.328141156  0.038433652 0.831321746  0.056310282 0.189482882  0.922885090 0.692663472
0.200170577462  0.175018757 0.324981243  0.037124880 0.833358001  0.059242857 0.186050162  0.921348980 0.694426921
0.20031499871  0.178170196 0.321829804  0.035820118 0.835389346  0.062167238 0.182626255  0.919817161 0.696185797
0.200459419958  0.181313203 0.318686797  0.034519347 0.837415805  0.065083468 0.179211114  0.918289612 0.697940123
0.200603841206  0.184447824 0.315552176  0.033222546 0.839437406  0.067991589 0.175804694  0.916766311 0.699689924
0.200748262453  0.187574100 0.312425900  0.031929694 0.841454173  0.070891641 0.172406950  0.915247236 0.701435223
0.200892683701  0.190692075 0.309307925  0.030640772 0.843466132  0.073783667 0.169017836  0.913732365 0.703176043
0.201037104949  0.193801792 0.306198208  0.029355760 0.845473307  0.076667708 0.165637308  0.912221677 0.704912407
0.201181526197  0.196903292 0.303096708  0.028074638 0.847475724  0.079543804 0.162265322  0.910715150 0.706644338
0.201325947445  0.199996619 0.300003381  0.026797387 0.849473406  0.082411996 0.158901834  0.909212764 0.708371859
0.201470368692  0.203081812 0.296918188  0.025523986 0.851466378  0.085272323 0.155546801  0.907714497 0.710094991
0.20161478994  0.206158914 0.293841086  0.024254418 0.853454665  0.088124825 0.152200180  0.906220330 0.711813759
0.201759211188  0.209227965 0.290772035  0.022988662 0.855438289  0.090969542 0.148861928  0.904730240 0.713528183
0.201903632436  0.212289005 0.287710995  0.021726700 0.857417276  0.093806513 0.145532003  0.903244208 0.715238285
0.202048053683  0.215342076 0.284657924  0.020468514 0.859391649  0.096635775 0.142210363  0.901762213 0.716944088
0.202192474931  0.218387216 0.281612784  0.019214083 0.861361430  0.099457369 0.138896966  0.900284236 0.718645612
0.202336896179  0.221424466 0.278575534  0.017963391 0.863326643  0.102271330 0.135591771  0.898810255 0.720342880
0.202481317427  0.224453865 0.275546135  0.016716419 0.865287312  0.105077699 0.132294737  0.897340253 0.722035913
0.202625738675  0.227475450 0.272524550  0.015473148 0.867243458  0.107876511 0.129005822  0.895874208 0.723724731
0.202770159922  0.230489262 0.269510738  0.014233560 0.869195105  0.110667804 0.125724988  0.894412102 0.725409355
0.20291458117  0.233495339 0.266504661  0.012997638 0.871142275  0.113451616 0.122452194  0.892953916 0.727089807
0.203059002418  0.236493717 0.263506283  0.011765364 0.873084990  0.116227982 0.119187400  0.891499629 0.728766107
0.203203423666  0.239484436 0.260515564  0.010536720 0.875023272  0.118996938 0.115930567  0.890049223 0.730438275
0.203347844913  0.242467532 0.257532468  0.009311689 0.876957143  0.121758522 0.112681656  0.888602679 0.732106331
0.203492266161  0.245443043 0.254556957  0.008090253 0.878886626  0.124512768 0.109440628  0.887159979 0.733770296
0.203636687409  0.248411005 0.251588995  0.006872396 0.880811740  0.127259712 0.106207444  0.885721103 0.735430189
0.203781108657  0.251371455 0.248628545  0.005658099 0.882732509  0.129999390 0.102982067  0.884286034 0.737086031
0.203925529905  0.254324429 0.245675571  0.004447347 0.884648953  0.132731835 0.099764459  0.882854753 0.738737841
0.204069951152  0.257269963 0.242730037  0.003240122 0.886561093  0.135457083 0.096554581  0.881427242 0.740385638
0.2042143724  0.260208093 0.239791907  0.002036407 0.888468950  0.138175169 0.093352398  0.880003483 0.742029441
0.204358793648  0.263138854 0.236861146  0.000836187 0.890372545  0.140886125 0.090157871  0.878583458 0.743669271
0.204503214896  0.266062282 0.233937718  0.999639444 0.892271898  0.143589987 0.086970965  0.877167150 0.745305145
0.204647636144  0.268978410 0.231021590  0.998446163 0.894167030  0.146286787 0.083791642  0.875754540 0.746937083
0.204792057391  0.271887275 0.228112725  0.997256327 0.896057961  0.148976559 0.080619867  0.874345612 0.748565103
0.204936478639  0.274788909 0.225211091  0.996069920 0.897944712  0.151659337 0.077455604  0.872940347 0.750189225
0.205080899887  0.277683348 0.222316652  0.994886926 0.899827301  0.154335152 0.074298817  0.871538730 0.751809466
0.205225321135  0.280570625 0.219429375  0.993707329 0.901705749  0.157004037 0.071149471  0.870140742 0.753425845
0.205369742382  0.283450773 0.216549227  0.992531114 0.903580076  0.159666026 0.068007531  0.868746367 0.755038380
0.20551416363  0.286323826 0.213676174  0.991358266 0.905450301  0.162321149 0.064872962  0.867355589 0.756647088
0.205658584878  0.289189817 0.210810183  0.990188767 0.907316443  0.164969439 0.061745729  0.865968389 0.758251989
0.205803006126  0.292048779 0.207951221  0.989022604 0.909178522  0.167610927 0.058625799  0.864584752 0.759853100
0.205947427374  0.294900745 0.205099255  0.987859761 0.911036556  0.170245645 0.055513136  0.863204662 0.761450437
0.206091848621  0.297745746 0.202254254  0.986700223 0.912890565  0.172873624 0.052407709  0.861828102 0.763044020
0.206236269869  0.300583814 0.199416186  0.985543974 0.914740568  0.175494895 0.049309482  0.860455055 0.764633864
0.206380691117  0.303414983 0.196585017  0.984391001 0.916586582  0.178109488 0.046218424  0.859085506 0.766219988
0.206525112365  0.306239282 0.193760718  0.983241287 0.918428627  0.180717434 0.043134500  0.857719439 0.767802409
0.206669533612  0.309056745 0.190943255  0.982094819 0.920266721  0.183318763 0.040057678  0.856356838 0.769381143
0.20681395486  0.311867401 0.188132599  0.980951582 0.922100881  0.185913506 0.036987925  0.854997687 0.770956208
0.206958376108  0.314671282 0.185328718  0.979811561 0.923931127  0.188501692 0.033925210  0.853641971 0.772527619
0.207102797356  0.317468418 0.182531582  0.978674742 0.925757477  0.191083350 0.030869500  0.852289674 0.774095394
0.207247218604  0.320258840 0.179741160  0.977541111 0.927579947  0.193658510 0.027820763  0.850940780 0.775659550
0.207391639851  0.323042579 0.176957421  0.976410653 0.929398555  0.196227201 0.024778968  0.849595275 0.777220102
0.207536061099  0.325819664 0.174180336  0.975283355 0.931213320  0.198789453 0.021744083  0.848253144 0.778777067
0.207680482347  0.328590125 0.171409875  0.974159202 0.933024259  0.201345293 0.018716077  0.846914370 0.780330461
0.207824903595  0.331353991 0.168646009  0.973038180 0.934831389  0.203894751 0.015694920  0.845578940 0.781880300
0.207969324843  0.334111293 0.165888707  0.971920277 0.936634727  0.206437855 0.012680580  0.844246838 0.783426601
0.20811374609  0.336862059 0.163137941  0.970805477 0.938434290  0.208974632 0.009673028  0.842918050 0.784969377
0.208258167338  0.339606319 0.160393681  0.969693768 0.940230096  0.211505111 0.006672232  0.841592561 0.786508647
0.208402588586  0.342344101 0.157655899  0.968585136 0.942022160  0.214029320 0.003678163  0.840270356 0.788044424
0.208547009834  0.345075433 0.154924567  0.967479568 0.943810501  0.216547286 0.000690791  0.838951421 0.789576725
0.208691431081  0.347800344 0.152199656  0.966377050 0.945595134  0.219059037 0.997710087  0.837635742 0.791105565
0.208835852329  0.350518863 0.149481137  0.965277569 0.947376075  0.221564599 0.994736020  0.836323305 0.792630959
0.208980273577  0.353231017 0.146768983  0.964181112 0.949153342  0.224064000 0.991768563  0.835014095 0.794152922
0.209124694825  0.355936834 0.144063166  0.963087666 0.950926950  0.226557267 0.988807685  0.833708098 0.795671469
0.209269116073  0.358636342 0.141363658  0.961997218 0.952696916  0.229044425 0.985853357  0.832405301 0.797186616
0.20941353732  0.361329568 0.138670432  0.960909755 0.954463256  0.231525502 0.982905553  0.831105689 0.798698377
0.209557958568  0.364016540 0.135983460  0.959825265 0.956225985  0.234000524 0.979964242  0.829809249 0.800206766
0.209702379816  0.366697283 0.133302717  0.958743734 0.957985119  0.236469517 0.977029397  0.828515967 0.801711799
0.209846801064  0.369371826 0.130628174  0.957665151 0.959740674  0.238932506 0.974100990  0.827225830 0.803213490
0.209991222311  0.372040195 0.127959805  0.956589502 0.961492666  0.241389517 0.971178992  0.825938824 0.804711853
0.210135643559  0.374702416 0.125297584  0.955516775 0.963241110  0.243840577 0.968263377  0.824654936 0.806206903
0.210280064807  0.377358516 0.122641484  0.954446958 0.964986022  0.246285710 0.965354117  0.823374152 0.807698654
0.210424486055  0.380008521 0.119991479  0.953380039 0.966727416  0.248724941 0.962451184  0.822096460 0.809187120
0.210568907303  0.382652456 0.117347544  0.952316005 0.968465307  0.251158296 0.959554552  0.820821845 0.810672315
0.21071332855  0.385290348 0.114709652  0.951254845 0.970199712  0.253585799 0.956664193  0.819550296 0.812154253
0.210857749798  0.387922222 0.112077778  0.950196546 0.971930645  0.256007475 0.953780082  0.818281799 0.813632948
0.211002171046  0.390548104 0.109451896  0.949141097 0.973658120  0.258423348 0.950902190  0.817016341 0.815108414
0.211146592294  0.393168018 0.106831982  0.948088485 0.975382153  0.260833444 0.948030493  0.815753910 0.816580664
0.211291013542  0.395781990 0.104218010  0.947038698 0.977102758  0.263237785 0.945164964  0.814494493 0.818049712
0.211435434789  0.398390045 0.101609955  0.945991726 0.978819949  0.265636397 0.942305576  0.813238078 0.819515571
0.211579856037  0.400992208 0.099007792  0.944947557 0.980533742  0.268029303 0.939452305  0.811984651 0.820978255
0.211724277285  0.403588503 0.096411497  0.943906178 0.982244150  0.270416526 0.936605124  0.810734201 0.822437777
0.211868698533  0.406178955 0.093821045  0.942867579 0.983951187  0.272798090 0.933764008  0.809486715 0.823894150
0.21201311978  0.408763587 0.091236413  0.941831748 0.985654869  0.275174020 0.930928931  0.808242180 0.825347388
0.212157541028  0.411342425 0.088657575  0.940798674 0.987355208  0.277544337 0.928099869  0.807000586 0.826797503
0.212301962276  0.413915491 0.086084509  0.939768345 0.989052220  0.279909065 0.925276797  0.805761919 0.828244508
0.212446383524  0.416482810 0.083517190  0.938740751 0.990745917  0.282268227 0.922459689  0.804526167 0.829688417
0.212590804772  0.419044406 0.080955594  0.937715880 0.992436314  0.284621845 0.919648521  0.803293319 0.831129241
0.212735226019  0.421600301 0.078399699  0.936693721 0.994123424  0.286969944 0.916843269  0.802063363 0.832566995
0.212879647267  0.424150520 0.075849480  0.935674263 0.995807262  0.289312544 0.914043908  0.800836287 0.834001690
0.213024068515  0.426695085 0.073304915  0.934657496 0.997487839  0.291649668 0.911250414  0.799612079 0.835433339
0.213168489763  0.429234020 0.070765980  0.933643408 0.999165171  0.293981339 0.908462763  0.798390727 0.836861954
0.213312911011  0.431767347 0.068232653  0.932631990 0.000839270  0.296307578 0.905680931  0.797172221 0.838287548
0.213457332258  0.434295089 0.065704911  0.931623229 0.002510149  0.298628408 0.902904895  0.795956548 0.839710132
0.213601753506  0.436817268 0.063182732  0.930617116 0.004177822  0.300943850 0.900134630  0.794743698 0.841129721
0.213746174754  0.439333908 0.060666092  0.929613640 0.005842302  0.303253926 0.897370114  0.793533658 0.842546324
0.213890596002  0.441845030 0.058154970  0.928612790 0.007503602  0.305558658 0.894611323  0.792326417 0.843959955
0.214035017249  0.444350657 0.055649343  0.927614556 0.009161735  0.307858066 0.891858234  0.791121965 0.845370626
0.214179438497  0.446850810 0.053149190  0.926618929 0.010816713  0.310152172 0.889110824  0.789920291 0.846778347
0.214323859745  0.449345512 0.050654488  0.925625896 0.012468549  0.312440998 0.886369071  0.788721382 0.848183132
0.214468280993  0.451834784 0.048165216  0.924635449 0.014117257  0.314724564 0.883632951  0.787525229 0.849584992
0.214612702241  0.454318649 0.045681351  0.923647577 0.015762848  0.317002891 0.880902442  0.786331819 0.850983939
0.214757123488  0.456797126 0.043202874  0.922662270 0.017405336  0.319275999 0.878177522  0.785141143 0.852379984
0.214901544736  0.459270238 0.040729762  0.921679518 0.019044732  0.321543910 0.875458168  0.783953190 0.853773138
0.215045965984  0.461738006 0.038261994  0.920699311 0.020681049  0.323806644 0.872744359  0.782767949 0.855163414
0.215190387232  0.464200451 0.035799549  0.919721639 0.022314299  0.326064220 0.870036072  0.781585408 0.856550822
0.215334808479  0.466657594 0.033342406  0.918746492 0.023944495  0.328316661 0.867333285  0.780405559 0.857935375
0.215479229727  0.469109456 0.030890544  0.917773861 0.025571649  0.330563984 0.864635978  0.779228389 0.859317083
0.215623650975  0.471556057 0.028443943  0.916803736 0.027195772  0.332806211 0.861944127  0.778053889 0.860695957
0.215768072223  0.473997419 0.026002581  0.915836106 0.028816877  0.335043361 0.859257713  0.776882049 0.862072008
0.215912493471  0.476433560 0.023566440  0.914870963 0.030434976  0.337275454 0.856576713  0.775712857 0.863445249
0.216056914718  0.478864503 0.021135497  0.913908297 0.032050080  0.339502510 0.853901106  0.774546304 0.864815688
0.216201335966  0.481290266 0.018709734  0.912948098 0.033662201  0.341724548 0.851230872  0.773382380 0.866183339
0.216345757214  0.483710871 0.016289129  0.911990357 0.035271351  0.343941587 0.848565989  0.772221074 0.867548210
0.216490178462  0.486126336 0.013873664  0.911035065 0.036877542  0.346153647 0.845906436  0.771062376 0.868910314
0.21663459971  0.488536683 0.011463317  0.910082212 0.038480784  0.348360746 0.843252194  0.769906276 0.870269661
0.216779020957  0.490941929 0.009058071  0.909131789 0.040081091  0.350562904 0.840603241  0.768752764 0.871626261
0.216923442205  0.493342096 0.006657904  0.908183787 0.041678472  0.352760140 0.837959557  0.767601831 0.872980125
0.217067863453  0.495737203 0.004262797  0.907238197 0.043272939  0.354952473 0.835321121  0.766453467 0.874331263
0.217212284701  0.498127268 0.001872732  0.906295009 0.044864505  0.357139920 0.832687914  0.765307661 0.875679687
0.217356705948  0.500512311 0.999487689  0.905354214 0.046453179  0.359322501 0.830059916  0.764164404 0.877025406
0.217501127196  0.502892352 0.997107648  0.904415805 0.048038972  0.361500234 0.827437107  0.763023687 0.878368431
0.217645548444  0.505267409 0.994732591  0.903479770 0.049621897  0.363673138 0.824819466  0.761885499 0.879708772
0.217789969692  0.507637501 0.992362499  0.902546102 0.051201964  0.365841230 0.822206974  0.760749832 0.881046439
0.21793439094  0.510002647 0.989997353  0.901614793 0.052779184  0.368004530 0.819599612  0.759616675 0.882381443
0.218078812187  0.512362866 0.987637134  0.900685832 0.054353567  0.370163054 0.816997359  0.758486019 0.883713793
0.218223233435  0.514718176 0.985281824  0.899759211 0.055925126  0.372316821 0.814400198  0.757357856 0.885043499
0.218367654683  0.517068595 0.982931405  0.898834922 0.057493869  0.374465848 0.811808108  0.756232175 0.886370572
0.218512075931  0.519414143 0.980585857  0.897912956 0.059059809  0.376610154 0.809221070  0.755108967 0.887695022
0.218656497178  0.521754836 0.978245164  0.896993305 0.060622955  0.378749755 0.806639066  0.753988224 0.889016858
0.218800918426  0.524090694 0.975909306  0.896075959 0.062183319  0.380884670 0.804062077  0.752869935 0.890336090
0.218945339674  0.526421735 0.973578265  0.895160911 0.063740910  0.383014916 0.801490083  0.751754092 0.891652727
0.219089760922  0.528747975 0.971252025  0.894248152 0.065295739  0.385140509 0.798923066  0.750640686 0.892966780
0.21923418217  0.531069434 0.968930566  0.893337673 0.066847817  0.387261468 0.796361008  0.749529707 0.894278258
0.219378603417  0.533386128 0.966613872  0.892429466 0.068397154  0.389377809 0.793803889  0.748421148 0.895587171
0.219523024665  0.535698076 0.964301924  0.891523524 0.069943760  0.391489550 0.791251693  0.747314998 0.896893528
0.219667445913  0.538005294 0.961994706  0.890619837 0.071487645  0.393596706 0.788704400  0.746211249 0.898197339
0.219811867161  0.540307801 0.959692199  0.889718398 0.073028819  0.395699296 0.786161992  0.745109893 0.899498613
0.219956288409  0.542605614 0.957394386  0.888819198 0.074567293  0.397797335 0.783624452  0.744010920 0.900797359
0.220100709656  0.544898749 0.955101251  0.887922229 0.076103076  0.399890841 0.781091761  0.742914321 0.902093587
0.220245130904  0.547187225 0.952812775  0.887027484 0.077636179  0.401979830 0.778563902  0.741820089 0.903387306
0.220389552152  0.549471057 0.950528943  0.886134953 0.079166611  0.404064318 0.776040857  0.740728214 0.904678524
0.2205339734  0.551750263 0.948249737  0.885244630 0.080694383  0.406144321 0.773522607  0.739638689 0.905967253
0.220678394647  0.554024860 0.945975140  0.884356507 0.082219503  0.408219857 0.771009137  0.738551504 0.907253499
0.220822815895  0.556294864 0.943705136  0.883470574 0.083741982  0.410290940 0.768500428  0.737466651 0.908537273
0.220967237143  0.558560292 0.941439708  0.882586826 0.085261829  0.412357587 0.765996463  0.736384121 0.909818584
0.221111658391  0.560821160 0.939178840  0.881705253 0.086779054  0.414419815 0.763497224  0.735303907 0.911097439
0.221256079639  0.563077486 0.936922514  0.880825848 0.088293667  0.416477638 0.761002696  0.734225999 0.912373849
0.221400500886  0.565329285 0.934670715  0.879948603 0.089805677  0.418531073 0.758512860  0.733150391 0.913647822
0.221544922134  0.567576574 0.932423426  0.879073511 0.091315093  0.420580135 0.756027699  0.732077072 0.914919367
0.221689343382  0.569819368 0.930180632  0.878200564 0.092821926  0.422624840 0.753547198  0.731006036 0.916188492
0.22183376463  0.572057684 0.927942316  0.877329755 0.094326183  0.424665204 0.751071339  0.729937274 0.917455206
0.221978185877  0.574291538 0.925708462  0.876461076 0.095827876  0.426701241 0.748600105  0.728870778 0.918719519
0.222122607125  0.576520946 0.923479054  0.875594519 0.097327012  0.428732968 0.746133480  0.727806541 0.919981438
0.222267028373  0.578745924 0.921254076  0.874730077 0.098823601  0.430760399 0.743671447  0.726744553 0.921240972
0.222411449621  0.580966486 0.919033514  0.873867743 0.100317652  0.432783551 0.741213991  0.725684807 0.922498129
0.222555870869  0.583182650 0.916817350  0.873007509 0.101809174  0.434802436 0.738761094  0.724627295 0.923752918
0.222700292116  0.585394430 0.914605570  0.872149367 0.103298177  0.436817072 0.736312741  0.723572010 0.925005348
0.222844713364  0.587601842 0.912398158  0.871293312 0.104784669  0.438827473 0.733868915  0.722518943 0.926255426
0.222989134612  0.589804901 0.910195099  0.870439335 0.106268659  0.440833653 0.731429601  0.721468086 0.927503162
0.22313355586  0.592003623 0.907996377  0.869587429 0.107750157  0.442835628 0.728994782  0.720419433 0.928748562
0.223277977108  0.594198023 0.905801977  0.868737586 0.109229170  0.444833411 0.726564443  0.719372975 0.929991636
0.223422398355  0.596388116 0.903611884  0.867889801 0.110705708  0.446827019 0.724138568  0.718328704 0.931232392
0.223566819603  0.598573916 0.901426084  0.867044066 0.112179780  0.448816464 0.721717142  0.717286614 0.932470838
0.223711240851  0.600755440 0.899244560  0.866200373 0.113651394  0.450801763 0.719300148  0.716246696 0.933706981
0.223855662099  0.602932701 0.897067299  0.865358715 0.115120559  0.452782928 0.716887571  0.715208942 0.934940831
0.224000083346  0.605105716 0.894894284  0.864519087 0.116587283  0.454759975 0.714479396  0.714173346 0.936172394
0.224144504594  0.607274497 0.892725503  0.863681480 0.118051575  0.456732918 0.712075607  0.713139900 0.937401679
0.224288925842  0.609439061 0.890560939  0.862845888 0.119513444  0.458701770 0.709676189  0.712108597 0.938628694
0.22443334709  0.611599421 0.888400579  0.862012304 0.120972898  0.460666546 0.707281128  0.711079428 0.939853447
0.224577768338  0.613755593 0.886244407  0.861180721 0.122429945  0.462627260 0.704890407  0.710052388 0.941075945
0.224722189585  0.615907590 0.884092410  0.860351132 0.123884594  0.464583925 0.702504013  0.709027468 0.942296197
0.224866610833  0.618055427 0.881944573  0.859523531 0.125336854  0.466536557 0.700121929  0.708004661 0.943514209
0.225011032081  0.620199118 0.879800882  0.858697911 0.126786731  0.468485167 0.697744141  0.706983960 0.944729991
0.225155453329  0.622338677 0.877661323  0.857874264 0.128234236  0.470429771 0.695370635  0.705965358 0.945943548
0.225299874576  0.624474119 0.875525881  0.857052586 0.129679375  0.472370381 0.693001396  0.704948848 0.947154890
0.225444295824  0.626605457 0.873394543  0.856232868 0.131122157  0.474307012 0.690636408  0.703934422 0.948364023
0.225588717072  0.628732706 0.871267294  0.855415104 0.132562591  0.476239676 0.688275659  0.702922074 0.949570955
0.22573313832  0.630855879 0.869144121  0.854599288 0.134000683  0.478168388 0.685919132  0.701911797 0.950775694
0.225877559568  0.632974990 0.867025010  0.853785413 0.135436443  0.480093160 0.683566814  0.700903583 0.951978247
0.226021980815  0.635090053 0.864909947  0.852973473 0.136869879  0.482014006 0.681218690  0.699897425 0.953178622
0.226166402063  0.637201082 0.862798918  0.852163461 0.138300997  0.483930939 0.678874747  0.698893318 0.954376825
0.226310823311  0.639308090 0.860691910  0.851355371 0.139729806  0.485843972 0.676534969  0.697891253 0.955572865
0.226455244559  0.641411090 0.858588910  0.850549196 0.141156315  0.487753118 0.674199343  0.696891224 0.956766748
0.226599665807  0.643510097 0.856489903  0.849744930 0.142580530  0.489658391 0.671867856  0.695893224 0.957958482
0.226744087054  0.645605123 0.854394877  0.848942567 0.144002459  0.491559803 0.669540492  0.694897246 0.959148074
0.226888508302  0.647696183 0.852303817  0.848142100 0.145422111  0.493457366 0.667217238  0.693903284 0.960335532
0.22703292955  0.649783288 0.850216712  0.847343524 0.146839493  0.495351095 0.664898081  0.692911331 0.961520862
0.227177350798  0.651866453 0.848133547  0.846546831 0.148254612  0.497241001 0.662583006  0.691921380 0.962704071
0.227321772045  0.653945690 0.846054310  0.845752017 0.149667477  0.499127098 0.660272000  0.690933425 0.963885167
0.227466193293  0.656021012 0.843978988  0.844959074 0.151078095  0.501009397 0.657965050  0.689947459 0.965064156
0.227610614541  0.658092433 0.841907567  0.844167996 0.152486472  0.502887912 0.655662141  0.688963475 0.966241047
0.227755035789  0.660159966 0.839840034  0.843378778 0.153892618  0.504762655 0.653363261  0.687981467 0.967415845
0.227899457037  0.662223623 0.837776377  0.842591413 0.155296539  0.506633638 0.651068395  0.687001428 0.968588557
0.228043878284  0.664283416 0.835716584  0.841805895 0.156698243  0.508500873 0.648777532  0.686023352 0.969759191
0.228188299532  0.666339360 0.833660640  0.841022219 0.158097736  0.510364374 0.646490657  0.685047233 0.970927753
0.22833272078  0.668391466 0.831608534  0.840240377 0.159495028  0.512224152 0.644207757  0.684073063 0.972094251
0.228477142028  0.670439747 0.829560253  0.839460366 0.160890124  0.514080219 0.641928820  0.683100838 0.973258690
0.228621563275  0.672484216 0.827515784  0.838682177 0.162283032  0.515932588 0.639653831  0.682130549 0.974421079
0.228765984523  0.674524884 0.825475116  0.837905806 0.163673759  0.517781270 0.637382779  0.681162192 0.975581422
0.228910405771  0.676561765 0.823438235  0.837131247 0.165062313  0.519626278 0.635115650  0.680195759 0.976739728
0.229054827019  0.678594871 0.821405129  0.836358493 0.166448700  0.521467623 0.632852431  0.679231245 0.977896003
0.229199248267  0.680624214 0.819375786  0.835587540 0.167832929  0.523305318 0.630593111  0.678268643 0.979050253
0.229343669514  0.682649806 0.817350194  0.834818380 0.169215005  0.525139373 0.628337675  0.677307947 0.980202485
0.229488090762  0.684671659 0.815328341  0.834051009 0.170594936  0.526969802 0.626086111  0.676349152 0.981352706
0.22963251201  0.686689787 0.813310213  0.833285421 0.171972729  0.528796615 0.623838407  0.675392249 0.982500922
0.229776933258  0.688704199 0.811295801  0.832521610 0.173348391  0.530619824 0.621594550  0.674437235 0.983647140
0.229921354506  0.690714909 0.809285091  0.831759571 0.174721928  0.532439441 0.619354529  0.673484102 0.984791366
0.230065775753  0.692721929 0.807278071  0.830999297 0.176093349  0.534255477 0.617118329  0.672532845 0.985933607
0.230210197001  0.694725270 0.805274730  0.830240783 0.177462659  0.536067944 0.614885939  0.671583458 0.987073868
0.230354618249  0.696724944 0.803275056  0.829484024 0.178829865  0.537876853 0.612657347  0.670635934 0.988212157
0.230499039497  0.698720963 0.801279037  0.828729015 0.180194975  0.539682216 0.610432541  0.669690268 0.989348479
0.230643460744  0.700713339 0.799286661  0.827975748 0.181557995  0.541484044 0.608211508  0.668746453 0.990482842
0.230787881992  0.702702082 0.797297918  0.827224220 0.182918932  0.543282347 0.605994236  0.667804485 0.991615250
0.23093230324  0.704687206 0.795312794  0.826474424 0.184277793  0.545077138 0.603780713  0.666864356 0.992745711
0.231076724488  0.706668721 0.793331279  0.825726355 0.185634583  0.546868427 0.601570927  0.665926062 0.993874231
0.231221145736  0.708646638 0.791353362  0.824980008 0.186989311  0.548656226 0.599364867  0.664989596 0.995000816
0.231365566983  0.710620970 0.789379030  0.824235377 0.188341982  0.550440545 0.597162520  0.664054953 0.996125472
0.231509988231  0.712591727 0.787408273  0.823492457 0.189692603  0.552221396 0.594963875  0.663122126 0.997248205
0.231654409479  0.714558921 0.785441079  0.822751243 0.191041181  0.553998789 0.592768920  0.662191111 0.998369022
0.231798830727  0.716522563 0.783477437  0.822011729 0.192387721  0.555772735 0.590577643  0.661261901 0.999487927
0.231943251975  0.718482664 0.781517336  0.821273910 0.193732232  0.557543245 0.588390032  0.660334491 0.000604929
0.232087673222  0.720439236 0.779560764  0.820537781 0.195074718  0.559310330 0.586206077  0.659408875 0.001720031
0.23223209447  0.722392289 0.777607711  0.819803336 0.196415187  0.561074000 0.584025765  0.658485048 0.002833241
0.232376515718  0.724341834 0.775658166  0.819070571 0.197753645  0.562834267 0.581849085  0.657563003 0.003944564
0.232520936966  0.726287883 0.773712117  0.818339479 0.199090099  0.564591140 0.579676025  0.656642736 0.005054007
0.232665358213  0.728230446 0.771769554  0.817610057 0.200424553  0.566344631 0.577506575  0.655724241 0.006161575
0.232809779461  0.730169535 0.769830465  0.816882298 0.201757016  0.568094749 0.575340723  0.654807512 0.007267273
0.232954200709  0.732105159 0.767894841  0.816156198 0.203087493  0.569841506 0.573178457  0.653892544 0.008371109
0.233098621957  0.734037331 0.765962669  0.815431751 0.204415990  0.571584912 0.571019767  0.652979332 0.009473087
0.233243043205  0.735966059 0.764033941  0.814708953 0.205742513  0.573324976 0.568864641  0.652067870 0.010573214
0.233387464452  0.737891356 0.762108644  0.813987798 0.207067070  0.575061710 0.566713068  0.651158152 0.011671494
0.2335318857  0.739813232 0.760186768  0.813268282 0.208389665  0.576795124 0.564565038  0.650250173 0.012767935
0.233676306948  0.741731697 0.758268303  0.812550399 0.209710306  0.578525227 0.562420538  0.649343929 0.013862542
0.233820728196  0.743646762 0.756353238  0.811834144 0.211028998  0.580252031 0.560279559  0.648439413 0.014955319
0.233965149443  0.745558438 0.754441562  0.811119513 0.212345746  0.581975544 0.558142090  0.647536620 0.016046274
0.234109570691  0.747466734 0.752533266  0.810406501 0.213660558  0.583695778 0.556008119  0.646635545 0.017135411
0.234253991939  0.749371661 0.750628339  0.809695102 0.214973440  0.585412742 0.553877636  0.645736183 0.018222736
0.234398413187  0.751273230 0.748726770  0.808985312 0.216284396  0.587126446 0.551750630  0.644838528 0.019308256
0.234542834435  0.753171450 0.746828550  0.808277126 0.217593434  0.588836900 0.549627090  0.643942576 0.020391974
0.234687255682  0.755066332 0.744933668  0.807570539 0.218900559  0.590544114 0.547507006  0.643048321 0.021473897
0.23483167693  0.756957887 0.743042113  0.806865546 0.220205776  0.592248098 0.545390367  0.642155758 0.022554030
0.234976098178  0.758846123 0.741153877  0.806162143 0.221509093  0.593948862 0.543277163  0.641264882 0.023632380
0.235120519426  0.760731052 0.739268948  0.805460324 0.222810514  0.595646415 0.541167383  0.640375687 0.024708950
0.235264940674  0.762612684 0.737387316  0.804760086 0.224110046  0.597340767 0.539061017  0.639488169 0.025783747
0.235409361921  0.764491027 0.735508973  0.804061422 0.225407694  0.599031928 0.536958054  0.638602323 0.026856776
0.235553783169  0.766366093 0.733633907  0.803364329 0.226703464  0.600719908 0.534858484  0.637718144 0.027928042
0.235698204417  0.768237891 0.731762109  0.802668802 0.227997362  0.602404715 0.532762297  0.636835626 0.028997551
0.235842625665  0.770106431 0.729893569  0.801974836 0.229289394  0.604086359 0.530669483  0.635954764 0.030065308
0.235987046912  0.771971723 0.728028277  0.801282426 0.230579564  0.605764851 0.528580030  0.635075554 0.031131318
0.23613146816  0.773833777 0.726166223  0.800591569 0.231867880  0.607440199 0.526493930  0.634197991 0.032195587
0.236275889408  0.775692601 0.724307399  0.799902258 0.233154346  0.609112413 0.524411172  0.633322070 0.033258119
0.236420310656  0.777548207 0.722451793  0.799214490 0.234438967  0.610781502 0.522331746  0.632447785 0.034318921
0.236564731904  0.779400604 0.720599396  0.798528261 0.235721751  0.612447475 0.520255642  0.631575132 0.035377996
0.236709153151  0.781249800 0.718750200  0.797843565 0.237002702  0.614110342 0.518182850  0.630704107 0.036435352
0.236853574399  0.783095806 0.716904194  0.797160398 0.238281825  0.615770112 0.516113360  0.629834703 0.037490991
0.236997995647  0.784938632 0.715061368  0.796478756 0.239559126  0.617426794 0.514047162  0.628966918 0.038544921
0.237142416895  0.786778286 0.713221714  0.795798633 0.240834611  0.619080397 0.511984247  0.628100744 0.039597145
0.237286838142  0.788614778 0.711385222  0.795120027 0.242108286  0.620730931 0.509924604  0.627236179 0.040647669
0.23743125939  0.790448118 0.709551882  0.794442931 0.243380155  0.622378404 0.507868225  0.626373217 0.041696497
0.237575680638  0.792278315 0.707721685  0.793767343 0.244650223  0.624022825 0.505815098  0.625511853 0.042743636
0.237720101886  0.794105377 0.705894623  0.793093256 0.245918497  0.625664204 0.503765215  0.624652083 0.043789090
0.237864523134  0.795929315 0.704070685  0.792420668 0.247184982  0.627302550 0.501718566  0.623793903 0.044832863
0.238008944381  0.797750138 0.702249862  0.791749574 0.248449683  0.628937870 0.499675141  0.622937306 0.045874962
0.238153365629  0.799567854 0.700432146  0.791079968 0.249712605  0.630570175 0.497634931  0.622082289 0.046915390
0.238297786877  0.801382473 0.698617527  0.790411848 0.250973753  0.632199473 0.495597927  0.621228848 0.047954153
0.238442208125  0.803194004 0.696805996  0.789745208 0.252233133  0.633825772 0.493564118  0.620376976 0.048991255
0.238586629373  0.805002456 0.694997544  0.789080045 0.253490751  0.635449082 0.491533496  0.619526671 0.050026702
0.23873105062  0.806807838 0.693192162  0.788416354 0.254746610  0.637069411 0.489506051  0.618677927 0.051060499
0.238875471868  0.808610158 0.691389842  0.787754130 0.256000717  0.638686768 0.487481774  0.617830740 0.052092649
0.239019893116  0.810409427 0.689590573  0.787093371 0.257253077  0.640301162 0.485460655  0.616985106 0.053123159
0.239164314364  0.812205652 0.687794348  0.786434070 0.258503694  0.641912600 0.483442686  0.616141019 0.054152033
0.239308735611  0.813998843 0.686001157  0.785776225 0.259752575  0.643521093 0.481427857  0.615298475 0.055179275
0.239453156859  0.815789008 0.684210992  0.785119831 0.260999723  0.645126647 0.479416159  0.614457471 0.056204890
0.239597578107  0.817576156 0.682423844  0.784464884 0.262245144  0.646729272 0.477407583  0.613618000 0.057228883
0.239741999355  0.819360296 0.680639704  0.783811380 0.263488843  0.648328976 0.475402120  0.612780060 0.058251260
0.239886420603  0.821141436 0.678858564  0.783159315 0.264730826  0.649925767 0.473399761  0.611943646 0.059272023
0.24003084185  0.822919586 0.677080414  0.782508683 0.265971096  0.651519655 0.471400497  0.611108752 0.060291179
0.240175263098  0.824694754 0.675305246  0.781859483 0.267209660  0.653110646 0.469404318  0.610275376 0.061308731
0.240319684346  0.826466947 0.673533053  0.781211709 0.268446522  0.654698750 0.467411216  0.609443512 0.062324685
0.240464105594  0.828236176 0.671763824  0.780565357 0.269681686  0.656283975 0.465421183  0.608613156 0.063339045
0.240608526841  0.830002448 0.669997552  0.779920423 0.270915159  0.657866329 0.463434208  0.607784304 0.064351816
0.240752948089  0.831765772 0.668234228  0.779276904 0.272146944  0.659445820 0.461450285  0.606956952 0.065363001
0.240897369337  0.833526157 0.666473843  0.778634795 0.273377047  0.661022456 0.459469402  0.606131094 0.066372606
0.241041790585  0.835283610 0.664716390  0.777994093 0.274605473  0.662596246 0.457491553  0.605306728 0.067380636
0.241186211833  0.837038140 0.662961860  0.777354792 0.275832225  0.664167197 0.455516728  0.604483849 0.068387094
0.24133063308  0.838789755 0.661210245  0.776716891 0.277057310  0.665735317 0.453544919  0.603662453 0.069391985
0.241475054328  0.840538464 0.659461536  0.776080383 0.278280732  0.667300616 0.451576117  0.602842535 0.070395314
0.241619475576  0.842284275 0.657715725  0.775445267 0.279502496  0.668863100 0.449610314  0.602024091 0.071397085
0.241763896824  0.844027197 0.655972803  0.774811536 0.280722606  0.670422777 0.447647500  0.601207117 0.072397303
0.241908318072  0.845767236 0.654232764  0.774179189 0.281941068  0.671979656 0.445687668  0.600391609 0.073395971
0.242052739319  0.847504402 0.652495598  0.773548221 0.283157885  0.673533744 0.443730809  0.599577563 0.074393095
0.242197160567  0.849238702 0.650761298  0.772918628 0.284373063  0.675085049 0.441776914  0.598764974 0.075388679
0.242341581815  0.850970145 0.649029855  0.772290406 0.285586606  0.676633579 0.439825975  0.597953840 0.076382727
0.242486003063  0.852698739 0.647301261  0.771663551 0.286798519  0.678179342 0.437877985  0.597144154 0.077375243
0.24263042431  0.854424491 0.645575509  0.771038060 0.288008807  0.679722345 0.435932934  0.596335914 0.078366232
0.242774845558  0.856147410 0.643852590  0.770413929 0.289217473  0.681262597 0.433990814  0.595529116 0.079355697
0.242919266806  0.857867504 0.642132496  0.769791154 0.290424524  0.682800104 0.432051617  0.594723755 0.080343645
0.243063688054  0.859584780 0.640415220  0.769169732 0.291629963  0.684334875 0.430115335  0.593919827 0.081330077
0.243208109302  0.861299246 0.638700754  0.768549658 0.292833794  0.685866917 0.428181959  0.593117329 0.082315000
0.243352530549  0.863010911 0.636989089  0.767930929 0.294036023  0.687396238 0.426251482  0.592316256 0.083298416
0.243496951797  0.864719781 0.635280219  0.767313541 0.295236654  0.688922845 0.424323896  0.591516605 0.084280331
0.243641373045  0.866425866 0.633574134  0.766697490 0.296435692  0.690446746 0.422399191  0.590718371 0.085260748
0.243785794293  0.868129172 0.631870828  0.766082774 0.297633140  0.691967949 0.420477361  0.589921551 0.086239672
0.24393021554  0.869829707 0.630170293  0.765469387 0.298829003  0.693486460 0.418558397  0.589126140 0.087217107
0.244074636788  0.871527479 0.628472521  0.764857327 0.300023287  0.695002287 0.416642291  0.588332136 0.088193056
0.244219058036  0.873222495 0.626777505  0.764246590 0.301215994  0.696515437 0.414729036  0.587539533 0.089167525
0.244363479284  0.874914764 0.625085236  0.763637173 0.302407130  0.698025919 0.412818623  0.586748328 0.090140517
0.244507900532  0.876604292 0.623395708  0.763029070 0.303596699  0.699533739 0.410911044  0.585958518 0.091112035
0.244652321779  0.878291088 0.621708912  0.762422280 0.304784705  0.701038905 0.409006293  0.585170097 0.092082086
0.244796743027  0.879975158 0.620024842  0.761816799 0.305971153  0.702541423 0.407104360  0.584383064 0.093050671
0.244941164275  0.881656511 0.618343489  0.761212622 0.307156047  0.704041302 0.405205238  0.583597413 0.094017796
0.245085585523  0.883335154 0.616664846  0.760609747 0.308339391  0.705538548 0.403308919  0.582813142 0.094983464
0.245230006771  0.885011093 0.614988907  0.760008170 0.309521190  0.707033168 0.401415397  0.582030245 0.095947680
0.245374428018  0.886684338 0.613315662  0.759407887 0.310701448  0.708525171 0.399524662  0.581248720 0.096910447
0.245518849266  0.888354894 0.611645106  0.758808895 0.311880168  0.710014562 0.397636707  0.580468563 0.097871769
0.245663270514  0.890022769 0.609977231  0.758211191 0.313057356  0.711501348 0.395751525  0.579689770 0.098831651
0.245807691762  0.891687971 0.608312029  0.757614770 0.314233016  0.712985538 0.393869109  0.578912337 0.099790096
0.245952113009  0.893350507 0.606649493  0.757019630 0.315407151  0.714467138 0.391989450  0.578136261 0.100747108
0.246096534257  0.895010384 0.604989616  0.756425767 0.316579767  0.715946155 0.390112541  0.577361538 0.101702691
0.246240955505  0.896667610 0.603332390  0.755833178 0.317750866  0.717422596 0.388238374  0.576588164 0.102656850
0.246385376753  0.898322190 0.601677810  0.755241858 0.318920454  0.718896468 0.386366943  0.575816136 0.103609587
0.246529798001  0.899974134 0.600025866  0.754651806 0.320088534  0.720367778 0.384498239  0.575045450 0.104560906
0.246674219248  0.901623447 0.598376553  0.754063017 0.321255110  0.721836532 0.382632255  0.574276102 0.105510813
0.246818640496  0.903270137 0.596729863  0.753475488 0.322420188  0.723302739 0.380768984  0.573508089 0.106459309
0.246963061744  0.904914211 0.595085789  0.752889215 0.323583769  0.724766404 0.378908419  0.572741408 0.107406400
0.247107482992  0.906555676 0.593444324  0.752304196 0.324745860  0.726227534 0.377050552  0.571976054 0.108352089
0.247251904239  0.908194540 0.591805460  0.751720427 0.325906464  0.727686136 0.375195376  0.571212024 0.109296379
0.247396325487  0.909830808 0.590169192  0.751137905 0.327065584  0.729142217 0.373342884  0.570449315 0.110239276
0.247540746735  0.911464488 0.588535512  0.750556626 0.328223225  0.730595784 0.371493068  0.569687923 0.111180781
0.247685167983  0.913095587 0.586904413  0.749976587 0.329379391  0.732046843 0.369645922  0.568927844 0.112120899
0.247829589231  0.914724111 0.585275889  0.749397785 0.330534086  0.733495401 0.367801437  0.568169075 0.113059634
0.247974010478  0.916350069 0.583649931  0.748820217 0.331687314  0.734941465 0.365959608  0.567411613 0.113996990
0.248118431726  0.917973465 0.582026535  0.748243878 0.332839078  0.736385041 0.364120426  0.566655454 0.114932969
0.248262852974  0.919594309 0.580405691  0.747668767 0.333989383  0.737826137 0.362283885  0.565900595 0.115867577
0.248407274222  0.921212605 0.578787395  0.747094880 0.335138233  0.739264757 0.360449978  0.565147032 0.116800816
0.24855169547  0.922828361 0.577171639  0.746522213 0.336285632  0.740700910 0.358618697  0.564394762 0.117732690
0.248696116717  0.924441584 0.575558416  0.745950764 0.337431582  0.742134601 0.356790036  0.563643781 0.118663203
0.248840537965  0.926052280 0.573947720  0.745380529 0.338576089  0.743565837 0.354963988  0.562894085 0.119592358
0.248984959213  0.927660456 0.572339544  0.744811504 0.339719157  0.744994625 0.353140546  0.562145673 0.120520159
0.249129380461  0.929266119 0.570733881  0.744243688 0.340860788  0.746420970 0.351319703  0.561398539 0.121446609
0.249273801708  0.930869275 0.569130725  0.743677077 0.342000987  0.747844880 0.349501451  0.560652682 0.122371713
0.249418222956  0.932469931 0.567530069  0.743111667 0.343139757  0.749266361 0.347685785  0.559908097 0.123295473
0.249562644204  0.934068094 0.565931906  0.742547455 0.344277104  0.750685419 0.345872697  0.559164780 0.124217894
0.249707065452  0.935663769 0.564336231  0.741984439 0.345413029  0.752102061 0.344062180  0.558422730 0.125138978
0.2498514867  0.937256965 0.562743035  0.741422615 0.346547537  0.753516292 0.342254229  0.557681942 0.126058730
0.249995907947  0.938847686 0.561152314  0.740861980 0.347680632  0.754928120 0.340448835  0.556942414 0.126977153
0.250140329195  0.940435940 0.559564060  0.740302531 0.348812318  0.756337549 0.338645992  0.556204141 0.127894249
0.250284750443  0.942021732 0.557978268  0.739744265 0.349942597  0.757744588 0.336845694  0.555467121 0.128810024
0.250429171691  0.943605071 0.556394929  0.739187179 0.351071475  0.759149241 0.335047934  0.554731350 0.129724480
0.250573592939  0.945185961 0.554814039  0.738631270 0.352198954  0.760551516 0.333252705  0.553996825 0.130637620
0.250718014186  0.946764409 0.553235591  0.738076535 0.353325039  0.761951418 0.331460001  0.553263543 0.131549449
0.250862435434  0.948340422 0.551659578  0.737522970 0.354449732  0.763348953 0.329669814  0.552531501 0.132459969
0.251006856682  0.949914006 0.550085994  0.736970574 0.355573038  0.764744127 0.327882139  0.551800695 0.133369184
0.25115127793  0.951485167 0.548514833  0.736419342 0.356694960  0.766136948 0.326096969  0.551071123 0.134277097
0.251295699177  0.953053912 0.546946088  0.735869272 0.357815502  0.767527420 0.324314298  0.550342780 0.135183712
0.251440120425  0.954620246 0.545379754  0.735320361 0.358934668  0.768915549 0.322534118  0.549615665 0.136089032
0.251584541673  0.956184176 0.543815824  0.734772606 0.360052461  0.770301343 0.320756424  0.548889773 0.136993061
0.251728962921  0.957745709 0.542254291  0.734226004 0.361168884  0.771684806 0.318981208  0.548165101 0.137895801
0.251873384169  0.959304850 0.540695150  0.733680551 0.362283941  0.773065946 0.317208465  0.547441647 0.138797257
0.252017805416  0.960861605 0.539138395  0.733136246 0.363397637  0.774444767 0.315438189  0.546719408 0.139697430
0.252162226664  0.962415981 0.537584019  0.732593085 0.364509973  0.775821275 0.313670372  0.545998380 0.140596326
0.252306647912  0.963967984 0.536032016  0.732051066 0.365620954  0.777195478 0.311905009  0.545278559 0.141493947
0.25245106916  0.965517620 0.534482380  0.731510184 0.366730584  0.778567380 0.310142092  0.544559944 0.142390296
0.252595490407  0.967064894 0.532935106  0.730970438 0.367838866  0.779936987 0.308381617  0.543842531 0.143285377
0.252739911655  0.968609814 0.531390186  0.730431825 0.368945802  0.781304305 0.306623576  0.543126316 0.144179192
0.252884332903  0.970152384 0.529847616  0.729894341 0.370051398  0.782669341 0.304867963  0.542411298 0.145071746
0.253028754151  0.971692612 0.528307388  0.729357984 0.371155656  0.784032099 0.303114773  0.541697472 0.145963041
0.253173175399  0.973230503 0.526769497  0.728822751 0.372258579  0.785392587 0.301363998  0.540984836 0.146853080
0.253317596646  0.974766062 0.525233938  0.728288640 0.373360172  0.786750808 0.299615634  0.540273386 0.147741868
0.253462017894  0.976299296 0.523700704  0.727755647 0.374460437  0.788106770 0.297869672  0.539563120 0.148629406
0.253606439142  0.977830211 0.522169789  0.727223769 0.375559378  0.789460478 0.296126108  0.538854035 0.149515698
0.25375086039  0.979358813 0.520641187  0.726693004 0.376656999  0.790811937 0.294384936  0.538146128 0.150400748
0.253895281638  0.980885107 0.519114893  0.726163349 0.377753302  0.792161154 0.292646149  0.537439396 0.151284558
0.254039702885  0.982409100 0.517590900  0.725634801 0.378848291  0.793508133 0.290909741  0.536733835 0.152167132
0.254184124133  0.983930797 0.516069203  0.725107358 0.379941970  0.794852882 0.289175706  0.536029443 0.153048472
0.254328545381  0.985450203 0.514549797  0.724581016 0.381034341  0.796195404 0.287444038  0.535326217 0.153928582
0.254472966629  0.986967326 0.513032674  0.724055773 0.382125409  0.797535706 0.285714731  0.534624154 0.154807466
0.254617387876  0.988482169 0.511517831  0.723531627 0.383215176  0.798873794 0.283987779  0.533923251 0.155685125
0.254761809124  0.989994741 0.510005259  0.723008574 0.384303646  0.800209672 0.282263177  0.533223505 0.156561563
0.254906230372  0.991505045 0.508494955  0.722486611 0.385390821  0.801543347 0.280540918  0.532524914 0.157436784
0.25505065162  0.993013087 0.506986913  0.721965737 0.386476707  0.802874824 0.278820996  0.531827473 0.158310790
0.255195072868  0.994518874 0.505481126  0.721445948 0.387561304  0.804204108 0.277103406  0.531131182 0.159183585
0.255339494115  0.996022411 0.503977589  0.720927241 0.388644618  0.805531205 0.275388142  0.530436035 0.160055170
0.255483915363  0.997523703 0.502476297  0.720409615 0.389726650  0.806856121 0.273675197  0.529742032 0.160925551
0.255628336611  0.999022757 0.500977243  0.719893066 0.390807405  0.808178860 0.271964567  0.529049169 0.161794728
0.255772757859  0.000519577 0.499480423  0.719377591 0.391886885  0.809499429 0.270256244  0.528357442 0.162662707
0.255917179106  0.002014170 0.497985830  0.718863188 0.392965094  0.810817832 0.268550224  0.527666850 0.163529488
0.256061600354  0.003506541 0.496493459  0.718349855 0.394042035  0.812134075 0.266846501  0.526977389 0.164395076
0.256206021602  0.004996694 0.495003306  0.717837588 0.395117711  0.813448163 0.265145068  0.526289057 0.165259474
0.25635044285  0.006484637 0.493515363  0.717326386 0.396192125  0.814760102 0.263445921  0.525601851 0.166122684
0.256494864098  0.007970374 0.492029626  0.716816245 0.397265281  0.816069897 0.261749053  0.524915768 0.166984709
0.256639285345  0.009453911 0.490546089  0.716307163 0.398337181  0.817377554 0.260054460  0.524230805 0.167845552
0.256783706593  0.010935253 0.489064747  0.715799137 0.399407829  0.818683076 0.258362134  0.523546960 0.168705217
0.256928127841  0.012414406 0.487585594  0.715292165 0.400477228  0.819986471 0.256672071  0.522864229 0.169563706
0.257072549089  0.013891375 0.486108625  0.714786244 0.401545381  0.821287743 0.254984266  0.522182611 0.170421022
0.257216970337  0.015366166 0.484633834  0.714281371 0.402612291  0.822586896 0.253298711  0.521502102 0.171277167
0.257361391584  0.016838783 0.483161217  0.713777545 0.403677961  0.823883938 0.251615403  0.520822699 0.172132146
0.257505812832  0.018309232 0.481690768  0.713274762 0.404742394  0.825178871 0.249934334  0.520144401 0.172985960
0.25765023408  0.019777519 0.480222481  0.712773020 0.405805593  0.826471703 0.248255501  0.519467203 0.173838613
0.257794655328  0.021243649 0.478756351  0.712272316 0.406867562  0.827762437 0.246578897  0.518791104 0.174690108
0.257939076575  0.022707627 0.477292373  0.711772648 0.407928303  0.829051080 0.244904516  0.518116101 0.175540446
0.258083497823  0.024169458 0.475830542  0.711274014 0.408987819  0.830337635 0.243232354  0.517442191 0.176389632
0.258227919071  0.025629148 0.474370852  0.710776410 0.410046114  0.831622109 0.241562405  0.516769371 0.177237668
0.258372340319  0.027086702 0.472913298  0.710279835 0.411103191  0.832904506 0.239894663  0.516097640 0.178084556
0.258516761567  0.028542125 0.471457875  0.709784286 0.412159052  0.834184832 0.238229124  0.515426993 0.178930300
0.258661182814  0.029995422 0.470004578  0.709289760 0.413213700  0.835463090 0.236565781  0.514757429 0.179774902
0.258805604062  0.031446598 0.468553402  0.708796255 0.414267138  0.836739287 0.234904629  0.514088945 0.180618366
0.25895002531  0.032895659 0.467104341  0.708303769 0.415319371  0.838013428 0.233245664  0.513421538 0.181460693
0.259094446558  0.034342610 0.465657390  0.707812299 0.416370399  0.839285517 0.231588879  0.512755206 0.182301887
0.259238867805  0.035787455 0.464212545  0.707321842 0.417420227  0.840555559 0.229934269  0.512089945 0.183141951
0.259383289053  0.037230200 0.462769800  0.706832396 0.418468856  0.841823559 0.228281830  0.511425755 0.183980887
0.259527710301  0.038670851 0.461329149  0.706343960 0.419516291  0.843089522 0.226631555  0.510762631 0.184818697
0.259672131549  0.040109411 0.459890589  0.705856529 0.420562535  0.844353454 0.224983440  0.510100572 0.185655386
0.259816552797  0.041545887 0.458454113  0.705370103 0.421607589  0.845615358 0.223337479  0.509439574 0.186490954
0.259960974044  0.042980282 0.457019718  0.704884678 0.422651456  0.846875240 0.221693667  0.508779636 0.187325406
0.260105395292  0.044412603 0.455587397  0.704400253 0.423694141  0.848133105 0.220051999  0.508120755 0.188158744
0.26024981654  0.045842854 0.454157146  0.703916824 0.424735645  0.849388957 0.218412470  0.507462927 0.188990969
0.260394237788  0.047271040 0.452728960  0.703434389 0.425775972  0.850642802 0.216775075  0.506806151 0.189822087
0.260538659036  0.048697166 0.451302834  0.702952947 0.426815124  0.851894644 0.215139807  0.506150425 0.190652098
0.260683080283  0.050121237 0.449878763  0.702472494 0.427853104  0.853144487 0.213506663  0.505495745 0.191481005
0.260827501531  0.051543258 0.448456742  0.701993029 0.428889916  0.854392338 0.211875638  0.504842109 0.192308811
0.260971922779  0.052963234 0.447036766  0.701514549 0.429925561  0.855638199 0.210246725  0.504189515 0.193135520
0.261116344027  0.054381169 0.445618831  0.701037051 0.430960042  0.856882077 0.208619921  0.503537959 0.193961132
0.261260765274  0.055797069 0.444202931  0.700560534 0.431993364  0.858123976 0.206995219  0.502887441 0.194785652
0.261405186522  0.057210939 0.442789061  0.700084995 0.433025527  0.859363901 0.205372616  0.502237957 0.195609081
0.26154960777  0.058622782 0.441377218  0.699610432 0.434056535  0.860601855 0.203752105  0.501589504 0.196431423
0.261694029018  0.060032605 0.439967395  0.699136842 0.435086391  0.861837845 0.202133683  0.500942081 0.197252679
0.261838450266  0.061440412 0.438559588  0.698664223 0.436115098  0.863071874 0.200517343  0.500295685 0.198072853
0.261982871513  0.062846207 0.437153793  0.698192573 0.437142658  0.864303947 0.198903081  0.499650313 0.198891946
0.262127292761  0.064249996 0.435750004  0.697721890 0.438169074  0.865534069 0.197290893  0.499005964 0.199709963
0.262271714009  0.065651782 0.434348218  0.697252171 0.439194349  0.866762245 0.195680772  0.498362634 0.200526904
0.262416135257  0.067051572 0.432948428  0.696783415 0.440218485  0.867988478 0.194072715  0.497720321 0.201342773
0.262560556504  0.068449370 0.431550630  0.696315618 0.441241486  0.869212775 0.192466717  0.497079023 0.202157572
0.262704977752  0.069845179 0.430154821  0.695848778 0.442263353  0.870435138 0.190862771  0.496438737 0.202971304
0.262849399  0.071239006 0.428760994  0.695382895 0.443284091  0.871655573 0.189260875  0.495799462 0.203783971
0.262993820248  0.072630854 0.427369146  0.694917964 0.444303700  0.872874084 0.187661022  0.495161194 0.204595576
0.263138241496  0.074020729 0.425979271  0.694453984 0.445322184  0.874090676 0.186063208  0.494523931 0.205406121
0.263282662743  0.075408635 0.424591365  0.693990953 0.446339546  0.875305354 0.184467428  0.493887672 0.206215609
0.263427083991  0.076794576 0.423205424  0.693528868 0.447355789  0.876518121 0.182873678  0.493252413 0.207024042
0.263571505239  0.078178557 0.421821443  0.693067728 0.448370914  0.877728982 0.181281952  0.492618152 0.207831423
0.263715926487  0.079560584 0.420439416  0.692607530 0.449384925  0.878937941 0.179692246  0.491984888 0.208637754
0.263860347735  0.080940659 0.419059341  0.692148272 0.450397824  0.880145004 0.178104555  0.491352617 0.209443038
0.264004768982  0.082318789 0.417681211  0.691689951 0.451409614  0.881350174 0.176518874  0.490721337 0.210247277
0.26414919023  0.083694977 0.416305023  0.691232567 0.452420298  0.882553456 0.174935199  0.490091047 0.211050473
0.264293611478  0.085069227 0.414930773  0.690776115 0.453429877  0.883754855 0.173353525  0.489461743 0.211852630
0.264438032726  0.086441546 0.413558454  0.690320595 0.454438355  0.884954374 0.171773848  0.488833423 0.212653749
0.264582453973  0.087811936 0.412188064  0.689866005 0.455445735  0.886152018 0.170196162  0.488206086 0.213453833
0.264726875221  0.089180403 0.410819597  0.689412341 0.456452018  0.887347791 0.168620463  0.487579729 0.214252883
0.264871296469  0.090546951 0.409453049  0.688959602 0.457457208  0.888541698 0.167046746  0.486954349 0.215050904
0.265015717717  0.091911584 0.408088416  0.688507786 0.458461306  0.889733743 0.165475007  0.486329944 0.215847897
0.265160138965  0.093274307 0.406725693  0.688056890 0.459464316  0.890923930 0.163905241  0.485706513 0.216643864
0.265304560212  0.094635124 0.405364876  0.687606913 0.460466240  0.892112263 0.162337444  0.485084053 0.217438808
0.26544898146  0.095994039 0.404005961  0.687157852 0.461467081  0.893298748 0.160771611  0.484462561 0.218232731
0.265593402708  0.097351058 0.402648942  0.686709706 0.462466841  0.894483387 0.159207737  0.483842035 0.219025636
0.265737823956  0.098706184 0.401293816  0.686262472 0.463465522  0.895666186 0.157645818  0.483222474 0.219817524
0.265882245203  0.100059422 0.399940578  0.685816149 0.464463128  0.896847148 0.156085849  0.482603875 0.220608399
0.266026666451  0.101410776 0.398589224  0.685370733 0.465459660  0.898026278 0.154527827  0.481986235 0.221398263
0.266171087699  0.102760250 0.397239750  0.684926223 0.466455121  0.899203580 0.152971745  0.481369553 0.222187117
0.266315508947  0.104107850 0.395892150  0.684482618 0.467449514  0.900379058 0.151417601  0.480753827 0.222974965
0.266459930195  0.105453578 0.394546422  0.684039914 0.468442841  0.901552717 0.149865389  0.480139053 0.223761808
0.266604351442  0.106797439 0.393202561  0.683598110 0.469435104  0.902724560 0.148315105  0.479525231 0.224547649
0.26674877269  0.108139438 0.391860562  0.683157204 0.470426307  0.903894591 0.146766745  0.478912357 0.225332490
0.266893193938  0.109479579 0.390520421  0.682717194 0.471416450  0.905062815 0.145220304  0.478300430 0.226116334
0.267037615186  0.110817866 0.389182134  0.682278078 0.472405538  0.906229236 0.143675778  0.477689448 0.226899182
0.267182036434  0.112154304 0.387845696  0.681839853 0.473393572  0.907393858 0.142133162  0.477079408 0.227681038
0.267326457681  0.113488895 0.386511105  0.681402518 0.474380555  0.908556685 0.140592452  0.476470308 0.228461903
0.267470878929  0.114821646 0.385178354  0.680966071 0.475366489  0.909717721 0.139053644  0.475862146 0.229241779
0.267615300177  0.116152560 0.383847440  0.680530510 0.476351376  0.910876970 0.137516733  0.475254920 0.230020669
0.267759721425  0.117481640 0.382518360  0.680095832 0.477335220  0.912034436 0.135981715  0.474648629 0.230798575
0.267904142672  0.118808892 0.381191108  0.679662036 0.478318021  0.913190124 0.134448586  0.474043268 0.231575500
0.26804856392  0.120134319 0.379865681  0.679229120 0.479299784  0.914344037 0.132917342  0.473438838 0.232351445
0.268192985168  0.121457926 0.378542074  0.678797082 0.480280509  0.915496179 0.131387977  0.472835335 0.233126412
0.268337406416  0.122779717 0.377220283  0.678365920 0.481260200  0.916646554 0.129860488  0.472232757 0.233900405
0.268481827664  0.124099695 0.375900305  0.677935631 0.482238859  0.917795167 0.128334871  0.471631103 0.234673425
0.268626248911  0.125417865 0.374582135  0.677506215 0.483216488  0.918942020 0.126811121  0.471030370 0.235445474
0.268770670159  0.126734231 0.373265769  0.677077669 0.484193090  0.920087119 0.125289235  0.470430557 0.236216555
0.268915091407  0.128048797 0.371951203  0.676649990 0.485168666  0.921230467 0.123769207  0.469831660 0.236986670
0.269059512655  0.129361567 0.370638433  0.676223178 0.486143219  0.922372068 0.122251034  0.469233679 0.237755820
0.269203933903  0.130672545 0.369327455  0.675797230 0.487116752  0.923511926 0.120734711  0.468636610 0.238524009
0.26934835515  0.131981735 0.368018265  0.675372144 0.488089267  0.924650044 0.119220235  0.468040453 0.239291238
0.269492776398  0.133289142 0.366710858  0.674947918 0.489060766  0.925786428 0.117707601  0.467445204 0.240057509
0.269637197646  0.134594768 0.365405232  0.674524551 0.490031252  0.926921080 0.116196806  0.466850863 0.240822825
0.269781618894  0.135898619 0.364101381  0.674102041 0.491000726  0.928054004 0.114687844  0.466257426 0.241587188
0.269926040141  0.137200697 0.362799303  0.673680385 0.491969191  0.929185205 0.113180712  0.465664893 0.242350600
0.270070461389  0.138501008 0.361498992  0.673259582 0.492936649  0.930314686 0.111675405  0.465073260 0.243113062
0.270214882637  0.139799555 0.360200445  0.672839630 0.493903103  0.931442450 0.110171921  0.464482526 0.243874578
0.270359303885  0.141096341 0.358903659  0.672420527 0.494868555  0.932568503 0.108670253  0.463892689 0.244635149
0.270503725133  0.142391371 0.357608629  0.672002271 0.495833006  0.933692847 0.107170400  0.463303747 0.245394777
0.27064814638  0.143684649 0.356315351  0.671584860 0.496796460  0.934815487 0.105672356  0.462715697 0.246153465
0.270792567628  0.144976179 0.355023821  0.671168293 0.497758919  0.935936425 0.104176117  0.462128539 0.246911215
0.270936988876  0.146265964 0.353734036  0.670752567 0.498720384  0.937055667 0.102681679  0.461542270 0.247668027
0.271081410124  0.147554009 0.352445991  0.670337681 0.499680858  0.938173215 0.101189039  0.460956887 0.248423906
0.271225831371  0.148840316 0.351159684  0.669923632 0.500640344  0.939289074 0.099698193  0.460372390 0.249178853
0.271370252619  0.150124891 0.349875109  0.669510420 0.501598843  0.940403247 0.098209135  0.459788776 0.249932869
0.271514673867  0.151407737 0.348592263  0.669098042 0.502556357  0.941515737 0.096721863  0.459206042 0.250685957
0.271659095115  0.152688857 0.347311143  0.668686496 0.503512889  0.942626549 0.095236373  0.458624188 0.251438120
0.271803516363  0.153968256 0.346031744  0.668275781 0.504468441  0.943735687 0.093752660  0.458043212 0.252189358
0.27194793761  0.155245938 0.344754062  0.667865895 0.505423016  0.944843153 0.092270721  0.457463110 0.252939674
0.272092358858  0.156521905 0.343478095  0.667456835 0.506376614  0.945948952 0.090790551  0.456883882 0.253689071
0.272236780106  0.157796162 0.342203838  0.667048601 0.507329240  0.947053087 0.089312147  0.456305526 0.254437549
0.272381201354  0.159068713 0.340931287  0.666641190 0.508280894  0.948155562 0.087835505  0.455728039 0.255185112
0.272525622602  0.160339562 0.339660438  0.666234600 0.509231578  0.949256381 0.086360621  0.455151420 0.255931761
0.272670043849  0.161608711 0.338391289  0.665828831 0.510181296  0.950355547 0.084887491  0.454575666 0.256677498
0.272814465097  0.162876165 0.337123835  0.665423879 0.511130049  0.951453063 0.083416112  0.454000777 0.257422326
0.272958886345  0.164141928 0.335858072  0.665019743 0.512077839  0.952548934 0.081946479  0.453426749 0.258166245
0.273103307593  0.165406003 0.334593997  0.664616422 0.513024668  0.953643163 0.080478588  0.452853582 0.258909259
0.27324772884  0.166668394 0.333331606  0.664213914 0.513970539  0.954735753 0.079012436  0.452281272 0.259651369
0.273392150088  0.167929105 0.332070895  0.663812216 0.514915453  0.955826708 0.077548019  0.451709820 0.260392577
0.273536571336  0.169188139 0.330811861  0.663411328 0.515859413  0.956916032 0.076085333  0.451139221 0.261132885
0.273680992584  0.170445500 0.329554500  0.663011247 0.516802421  0.958003728 0.074624375  0.450569476 0.261872296
0.273825413832  0.171701191 0.328298809  0.662611972 0.517744479  0.959089800 0.073165140  0.450000581 0.262610810
0.273969835079  0.172955217 0.327044783  0.662213500 0.518685588  0.960174251 0.071707625  0.449432535 0.263348430
0.274114256327  0.174207580 0.325792420  0.661815831 0.519625752  0.961257085 0.070251826  0.448865336 0.264085158
0.274258677575  0.175458285 0.324541715  0.661418963 0.520564972  0.962338305 0.068797740  0.448298983 0.264820997
0.274403098823  0.176707335 0.323292665  0.661022893 0.521503250  0.963417915 0.067345362  0.447733473 0.265555946
0.27454752007  0.177954733 0.322045267  0.660627620 0.522440588  0.964495918 0.065894689  0.447168805 0.266290010
0.274691941318  0.179200484 0.320799516  0.660233142 0.523376989  0.965572318 0.064445717  0.446604976 0.267023189
0.274836362566  0.180444590 0.319555410  0.659839459 0.524312453  0.966647117 0.062998443  0.446041986 0.267755486
0.274980783814  0.181687055 0.318312945  0.659446567 0.525246985  0.967720321 0.061552863  0.445479832 0.268486903
0.275125205062  0.182927884 0.317072116  0.659054465 0.526180584  0.968791931 0.060108973  0.444918512 0.269217441
0.275269626309  0.184167079 0.315832921  0.658663152 0.527113254  0.969861952 0.058666769  0.444358025 0.269947102
0.275414047557  0.185404643 0.314595357  0.658272626 0.528044997  0.970930386 0.057226248  0.443798369 0.270675888
0.275558468805  0.186640581 0.313359419  0.657882885 0.528975813  0.971997238 0.055787407  0.443239542 0.271403801
0.275702890053  0.187874896 0.312125104  0.657493928 0.529905707  0.973062510 0.054350241  0.442681542 0.272130844
0.275847311301  0.189107591 0.310892409  0.657105753 0.530834678  0.974126207 0.052914747  0.442124368 0.272857017
0.275991732548  0.190338670 0.309661330  0.656718358 0.531762731  0.975188330 0.051480922  0.441568018 0.273582323
0.276136153796  0.191568137 0.308431863  0.656331741 0.532689865  0.976248885 0.050048761  0.441012489 0.274306763
0.276280575044  0.192795994 0.307204006  0.655945901 0.533616084  0.977307873 0.048618262  0.440457781 0.275030340
0.276424996292  0.194022245 0.305977755  0.655560837 0.534541390  0.978365299 0.047189420  0.439903891 0.275753055
0.276569417539  0.195246894 0.304753106  0.655176546 0.535465784  0.979421165 0.045762233  0.439350818 0.276474910
0.276713838787  0.196469943 0.303530057  0.654793027 0.536389268  0.980475476 0.044336696  0.438798560 0.277195907
0.276858260035  0.197691398 0.302308602  0.654410279 0.537311844  0.981528234 0.042912806  0.438247115 0.277916048
0.277002681283  0.198911260 0.301088740  0.654028299 0.538233515  0.982579443 0.041490560  0.437696482 0.278635334
0.277147102531  0.200129533 0.299870467  0.653647087 0.539154282  0.983629105 0.040069954  0.437146659 0.279353768
0.277291523778  0.201346221 0.298653779  0.653266640 0.540074146  0.984677225 0.038650985  0.436597644 0.280071352
0.277435945026  0.202561326 0.297438674  0.652886957 0.540993111  0.985723805 0.037233648  0.436049435 0.280788086
0.277580366274  0.203774854 0.296225146  0.652508036 0.541911178  0.986768849 0.035817941  0.435502031 0.281503973
0.277724787522  0.204986805 0.295013195  0.652129876 0.542828349  0.987812360 0.034403860  0.434955430 0.282219015
0.277869208769  0.206197185 0.293802815  0.651752475 0.543744626  0.988854341 0.032991402  0.434409631 0.282933213
0.278013630017  0.207405996 0.292594004  0.651375831 0.544660010  0.989894796 0.031580564  0.433864631 0.283646570
0.278158051265  0.208613242 0.291386758  0.650999944 0.545574504  0.990933727 0.030171340  0.433320429 0.284359086
0.278302472513  0.209818925 0.290181075  0.650624810 0.546488109  0.991971138 0.028763730  0.432777023 0.285070764
0.278446893761  0.211023050 0.288976950  0.650250430 0.547400828  0.993007032 0.027357728  0.432234412 0.285781606
0.278591315008  0.212225620 0.287774380  0.649876801 0.548312662  0.994041412 0.025953332  0.431692594 0.286491614
0.278735736256  0.213426637 0.286573363  0.649503921 0.549223613  0.995074282 0.024550538  0.431151567 0.287200788
0.278880157504  0.214626105 0.285373895  0.649131789 0.550133684  0.996105644 0.023149343  0.430611329 0.287909131
0.279024578752  0.215824027 0.284175973  0.648760404 0.551042875  0.997135503 0.021749743  0.430071880 0.288616645
0.279169  0.217020407 0.282979593  0.648389764 0.551951189  0.998163859 0.020351735  0.429533216 0.289323331
0.279313421247  0.218215248 0.281784752  0.648019868 0.552858628  0.999190718 0.018955316  0.428995338 0.290029192
0.279457842495  0.219408553 0.280591447  0.647650713 0.553765193  0.000216083 0.017560482  0.428458242 0.290734228
0.279602263743  0.220600325 0.279399675  0.647282298 0.554670886  0.001239955 0.016167231  0.427921928 0.291438442
0.279746684991  0.221790568 0.278209432  0.646914623 0.555575710  0.002262339 0.014775558  0.427386394 0.292141835
0.279891106238  0.222979284 0.277020716  0.646547684 0.556479665  0.003283237 0.013385460  0.426851638 0.292844409
0.280035527486  0.224166477 0.275833523  0.646181482 0.557382754  0.004302653 0.011996935  0.426317658 0.293546166
0.280179948734  0.225352150 0.274647850  0.645816013 0.558284979  0.005320589 0.010609978  0.425784453 0.294247107
0.280324369982  0.226536306 0.273463694  0.645451278 0.559186342  0.006337050 0.009224587  0.425252022 0.294947234
0.28046879123  0.227718948 0.272281052  0.645087273 0.560086843  0.007352037 0.007840758  0.424720362 0.295646550
0.280613212477  0.228900080 0.271099920  0.644723998 0.560986486  0.008365554 0.006458488  0.424189472 0.296345055
0.280757633725  0.230079705 0.269920295  0.644361452 0.561885272  0.009377603 0.005077774  0.423659351 0.297042751
0.280902054973  0.231257825 0.268742175  0.643999632 0.562783202  0.010388189 0.003698613  0.423129996 0.297739639
0.281046476221  0.232434444 0.267565556  0.643638537 0.563680279  0.011397314 0.002321000  0.422601407 0.298435723
0.281190897468  0.233609565 0.266390435  0.643278166 0.564576504  0.012404980 0.000944934  0.422073582 0.299131003
0.281335318716  0.234783191 0.265216809  0.642918517 0.565471879  0.013411192 0.999570411  0.421546518 0.299825480
0.281479739964  0.235955325 0.264044675  0.642559589 0.566366406  0.014415952 0.998197427  0.421020216 0.300519158
0.281624161212  0.237125970 0.262874030  0.642201381 0.567260086  0.015419262 0.996825980  0.420494672 0.301212036
0.28176858246  0.238295130 0.261704870  0.641843890 0.568152922  0.016421127 0.995456065  0.419969886 0.301904118
0.281913003707  0.239462807 0.260537193  0.641487115 0.569044915  0.017421548 0.994087682  0.419445856 0.302595403
0.282057424955  0.240629005 0.259370995  0.641131055 0.569936066  0.018420529 0.992720825  0.418922580 0.303285896
0.282201846203  0.241793726 0.258206274  0.640775709 0.570826378  0.019418074 0.991355491  0.418400057 0.303975596
0.282346267451  0.242956973 0.257043027  0.640421075 0.571715853  0.020414184 0.989991679  0.417878285 0.304664505
0.282490688699  0.244118750 0.255881250  0.640067151 0.572604491  0.021408862 0.988629384  0.417357263 0.305352626
0.282635109946  0.245279060 0.254720940  0.639713936 0.573492296  0.022402113 0.987268603  0.416836989 0.306039959
0.282779531194  0.246437905 0.253562095  0.639361429 0.574379268  0.023393938 0.985909334  0.416317461 0.306726506
0.282923952442  0.247595289 0.252404711  0.639009628 0.575265409  0.024384340 0.984551572  0.415798679 0.307412270
0.28306837369  0.248751214 0.251248786  0.638658532 0.576150721  0.025373323 0.983195316  0.415280640 0.308097251
0.283212794937  0.249905684 0.250094316  0.638308139 0.577035205  0.026360889 0.981840562  0.414763344 0.308781451
0.283357216185  0.251058701 0.248941299  0.637958448 0.577918864  0.027347041 0.980487306  0.414246788 0.309464872
0.283501637433  0.252210269 0.247789731  0.637609458 0.578801700  0.028331783 0.979135547  0.413730971 0.310147516
0.283646058681  0.253360390 0.246639610  0.637261166 0.579683712  0.029315116 0.977785280  0.413215892 0.310829383
0.283790479929  0.254509068 0.245490932  0.636913573 0.580564905  0.030297044 0.976436503  0.412701548 0.311510476
0.283934901176  0.255656305 0.244343695  0.636566675 0.581445278  0.031277569 0.975089213  0.412187940 0.312190796
0.284079322424  0.256802104 0.243197896  0.636220473 0.582324834  0.032256696 0.973743406  0.411675064 0.312870344
0.284223743672  0.257946468 0.242053532  0.635874964 0.583203575  0.033234425 0.972399080  0.411162920 0.313549123
0.28436816492  0.259089401 0.240910599  0.635530146 0.584081502  0.034210761 0.971056231  0.410651506 0.314227134
0.284512586167  0.260230904 0.239769096  0.635186020 0.584958617  0.035185705 0.969714857  0.410140821 0.314904378
0.284657007415  0.261370982 0.238629018  0.634842583 0.585834921  0.036159262 0.968374954  0.409630863 0.315580857
0.284801428663  0.262509636 0.237490364  0.634499834 0.586710416  0.037131433 0.967036520  0.409121631 0.316256573
0.284945849911  0.263646869 0.236353131  0.634157771 0.587585105  0.038102221 0.965699552  0.408613122 0.316931526
0.285090271159  0.264782686 0.235217314  0.633816394 0.588458987  0.039071629 0.964364046  0.408105337 0.317605719
0.285234692406  0.265917087 0.234082913  0.633475700 0.589332066  0.040039661 0.963030000  0.407598273 0.318279154
0.285379113654  0.267050077 0.232949923  0.633135688 0.590204342  0.041006318 0.961697411  0.407091929 0.318951831
0.285523534902  0.268181658 0.231818342  0.632796358 0.591075818  0.041971603 0.960366276  0.406586303 0.319623752
0.28566795615  0.269311833 0.230688167  0.632457708 0.591946495  0.042935520 0.959036591  0.406081394 0.320294919
0.285812377398  0.270440605 0.229559395  0.632119735 0.592816374  0.043898071 0.957708354  0.405577201 0.320965333
0.285956798645  0.271567976 0.228432024  0.631782440 0.593685458  0.044859258 0.956381562  0.405073722 0.321634996
0.286101219893  0.272693950 0.227306050  0.631445820 0.594553747  0.045819085 0.955056212  0.404570955 0.322303909
0.286245641141  0.273818529 0.226181471  0.631109875 0.595421244  0.046777554 0.953732302  0.404068900 0.322972074
0.286390062389  0.274941715 0.225058285  0.630774602 0.596287950  0.047734668 0.952409828  0.403567555 0.323639493
0.286534483636  0.276063513 0.223936487  0.630440002 0.597153866  0.048690429 0.951088787  0.403066918 0.324306166
0.286678904884  0.277183924 0.222816076  0.630106071 0.598018995  0.049644841 0.949769176  0.402566988 0.324972095
0.286823326132  0.278302952 0.221697048  0.629772810 0.598883337  0.050597906 0.948450993  0.402067764 0.325637282
0.28696774738  0.279420598 0.220579402  0.629440216 0.599746895  0.051549626 0.947134235  0.401569243 0.326301729
0.287112168628  0.280536867 0.219463133  0.629108288 0.600609670  0.052500005 0.945818899  0.401071426 0.326965436
0.287256589875  0.281651760 0.218348240  0.628777025 0.601471664  0.053449045 0.944504982  0.400574310 0.327628405
0.287401011123  0.282765280 0.217234720  0.628446426 0.602332877  0.054396748 0.943192481  0.400077894 0.328290638
0.287545432371  0.283877431 0.216122569  0.628116490 0.603193312  0.055343117 0.941881394  0.399582177 0.328952137
0.287689853619  0.284988214 0.215011786  0.627787214 0.604052971  0.056288156 0.940571717  0.399087156 0.329612901
0.287834274867  0.286097633 0.213902367  0.627458598 0.604911854  0.057231866 0.939263448  0.398592832 0.330272934
0.287978696114  0.287205690 0.212794310  0.627130641 0.605769964  0.058174251 0.937956583  0.398099202 0.330932237
0.288123117362  0.288312388 0.211687612  0.626803341 0.606627302  0.059115312 0.936651121  0.397606265 0.331590811
0.28826753861  0.289417729 0.210582271  0.626476697 0.607483869  0.060055053 0.935347059  0.397114020 0.332248657
0.288411959858  0.290521717 0.209478283  0.626150707 0.608339667  0.060993475 0.934044393  0.396622465 0.332905776
0.288556381105  0.291624354 0.208375646  0.625825371 0.609194697  0.061930583 0.932743120  0.396131599 0.333562172
0.288700802353  0.292725643 0.207274357  0.625500686 0.610048962  0.062866378 0.931443239  0.395641421 0.334217844
0.288845223601  0.293825585 0.206174415  0.625176653 0.610902462  0.063800862 0.930144746  0.395151929 0.334872794
0.288989644849  0.294924185 0.205075815  0.624853269 0.611755199  0.064734039 0.928847639  0.394663122 0.335527024
0.289134066097  0.296021445 0.203978555  0.624530533 0.612607175  0.065665911 0.927551915  0.394174999 0.336180535
0.289278487344  0.297117367 0.202882633  0.624208444 0.613458392  0.066596480 0.926257570  0.393687558 0.336833328
0.289422908592  0.298211953 0.201788047  0.623887001 0.614308849  0.067525750 0.924964603  0.393200798 0.337485406
0.28956732984  0.299305207 0.200694793  0.623566202 0.615158550  0.068453722 0.923673011  0.392714717 0.338136768
0.289711751088  0.300397132 0.199602868  0.623246046 0.616007496  0.069380400 0.922382790  0.392229314 0.338787418
0.289856172335  0.301487729 0.198512271  0.622926533 0.616855687  0.070305785 0.921093939  0.391744589 0.339437355
0.290000593583  0.302577001 0.197422999  0.622607659 0.617703127  0.071229881 0.919806454  0.391260539 0.340086582
0.290145014831  0.303664952 0.196335048  0.622289426 0.618549815  0.072152689 0.918520333  0.390777163 0.340735100
0.290289436079  0.304751583 0.195248417  0.621971830 0.619395754  0.073074212 0.917235573  0.390294460 0.341382910
0.290433857327  0.305836897 0.194163103  0.621654872 0.620240946  0.073994454 0.915952172  0.389812429 0.342030014
0.290578278574  0.306920897 0.193079103  0.621338549 0.621085390  0.074913416 0.914670126  0.389331068 0.342676413
0.290722699822  0.308003585 0.191996415  0.621022861 0.621929090  0.075831100 0.913389434  0.388850376 0.343322108
0.29086712107  0.309084964 0.190915036  0.620707806 0.622772046  0.076747510 0.912110092  0.388370352 0.343967102
0.291011542318  0.310165036 0.189834964  0.620393383 0.623614261  0.077662647 0.910832098  0.387890994 0.344611394
0.291155963566  0.311243804 0.188756196  0.620079591 0.624455734  0.078576515 0.909555449  0.387412302 0.345254987
0.291300384813  0.312321271 0.187678729  0.619766428 0.625296469  0.079489116 0.908280143  0.386934273 0.345897882
0.291444806061  0.313397439 0.186602561  0.619453894 0.626136466  0.080400451 0.907006177  0.386456907 0.346540081
0.291589227309  0.314472310 0.185527690  0.619141987 0.626975726  0.081310524 0.905733548  0.385980201 0.347181584
0.291733648557  0.315545887 0.184454113  0.618830706 0.627814252  0.082219338 0.904462254  0.385504156 0.347822393
0.291878069804  0.316618173 0.183381827  0.618520050 0.628652045  0.083126893 0.903192292  0.385028770 0.348462509
0.292022491052  0.317689170 0.182310830  0.618210017 0.629489105  0.084033194 0.901923659  0.384554041 0.349101935
0.2921669123  0.318758880 0.181241120  0.617900606 0.630325435  0.084938242 0.900656354  0.384079968 0.349740670
0.292311333548  0.319827307 0.180172693  0.617591817 0.631161036  0.085842040 0.899390373  0.383606550 0.350378716
0.292455754796  0.320894452 0.179105548  0.617283648 0.631995910  0.086744590 0.898125714  0.383133786 0.351016076
0.292600176043  0.321960318 0.178039682  0.616976098 0.632830057  0.087645894 0.896862374  0.382661674 0.351652749
0.292744597291  0.323024907 0.176975093  0.616669165 0.633663479  0.088545956 0.895600351  0.382190214 0.352288738
0.292889018539  0.324088223 0.175911777  0.616362849 0.634496178  0.089444777 0.894339642  0.381719403 0.352924043
0.293033439787  0.325150267 0.174849733  0.616057147 0.635328155  0.090342359 0.893080245  0.381249240 0.353558667
0.293177861034  0.326211041 0.173788959  0.615752060 0.636159412  0.091238706 0.891822157  0.380779725 0.354192610
0.293322282282  0.327270549 0.172729451  0.615447586 0.636989949  0.092133819 0.890565375  0.380310856 0.354825873
0.29346670353  0.328328793 0.171671207  0.615143724 0.637819768  0.093027702 0.889309898  0.379842633 0.355458459
0.293611124778  0.329385775 0.170614225  0.614840472 0.638648871  0.093920355 0.888055721  0.379375052 0.356090368
0.293755546026  0.330441497 0.169558503  0.614537830 0.639477259  0.094811782 0.886802845  0.378908114 0.356721601
0.293899967273  0.331495962 0.168504038  0.614235796 0.640304934  0.095701984 0.885551264  0.378441818 0.357352160
0.294044388521  0.332549173 0.167450827  0.613934369 0.641131896  0.096590965 0.884300978  0.377976161 0.357982047
0.294188809769  0.333601132 0.166398868  0.613633548 0.641958147  0.097478727 0.883051983  0.377511143 0.358611262
0.294333231017  0.334651840 0.165348160  0.613333331 0.642783689  0.098365272 0.881804277  0.377046763 0.359239806
0.294477652265  0.335701302 0.164298698  0.613033719 0.643608522  0.099250601 0.880557858  0.376583018 0.359867682
0.294622073512  0.336749518 0.163250482  0.612734709 0.644432649  0.100134719 0.879312723  0.376119909 0.360494890
0.29476649476  0.337796491 0.162203509  0.612436300 0.645256071  0.101017626 0.878068870  0.375657434 0.361121432
0.294910916008  0.338842225 0.161157775  0.612138492 0.646078788  0.101899325 0.876826296  0.375195592 0.361747308
0.295055337256  0.339886720 0.160113280  0.611841282 0.646900802  0.102779819 0.875584998  0.374734381 0.362372521
0.295199758503  0.340929980 0.159070020  0.611544671 0.647722116  0.103659109 0.874344975  0.374273800 0.362997071
0.295344179751  0.341972006 0.158027994  0.611248656 0.648542729  0.104537198 0.873106224  0.373813848 0.363620959
0.295488600999  0.343012802 0.156987198  0.610953238 0.649362643  0.105414089 0.871868743  0.373354525 0.364244188
0.295633022247  0.344052369 0.155947631  0.610658413 0.650181861  0.106289783 0.870632528  0.372895828 0.364866758
0.295777443495  0.345090710 0.154909290  0.610364183 0.651000382  0.107164283 0.869397578  0.372437756 0.365488670
0.295921864742  0.346127827 0.153872173  0.610070544 0.651818208  0.108037592 0.868163891  0.371980309 0.366109926
0.29606628599  0.347163722 0.152836278  0.609777497 0.652635341  0.108909710 0.866931463  0.371523485 0.366730527
0.296210707238  0.348198398 0.151801602  0.609485040 0.653451783  0.109780641 0.865700293  0.371067283 0.367350474
0.296355128486  0.349231857 0.150768143  0.609193173 0.654267533  0.110650387 0.864470378  0.370611702 0.367969768
0.296499549733  0.350264102 0.149735898  0.608901893 0.655082594  0.111518950 0.863241716  0.370156741 0.368588412
0.296643970981  0.351295134 0.148704866  0.608611200 0.655896967  0.112386332 0.862014304  0.369702398 0.369206405
0.296788392229  0.352324956 0.147675044  0.608321092 0.656710653  0.113252536 0.860788139  0.369248672 0.369823749
0.296932813477  0.353353570 0.146646430  0.608031570 0.657523654  0.114117563 0.859563221  0.368795562 0.370440445
0.297077234725  0.354380979 0.145619021  0.607742631 0.658335971  0.114981416 0.858339546  0.368343068 0.371056495
0.297221655972  0.355407184 0.144592816  0.607454274 0.659147604  0.115844097 0.857117111  0.367891187 0.371671900
0.29736607722  0.356432189 0.143567811  0.607166499 0.659958556  0.116705609 0.855895916  0.367439919 0.372286661
0.297510498468  0.357455994 0.142544006  0.606879304 0.660768828  0.117565953 0.854675956  0.366989263 0.372900779
0.297654919716  0.358478604 0.141521396  0.606592688 0.661578421  0.118425132 0.853457230  0.366539217 0.373514255
0.297799340964  0.359500019 0.140499981  0.606306651 0.662387336  0.119283148 0.852239736  0.366089780 0.374127091
0.297943762211  0.360520241 0.139479759  0.606021190 0.663195575  0.120140002 0.851023472  0.365640951 0.374739288
0.298088183459  0.361539275 0.138460725  0.605736306 0.664003139  0.120995698 0.849808434  0.365192729 0.375350847
0.298232604707  0.362557120 0.137442880  0.605451996 0.664810028  0.121850237 0.848594621  0.364745114 0.375961769
0.298377025955  0.363573780 0.136426220  0.605168261 0.665616245  0.122703622 0.847382030  0.364298103 0.376572056
0.298521447202  0.364589258 0.135410742  0.604885098 0.666421791  0.123555855 0.846170659  0.363851695 0.377181708
0.29866586845  0.365603554 0.134396446  0.604602507 0.667226667  0.124406937 0.844960506  0.363405890 0.377790727
0.298810289698  0.366616671 0.133383329  0.604320487 0.668030874  0.125256871 0.843751569  0.362960687 0.378399114
0.298954710946  0.367628612 0.132371388  0.604039036 0.668834413  0.126105660 0.842543844  0.362516083 0.379006870
0.299099132194  0.368639379 0.131360621  0.603758154 0.669637286  0.126953304 0.841337331  0.362072079 0.379613996
0.299243553441  0.369648974 0.130351026  0.603477839 0.670439494  0.127799807 0.840132026  0.361628673 0.380220494
0.299387974689  0.370657398 0.129342602  0.603198091 0.671241038  0.128645170 0.838927928  0.361185863 0.380826365
0.299532395937  0.371664655 0.128335345  0.602918909 0.672041920  0.129489396 0.837725034  0.360743650 0.381431609
0.299676817185  0.372670746 0.127329254  0.602640290 0.672842140  0.130332487 0.836523343  0.360302031 0.382036229
0.299821238432  0.373675674 0.126324326  0.602362236 0.673641700  0.131174444 0.835322850  0.359861006 0.382640224
0.29996565968  0.374679440 0.125320560  0.602084743 0.674440602  0.132015270 0.834123556  0.359420573 0.383243597
0.300110080928  0.375682047 0.124317953  0.601807812 0.675238845  0.132854967 0.832925456  0.358980732 0.383846349
0.300254502176  0.376683498 0.123316502  0.601531441 0.676036433  0.133693537 0.831728550  0.358541481 0.384448480
0.300398923424  0.377683793 0.122316207  0.601255629 0.676833365  0.134530982 0.830532834  0.358102819 0.385049992
0.300543344671  0.378682936 0.121317064  0.600980376 0.677629643  0.135367305 0.829338307  0.357664745 0.385650886
0.300687765919  0.379680928 0.120319072  0.600705680 0.678425268  0.136202506 0.828144967  0.357227259 0.386251163
0.300832187167  0.380677771 0.119322229  0.600431540 0.679220242  0.137036589 0.826952810  0.356790358 0.386850824
0.300976608415  0.381673468 0.118326532  0.600157955 0.680014566  0.137869556 0.825761836  0.356354042 0.387449871
0.301121029663  0.382668021 0.117331979  0.599884924 0.680808240  0.138701407 0.824572042  0.355918310 0.388048304
0.30126545091  0.383661432 0.116338568  0.599612447 0.681601267  0.139532147 0.823383425  0.355483161 0.388646124
0.301409872158  0.384653703 0.115346297  0.599340522 0.682393647  0.140361775 0.822195984  0.355048594 0.389243334
0.301554293406  0.385644836 0.114355164  0.599069147 0.683185381  0.141190295 0.821009716  0.354614607 0.389839933
0.301698714654  0.386634833 0.113365167  0.598798323 0.683976471  0.142017709 0.819824619  0.354181200 0.390435923
0.301843135901  0.387623696 0.112376304  0.598528048 0.684766918  0.142844018 0.818640692  0.353748371 0.391031306
0.301987557149  0.388611427 0.111388573  0.598258322 0.685556723  0.143669225 0.817457931  0.353316120 0.391626082
0.302131978397  0.389598029 0.110401971  0.597989142 0.686345888  0.144493332 0.816276335  0.352884445 0.392220252
0.302276399645  0.390583503 0.109416497  0.597720508 0.687134413  0.145316340 0.815095902  0.352453346 0.392813817
0.302420820893  0.391567852 0.108432148  0.597452420 0.687922299  0.146138252 0.813916629  0.352022820 0.393406779
0.30256524214  0.392551077 0.107448923  0.597184876 0.688709548  0.146959069 0.812738514  0.351592869 0.393999139
0.302709663388  0.393533181 0.106466819  0.596917875 0.689496161  0.147778794 0.811561556  0.351163489 0.394590898
0.302854084636  0.394514165 0.105485835  0.596651416 0.690282139  0.148597429 0.810385752  0.350734680 0.395182056
0.302998505884  0.395494032 0.104505968  0.596385499 0.691067484  0.149414975 0.809211099  0.350306442 0.395772615
0.303142927131  0.396472784 0.103527216  0.596120122 0.691852196  0.150231435 0.808037597  0.349878772 0.396362577
0.303287348379  0.397450423 0.102549577  0.595855284 0.692636277  0.151046810 0.806865242  0.349451671 0.396951942
0.303431769627  0.398426950 0.101573050  0.595590984 0.693419727  0.151861103 0.805694033  0.349025137 0.397540711
0.303576190875  0.399402368 0.100597632  0.595327222 0.694202549  0.152674315 0.804523968  0.348599168 0.398128885
0.303720612123  0.400376679 0.099623321  0.595063996 0.694984742  0.153486448 0.803355044  0.348173765 0.398716465
0.30386503337  0.401349885 0.098650115  0.594801305 0.695766309  0.154297505 0.802187260  0.347748926 0.399303454
0.304009454618  0.402321987 0.097678013  0.594539149 0.696547250  0.155107488 0.801020613  0.347324649 0.399889850
0.304153875866  0.403292989 0.096707011  0.594277526 0.697327567  0.155916397 0.799855101  0.346900935 0.400475657
0.304298297114  0.404262891 0.095737109  0.594016436 0.698107260  0.156724236 0.798690723  0.346477781 0.401060874
0.304442718362  0.405231696 0.094768304  0.593755878 0.698886331  0.157531006 0.797527476  0.346055188 0.401645503
0.304587139609  0.406199406 0.093800594  0.593495850 0.699664781  0.158336708 0.796365358  0.345633153 0.402229545
0.304731560857  0.407166022 0.092833978  0.593236352 0.700442611  0.159141346 0.795204367  0.345211676 0.402813000
0.304875982105  0.408131548 0.091868452  0.592977382 0.701219823  0.159944921 0.794044501  0.344790756 0.403395871
0.305020403353  0.409095984 0.090904016  0.592718941 0.701996416  0.160747434 0.792885758  0.344370391 0.403978158
0.3051648246  0.410059332 0.089940668  0.592461026 0.702772394  0.161548889 0.791728136  0.343950582 0.404559861
0.305309245848  0.411021595 0.088978405  0.592203637 0.703547755  0.162349285 0.790571633  0.343531327 0.405140983
0.305453667096  0.411982775 0.088017225  0.591946773 0.704322503  0.163148627 0.789416247  0.343112624 0.405721524
0.305598088344  0.412942873 0.087057127  0.591690433 0.705096637  0.163946914 0.788261975  0.342694474 0.406301486
0.305742509592  0.413901892 0.086098108  0.591434616 0.705870159  0.164744150 0.787108817  0.342276874 0.406880868
0.305886930839  0.414859833 0.085140167  0.591179321 0.706643070  0.165540336 0.785956770  0.341859824 0.407459673
0.306031352087  0.415816699 0.084183301  0.590924548 0.707415371  0.166335474 0.784805832  0.341443323 0.408037902
0.306175773335  0.416772491 0.083227509  0.590670294 0.708187064  0.167129566 0.783656000  0.341027370 0.408615554
0.306320194583  0.417727211 0.082272789  0.590416561 0.708958148  0.167922614 0.782507274  0.340611964 0.409192632
0.306464615831  0.418680861 0.081319139  0.590163345 0.709728626  0.168714619 0.781359650  0.340197104 0.409769137
0.306609037078  0.419633443 0.080366557  0.589910648 0.710498499  0.169505584 0.780213127  0.339782789 0.410345069
0.306753458326  0.420584959 0.079415041  0.589658466 0.711267767  0.170295510 0.779067704  0.339369018 0.410920430
0.306897879574  0.421535410 0.078464590  0.589406801 0.712036432  0.171084400 0.777923377  0.338955791 0.411495220
0.307042300822  0.422484800 0.077515200  0.589155650 0.712804495  0.171872254 0.776780146  0.338543105 0.412069441
0.307186722069  0.423433129 0.076566871  0.588905014 0.713571957  0.172659076 0.775638007  0.338130960 0.412643093
0.307331143317  0.424380399 0.075619601  0.588654890 0.714338818  0.173444866 0.774496960  0.337719356 0.413216178
0.307475564565  0.425326613 0.074673387  0.588405278 0.715105081  0.174229626 0.773357002  0.337308291 0.413788696
0.307619985813  0.426271773 0.073728227  0.588156178 0.715870745  0.175013359 0.772218131  0.336897764 0.414360649
0.307764407061  0.427215879 0.072784121  0.587907587 0.716635813  0.175796066 0.771080346  0.336487775 0.414932038
0.307908828308  0.428158934 0.071841066  0.587659507 0.717400285  0.176577750 0.769943644  0.336078322 0.415502863
0.308053249556  0.429100941 0.070899059  0.587411934 0.718164162  0.177358411 0.768808023  0.335669404 0.416073126
0.308197670804  0.430041900 0.069958100  0.587164869 0.718927446  0.178138051 0.767673482  0.335261021 0.416642828
0.308342092052  0.430981813 0.069018187  0.586918311 0.719690137  0.178916673 0.766540019  0.334853171 0.417211969
0.308486513299  0.431920683 0.068079317  0.586672259 0.720452237  0.179694278 0.765407631  0.334445854 0.417780551
0.308630934547  0.432858512 0.067141488  0.586426712 0.721213746  0.180470869 0.764276317  0.334039069 0.418348574
0.308775355795  0.433795300 0.066204700  0.586181668 0.721974665  0.181246446 0.763146075  0.333632814 0.418916040
0.308919777043  0.434731050 0.065268950  0.585937128 0.722734997  0.182021011 0.762016903  0.333227089 0.419482950
0.309064198291  0.435665765 0.064334235  0.585693090 0.723494741  0.182794567 0.760888799  0.332821893 0.420049304
0.309208619538  0.436599444 0.063400556  0.585449554 0.724253898  0.183567116 0.759761761  0.332417225 0.420615104
0.309353040786  0.437532092 0.062467908  0.585206518 0.725012471  0.184338658 0.758635788  0.332013084 0.421180350
0.309497462034  0.438463708 0.061536292  0.584963982 0.725770459  0.185109196 0.757510877  0.331609469 0.421745044
0.309641883282  0.439394296 0.060605704  0.584721944 0.726527864  0.185878731 0.756387026  0.331206379 0.422309186
0.30978630453  0.440323856 0.059676144  0.584480404 0.727284687  0.186647265 0.755264234  0.330803813 0.422872778
0.309930725777  0.441252392 0.058747608  0.584239362 0.728040929  0.187414801 0.754142499  0.330401771 0.423435820
0.310075147025  0.442179903 0.057820097  0.583998815 0.728796591  0.188181339 0.753021820  0.330000251 0.423998313
0.310219568273  0.443106393 0.056893607  0.583758764 0.729551673  0.188946881 0.751902193  0.329599253 0.424560259
0.310363989521  0.444031863 0.055968137  0.583519208 0.730306178  0.189711430 0.750783617  0.329198775 0.425121658
0.310508410768  0.444956315 0.055043685  0.583280145 0.731060106  0.190474987 0.749666091  0.328798816 0.425682512
0.310652832016  0.445879751 0.054120249  0.583041574 0.731813458  0.191237553 0.748549612  0.328399377 0.426242821
0.310797253264  0.446802172 0.053197828  0.582803496 0.732566234  0.191999131 0.747434179  0.328000455 0.426802586
0.310941674512  0.447723580 0.052276420  0.582565908 0.733318437  0.192759722 0.746319790  0.327602050 0.427361808
0.31108609576  0.448643977 0.051356023  0.582328811 0.734070067  0.193519328 0.745206443  0.327204162 0.427920488
0.311230517007  0.449563365 0.050436635  0.582092203 0.734821125  0.194277950 0.744094137  0.326806788 0.428478627
0.311374938255  0.450481746 0.049518254  0.581856084 0.735571612  0.195035590 0.742982868  0.326409929 0.429036226
0.311519359503  0.451399120 0.048600880  0.581620452 0.736321530  0.195792251 0.741872637  0.326013583 0.429593286
0.311663780751  0.452315491 0.047684509  0.581385307 0.737070878  0.196547933 0.740763440  0.325617749 0.430149808
0.311808201998  0.453230859 0.046769141  0.581150648 0.737819658  0.197302639 0.739655276  0.325222427 0.430705793
0.311952623246  0.454145227 0.045854773  0.580916474 0.738567872  0.198056369 0.738548143  0.324827616 0.431261242
0.312097044494  0.455058596 0.044941404  0.580682784 0.739315519  0.198809127 0.737442040  0.324433315 0.431816155
0.312241465742  0.455970969 0.044029031  0.580449578 0.740062602  0.199560912 0.736336964  0.324039522 0.432370534
0.31238588699  0.456882345 0.043117655  0.580216855 0.740809120  0.200311728 0.735232914  0.323646238 0.432924380
0.312530308237  0.457792729 0.042207271  0.579984613 0.741555076  0.201061576 0.734129888  0.323253460 0.433477693
0.312674729485  0.458702120 0.041297880  0.579752852 0.742300470  0.201810457 0.733027884  0.322861189 0.434030474
0.312819150733  0.459610521 0.040389479  0.579521571 0.743045302  0.202558373 0.731926901  0.322469423 0.434582725
0.312963571981  0.460517934 0.039482066  0.579290770 0.743789575  0.203305327 0.730826936  0.322078162 0.435134446
0.313107993229  0.461424361 0.038575639  0.579060447 0.744533289  0.204051318 0.729727989  0.321687405 0.435685638
0.313252414476  0.462329802 0.037670198  0.578830602 0.745276444  0.204796350 0.728630056  0.321297150 0.436236302
0.313396835724  0.463234260 0.036765740  0.578601234 0.746019043  0.205540423 0.727533137  0.320907397 0.436786439
0.313541256972  0.464137736 0.035862264  0.578372341 0.746761085  0.206283540 0.726437229  0.320518146 0.437336050
0.31368567822  0.465040232 0.034959768  0.578143924 0.747502572  0.207025702 0.725342332  0.320129394 0.437885136
0.313830099467  0.465941750 0.034058250  0.577915982 0.748243505  0.207766911 0.724248442  0.319741142 0.438433698
0.313974520715  0.466842292 0.033157708  0.577688512 0.748983885  0.208507168 0.723155559  0.319353388 0.438981736
0.314118941963  0.467741859 0.032258141  0.577461516 0.749723712  0.209246475 0.722063681  0.318966132 0.439529252
0.314263363211  0.468640452 0.031359548  0.577234992 0.750462988  0.209984833 0.720972805  0.318579373 0.440076246
0.314407784459  0.469538074 0.030461926  0.577008939 0.751201714  0.210722245 0.719882931  0.318193110 0.440622719
0.314552205706  0.470434726 0.029565274  0.576783356 0.751939890  0.211458712 0.718794056  0.317807341 0.441168673
0.314696626954  0.471330410 0.028669590  0.576558243 0.752677518  0.212194235 0.717706179  0.317422067 0.441714108
0.314841048202  0.472225128 0.027774872  0.576333599 0.753414599  0.212928816 0.716619298  0.317037287 0.442259025
0.31498546945  0.473118880 0.026881120  0.576109422 0.754151133  0.213662457 0.715533412  0.316652999 0.442803425
0.315129890697  0.474011670 0.025988330  0.575885713 0.754887121  0.214395159 0.714448518  0.316269202 0.443347308
0.315274311945  0.474903497 0.025096503  0.575662470 0.755622564  0.215126924 0.713364615  0.315885897 0.443890676
0.315418733193  0.475794365 0.024205635  0.575439693 0.756357464  0.215857754 0.712281701  0.315503081 0.444433530
0.315563154441  0.476684275 0.023315725  0.575217381 0.757091821  0.216587649 0.711199774  0.315120755 0.444975871
0.315707575689  0.477573228 0.022426772  0.574995532 0.757825636  0.217316613 0.710118834  0.314738917 0.445517698
0.315851996936  0.478461226 0.021538774  0.574774147 0.758558911  0.218044645 0.709038877  0.314357567 0.446059014
0.315996418184  0.479348270 0.020651730  0.574553225 0.759291645  0.218771749 0.707959903  0.313976703 0.446599819
0.316140839432  0.480234363 0.019765637  0.574332764 0.760023840  0.219497925 0.706881910  0.313596325 0.447140113
0.31628526068  0.481119506 0.018880494  0.574112764 0.760755497  0.220223174 0.705804896  0.313216432 0.447679899
0.316429681928  0.482003700 0.017996300  0.573893224 0.761486617  0.220947500 0.704728860  0.312837024 0.448219176
0.316574103175  0.482886947 0.017113053  0.573674144 0.762217200  0.221670902 0.703653799  0.312458099 0.448757946
0.316718524423  0.483769249 0.016230751  0.573455522 0.762947248  0.222393384 0.702579712  0.312079656 0.449296209
0.316862945671  0.484650607 0.015349393  0.573237358 0.763676761  0.223114945 0.701506598  0.311701695 0.449833967
0.317007366919  0.485531023 0.014468977  0.573019651 0.764405741  0.223835588 0.700434455  0.311324216 0.450371219
0.317151788166  0.486410499 0.013589501  0.572802400 0.765134189  0.224555315 0.699363280  0.310947216 0.450907968
0.317296209414  0.487289036 0.012710964  0.572585605 0.765862104  0.225274127 0.698293073  0.310570696 0.451444213
0.317440630662  0.488166635 0.011833365  0.572369264 0.766589489  0.225992025 0.697223832  0.310194654 0.451979957
0.31758505191  0.489043299 0.010956701  0.572153377 0.767316344  0.226709011 0.696155556  0.309819090 0.452515198
0.317729473158  0.489919028 0.010080972  0.571937944 0.768042670  0.227425086 0.695088242  0.309444002 0.453049939
0.317873894405  0.490793825 0.009206175  0.571722963 0.768768467  0.228140253 0.694021888  0.309069391 0.453584181
0.318018315653  0.491667691 0.008332309  0.571508434 0.769493738  0.228854512 0.692956495  0.308695255 0.454117923
0.318162736901  0.492540627 0.007459373  0.571294356 0.770218482  0.229567866 0.691892058  0.308321594 0.454651168
0.318307158149  0.493412636 0.006587364  0.571080728 0.770942701  0.230280315 0.690828578  0.307948407 0.455183915
0.318451579396  0.494283718 0.005716282  0.570867549 0.771666395  0.230991861 0.689766053  0.307575692 0.455716166
0.318596000644  0.495153876 0.004846124  0.570654820 0.772389565  0.231702506 0.688704480  0.307203449 0.456247921
0.318740421892  0.496023110 0.003976890  0.570442538 0.773112213  0.232412251 0.687643858  0.306831678 0.456779181
0.31888484314  0.496891423 0.003108577  0.570230703 0.773834339  0.233121097 0.686584186  0.306460378 0.457309948
0.319029264388  0.497758816 0.002241184  0.570019315 0.774555943  0.233829047 0.685525463  0.306089547 0.457840222
0.319173685635  0.498625290 0.001374710  0.569808372 0.775277028  0.234536102 0.684467685  0.305719185 0.458370003
0.319318106883  0.499490847 0.000509153  0.569597875 0.775997594  0.235242263 0.683410853  0.305349291 0.458899293
0.319462528131  0.500355488 0.999644512  0.569387821 0.776717641  0.235947531 0.682354963  0.304979864 0.459428092
0.319606949379  0.501219216 0.998780784  0.569178212 0.777437170  0.236651909 0.681300016  0.304610905 0.459956402
0.319751370627  0.502082031 0.997917969  0.568969045 0.778156183  0.237355398 0.680246008  0.304242411 0.460484223
0.319895791874  0.502943936 0.997056064  0.568760320 0.778874681  0.238057998 0.679192939  0.303874382 0.461011556
0.320040213122  0.503804931 0.996195069  0.568552036 0.779592663  0.238759712 0.678140807  0.303506817 0.461538401
0.32018463437  0.504665018 0.995334982  0.568344193 0.780310132  0.239460542 0.677089610  0.303139716 0.462064760
0.320329055618  0.505524199 0.994475801  0.568136789 0.781027087  0.240160488 0.676039348  0.302773078 0.462590633
0.320473476865  0.506382475 0.993617525  0.567929825 0.781743530  0.240859552 0.674990017  0.302406902 0.463116022
0.320617898113  0.507239848 0.992760152  0.567723299 0.782459462  0.241557735 0.673941617  0.302041186 0.463640926
0.320762319361  0.508096319 0.991903681  0.567517211 0.783174883  0.242255039 0.672894146  0.301675932 0.464165348
0.320906740609  0.508951889 0.991048111  0.567311560 0.783889794  0.242951466 0.671847603  0.301311137 0.464689286
0.321051161857  0.509806561 0.990193439  0.567106345 0.784604197  0.243647017 0.670801986  0.300946801 0.465212744
0.321195583104  0.510660336 0.989339664  0.566901565 0.785318091  0.244341693 0.669757293  0.300582923 0.465735720
0.321340004352  0.511513215 0.988486785  0.566697220 0.786031479  0.245035496 0.668713523  0.300219502 0.466258216
0.3214844256  0.512365199 0.987634801  0.566493310 0.786744360  0.245728427 0.667670675  0.299856538 0.466780234
0.321628846848  0.513216291 0.986783709  0.566289832 0.787456735  0.246420488 0.666628746  0.299494030 0.467301772
0.321773268095  0.514066491 0.985933509  0.566086788 0.788168606  0.247111680 0.665587736  0.299131977 0.467822834
0.321917689343  0.514915801 0.985084199  0.565884175 0.788879974  0.247802005 0.664547643  0.298770378 0.468343418
0.322062110591  0.515764223 0.984235777  0.565681993 0.789590838  0.248491463 0.663508465  0.298409233 0.468863526
0.322206531839  0.516611758 0.983388242  0.565480242 0.790301200  0.249180057 0.662470201  0.298048541 0.469383159
0.322350953087  0.517458408 0.982541592  0.565278921 0.791011062  0.249867788 0.661432849  0.297688301 0.469902318
0.322495374334  0.518304173 0.981695827  0.565078029 0.791720422  0.250554657 0.660396408  0.297328513 0.470421003
0.322639795582  0.519149056 0.980850944  0.564877565 0.792429283  0.251240666 0.659360876  0.296969175 0.470939215
0.32278421683  0.519993058 0.980006942  0.564677529 0.793137646  0.251925816 0.658326251  0.296610287 0.471456955
0.322928638078  0.520836180 0.979163820  0.564477920 0.793845510  0.252610108 0.657292533  0.296251848 0.471974224
0.323073059326  0.521678424 0.978321576  0.564278737 0.794552878  0.253293545 0.656259720  0.295893858 0.472491022
0.323217480573  0.522519791 0.977480209  0.564079980 0.795259749  0.253976126 0.655227810  0.295536315 0.473007350
0.323361901821  0.523360283 0.976639717  0.563881648 0.795966124  0.254657855 0.654196802  0.295179219 0.473523210
0.323506323069  0.524199902 0.975800098  0.563683740 0.796672006  0.255338731 0.653166694  0.294822569 0.474038601
0.323650744317  0.525038647 0.974961353  0.563486255 0.797377393  0.256018757 0.652137485  0.294466365 0.474553525
0.323795165564  0.525876522 0.974123478  0.563289194 0.798082287  0.256697934 0.651109173  0.294110606 0.475067982
0.323939586812  0.526713527 0.973286473  0.563092554 0.798786689  0.257376263 0.650081757  0.293755291 0.475581973
0.32408400806  0.527549664 0.972450336  0.562896336 0.799490600  0.258053746 0.649055235  0.293400419 0.476095499
0.324228429308  0.528384934 0.971615066  0.562700539 0.800194020  0.258730384 0.648029606  0.293045989 0.476608561
0.324372850556  0.529219339 0.970780661  0.562505162 0.800896951  0.259406179 0.647004869  0.292692002 0.477121159
0.324517271803  0.530052880 0.969947120  0.562310204 0.801599393  0.260081131 0.645981021  0.292338455 0.477633294
0.324661693051  0.530885558 0.969114442  0.562115665 0.802301346  0.260755242 0.644958062  0.291985349 0.478144967
0.324806114299  0.531717376 0.968282624  0.561921544 0.803002812  0.261428514 0.643935990  0.291632683 0.478656179
0.324950535547  0.532548334 0.967451666  0.561727841 0.803703792  0.262100948 0.642914804  0.291280456 0.479166930
0.325094956795  0.533378433 0.966621567  0.561534554 0.804404286  0.262772546 0.641894502  0.290928667 0.479677221
0.325239378042  0.534207676 0.965792324  0.561341683 0.805104295  0.263443308 0.640875082  0.290577315 0.480187053
0.32538379929  0.535036063 0.964963937  0.561149228 0.805803820  0.264113236 0.639856544  0.290226400 0.480696427
0.325528220538  0.535863596 0.964136404  0.560957187 0.806502862  0.264782331 0.638838885  0.289875922 0.481205344
0.325672641786  0.536690277 0.963309723  0.560765560 0.807201421  0.265450595 0.637822105  0.289525879 0.481713803
0.325817063033  0.537516106 0.962483894  0.560574347 0.807899499  0.266118029 0.636806202  0.289176270 0.482221806
0.325961484281  0.538341085 0.961658915  0.560383546 0.808597095  0.266784635 0.635791174  0.288827096 0.482729354
0.326105905529  0.539165216 0.960834784  0.560193158 0.809294211  0.267450413 0.634777020  0.288478355 0.483236448
0.326250326777  0.539988500 0.960011500  0.560003181 0.809990848  0.268115366 0.633763739  0.288130046 0.483743088
0.326394748025  0.540810938 0.959189062  0.559813614 0.810687007  0.268779494 0.632751330  0.287782170 0.484249274
0.326539169272  0.541632531 0.958367469  0.559624457 0.811382687  0.269442798 0.631739790  0.287434725 0.484755008
0.32668359052  0.542453282 0.957546718  0.559435710 0.812077891  0.270105281 0.630729118  0.287087710 0.485260291
0.326828011768  0.543273190 0.956726810  0.559247372 0.812772618  0.270766943 0.629719313  0.286741125 0.485765122
0.326972433016  0.544092259 0.955907741  0.559059441 0.813466870  0.271427786 0.628710374  0.286394969 0.486269503
0.327116854263  0.544910488 0.955089512  0.558871918 0.814160647  0.272087811 0.627702299  0.286049242 0.486773435
0.327261275511  0.545727880 0.954272120  0.558684802 0.814853951  0.272747020 0.626695087  0.285703942 0.487276918
0.327405696759  0.546544436 0.953455564  0.558498092 0.815546781  0.273405413 0.625688737  0.285359069 0.487779953
0.327550118007  0.547360157 0.952639843  0.558311788 0.816239139  0.274062992 0.624683246  0.285014623 0.488282541
0.327694539255  0.548175044 0.951824956  0.558125888 0.816931025  0.274719759 0.623678614  0.284670603 0.488784683
0.327838960502  0.548989099 0.951010901  0.557940392 0.817622440  0.275375714 0.622674839  0.284327007 0.489286378
0.32798338175  0.549802323 0.950197677  0.557755300 0.818313385  0.276030859 0.621671920  0.283983836 0.489787628
0.328127802998  0.550614718 0.949385282  0.557570611 0.819003861  0.276685195 0.620669855  0.283641088 0.490288434
0.328272224246  0.551426284 0.948573716  0.557386324 0.819693869  0.277338724 0.619668644  0.283298764 0.490788797
0.328416645494  0.552237024 0.947762976  0.557202438 0.820383408  0.277991447 0.618668284  0.282956861 0.491288716
0.328561066741  0.553046938 0.946953062  0.557018954 0.821072481  0.278643365 0.617668774  0.282615380 0.491788193
0.328705487989  0.553856028 0.946143972  0.556835870 0.821761087  0.279294479 0.616670113  0.282274321 0.492287228
0.328849909237  0.554664295 0.945335705  0.556653185 0.822449228  0.279944791 0.615672300  0.281933681 0.492785823
0.328994330485  0.555471740 0.944528260  0.556470900 0.823136904  0.280594301 0.614675333  0.281593461 0.493283978
0.329138751732  0.556278365 0.943721635  0.556289013 0.823824116  0.281243013 0.613679211  0.281253660 0.493781693
0.32928317298  0.557084172 0.942915828  0.556107524 0.824510865  0.281890925 0.612683933  0.280914277 0.494278969
0.329427594228  0.557889160 0.942110840  0.555926432 0.825197151  0.282538041 0.611689496  0.280575312 0.494775808
0.329572015476  0.558693333 0.941306667  0.555745736 0.825882975  0.283184360 0.610695901  0.280236764 0.495272209
0.329716436724  0.559496690 0.940503310  0.555565436 0.826568339  0.283829885 0.609703144  0.279898632 0.495768173
0.329860857971  0.560299233 0.939700767  0.555385532 0.827253242  0.284474617 0.608711226  0.279560915 0.496263702
0.330005279219  0.561100965 0.938899035  0.555206022 0.827937685  0.285118556 0.607720145  0.279223614 0.496758795
0.330149700467  0.561901885 0.938098115  0.555026906 0.828621670  0.285761704 0.606729899  0.278886726 0.497253454
0.330294121715  0.562701995 0.937298005  0.554848184 0.829305197  0.286404063 0.605740487  0.278550253 0.497747679
0.330438542962  0.563501297 0.936498703  0.554669854 0.829988266  0.287045634 0.604751908  0.278214192 0.498241471
0.33058296421  0.564299791 0.935700209  0.554491917 0.830670879  0.287686417 0.603764161  0.277878543 0.498734830
0.330727385458  0.565097480 0.934902520  0.554314371 0.831353036  0.288326415 0.602777243  0.277543306 0.499227758
0.330871806706  0.565894363 0.934105637  0.554137216 0.832034737  0.288965628 0.601791154  0.277208481 0.499720255
0.331016227954  0.566690444 0.933309556  0.553960451 0.832715985  0.289604057 0.600805893  0.276874065 0.500212321
0.331160649201  0.567485722 0.932514278  0.553784076 0.833396778  0.290241705 0.599821457  0.276540059 0.500703958
0.331305070449  0.568280199 0.931719801  0.553608091 0.834077119  0.290878571 0.598837847  0.276206463 0.501195165
0.331449491697  0.569073877 0.930926123  0.553432493 0.834757007  0.291514658 0.597855060  0.275873274 0.501685945
0.331593912945  0.569866757 0.930133243  0.553257283 0.835436444  0.292149967 0.596873095  0.275540494 0.502176296
0.331738334193  0.570658839 0.929341161  0.553082461 0.836115430  0.292784498 0.595891951  0.275208120 0.502666221
0.33188275544  0.571450126 0.928549874  0.552908025 0.836793966  0.293418254 0.594911627  0.274876153 0.503155720
0.332027176688  0.572240618 0.927759382  0.552733976 0.837472053  0.294051234 0.593932121  0.274544592 0.503644792
0.332171597936  0.573030317 0.926969683  0.552560311 0.838149691  0.294683441 0.592953432  0.274213436 0.504133440
0.332316019184  0.573819224 0.926180776  0.552387032 0.838826881  0.295314876 0.591975559  0.273882684 0.504621664
0.332460440431  0.574607340 0.925392660  0.552214137 0.839503624  0.295945540 0.590998500  0.273552336 0.505109464
0.332604861679  0.575394666 0.924605334  0.552041625 0.840179921  0.296575433 0.590022254  0.273222392 0.505596841
0.332749282927  0.576181205 0.923818795  0.551869496 0.840855771  0.297204558 0.589046820  0.272892850 0.506083796
0.332893704175  0.576966956 0.923033044  0.551697750 0.841531177  0.297832916 0.588072196  0.272563711 0.506570329
0.333038125423  0.577751921 0.922248079  0.551526386 0.842206138  0.298460508 0.587098382  0.272234972 0.507056441
0.33318254667  0.578536102 0.921463898  0.551355403 0.842880655  0.299087334 0.586125376  0.271906635 0.507542134
0.333326967918  0.579319500 0.920680500  0.551184800 0.843554730  0.299713396 0.585153176  0.271578697 0.508027406
0.333471389166  0.580102115 0.919897885  0.551014578 0.844228362  0.300338696 0.584181782  0.271251159 0.508512260
0.333615810414  0.580883950 0.919116050  0.550844735 0.844901553  0.300963235 0.583211192  0.270924020 0.508996695
0.333760231661  0.581665004 0.918334996  0.550675271 0.845574303  0.301587013 0.582241405  0.270597279 0.509480713
0.333904652909  0.582445281 0.917554719  0.550506185 0.846246612  0.302210032 0.581272420  0.270270936 0.509964313
0.334049074157  0.583224780 0.916775220  0.550337477 0.846918483  0.302832293 0.580304235  0.269944989 0.510447498
0.334193495405  0.584003503 0.915996497  0.550169146 0.847589914  0.303453797 0.579336849  0.269619440 0.510930267
0.334337916653  0.584781452 0.915218548  0.550001191 0.848260907  0.304074546 0.578370261  0.269294285 0.511412620
0.3344823379  0.585558627 0.914441373  0.549833613 0.848931463  0.304694541 0.577404470  0.268969526 0.511894560
0.334626759148  0.586335029 0.913664971  0.549666409 0.849601583  0.305313782 0.576439474  0.268645162 0.512376086
0.334771180396  0.587110661 0.912889339  0.549499581 0.850271266  0.305932271 0.575475272  0.268321191 0.512857198
0.334915601644  0.587885522 0.912114478  0.549333126 0.850940514  0.306550010 0.574511863  0.267997614 0.513337899
0.335060022892  0.588659615 0.911340385  0.549167046 0.851609327  0.307166999 0.573549245  0.267674429 0.513818187
0.335204444139  0.589432940 0.910567060  0.549001338 0.852277706  0.307783239 0.572587418  0.267351637 0.514298065
0.335348865387  0.590205499 0.909794501  0.548836003 0.852945652  0.308398732 0.571626380  0.267029236 0.514777532
0.335493286635  0.590977293 0.909022707  0.548671039 0.853613165  0.309013479 0.570666130  0.266707225 0.515256589
0.335637707883  0.591748323 0.908251677  0.548506447 0.854280247  0.309627481 0.569706667  0.266385605 0.515735237
0.33578212913  0.592518590 0.907481410  0.548342226 0.854946897  0.310240739 0.568747989  0.266064375 0.516213476
0.335926550378  0.593288095 0.906711905  0.548178375 0.855613117  0.310853254 0.567790096  0.265743534 0.516691307
0.336070971626  0.594056840 0.905943160  0.548014893 0.856278907  0.311465028 0.566832985  0.265423081 0.517168732
0.336215392874  0.594824826 0.905175174  0.547851781 0.856944267  0.312076061 0.565876656  0.265103016 0.517645749
0.336359814122  0.595592054 0.904407946  0.547689036 0.857609199  0.312686355 0.564921108  0.264783338 0.518122361
0.336504235369  0.596358524 0.903641476  0.547526660 0.858273703  0.313295911 0.563966339  0.264464047 0.518598567
0.336648656617  0.597124240 0.902875760  0.547364651 0.858937780  0.313904730 0.563012349  0.264145142 0.519074368
0.336793077865  0.597889200 0.902110800  0.547203009 0.859601430  0.314512813 0.562059135  0.263826622 0.519549766
0.336937499113  0.598653408 0.901346592  0.547041733 0.860264655  0.315120161 0.561106697  0.263508487 0.520024759
0.33708192036  0.599416863 0.900583137  0.546880823 0.860927454  0.315726776 0.560155033  0.263190736 0.520499350
0.337226341608  0.600179567 0.899820433  0.546720278 0.861589829  0.316332658 0.559204143  0.262873369 0.520973539
0.337370762856  0.600941521 0.899058479  0.546560097 0.862251780  0.316937809 0.558254025  0.262556386 0.521447326
0.337515184104  0.601702726 0.898297274  0.546400280 0.862913307  0.317542230 0.557304678  0.262239784 0.521920712
0.337659605352  0.602463184 0.897536816  0.546240827 0.863574412  0.318145922 0.556356101  0.261923565 0.522393698
0.337804026599  0.603222896 0.896777104  0.546081736 0.864235095  0.318748886 0.555408292  0.261607726 0.522866283
0.337948447847  0.603981862 0.896018138  0.545923008 0.864895357  0.319351123 0.554461251  0.261292269 0.523338470
0.338092869095  0.604740084 0.895259916  0.545764642 0.865555198  0.319952634 0.553514976  0.260977192 0.523810258
0.338237290343  0.605497563 0.894502437  0.545606636 0.866214620  0.320553421 0.552569466  0.260662494 0.524281649
0.338381711591  0.606254301 0.893745699  0.545448992 0.866873622  0.321153484 0.551624719  0.260348175 0.524752642
0.338526132838  0.607010298 0.892989702  0.545291707 0.867532205  0.321752825 0.550680735  0.260034235 0.525223238
0.338670554086  0.607765555 0.892234445  0.545134782 0.868190370  0.322351445 0.549737513  0.259720672 0.525693438
0.338814975334  0.608520073 0.891479927  0.544978216 0.868848118  0.322949344 0.548795051  0.259407486 0.526163243
0.338959396582  0.609273855 0.890726145  0.544822008 0.869505450  0.323546524 0.547853348  0.259094678 0.526632653
0.339103817829  0.610026900 0.889973100  0.544666159 0.870162365  0.324142987 0.546912403  0.258782245 0.527101669
0.339248239077  0.610779211 0.889220789  0.544510666 0.870818865  0.324738732 0.545972215  0.258470188 0.527570291
0.339392660325  0.611530787 0.888469213  0.544355531 0.871474950  0.325333762 0.545032783  0.258158506 0.528038519
0.339537081573  0.612281631 0.887718369  0.544200751 0.872130620  0.325928077 0.544094105  0.257847198 0.528506356
0.339681502821  0.613031743 0.886968257  0.544046328 0.872785878  0.326521678 0.543156180  0.257536264 0.528973801
0.339825924068  0.613781124 0.886218876  0.543892260 0.873440722  0.327114567 0.542219007  0.257225703 0.529440854
0.339970345316  0.614529776 0.885470224  0.543738546 0.874095155  0.327706745 0.541282586  0.256915515 0.529907517
0.340114766564  0.615277700 0.884722300  0.543585186 0.874749175  0.328298212 0.540346914  0.256605698 0.530373790
0.340259187812  0.616024897 0.883975103  0.543432180 0.875402785  0.328888970 0.539411991  0.256296254 0.530839673
0.340403609059  0.616771367 0.883228633  0.543279527 0.876055984  0.329479020 0.538477816  0.255987180 0.531305167
0.340548030307  0.617517113 0.882482887  0.543127227 0.876708774  0.330068363 0.537544387  0.255678477 0.531770274
0.340692451555  0.618262135 0.881737865  0.542975279 0.877361155  0.330656999 0.536611703  0.255370143 0.532234992
0.340836872803  0.619006434 0.880993566  0.542823682 0.878013127  0.331244931 0.535679763  0.255062179 0.532699324
0.340981294051  0.619750011 0.880249989  0.542672436 0.878664691  0.331832159 0.534748566  0.254754583 0.533163269
0.341125715298  0.620492868 0.879507132  0.542521540 0.879315848  0.332418684 0.533818112  0.254447356 0.533626828
0.341270136546  0.621235005 0.878764995  0.542370994 0.879966599  0.333004507 0.532888398  0.254140496 0.534090002
0.341414557794  0.621976424 0.878023576  0.542220798 0.880616944  0.333589630 0.531959423  0.253834004 0.534552791
0.341558979042  0.622717125 0.877282875  0.542070950 0.881266883  0.334174052 0.531031187  0.253527877 0.535015196
0.34170340029  0.623457111 0.876542889  0.541921451 0.881916418  0.334757777 0.530103689  0.253222117 0.535477217
0.341847821537  0.624196381 0.875803619  0.541772299 0.882565548  0.335340804 0.529176926  0.252916722 0.535938855
0.341992242785  0.624934937 0.875065063  0.541623495 0.883214275  0.335923134 0.528250899  0.252611692 0.536400112
0.342136664033  0.625672781 0.874327219  0.541475037 0.883862600  0.336504769 0.527325606  0.252307026 0.536860986
0.342281085281  0.626409912 0.873590088  0.541326926 0.884510522  0.337085710 0.526401045  0.252002724 0.537321479
0.342425506528  0.627146333 0.872853667  0.541179160 0.885158042  0.337665957 0.525477217  0.251698784 0.537781591
0.342569927776  0.627882043 0.872117957  0.541031740 0.885805161  0.338245512 0.524554119  0.251395208 0.538241324
0.342714349024  0.628617046 0.871382954  0.540884664 0.886451880  0.338824376 0.523631750  0.251091994 0.538700676
0.342858770272  0.629351340 0.870648660  0.540737932 0.887098200  0.339402549 0.522710110  0.250789141 0.539159650
0.34300319152  0.630084929 0.869915071  0.540591544 0.887744120  0.339980034 0.521789198  0.250486649 0.539618246
0.343147612767  0.630817811 0.869182189  0.540445499 0.888389641  0.340556830 0.520869011  0.250184518 0.540076464
0.343292034015  0.631549990 0.868450010  0.540299796 0.889034765  0.341132939 0.519949550  0.249882746 0.540534304
0.343436455263  0.632281465 0.867718535  0.540154436 0.889679491  0.341708362 0.519030813  0.249581334 0.540991768
0.343580876511  0.633012237 0.866987763  0.540009417 0.890323820  0.342283101 0.518112799  0.249280281 0.541448856
0.343725297759  0.633742309 0.866257691  0.539864740 0.890967753  0.342857155 0.517195506  0.248979586 0.541905568
0.343869719006  0.634471680 0.865528320  0.539720403 0.891611291  0.343430526 0.516278935  0.248679248 0.542361906
0.344014140254  0.635200352 0.864799648  0.539576405 0.892254434  0.344003215 0.515363083  0.248379268 0.542817869
0.344158561502  0.635928327 0.864071673  0.539432748 0.892897182  0.344575223 0.514447950  0.248079645 0.543273458
0.34430298275  0.636655604 0.863344396  0.539289429 0.893539536  0.345146552 0.513533534  0.247780378 0.543728674
0.344447403997  0.637382185 0.862617815  0.539146449 0.894181498  0.345717201 0.512619835  0.247481466 0.544183518
0.344591825245  0.638108071 0.861891929  0.539003807 0.894823067  0.346287173 0.511706851  0.247182909 0.544637989
0.344736246493  0.638833264 0.861166736  0.538861503 0.895464243  0.346856468 0.510794582  0.246884707 0.545092088
0.344880667741  0.639557763 0.860442237  0.538719536 0.896105029  0.347425087 0.509883025  0.246586859 0.545545817
0.345025088989  0.640281571 0.859718429  0.538577905 0.896745423  0.347993031 0.508972181  0.246289365 0.545999175
0.345169510236  0.641004688 0.858995312  0.538436610 0.897385428  0.348560301 0.508062048  0.245992223 0.546452164
0.345313931484  0.641727115 0.858272885  0.538295651 0.898025042  0.349126898 0.507152625  0.245695434 0.546904783
0.345458352732  0.642448854 0.857551146  0.538155027 0.898664268  0.349692824 0.506243911  0.245398997 0.547357033
0.34560277398  0.643169905 0.856830095  0.538014737 0.899303106  0.350258079 0.505335905  0.245102911 0.547808915
0.345747195227  0.643890269 0.856109731  0.537874781 0.899941555  0.350822664 0.504428605  0.244807176 0.548260429
0.345891616475  0.644609947 0.855390053  0.537735159 0.900579617  0.351386580 0.503522012  0.244511792 0.548711576
0.346036037723  0.645328941 0.854671059  0.537595870 0.901217292  0.351949828 0.502616123  0.244216757 0.549162356
0.346180458971  0.646047252 0.853952748  0.537456914 0.901854582  0.352512409 0.501710938  0.243922071 0.549612771
0.346324880219  0.646764879 0.853235121  0.537318289 0.902491486  0.353074325 0.500806455  0.243627735 0.550062820
0.346469301466  0.647481826 0.852518174  0.537179997 0.903128004  0.353635575 0.499902674  0.243333746 0.550512504
0.346613722714  0.648198091 0.851801909  0.537042035 0.903764139  0.354196162 0.498999594  0.243040106 0.550961824
0.346758143962  0.648913677 0.851086323  0.536904404 0.904399889  0.354756086 0.498097213  0.242746812 0.551410779
0.34690256521  0.649628585 0.850371415  0.536767103 0.905035257  0.355315348 0.497195530  0.242453866 0.551859372
0.347046986458  0.650342815 0.849657185  0.536630132 0.905670241  0.355873948 0.496294545  0.242161265 0.552307601
0.347191407705  0.651056368 0.848943632  0.536493490 0.906304844  0.356431889 0.495394256  0.241869010 0.552755469
0.347335828953  0.651769247 0.848230753  0.536357176 0.906939065  0.356989171 0.494494663  0.241577101 0.553202975
0.347480250201  0.652481450 0.847518550  0.536221191 0.907572905  0.357545795 0.493595764  0.241285536 0.553650119
0.347624671449  0.653192980 0.846807020  0.536085533 0.908206365  0.358101762 0.492697558  0.240994315 0.554096903
0.347769092696  0.653903837 0.846096163  0.535950203 0.908839445  0.358657073 0.491800045  0.240703438 0.554543327
0.347913513944  0.654614023 0.845385977  0.535815200 0.909472145  0.359211728 0.490903222  0.240412904 0.554989391
0.348057935192  0.655323539 0.844676461  0.535680522 0.910104467  0.359765730 0.490007090  0.240122713 0.555435096
0.34820235644  0.656032385 0.843967615  0.535546171 0.910736411  0.360319078 0.489111647  0.239832864 0.555880443
0.348346777688  0.656740562 0.843259438  0.535412145 0.911367977  0.360871774 0.488216892  0.239543357 0.556325432
0.348491198935  0.657448072 0.842551928  0.535278443 0.911999167  0.361423819 0.487322824  0.239254190 0.556770063
0.348635620183  0.658154915 0.841845085  0.535145067 0.912629980  0.361975213 0.486429443  0.238965365 0.557214337
0.348780041431  0.658861092 0.841138908  0.535012014 0.913260417  0.362525958 0.485536746  0.238676879 0.557658255
0.348924462679  0.659566605 0.840433395  0.534879284 0.913890478  0.363076055 0.484644734  0.238388733 0.558101817
0.349068883926  0.660271454 0.839728546  0.534746877 0.914520165  0.363625504 0.483753405  0.238100927 0.558545024
0.349213305174  0.660975641 0.839024359  0.534614793 0.915149478  0.364174306 0.482862757  0.237813459 0.558987876
0.349357726422  0.661679166 0.838320834  0.534483031 0.915778417  0.364722463 0.481972791  0.237526329 0.559430374
0.34950214767  0.662382030 0.837617970  0.534351591 0.916406983  0.365269976 0.481083505  0.237239536 0.559872518
0.349646568918  0.663084234 0.836915766  0.534220471 0.917035176  0.365816845 0.480194898  0.236953081 0.560314308
0.349790990165  0.663785780 0.836214220  0.534089672 0.917662997  0.366363071 0.479306969  0.236666963 0.560755746
0.349935411413  0.664486668 0.835513332  0.533959193 0.918290447  0.366908655 0.478419717  0.236381181 0.561196832
0.350079832661  0.665186899 0.834813101  0.533829034 0.918917526  0.367453598 0.477533141  0.236095734 0.561637566
0.350224253909  0.665886474 0.834113526  0.533699195 0.919544235  0.367997902 0.476647240  0.235810623 0.562077949
0.350368675157  0.666585394 0.833414606  0.533569673 0.920170574  0.368541566 0.475762014  0.235525846 0.562517981
0.350513096404  0.667283660 0.832716340  0.533440471 0.920796544  0.369084593 0.474877460  0.235241404 0.562957663
0.350657517652  0.667981273 0.832018727  0.533311586 0.921422144  0.369626982 0.473993578  0.234957295 0.563396996
0.3508019389  0.668678234 0.831321766  0.533183018 0.922047377  0.370168735 0.473110368  0.234673520 0.563835979
0.350946360148  0.669374544 0.830625456  0.533054768 0.922672242  0.370709853 0.472227828  0.234390077 0.564274614
0.351090781395  0.670070203 0.829929797  0.532926833 0.923296740  0.371250337 0.471345957  0.234106967 0.564712900
0.351235202643  0.670765214 0.829234786  0.532799215 0.923920872  0.371790187 0.470464754  0.233824188 0.565150839
0.351379623891  0.671459576 0.828540424  0.532671912 0.924544637  0.372329404 0.469584218  0.233541741 0.565588431
0.351524045139  0.672153291 0.827846709  0.532544925 0.925168037  0.372867990 0.468704349  0.233259624 0.566025676
0.351668466387  0.672846359 0.827153641  0.532418252 0.925791072  0.373405945 0.467825144  0.232977838 0.566462576
0.351812887634  0.673538782 0.826461218  0.532291893 0.926413743  0.373943271 0.466946604  0.232696382 0.566899129
0.351957308882  0.674230561 0.825769439  0.532165848 0.927036050  0.374479968 0.466068728  0.232415255 0.567335338
0.35210173013  0.674921696 0.825078304  0.532040116 0.927657993  0.375016036 0.465191513  0.232134457 0.567771202
0.352246151378  0.675612188 0.824387812  0.531914697 0.928279574  0.375551478 0.464314960  0.231853988 0.568206722
0.352390572625  0.676302038 0.823697962  0.531789591 0.928900792  0.376086294 0.463439068  0.231573846 0.568641899
0.352534993873  0.676991248 0.823008752  0.531664796 0.929521649  0.376620484 0.462563835  0.231294032 0.569076732
0.352679415121  0.677679818 0.822320182  0.531540313 0.930142144  0.377154050 0.461689260  0.231014545 0.569511223
0.352823836369  0.678367749 0.821632251  0.531416141 0.930762279  0.377686993 0.460815343  0.230735385 0.569945372
0.352968257617  0.679055042 0.820944958  0.531292279 0.931382054  0.378219313 0.459942083  0.230456550 0.570379179
0.353112678864  0.679741698 0.820258302  0.531168728 0.932001469  0.378751012 0.459069478  0.230178041 0.570812645
0.353257100112  0.680427718 0.819572282  0.531045486 0.932620524  0.379282090 0.458197528  0.229899858 0.571245771
0.35340152136  0.681113103 0.818886897  0.530922554 0.933239222  0.379812548 0.457326232  0.229621999 0.571678556
0.353545942608  0.681797853 0.818202147  0.530799930 0.933857561  0.380342387 0.456455588  0.229344464 0.572111002
0.353690363856  0.682481970 0.817518030  0.530677615 0.934475543  0.380871608 0.455585596  0.229067253 0.572543109
0.353834785103  0.683165454 0.816834546  0.530555607 0.935093167  0.381400212 0.454716255  0.228790365 0.572974877
0.353979206351  0.683848307 0.816151693  0.530433907 0.935710436  0.381928200 0.453847564  0.228513800 0.573406307
0.354123627599  0.684530529 0.815469471  0.530312514 0.936327348  0.382455572 0.452979523  0.228237557 0.573837399
0.354268048847  0.685212121 0.814787879  0.530191428 0.936943905  0.382982330 0.452112129  0.227961637 0.574268155
0.354412470094  0.685893085 0.814106915  0.530070648 0.937560106  0.383508474 0.451245382  0.227686037 0.574698573
0.354556891342  0.686573421 0.813426579  0.529950174 0.938175954  0.384034006 0.450379282  0.227410759 0.575128656
0.35470131259  0.687253129 0.812746871  0.529830005 0.938791447  0.384558926 0.449513826  0.227135801 0.575558403
0.354845733838  0.687932212 0.812067788  0.529710140 0.939406587  0.385083234 0.448649015  0.226861163 0.575987814
0.354990155086  0.688610669 0.811389331  0.529590581 0.940021375  0.385606933 0.447784848  0.226586845 0.576416891
0.355134576333  0.689288502 0.810711498  0.529471325 0.940635809  0.386130022 0.446921323  0.226312845 0.576845634
0.355278997581  0.689965711 0.810034289  0.529352373 0.941249892  0.386652504 0.446058439  0.226039165 0.577274043
0.355423418829  0.690642298 0.809357702  0.529233723 0.941863624  0.387174377 0.445196197  0.225765802 0.577702119
0.355567840077  0.691318263 0.808681737  0.529115377 0.942477005  0.387695644 0.444334593  0.225492758 0.578129861
0.355712261324  0.691993608 0.808006392  0.528997333 0.943090035  0.388216305 0.443473629  0.225220030 0.578557272
0.355856682572  0.692668333 0.807331667  0.528879591 0.943702716  0.388736362 0.442613303  0.224947620 0.578984351
0.35600110382  0.693342438 0.806657562  0.528762150 0.944315047  0.389255814 0.441753613  0.224675526 0.579411098
0.356145525068  0.694015926 0.805984074  0.528645010 0.944927029  0.389774664 0.440894560  0.224403748 0.579837515
0.356289946316  0.694688796 0.805311204  0.528528171 0.945538663  0.390292910 0.440036141  0.224132285 0.580263601
0.356434367563  0.695361050 0.804638950  0.528411631 0.946149949  0.390810556 0.439178357  0.223861137 0.580689357
0.356578788811  0.696032688 0.803967312  0.528295392 0.946760888  0.391327601 0.438321206  0.223590304 0.581114783
0.356723210059  0.696703712 0.803296288  0.528179452 0.947371480  0.391844046 0.437464688  0.223319785 0.581539881
0.356867631307  0.697374123 0.802625877  0.528063810 0.947981726  0.392359893 0.436608801  0.223049580 0.581964650
0.357012052555  0.698043920 0.801956080  0.527948467 0.948591626  0.392875141 0.435753545  0.222779688 0.582389091
0.357156473802  0.698713106 0.801286894  0.527833422 0.949201181  0.393389792 0.434898918  0.222510109 0.582813205
0.35730089505  0.699381680 0.800618320  0.527718675 0.949810391  0.393903847 0.434044920  0.222240842 0.583236991
0.357445316298  0.700049644 0.799950356  0.527604225 0.950419256  0.394417306 0.433191551  0.221971887 0.583660451
0.357589737546  0.700716999 0.799283001  0.527490072 0.951027778  0.394930171 0.432338808  0.221703244 0.584083584
0.357734158793  0.701383745 0.798616255  0.527376215 0.951635956  0.395442442 0.431486691  0.221434911 0.584506392
0.357878580041  0.702049884 0.797950116  0.527262654 0.952243791  0.395954120 0.430635199  0.221166890 0.584928874
0.358023001289  0.702715416 0.797284584  0.527149388 0.952851284  0.396465206 0.429784332  0.220899178 0.585351032
0.358167422537  0.703380342 0.796619658  0.527036418 0.953458435  0.396975700 0.428934088  0.220631776 0.585772866
0.358311843785  0.704044663 0.795955337  0.526923742 0.954065245  0.397485605 0.428084467  0.220364683 0.586194375
0.358456265032  0.704708380 0.795291620  0.526811360 0.954671714  0.397994919 0.427235467  0.220097900 0.586615561
0.35860068628  0.705371493 0.794628507  0.526699273 0.955277843  0.398503645 0.426387088  0.219831424 0.587036424
0.358745107528  0.706034004 0.793965996  0.526587478 0.955883631  0.399011783 0.425539329  0.219565257 0.587456965
0.358889528776  0.706695914 0.793304086  0.526475977 0.956489080  0.399519334 0.424692190  0.219299397 0.587877184
0.359033950023  0.707357223 0.792642777  0.526364769 0.957094190  0.400026298 0.423845668  0.219033844 0.588297081
0.359178371271  0.708017931 0.791982069  0.526253852 0.957698962  0.400532677 0.422999763  0.218768598 0.588716657
0.359322792519  0.708678041 0.791321959  0.526143228 0.958303396  0.401038471 0.422154475  0.218503658 0.589135912
0.359467213767  0.709337553 0.790662447  0.526032894 0.958907492  0.401543682 0.421309802  0.218239024 0.589554847
0.359611635015  0.709996467 0.790003533  0.525922852 0.959511251  0.402048310 0.420465744  0.217974695 0.589973462
0.359756056262  0.710654785 0.789345215  0.525813100 0.960114673  0.402552355 0.419622300  0.217710671 0.590391758
0.35990047751  0.711312506 0.788687494  0.525703639 0.960717760  0.403055819 0.418779469  0.217446952 0.590809735
0.360044898758  0.711969634 0.788030366  0.525594467 0.961320511  0.403558703 0.417937250  0.217183537 0.591227394
0.360189320006  0.712626167 0.787373833  0.525485585 0.961922927  0.404061007 0.417095642  0.216920425 0.591644735
0.360333741254  0.713282106 0.786717894  0.525376992 0.962525008  0.404562732 0.416254644  0.216657617 0.592061758
0.360478162501  0.713937454 0.786062546  0.525268687 0.963126755  0.405063879 0.415414255  0.216395111 0.592478464
0.360622583749  0.714592210 0.785407790  0.525160670 0.963728168  0.405564448 0.414574476  0.216132908 0.592894854
0.360767004997  0.715246375 0.784753625  0.525052941 0.964329248  0.406064441 0.413735304  0.215871007 0.593310927
0.360911426245  0.715899951 0.784100049  0.524945500 0.964929996  0.406563859 0.412896738  0.215609407 0.593726685
0.361055847492  0.716552937 0.783447063  0.524838345 0.965530411  0.407062701 0.412058779  0.215348109 0.594142127
0.36120026874  0.717205336 0.782794664  0.524731477 0.966130494  0.407560970 0.411221425  0.215087111 0.594557255
0.361344689988  0.717857147 0.782142853  0.524624895 0.966730246  0.408058665 0.410384676  0.214826414 0.594972068
0.361489111236  0.718508371 0.781491629  0.524518599 0.967329667  0.408555788 0.409548529  0.214566016 0.595386567
0.361633532484  0.719159010 0.780840990  0.524412588 0.967928757  0.409052339 0.408712986  0.214305918 0.595800753
0.361777953731  0.719809063 0.780190937  0.524306862 0.968527518  0.409548319 0.407878044  0.214046118 0.596214625
0.361922374979  0.720458533 0.779541467  0.524201421 0.969125949  0.410043730 0.407043703  0.213786618 0.596628185
0.362066796227  0.721107419 0.778892581  0.524096264 0.969724052  0.410538571 0.406209962  0.213527415 0.597041433
0.362211217475  0.721755723 0.778244277  0.523991391 0.970321825  0.411032843 0.405376821  0.213268511 0.597454369
0.362355638723  0.722403445 0.777596555  0.523886801 0.970919271  0.411526548 0.404544278  0.213009903 0.597866994
0.36250005997  0.723050587 0.776949413  0.523782494 0.971516389  0.412019686 0.403712332  0.212751593 0.598279308
0.362644481218  0.723697148 0.776302852  0.523678470 0.972113180  0.412512258 0.402880983  0.212493579 0.598691311
0.362788902466  0.724343131 0.775656869  0.523574728 0.972709644  0.413004264 0.402050230  0.212235861 0.599103005
0.362933323714  0.724988534 0.775011466  0.523471267 0.973305782  0.413495706 0.401220072  0.211978439 0.599514388
0.363077744961  0.725633360 0.774366640  0.523368089 0.973901594  0.413986585 0.400390509  0.211721313 0.599925463
0.363222166209  0.726277610 0.773722390  0.523265191 0.974497081  0.414476900 0.399561538  0.211464481 0.600336229
0.363366587457  0.726921283 0.773078717  0.523162574 0.975092243  0.414966653 0.398733161  0.211207944 0.600746687
0.363511008705  0.727564381 0.772435619  0.523060237 0.975687080  0.415455845 0.397905375  0.210951700 0.601156836
0.363655429953  0.728206905 0.771793095  0.522958180 0.976281594  0.415944476 0.397078180  0.210695751 0.601566679
0.3637998512  0.728848856 0.771151144  0.522856403 0.976875784  0.416432547 0.396251575  0.210440094 0.601976214
0.363944272448  0.729490233 0.770509767  0.522754904 0.977469651  0.416920059 0.395425559  0.210184731 0.602385443
0.364088693696  0.730131038 0.769868962  0.522653685 0.978063195  0.417407013 0.394600132  0.209929660 0.602794365
0.364233114944  0.730771273 0.769228727  0.522552744 0.978656418  0.417893410 0.393775292  0.209674881 0.603202982
0.364377536191  0.731410936 0.768589064  0.522452080 0.979249318  0.418379249 0.392951039  0.209420393 0.603611294
0.364521957439  0.732050030 0.767949970  0.522351695 0.979841898  0.418864533 0.392127372  0.209166197 0.604019301
0.364666378687  0.732688556 0.767311444  0.522251586 0.980434156  0.419349261 0.391304291  0.208912292 0.604427003
0.364810799935  0.733326513 0.766673487  0.522151755 0.981026095  0.419833435 0.390481793  0.208658677 0.604834401
0.364955221183  0.733963903 0.766036097  0.522052200 0.981617713  0.420317055 0.389659880  0.208405352 0.605241496
0.36509964243  0.734600726 0.765399274  0.521952921 0.982209012  0.420800122 0.388838549  0.208152317 0.605648287
0.365244063678  0.735236984 0.764763016  0.521853917 0.982799992  0.421282638 0.388017800  0.207899571 0.606054776
0.365388484926  0.735872677 0.764127323  0.521755189 0.983390653  0.421764601 0.387197632  0.207647114 0.606460962
0.365532906174  0.736507806 0.763492194  0.521656736 0.983980996  0.422246014 0.386378044  0.207394945 0.606866847
0.365677327422  0.737142371 0.762857629  0.521558558 0.984571022  0.422726878 0.385559036  0.207143064 0.607272430
0.365821748669  0.737776374 0.762223626  0.521460654 0.985160730  0.423207192 0.384740607  0.206891471 0.607677711
0.365966169917  0.738409815 0.761590185  0.521363023 0.985750122  0.423686957 0.383922756  0.206640165 0.608082692
0.366110591165  0.739042695 0.760957305  0.521265666 0.986339197  0.424166175 0.383105482  0.206389146 0.608487373
0.366255012413  0.739675014 0.760324986  0.521168582 0.986927956  0.424644846 0.382288784  0.206138414 0.608891754
0.36639943366  0.740306775 0.759693225  0.521071771 0.987516400  0.425122971 0.381472661  0.205887967 0.609295836
0.366543854908  0.740937976 0.759062024  0.520975232 0.988104529  0.425600551 0.380657114  0.205637807 0.609699618
0.366688276156  0.741568620 0.758431380  0.520878965 0.988692343  0.426077586 0.379842140  0.205387931 0.610103102
0.366832697404  0.742198706 0.757801294  0.520782969 0.989279843  0.426554077 0.379027740  0.205138341 0.610506288
0.366977118652  0.742828236 0.757171764  0.520687245 0.989867029  0.427030025 0.378213911  0.204889035 0.610909176
0.367121539899  0.743457210 0.756542790  0.520591792 0.990453902  0.427505431 0.377400655  0.204640013 0.611311767
0.367265961147  0.744085629 0.755914371  0.520496609 0.991040462  0.427980294 0.376587969  0.204391274 0.611714060
0.367410382395  0.744713494 0.755286506  0.520401696 0.991626710  0.428454617 0.375775853  0.204142819 0.612116057
0.367554803643  0.745340806 0.754659194  0.520307053 0.992212645  0.428928400 0.374964307  0.203894648 0.612517758
0.36769922489  0.745967565 0.754032435  0.520212680 0.992798269  0.429401643 0.374153329  0.203646758 0.612919163
0.367843646138  0.746593772 0.753406228  0.520118575 0.993383582  0.429874348 0.373342918  0.203399151 0.613320273
0.367988067386  0.747219429 0.752780571  0.520024739 0.993968585  0.430346515 0.372533075  0.203151826 0.613721088
0.368132488634  0.747844534 0.752155466  0.519931172 0.994553277  0.430818144 0.371723798  0.202904782 0.614121608
0.368276909882  0.748469090 0.751530910  0.519837872 0.995137659  0.431289237 0.370915086  0.202658019 0.614521835
0.368421331129  0.749093098 0.750906902  0.519744840 0.995721731  0.431759794 0.370106938  0.202411536 0.614921767
0.368565752377  0.749716557 0.750283443  0.519652075 0.996305495  0.432229816 0.369299354  0.202165334 0.615321406
0.368710173625  0.750339469 0.749660531  0.519559577 0.996888950  0.432699304 0.368492334  0.201919412 0.615720753
0.368854594873  0.750961834 0.749038166  0.519467345 0.997472097  0.433168258 0.367685875  0.201673770 0.616119806
0.368999016121  0.751583653 0.748416347  0.519375380 0.998054936  0.433636679 0.366879978  0.201428406 0.616518568
0.369143437368  0.752204928 0.747795072  0.519283680 0.998637468  0.434104569 0.366074642  0.201183321 0.616917038
0.369287858616  0.752825657 0.747174343  0.519192246 0.999219693  0.434571926 0.365269865  0.200938515 0.617315216
0.369432279864  0.753445844 0.746554156  0.519101077 0.999801612  0.435038753 0.364465648  0.200693986 0.617713104
0.369576701112  0.754065487 0.745934513  0.519010172 0.000383225  0.435505050 0.363661989  0.200449736 0.618110701
0.369721122359  0.754684588 0.745315412  0.518919532 0.000964532  0.435970818 0.362858888  0.200205762 0.618508008
0.369865543607  0.755303148 0.744696852  0.518829156 0.001545533  0.436436057 0.362056344  0.199962065 0.618905025
0.370009964855  0.755921166 0.744078834  0.518739043 0.002126230  0.436900769 0.361254356  0.199718645 0.619301753
0.370154386103  0.756538645 0.743461355  0.518649194 0.002706623  0.437364953 0.360452923  0.199475501 0.619698192
0.370298807351  0.757155585 0.742844415  0.518559607 0.003286712  0.437828611 0.359652045  0.199232633 0.620094342
0.370443228598  0.757771986 0.742228014  0.518470283 0.003866497  0.438291743 0.358851721  0.198990040 0.620490204
0.370587649846  0.758387850 0.741612150  0.518381222 0.004445979  0.438754350 0.358051950  0.198747722 0.620885779
0.370732071094  0.759003176 0.740996824  0.518292422 0.005025158  0.439216433 0.357252731  0.198505678 0.621281066
0.370876492342  0.759617966 0.740382034  0.518203884 0.005604035  0.439677992 0.356454064  0.198263909 0.621676066
0.371020913589  0.760232221 0.739767779  0.518115606 0.006182610  0.440139028 0.355655948  0.198022414 0.622070779
0.371165334837  0.760845941 0.739154059  0.518027590 0.006760884  0.440599542 0.354858382  0.197781192 0.622465206
0.371309756085  0.761459126 0.738540874  0.517939834 0.007338856  0.441059535 0.354061365  0.197540243 0.622859347
0.371454177333  0.762071778 0.737928222  0.517852339 0.007916528  0.441519007 0.353264897  0.197299568 0.623253203
0.371598598581  0.762683898 0.737316102  0.517765103 0.008493900  0.441977959 0.352468976  0.197059164 0.623646774
0.371743019828  0.763295485 0.736704515  0.517678126 0.009070972  0.442436392 0.351673603  0.196819033 0.624040060
0.371887441076  0.763906541 0.736093459  0.517591409 0.009647745  0.442894306 0.350878777  0.196579173 0.624433062
0.372031862324  0.764517067 0.735482933  0.517504950 0.010224218  0.443351702 0.350084495  0.196339585 0.624825780
0.372176283572  0.765127062 0.734872938  0.517418750 0.010800393  0.443808580 0.349290759  0.196100268 0.625218215
0.37232070482  0.765736529 0.734263471  0.517332807 0.011376270  0.444264942 0.348497567  0.195861221 0.625610366
0.372465126067  0.766345467 0.733654533  0.517247123 0.011951848  0.444720788 0.347704919  0.195622444 0.626002234
0.372609547315  0.766953877 0.733046123  0.517161695 0.012527130  0.445176120 0.346912813  0.195383937 0.626393821
0.372753968563  0.767561761 0.732438239  0.517076525 0.013102114  0.445630936 0.346121249  0.195145700 0.626785125
0.372898389811  0.768169118 0.731830882  0.516991611 0.013676802  0.446085239 0.345330227  0.194907732 0.627176147
0.373042811058  0.768775950 0.731224050  0.516906954 0.014251194  0.446539028 0.344539745  0.194670033 0.627566889
0.373187232306  0.769382256 0.730617744  0.516822553 0.014825290  0.446992305 0.343749803  0.194432602 0.627957349
0.373331653554  0.769988039 0.730011961  0.516738407 0.015399091  0.447445071 0.342960399  0.194195439 0.628347529
0.373476074802  0.770593298 0.729406702  0.516654517 0.015972596  0.447897325 0.342171535  0.193958544 0.628737429
0.37362049605  0.771198034 0.728801966  0.516570881 0.016545807  0.448349069 0.341383208  0.193721916 0.629127049
0.373764917297  0.771802248 0.728197752  0.516487501 0.017118724  0.448800303 0.340595417  0.193485555 0.629516390
0.373909338545  0.772405941 0.727594059  0.516404374 0.017691347  0.449251028 0.339808163  0.193249461 0.629905452
0.374053759793  0.773009113 0.726990887  0.516321502 0.018263677  0.449701245 0.339021445  0.193013633 0.630294235
0.374198181041  0.773611766 0.726388234  0.516238883 0.018835713  0.450150954 0.338235261  0.192778072 0.630682740
0.374342602288  0.774213899 0.725786101  0.516156517 0.019407457  0.450600156 0.337449611  0.192542775 0.631070967
0.374487023536  0.774815513 0.725184487  0.516074405 0.019978909  0.451048852 0.336664494  0.192307744 0.631458917
0.374631444784  0.775416609 0.724583391  0.515992545 0.020550069  0.451497043 0.335879910  0.192072978 0.631846589
0.374775866032  0.776017189 0.723982811  0.515910937 0.021120938  0.451944728 0.335095858  0.191838476 0.632233985
0.37492028728  0.776617251 0.723382749  0.515829581 0.021691516  0.452391909 0.334312338  0.191604238 0.632621104
0.375064708527  0.777216798 0.722783202  0.515748477 0.022261802  0.452838586 0.333529347  0.191370265 0.633007948
0.375209129775  0.777815830 0.722184170  0.515667624 0.022831799  0.453284760 0.332746886  0.191136554 0.633394516
0.375353551023  0.778414347 0.721585653  0.515587022 0.023401506  0.453730432 0.331964955  0.190903107 0.633780808
0.375497972271  0.779012351 0.720987649  0.515506671 0.023970923  0.454175603 0.331183552  0.190669922 0.634166826
0.375642393519  0.779609841 0.720390159  0.515426569 0.024540052  0.454620272 0.330402676  0.190437000 0.634552569
0.375786814766  0.780206819 0.719793181  0.515346718 0.025108891  0.455064441 0.329622327  0.190204340 0.634938038
0.375931236014  0.780803285 0.719196715  0.515267117 0.025677443  0.455508111 0.328842505  0.189971942 0.635323233
0.376075657262  0.781399241 0.718600759  0.515187765 0.026245706  0.455951281 0.328063208  0.189739805 0.635708154
0.37622007851  0.781994686 0.718005314  0.515108662 0.026813682  0.456393953 0.327284436  0.189507929 0.636092803
0.376364499757  0.782589621 0.717410379  0.515029807 0.027381371  0.456836128 0.326506188  0.189276314 0.636477179
0.376508921005  0.783184047 0.716815953  0.514951201 0.027948773  0.457277805 0.325728463  0.189044959 0.636861283
0.376653342253  0.783777965 0.716222035  0.514872843 0.028515888  0.457718986 0.324951261  0.188813864 0.637245114
0.376797763501  0.784371375 0.715628625  0.514794732 0.029082718  0.458159672 0.324174581  0.188583029 0.637628674
0.376942184749  0.784964278 0.715035722  0.514716869 0.029649262  0.458599862 0.323398423  0.188352453 0.638011963
0.377086605996  0.785556675 0.714443325  0.514639253 0.030215521  0.459039558 0.322622785  0.188122136 0.638394981
0.377231027244  0.786148566 0.713851434  0.514561883 0.030781494  0.459478761 0.321847667  0.187892078 0.638777728
0.377375448492  0.786739953 0.713260047  0.514484760 0.031347184  0.459917470 0.321073068  0.187662278 0.639160205
0.37751986974  0.787330834 0.712669166  0.514407883 0.031912589  0.460355687 0.320298988  0.187432735 0.639542412
0.377664290987  0.787921213 0.712078787  0.514331252 0.032477711  0.460793412 0.319525426  0.187203451 0.639924350
0.377808712235  0.788511088 0.711488912  0.514254866 0.033042549  0.461230646 0.318752381  0.186974424 0.640306019
0.377953133483  0.789100461 0.710899539  0.514178725 0.033607105  0.461667389 0.317979853  0.186745653 0.640687418
0.378097554731  0.789689332 0.710310668  0.514102829 0.034171377  0.462103643 0.317207840  0.186517140 0.641068550
0.378241975979  0.790277702 0.709722298  0.514027177 0.034735368  0.462539407 0.316436343  0.186288882 0.641449413
0.378386397226  0.790865572 0.709134428  0.513951770 0.035299077  0.462974683 0.315665360  0.186060880 0.641830009
0.378530818474  0.791452943 0.708547057  0.513876606 0.035862504  0.463409471 0.314894891  0.185833134 0.642210338
0.378675239722  0.792039814 0.707960186  0.513801686 0.036425650  0.463843771 0.314124935  0.185605644 0.642590399
0.37881966097  0.792626187 0.707373813  0.513727009 0.036988516  0.464277585 0.313355491  0.185378408 0.642970194
0.378964082218  0.793212062 0.706787938  0.513652575 0.037551101  0.464710913 0.312586560  0.185151426 0.643349722
0.379108503465  0.793797440 0.706202560  0.513578384 0.038113406  0.465143756 0.311818139  0.184924699 0.643728985
0.379252924713  0.794382322 0.705617678  0.513504434 0.038675432  0.465576114 0.311050229  0.184698226 0.644107982
0.379397345961  0.794966708 0.705033292  0.513430727 0.039237178  0.466007987 0.310282828  0.184472007 0.644486714
0.379541767209  0.795550599 0.704449401  0.513357261 0.039798646  0.466439378 0.309515936  0.184246040 0.644865181
0.379686188456  0.796133995 0.703866005  0.513284037 0.040359835  0.466870285 0.308749553  0.184020327 0.645243383
0.379830609704  0.796716897 0.703283103  0.513211053 0.040920746  0.467300710 0.307983678  0.183794866 0.645621321
0.379975030952  0.797299307 0.702700693  0.513138310 0.041481379  0.467730654 0.307218310  0.183569657 0.645998995
0.3801194522  0.797881224 0.702118776  0.513065808 0.042041735  0.468160117 0.306453448  0.183344701 0.646376406
0.380263873448  0.798462649 0.701537351  0.512993545 0.042601813  0.468589099 0.305689092  0.183119996 0.646753554
0.380408294695  0.799043583 0.700956417  0.512921522 0.043161616  0.469017602 0.304925241  0.182895542 0.647130439
0.380552715943  0.799624026 0.700375974  0.512849739 0.043721141  0.469445626 0.304161894  0.182671339 0.647507061
0.380697137191  0.800203979 0.699796021  0.512778195 0.044280391  0.469873171 0.303399051  0.182447387 0.647883422
0.380841558439  0.800783443 0.699216557  0.512706890 0.044839366  0.470300238 0.302636711  0.182223685 0.648259520
0.380985979687  0.801362418 0.698637582  0.512635823 0.045398065  0.470726828 0.301874874  0.182000233 0.648635357
0.381130400934  0.801940906 0.698059094  0.512564994 0.045956489  0.471152942 0.301113538  0.181777030 0.649010933
0.381274822182  0.802518906 0.697481094  0.512494403 0.046514639  0.471578580 0.300352704  0.181554077 0.649386249
0.38141924343  0.803096419 0.696903581  0.512424050 0.047072515  0.472003742 0.299592369  0.181331373 0.649761303
0.381563664678  0.803673446 0.696326554  0.512353934 0.047630117  0.472428430 0.298832535  0.181108918 0.650136098
0.381708085925  0.804249987 0.695750013  0.512284055 0.048187446  0.472852643 0.298073200  0.180886711 0.650510633
0.381852507173  0.804826044 0.695173956  0.512214412 0.048744502  0.473276383 0.297314363  0.180664752 0.650884909
0.381996928421  0.805401616 0.694598384  0.512145006 0.049301285  0.473699650 0.296556025  0.180443040 0.651258926
0.382141349669  0.805976705 0.694023295  0.512075836 0.049857795  0.474122445 0.295798183  0.180221576 0.651632684
0.382285770917  0.806551311 0.693448689  0.512006902 0.050414034  0.474544768 0.295040838  0.180000359 0.652006183
0.382430192164  0.807125434 0.692874566  0.511938203 0.050970001  0.474966621 0.294283989  0.179779389 0.652379425
0.382574613412  0.807699076 0.692300924  0.511869739 0.051525697  0.475388002 0.293527635  0.179558665 0.652752409
0.38271903466  0.808272237 0.691727763  0.511801511 0.052081122  0.475808914 0.292771776  0.179338188 0.653125135
0.382863455908  0.808844917 0.691155083  0.511733516 0.052636277  0.476229357 0.292016410  0.179117956 0.653497604
0.383007877155  0.809417118 0.690582882  0.511665756 0.053191161  0.476649331 0.291261538  0.178897969 0.653869817
0.383152298403  0.809988839 0.690011161  0.511598230 0.053745776  0.477068837 0.290507159  0.178678228 0.654241774
0.383296719651  0.810560081 0.689439919  0.511530937 0.054300121  0.477487876 0.289753272  0.178458732 0.654613474
0.383441140899  0.811130846 0.688869154  0.511463878 0.054854197  0.477906448 0.288999876  0.178239480 0.654984919
0.383585562147  0.811701133 0.688298867  0.511397052 0.055408004  0.478324553 0.288246971  0.178020472 0.655356108
0.383729983394  0.812270944 0.687729056  0.511330459 0.055961542  0.478742193 0.287494556  0.177801708 0.655727042
0.383874404642  0.812840278 0.687159722  0.511264098 0.056514813  0.479159368 0.286742630  0.177583188 0.656097722
0.38401882589  0.813409137 0.686590863  0.511197969 0.057067816  0.479576079 0.285991194  0.177364911 0.656468147
0.384163247138  0.813977521 0.686022479  0.511132072 0.057620552  0.479992326 0.285240245  0.177146877 0.656838318
0.384307668386  0.814545430 0.685454570  0.511066406 0.058173020  0.480408110 0.284489785  0.176929085 0.657208235
0.384452089633  0.815112866 0.684887134  0.511000972 0.058725222  0.480823431 0.283739811  0.176711536 0.657577899
0.384596510881  0.815679829 0.684320171  0.510935769 0.059277158  0.481238290 0.282990323  0.176494229 0.657947310
0.384740932129  0.816246320 0.683753680  0.510870796 0.059828827  0.481652687 0.282241321  0.176277164 0.658316469
0.384885353377  0.816812338 0.683187662  0.510806054 0.060380231  0.482066624 0.281492805  0.176060340 0.658685374
0.385029774624  0.817377886 0.682622114  0.510741542 0.060931370  0.482480101 0.280744772  0.175843757 0.659054028
0.385174195872  0.817942962 0.682057038  0.510677259 0.061482244  0.482893118 0.279997224  0.175627415 0.659422430
0.38531861712  0.818507569 0.681492431  0.510613206 0.062032853  0.483305676 0.279250159  0.175411313 0.659790581
0.385463038368  0.819071706 0.680928294  0.510549383 0.062583198  0.483717775 0.278503576  0.175195451 0.660158480
0.385607459616  0.819635375 0.680364625  0.510485788 0.063133279  0.484129416 0.277757475  0.174979830 0.660526129
0.385751880863  0.820198575 0.679801425  0.510422422 0.063683096  0.484540601 0.277011856  0.174764447 0.660893527
0.385896302111  0.820761308 0.679238692  0.510359284 0.064232651  0.484951328 0.276266717  0.174549304 0.661260675
0.386040723359  0.821323573 0.678676427  0.510296374 0.064781942  0.485361599 0.275522058  0.174334400 0.661627573
0.386185144607  0.821885372 0.678114628  0.510233692 0.065330971  0.485771415 0.274777879  0.174119735 0.661994222
0.386329565854  0.822446706 0.677553294  0.510171237 0.065879737  0.486180776 0.274034179  0.173905308 0.662360622
0.386473987102  0.823007574 0.676992426  0.510109010 0.066428242  0.486589682 0.273290957  0.173691119 0.662726773
0.38661840835  0.823567977 0.676432023  0.510047009 0.066976485  0.486998135 0.272548212  0.173477167 0.663092675
0.386762829598  0.824127917 0.675872083  0.509985235 0.067524467  0.487406135 0.271805945  0.173263453 0.663458329
0.386907250846  0.824687393 0.675312607  0.509923688 0.068072188  0.487813681 0.271064154  0.173049976 0.663823735
0.387051672093  0.825246406 0.674753594  0.509862366 0.068619649  0.488220776 0.270322839  0.172836736 0.664188893
0.387196093341  0.825804957 0.674195043  0.509801270 0.069166849  0.488627419 0.269581999  0.172623733 0.664553805
0.387340514589  0.826363046 0.673636954  0.509740400 0.069713790  0.489033611 0.268841633  0.172410965 0.664918469
0.387484935837  0.826920674 0.673079326  0.509679754 0.070260471  0.489439353 0.268101742  0.172198434 0.665282887
0.387629357085  0.827477841 0.672522159  0.509619334 0.070806893  0.489844646 0.267362323  0.171986138 0.665647058
0.387773778332  0.828034549 0.671965451  0.509559138 0.071353056  0.490249489 0.266623378  0.171774077 0.666010983
0.38791819958  0.828590798 0.671409202  0.509499167 0.071898961  0.490653883 0.265884905  0.171562252 0.666374663
0.388062620828  0.829146587 0.670853413  0.509439419 0.072444607  0.491057829 0.265146903  0.171350661 0.666738097
0.388207042076  0.829701919 0.670298081  0.509379895 0.072989996  0.491461328 0.264409372  0.171139304 0.667101286
0.388351463323  0.830256793 0.669743207  0.509320595 0.073535127  0.491864380 0.263672312  0.170928182 0.667464231
0.388495884571  0.830811210 0.669188790  0.509261518 0.074080000  0.492266985 0.262935721  0.170717294 0.667826931
0.388640305819  0.831365170 0.668634830  0.509202664 0.074624617  0.492669145 0.262199599  0.170506638 0.668189387
0.388784727067  0.831918675 0.668081325  0.509144032 0.075168978  0.493070859 0.261463946  0.170296217 0.668551599
0.388929148315  0.832471724 0.667528276  0.509085623 0.075713082  0.493472129 0.260728761  0.170086028 0.668913568
0.389073569562  0.833024319 0.666975681  0.509027436 0.076256931  0.493872955 0.259994043  0.169876071 0.669275293
0.38921799081  0.833576460 0.666423540  0.508969471 0.076800524  0.494273337 0.259259792  0.169666347 0.669636776
0.389362412058  0.834128147 0.665871853  0.508911727 0.077343861  0.494673276 0.258526007  0.169456855 0.669998016
0.389506833306  0.834679382 0.665320618  0.508854204 0.077886944  0.495072773 0.257792688  0.169247595 0.670359014
0.389651254553  0.835230163 0.664769837  0.508796902 0.078429772  0.495471828 0.257059834  0.169038567 0.670719769
0.389795675801  0.835780494 0.664219506  0.508739821 0.078972346  0.495870441 0.256327444  0.168829769 0.671080284
0.389940097049  0.836330372 0.663669628  0.508682961 0.079514667  0.496268614 0.255595517  0.168621202 0.671440556
0.390084518297  0.836879801 0.663120199  0.508626320 0.080056733  0.496666347 0.254864054  0.168412866 0.671800588
0.390228939545  0.837428779 0.662571221  0.508569900 0.080598546  0.497063640 0.254133054  0.168204760 0.672160379
0.390373360792  0.837977308 0.662022692  0.508513699 0.081140107  0.497460493 0.253402515  0.167996884 0.672519930
0.39051778204  0.838525387 0.661474613  0.508457717 0.081681415  0.497856909 0.252672438  0.167789238 0.672879240
0.390662203288  0.839073019 0.660926981  0.508401954 0.082222470  0.498252886 0.251942822  0.167581822 0.673238311
0.390806624536  0.839620202 0.660379798  0.508346410 0.082763273  0.498648426 0.251213667  0.167374634 0.673597142
0.390951045784  0.840166938 0.659833062  0.508291085 0.083303825  0.499043529 0.250484970  0.167167675 0.673955734
0.391095467031  0.840713228 0.659286772  0.508235977 0.083844126  0.499438196 0.249756733  0.166960945 0.674314087
0.391239888279  0.841259072 0.658740928  0.508181088 0.084384175  0.499832427 0.249028955  0.166754443 0.674672202
0.391384309527  0.841804470 0.658195530  0.508126416 0.084923974  0.500226223 0.248301634  0.166548169 0.675030078
0.391528730775  0.842349422 0.657650578  0.508071962 0.085463523  0.500619584 0.247574771  0.166342123 0.675387716
0.391673152022  0.842893931 0.657106069  0.508017725 0.086002821  0.501012510 0.246848364  0.166136304 0.675745116
0.39181757327  0.843437996 0.656562004  0.507963704 0.086541870  0.501405004 0.246122414  0.165930712 0.676102280
0.391961994518  0.843981617 0.656018383  0.507909900 0.087080669  0.501797064 0.245396919  0.165725347 0.676459206
0.392106415766  0.844524796 0.655475204  0.507856313 0.087619219  0.502188692 0.244671880  0.165520209 0.676815895
0.392250837014  0.845067532 0.654932468  0.507802942 0.088157521  0.502579887 0.243947295  0.165315297 0.677172347
0.392395258261  0.845609827 0.654390173  0.507749786 0.088695574  0.502970652 0.243223164  0.165110611 0.677528564
0.392539679509  0.846151680 0.653848320  0.507696846 0.089233378  0.503360985 0.242499486  0.164906151 0.677884544
0.392684100757  0.846693093 0.653306907  0.507644121 0.089770935  0.503750888 0.241776261  0.164701916 0.678240289
0.392828522005  0.847234066 0.652765934  0.507591611 0.090308245  0.504140361 0.241053488  0.164497906 0.678595799
0.392972943252  0.847774600 0.652225400  0.507539316 0.090845307  0.504529405 0.240331167  0.164294121 0.678951074
0.3931173645  0.848314695 0.651685305  0.507487235 0.091382122  0.504918021 0.239609296  0.164090561 0.679306114
0.393261785748  0.848854351 0.651145649  0.507435368 0.091918691  0.505306208 0.238887877  0.163887225 0.679660919
0.393406206996  0.849393570 0.650606430  0.507383715 0.092455014  0.505693967 0.238166907  0.163684113 0.680015490
0.393550628244  0.849932351 0.650067649  0.507332276 0.092991090  0.506081299 0.237446386  0.163481224 0.680369828
0.393695049491  0.850470696 0.649529304  0.507281051 0.093526921  0.506468205 0.236726315  0.163278559 0.680723932
0.393839470739  0.851008605 0.648991395  0.507230038 0.094062507  0.506854684 0.236006691  0.163076118 0.681077802
0.393983891987  0.851546077 0.648453923  0.507179238 0.094597847  0.507240738 0.235287516  0.162873899 0.681431440
0.394128313235  0.852083115 0.647916885  0.507128651 0.095132943  0.507626367 0.234568787  0.162671903 0.681784845
0.394272734483  0.852619719 0.647380281  0.507078276 0.095667794  0.508011572 0.233850505  0.162470129 0.682138018
0.39441715573  0.853155888 0.646844112  0.507028113 0.096202402  0.508396352 0.233132669  0.162268577 0.682490959
0.394561576978  0.853691624 0.646308376  0.506978162 0.096736765  0.508780709 0.232415278  0.162067248 0.682843667
0.394705998226  0.854226927 0.645773073  0.506928423 0.097270885  0.509164643 0.231698332  0.161866139 0.683196145
0.394850419474  0.854761798 0.645238202  0.506878895 0.097804762  0.509548155 0.230981831  0.161665252 0.683548391
0.394994840721  0.855296237 0.644703763  0.506829578 0.098338396  0.509931245 0.230265773  0.161464586 0.683900406
0.395139261969  0.855830244 0.644169756  0.506780471 0.098871787  0.510313914 0.229550159  0.161264140 0.684252190
0.395283683217  0.856363821 0.643636179  0.506731575 0.099404936  0.510696161 0.228834987  0.161063915 0.684603744
0.395428104465  0.856896968 0.643103032  0.506682890 0.099937843  0.511077989 0.228120257  0.160863911 0.684955069
0.395572525713  0.857429685 0.642570315  0.506634414 0.100470509  0.511459397 0.227405969  0.160664126 0.685306163
0.39571694696  0.857961973 0.642038027  0.506586148 0.101002933  0.511840385 0.226692122  0.160464560 0.685657028
0.395861368208  0.858493832 0.641506168  0.506538092 0.101535116  0.512220955 0.225978715  0.160265214 0.686007663
0.396005789456  0.859025263 0.640974737  0.506490244 0.102067058  0.512601106 0.225265748  0.160066087 0.686358070
0.396150210704  0.859556267 0.640443733  0.506442606 0.102598760  0.512980840 0.224553221  0.159867179 0.686708248
0.396294631951  0.860086844 0.639913156  0.506395176 0.103130222  0.513360157 0.223841132  0.159668489 0.687058198
0.396439053199  0.860616994 0.639383006  0.506347955 0.103661444  0.513739056 0.223129482  0.159470018 0.687407919
0.396583474447  0.861146718 0.638853282  0.506300942 0.104192426  0.514117540 0.222418269  0.159271765 0.687757413
0.396727895695  0.861676017 0.638323983  0.506254137 0.104723169  0.514495608 0.221707493  0.159073729 0.688106679
0.396872316943  0.862204890 0.637795110  0.506207540 0.105253673  0.514873261 0.220997155  0.158875911 0.688455718
0.39701673819  0.862733340 0.637266660  0.506161150 0.105783939  0.515250500 0.220287252  0.158678310 0.688804531
0.397161159438  0.863261366 0.636738634  0.506114967 0.106313966  0.515627324 0.219577784  0.158480926 0.689153116
0.397305580686  0.863788968 0.636211032  0.506068991 0.106843755  0.516003735 0.218868752  0.158283758 0.689501475
0.397450001934  0.864316147 0.635683853  0.506023222 0.107373306  0.516379732 0.218160154  0.158086807 0.689849608
0.397594423182  0.864842905 0.635157095  0.505977659 0.107902620  0.516755317 0.217451991  0.157890072 0.690197515
0.397738844429  0.865369240 0.634630760  0.505932303 0.108431697  0.517130490 0.216744260  0.157693553 0.690545197
0.397883265677  0.865895154 0.634104846  0.505887152 0.108960537  0.517505252 0.216036963  0.157497249 0.690892654
0.398027686925  0.866420648 0.633579352  0.505842207 0.109489140  0.517879602 0.215330097  0.157301161 0.691239885
0.398172108173  0.866945721 0.633054279  0.505797467 0.110017507  0.518253542 0.214623664  0.157105288 0.691586892
0.39831652942  0.867470375 0.632529625  0.505752933 0.110545638  0.518627071 0.213917661  0.156909629 0.691933674
0.398460950668  0.867994609 0.632005391  0.505708603 0.111073533  0.519000191 0.213212090  0.156714185 0.692280232
0.398605371916  0.868518425 0.631481575  0.505664478 0.111601193  0.519372902 0.212506949  0.156518956 0.692626566
0.398749793164  0.869041822 0.630958178  0.505620558 0.112128618  0.519745205 0.211802237  0.156323940 0.692972677
0.398894214412  0.869564802 0.630435198  0.505576841 0.112655808  0.520117099 0.211097954  0.156129138 0.693318564
0.399038635659  0.870087365 0.629912635  0.505533329 0.113182763  0.520488586 0.210394100  0.155934550 0.693664229
0.399183056907  0.870609511 0.629390489  0.505490020 0.113709485  0.520859666 0.209690674  0.155740175 0.694009670
0.399327478155  0.871131242 0.628868758  0.505446915 0.114235972  0.521230340 0.208987676  0.155546013 0.694354889
0.399471899403  0.871652556 0.628347444  0.505404012 0.114762226  0.521600607 0.208285105  0.155352063 0.694699886
0.399616320651  0.872173456 0.627826544  0.505361313 0.115288246  0.521970469 0.207582960  0.155158326 0.695044661
0.399760741898  0.872693941 0.627306059  0.505318816 0.115814033  0.522339925 0.206881241  0.154964801 0.695389214
0.399905163146  0.873214012 0.626785988  0.505276522 0.116339587  0.522708977 0.206179947  0.154771488 0.695733546
0.400049584394  0.873733669 0.626266331  0.505234430 0.116864909  0.523077625 0.205479079  0.154578387 0.696077657
0.400194005642  0.874252913 0.625747087  0.505192540 0.117389999  0.523445870 0.204778634  0.154385497 0.696421547
0.400338426889  0.874771745 0.625228255  0.505150852 0.117914857  0.523813711 0.204078614  0.154192818 0.696765216
0.400482848137  0.875290165 0.624709835  0.505109365 0.118439483  0.524181150 0.203379017  0.154000350 0.697108665
0.400627269385  0.875808173 0.624191827  0.505068079 0.118963878  0.524548187 0.202679843  0.153808093 0.697451894
0.400771690633  0.876325770 0.623674230  0.505026995 0.119488042  0.524914822 0.201981091  0.153616046 0.697794903
0.400916111881  0.876842957 0.623157043  0.504986111 0.120011974  0.525281056 0.201282761  0.153424209 0.698137693
0.401060533128  0.877359734 0.622640266  0.504945427 0.120535677  0.525646889 0.200584852  0.153232582 0.698480263
0.401204954376  0.877876101 0.622123899  0.504904944 0.121059149  0.526012322 0.199887364  0.153041165 0.698822614
0.401349375624  0.878392059 0.621607941  0.504864660 0.121582392  0.526377355 0.199190296  0.152849957 0.699164747
0.401493796872  0.878907609 0.621092391  0.504824577 0.122105404  0.526741990 0.198493648  0.152658958 0.699506661
0.401638218119  0.879422750 0.620577250  0.504784693 0.122628188  0.527106225 0.197797419  0.152468168 0.699848357
0.401782639367  0.879937484 0.620062516  0.504745008 0.123150742  0.527470063 0.197101609  0.152277586 0.700189836
0.401927060615  0.880451811 0.619548189  0.504705522 0.123673067  0.527833502 0.196406217  0.152087213 0.700531096
0.402071481863  0.880965732 0.619034268  0.504666236 0.124195164  0.528196544 0.195711243  0.151897048 0.700872139
0.402215903111  0.881479246 0.618520754  0.504627147 0.124717033  0.528559190 0.195016686  0.151707091 0.701212965
0.402360324358  0.881992355 0.618007645  0.504588257 0.125238674  0.528921439 0.194322546  0.151517341 0.701553575
0.402504745606  0.882505059 0.617494941  0.504549565 0.125760087  0.529283293 0.193628821  0.151327799 0.701893967
0.402649166854  0.883017358 0.616982642  0.504511071 0.126281273  0.529644751 0.192935513  0.151138464 0.702234144
0.402793588102  0.883529254 0.616470746  0.504472775 0.126802231  0.530005814 0.192242619  0.150949335 0.702574104
0.40293800935  0.884040745 0.615959255  0.504434676 0.127322963  0.530366483 0.191550140  0.150760414 0.702913849
0.403082430597  0.884551834 0.615448166  0.504396774 0.127843468  0.530726758 0.190858075  0.150571698 0.703253378
0.403226851845  0.885062520 0.614937480  0.504359068 0.128363747  0.531086640 0.190166424  0.150383189 0.703592691
0.403371273093  0.885572804 0.614427196  0.504321560 0.128883800  0.531446129 0.189475186  0.150194885 0.703931790
0.403515694341  0.886082686 0.613917314  0.504284248 0.129403627  0.531805225 0.188784361  0.150006787 0.704270674
0.403660115588  0.886592167 0.613407833  0.504247132 0.129923229  0.532163929 0.188093948  0.149818894 0.704609344
0.403804536836  0.887101247 0.612898753  0.504210212 0.130442606  0.532522242 0.187403946  0.149631207 0.704947799
0.403948958084  0.887609927 0.612390073  0.504173488 0.130961757  0.532880163 0.186714355  0.149443724 0.705286040
0.404093379332  0.888118208 0.611881792  0.504136959 0.131480684  0.533237694 0.186025176  0.149256446 0.705624068
0.40423780058  0.888626089 0.611373911  0.504100626 0.131999387  0.533594835 0.185336406  0.149069372 0.705961882
0.404382221827  0.889133572 0.610866428  0.504064488 0.132517866  0.533951587 0.184648046  0.148882502 0.706299483
0.404526643075  0.889640656 0.610359344  0.504028544 0.133036120  0.534307949 0.183960094  0.148695836 0.706636871
0.404671064323  0.890147343 0.609852657  0.503992795 0.133554152  0.534663922 0.183272552  0.148509374 0.706974047
0.404815485571  0.890653632 0.609346368  0.503957240 0.134071960  0.535019507 0.182585418  0.148323115 0.707311010
0.404959906818  0.891159525 0.608840475  0.503921880 0.134589545  0.535374705 0.181898691  0.148137059 0.707647761
0.405104328066  0.891665021 0.608334979  0.503886713 0.135106907  0.535729515 0.181212371  0.147951207 0.707984300
0.405248749314  0.892170121 0.607829879  0.503851740 0.135624047  0.536083938 0.180526459  0.147765556 0.708320627
0.405393170562  0.892674826 0.607325174  0.503816960 0.136140965  0.536437975 0.179840952  0.147580108 0.708656743
0.40553759181  0.893179136 0.606820864  0.503782373 0.136657661  0.536791626 0.179155851  0.147394863 0.708992648
0.405682013057  0.893683052 0.606316948  0.503747980 0.137174135  0.537144891 0.178471155  0.147209819 0.709328342
0.405826434305  0.894186574 0.605813426  0.503713779 0.137690388  0.537497772 0.177786864  0.147024977 0.709663825
0.405970855553  0.894689702 0.605310298  0.503679770 0.138206420  0.537850268 0.177102977  0.146840336 0.709999098
0.406115276801  0.895192437 0.604807563  0.503645954 0.138722230  0.538202380 0.176419494  0.146655896 0.710334161
0.406259698049  0.895694780 0.604305220  0.503612330 0.139237821  0.538554108 0.175736413  0.146471658 0.710669014
0.406404119296  0.896196731 0.603803269  0.503578898 0.139753191  0.538905453 0.175053736  0.146287620 0.711003658
0.406548540544  0.896698290 0.603301710  0.503545657 0.140268341  0.539256415 0.174371461  0.146103782 0.711338092
0.406692961792  0.897199458 0.602800542  0.503512607 0.140783271  0.539606996 0.173689588  0.145920145 0.711672317
0.40683738304  0.897700235 0.602299765  0.503479749 0.141297982  0.539957194 0.173008116  0.145736708 0.712006333
0.406981804287  0.898200622 0.601799378  0.503447081 0.141812474  0.540307011 0.172327045  0.145553470 0.712340141
0.407126225535  0.898700620 0.601299380  0.503414605 0.142326746  0.540656447 0.171646374  0.145370432 0.712673740
0.407270646783  0.899200228 0.600799772  0.503382318 0.142840800  0.541005503 0.170966103  0.145187594 0.713007131
0.407415068031  0.899699447 0.600300553  0.503350222 0.143354636  0.541354179 0.170286231  0.145004954 0.713340314
0.407559489279  0.900198278 0.599801722  0.503318316 0.143868253  0.541702475 0.169606758  0.144822513 0.713673290
0.407703910526  0.900696721 0.599303279  0.503286599 0.144381653  0.542050393 0.168927684  0.144640271 0.714006058
0.407848331774  0.901194777 0.598805223  0.503255072 0.144894835  0.542397931 0.168249008  0.144458226 0.714338619
0.407992753022  0.901692446 0.598307554  0.503223735 0.145407799  0.542745092 0.167570729  0.144276380 0.714670974
0.40813717427  0.902189729 0.597810271  0.503192586 0.145920547  0.543091875 0.166892847  0.144094732 0.715003122
0.408281595517  0.902686625 0.597313375  0.503161627 0.146433077  0.543438280 0.166215361  0.143913282 0.715335063
0.408426016765  0.903183136 0.596816864  0.503130856 0.146945391  0.543784309 0.165538272  0.143732029 0.715666798
0.408570438013  0.903679262 0.596320738  0.503100273 0.147457489  0.544129961 0.164861578  0.143550973 0.715998328
0.408714859261  0.904175003 0.595824997  0.503069879 0.147969370  0.544475238 0.164185279  0.143370114 0.716329652
0.408859280509  0.904670360 0.595329640  0.503039673 0.148481036  0.544820139 0.163509374  0.143189451 0.716660770
0.409003701756  0.905165333 0.594834667  0.503009654 0.148992486  0.545164665 0.162833864  0.143008985 0.716991684
0.409148123004  0.905659923 0.594340077  0.502979823 0.149503721  0.545508816 0.162158748  0.142828715 0.717322392
0.409292544252  0.906154131 0.593845869  0.502950179 0.150014741  0.545852593 0.161484024  0.142648642 0.717652896
0.4094369655  0.906647956 0.593352044  0.502920722 0.150525546  0.546195997 0.160809694  0.142468764 0.717983195
0.409581386748  0.907141399 0.592858601  0.502891453 0.151036136  0.546539027 0.160135755  0.142289081 0.718313291
0.409725807995  0.907634460 0.592365540  0.502862369 0.151546513  0.546881685 0.159462209  0.142109594 0.718643182
0.409870229243  0.908127141 0.591872859  0.502833473 0.152056675  0.547223970 0.158789054  0.141930302 0.718972870
0.410014650491  0.908619441 0.591380559  0.502804762 0.152566624  0.547565883 0.158116289  0.141751204 0.719302354
0.410159071739  0.909111361 0.590888639  0.502776238 0.153076359  0.547907425 0.157443915  0.141572301 0.719631635
0.410303492986  0.909602902 0.590397098  0.502747899 0.153585881  0.548248595 0.156771931  0.141393593 0.719960713
0.410447914234  0.910094063 0.589905937  0.502719746 0.154095190  0.548589395 0.156100336  0.141215079 0.720289589
0.410592335482  0.910584845 0.589415155  0.502691778 0.154604286  0.548929825 0.155429131  0.141036758 0.720618262
0.41073675673  0.911075250 0.588924750  0.502663996 0.155113170  0.549269885 0.154758313  0.140858631 0.720946733
0.410881177978  0.911565276 0.588434724  0.502636398 0.155621841  0.549609576 0.154087884  0.140680698 0.721275002
0.411025599225  0.912054925 0.587945075  0.502608985 0.156130301  0.549948898 0.153417843  0.140502958 0.721603069
0.411170020473  0.912544197 0.587455803  0.502581756 0.156638549  0.550287852 0.152748189  0.140325411 0.721930934
0.411314441721  0.913033093 0.586966907  0.502554712 0.157146585  0.550626437 0.152078921  0.140148057 0.722258599
0.411458862969  0.913521612 0.586478388  0.502527852 0.157654410  0.550964655 0.151410039  0.139970895 0.722586062
0.411603284216  0.914009756 0.585990244  0.502501175 0.158162025  0.551302506 0.150741544  0.139793925 0.722913325
0.411747705464  0.914497525 0.585502475  0.502474683 0.158669428  0.551639990 0.150073433  0.139617148 0.723240387
0.411892126712  0.914984919 0.585015081  0.502448373 0.159176622  0.551977108 0.149405708  0.139440562 0.723567248
0.41203654796  0.915471939 0.584528061  0.502422247 0.159683605  0.552313860 0.148738367  0.139264168 0.723893910
0.412180969208  0.915958585 0.584041415  0.502396304 0.160190378  0.552650247 0.148071410  0.139087966 0.724220372
0.412325390455  0.916444857 0.583555143  0.502370544 0.160696941  0.552986268 0.147404836  0.138911955 0.724546634
0.412469811703  0.916930757 0.583069243  0.502344966 0.161203295  0.553321926 0.146738645  0.138736134 0.724872697
0.412614232951  0.917416284 0.582583716  0.502319570 0.161709440  0.553657219 0.146072837  0.138560505 0.725198561
0.412758654199  0.917901439 0.582098561  0.502294357 0.162215375  0.553992148 0.145407411  0.138385065 0.725524226
0.412903075447  0.918386223 0.581613777  0.502269325 0.162721103  0.554326714 0.144742367  0.138209817 0.725849692
0.413047496694  0.918870635 0.581129365  0.502244476 0.163226621  0.554660917 0.144077704  0.138034758 0.726174960
0.413191917942  0.919354676 0.580645324  0.502219807 0.163731932  0.554994758 0.143413422  0.137859889 0.726500030
0.41333633919  0.919838347 0.580161653  0.502195320 0.164237034  0.555328236 0.142749520  0.137685209 0.726824901
0.413480760438  0.920321648 0.579678352  0.502171014 0.164741929  0.555661354 0.142085998  0.137510720 0.727149575
0.413625181685  0.920804580 0.579195420  0.502146889 0.165246617  0.555994110 0.141422855  0.137336419 0.727474052
0.413769602933  0.921287143 0.578712857  0.502122945 0.165751097  0.556326505 0.140760091  0.137162307 0.727798331
0.413914024181  0.921769337 0.578230663  0.502099181 0.166255370  0.556658540 0.140097706  0.136988384 0.728122413
0.414058445429  0.922251163 0.577748837  0.502075597 0.166759436  0.556990215 0.139435699  0.136814649 0.728446299
0.414202866677  0.922732621 0.577267379  0.502052194 0.167263297  0.557321531 0.138774070  0.136641103 0.728769988
0.414347287924  0.923213712 0.576786288  0.502028970 0.167766950  0.557652487 0.138112818  0.136467745 0.729093480
0.414491709172  0.923694436 0.576305564  0.502005926 0.168270398  0.557983085 0.137451942  0.136294574 0.729416777
0.41463613042  0.924174794 0.575825206  0.501983061 0.168773640  0.558313325 0.136791443  0.136121592 0.729739877
0.414780551668  0.924654786 0.575345214  0.501960375 0.169276677  0.558643207 0.136131320  0.135948796 0.730062782
0.414924972915  0.925134412 0.574865588  0.501937869 0.169779508  0.558972731 0.135471572  0.135776188 0.730385492
0.415069394163  0.925613672 0.574386328  0.501915541 0.170282135  0.559301899 0.134812199  0.135603767 0.730708006
0.415213815411  0.926092569 0.573907431  0.501893392 0.170784556  0.559630710 0.134153201  0.135431533 0.731030326
0.415358236659  0.926571100 0.573428900  0.501871421 0.171286773  0.559959165 0.133494577  0.135259485 0.731352451
0.415502657907  0.927049268 0.572950732  0.501849628 0.171788786  0.560287264 0.132836326  0.135087624 0.731674381
0.415647079154  0.927527073 0.572472927  0.501828013 0.172290595  0.560615008 0.132178449  0.134915948 0.731996117
0.415791500402  0.928004514 0.571995486  0.501806576 0.172792200  0.560942397 0.131520945  0.134744459 0.732317659
0.41593592165  0.928481593 0.571518407  0.501785317 0.173293601  0.561269432 0.130863813  0.134573155 0.732639007
0.416080342898  0.928958310 0.571041690  0.501764235 0.173794799  0.561596112 0.130207052  0.134402037 0.732960161
0.416224764146  0.929434665 0.570565335  0.501743330 0.174295794  0.561922439 0.129550664  0.134231104 0.733281123
0.416369185393  0.929910658 0.570089342  0.501722602 0.174796586  0.562248412 0.128894646  0.134060355 0.733601891
0.416513606641  0.930386291 0.569613709  0.501702050 0.175297176  0.562574033 0.128238999  0.133889792 0.733922466
0.416658027889  0.930861563 0.569138437  0.501681676 0.175797563  0.562899301 0.127583722  0.133719414 0.734242848
0.416802449137  0.931336475 0.568663525  0.501661477 0.176297748  0.563224218 0.126928815  0.133549219 0.734563038
0.416946870384  0.931811028 0.568188972  0.501641455 0.176797731  0.563548782 0.126274278  0.133379209 0.734883036
0.417091291632  0.932285221 0.567714779  0.501621609 0.177297512  0.563872996 0.125620109  0.133209383 0.735202842
0.41723571288  0.932759055 0.567240945  0.501601938 0.177797092  0.564196858 0.124966308  0.133039741 0.735522456
0.417380134128  0.933232531 0.566767469  0.501582443 0.178296471  0.564520371 0.124312876  0.132870282 0.735841879
0.417524555376  0.933705649 0.566294351  0.501563123 0.178795649  0.564843533 0.123659811  0.132701007 0.736161110
0.417668976623  0.934178409 0.565821591  0.501543978 0.179294627  0.565166345 0.123007114  0.132531914 0.736480150
0.417813397871  0.934650813 0.565349187  0.501525009 0.179793403  0.565488809 0.122354783  0.132363005 0.736798999
0.417957819119  0.935122859 0.564877141  0.501506214 0.180291980  0.565810924 0.121702818  0.132194278 0.737117657
0.418102240367  0.935594549 0.564405451  0.501487593 0.180790356  0.566132690 0.121051220  0.132025734 0.737436125
0.418246661615  0.936065883 0.563934117  0.501469147 0.181288533  0.566454108 0.120399987  0.131857372 0.737754403
0.418391082862  0.936536862 0.563463138  0.501450875 0.181786510  0.566775179 0.119749119  0.131689192 0.738072491
0.41853550411  0.937007485 0.562992515  0.501432777 0.182284288  0.567095903 0.119098615  0.131521194 0.738390389
0.418679925358  0.937477754 0.562522246  0.501414852 0.182781867  0.567416279 0.118448476  0.131353377 0.738708097
0.418824346606  0.937947669 0.562052331  0.501397101 0.183279247  0.567736310 0.117798701  0.131185742 0.739025616
0.418968767853  0.938417229 0.561582771  0.501379524 0.183776429  0.568055994 0.117149288  0.131018289 0.739342946
0.419113189101  0.938886437 0.561113563  0.501362119 0.184273412  0.568375333 0.116500239  0.130851016 0.739660087
0.419257610349  0.939355291 0.560644709  0.501344888 0.184770196  0.568694327 0.115851553  0.130683924 0.739977040
0.419402031597  0.939823792 0.560176208  0.501327829 0.185266783  0.569012976 0.115203228  0.130517013 0.740293804
0.419546452845  0.940291942 0.559708058  0.501310943 0.185763173  0.569331280 0.114555265  0.130350282 0.740610379
0.419690874092  0.940759739 0.559240261  0.501294229 0.186259365  0.569649241 0.113907663  0.130183731 0.740926767
0.41983529534  0.941227185 0.558772815  0.501277687 0.186755359  0.569966858 0.113260423  0.130017360 0.741242967
0.419979716588  0.941694280 0.558305720  0.501261317 0.187251157  0.570284132 0.112613542  0.129851169 0.741558979
0.420124137836  0.942161024 0.557838976  0.501245119 0.187746758  0.570601062 0.111967022  0.129685158 0.741874804
0.420268559083  0.942627418 0.557372582  0.501229093 0.188242162  0.570917651 0.111320861  0.129519326 0.742190442
0.420412980331  0.943093462 0.556906538  0.501213238 0.188737370  0.571233897 0.110675059  0.129353673 0.742505892
0.420557401579  0.943559157 0.556440843  0.501197554 0.189232382  0.571549802 0.110029617  0.129188199 0.742821156
0.420701822827  0.944024503 0.555975497  0.501182041 0.189727199  0.571865366 0.109384532  0.129022904 0.743136234
0.420846244075  0.944489500 0.555510500  0.501166699 0.190221819  0.572180588 0.108739805  0.128857787 0.743451125
0.420990665322  0.944954149 0.555045851  0.501151527 0.190716244  0.572495471 0.108095436  0.128692849 0.743765830
0.42113508657  0.945418451 0.554581549  0.501136526 0.191210474  0.572810013 0.107451424  0.128528088 0.744080349
0.421279507818  0.945882404 0.554117596  0.501121695 0.191704509  0.573124215 0.106807769  0.128363506 0.744394683
0.421423929066  0.946346011 0.553653989  0.501107034 0.192198350  0.573438079 0.106164470  0.128199102 0.744708831
0.421568350314  0.946809271 0.553190729  0.501092543 0.192691996  0.573751603 0.105521527  0.128034875 0.745022794
0.421712771561  0.947272185 0.552727815  0.501078222 0.193185447  0.574064789 0.104878939  0.127870825 0.745336571
0.421857192809  0.947734753 0.552265247  0.501064069 0.193678705  0.574377636 0.104236707  0.127706953 0.745650164
0.422001614057  0.948196976 0.551803024  0.501050087 0.194171769  0.574690146 0.103594829  0.127543257 0.745963573
0.422146035305  0.948658853 0.551341147  0.501036273 0.194664639  0.575002318 0.102953305  0.127379738 0.746276797
0.422290456552  0.949120386 0.550879614  0.501022628 0.195157316  0.575314154 0.102312135  0.127216396 0.746589837
0.4224348778  0.949581575 0.550418425  0.501009152 0.195649799  0.575625653 0.101671318  0.127053229 0.746902693
0.422579299048  0.950042420 0.549957580  0.500995844 0.196142090  0.575936815 0.101030855  0.126890240 0.747215365
0.422723720296  0.950502921 0.549497079  0.500982704 0.196634188  0.576247642 0.100390744  0.126727425 0.747527853
0.422868141544  0.950963080 0.549036920  0.500969733 0.197126094  0.576558134 0.099750985  0.126564787 0.747840159
0.423012562791  0.951422895 0.548577105  0.500956930 0.197617807  0.576868290 0.099111578  0.126402324 0.748152281
0.423156984039  0.951882369 0.548117631  0.500944294 0.198109329  0.577178112 0.098472523  0.126240037 0.748464220
0.423301405287  0.952341500 0.547658500  0.500931826 0.198600658  0.577487599 0.097833819  0.126077924 0.748775977
0.423445826535  0.952800290 0.547199710  0.500919525 0.199091796  0.577796752 0.097195465  0.125915987 0.749087551
0.423590247782  0.953258739 0.546741261  0.500907391 0.199582743  0.578105572 0.096557461  0.125754224 0.749398943
0.42373466903  0.953716847 0.546283153  0.500895424 0.200073498  0.578414059 0.095919807  0.125592636 0.749710152
0.423879090278  0.954174615 0.545825385  0.500883624 0.200564063  0.578722212 0.095282503  0.125431222 0.750021180
0.424023511526  0.954632042 0.545367958  0.500871991 0.201054437  0.579030034 0.094645547  0.125269982 0.750332026
0.424167932774  0.955089131 0.544910869  0.500860524 0.201544620  0.579337523 0.094008940  0.125108916 0.750642691
0.424312354021  0.955545880 0.544454120  0.500849223 0.202034613  0.579644681 0.093372682  0.124948024 0.750953175
0.424456775269  0.956002290 0.543997710  0.500838089 0.202524416  0.579951507 0.092736771  0.124787306 0.751263477
0.424601196517  0.956458362 0.543541638  0.500827120 0.203014030  0.580258003 0.092101207  0.124626761 0.751573599
0.424745617765  0.956914096 0.543085904  0.500816317 0.203503453  0.580564167 0.091465991  0.124466388 0.751883540
0.424890039013  0.957369492 0.542630508  0.500805679 0.203992688  0.580870002 0.090831121  0.124306189 0.752193300
0.42503446026  0.957824551 0.542175449  0.500795206 0.204481733  0.581175507 0.090196597  0.124146163 0.752502881
0.425178881508  0.958279273 0.541720727  0.500784899 0.204970589  0.581480683 0.089562419  0.123986309 0.752812281
0.425323302756  0.958733658 0.541266342  0.500774757 0.205459256  0.581785529 0.088928587  0.123826628 0.753121502
0.425467724004  0.959187708 0.540812292  0.500764779 0.205947735  0.582090047 0.088295099  0.123667118 0.753430542
0.425612145251  0.959641421 0.540358579  0.500754966 0.206436026  0.582394236 0.087661957  0.123507781 0.753739404
0.425756566499  0.960094800 0.539905200  0.500745317 0.206924129  0.582698098 0.087029158  0.123348615 0.754048086
0.425900987747  0.960547843 0.539452157  0.500735833 0.207412043  0.583001632 0.086396704  0.123189621 0.754356590
0.426045408995  0.961000552 0.538999448  0.500726512 0.207899770  0.583304839 0.085764592  0.123030799 0.754664914
0.426189830243  0.961452926 0.538547074  0.500717355 0.208387310  0.583607718 0.085132824  0.122872147 0.754973060
0.42633425149  0.961904967 0.538095033  0.500708362 0.208874662  0.583910272 0.084501399  0.122713667 0.755281028
0.426478672738  0.962356674 0.537643326  0.500699533 0.209361827  0.584212499 0.083870316  0.122555358 0.755588817
0.426623093986  0.962808048 0.537191952  0.500690866 0.209848806  0.584514401 0.083239575  0.122397219 0.755896429
0.426767515234  0.963259090 0.536740910  0.500682363 0.210335598  0.584815977 0.082609175  0.122239250 0.756203863
0.426911936481  0.963709799 0.536290201  0.500674023 0.210822203  0.585117228 0.081979116  0.122081452 0.756511119
0.427056357729  0.964160176 0.535839824  0.500665845 0.211308623  0.585418155 0.081349399  0.121923824 0.756818197
0.427200778977  0.964610221 0.535389779  0.500657830 0.211794856  0.585718757 0.080720021  0.121766365 0.757125099
0.427345200225  0.965059936 0.534940064  0.500649977 0.212280904  0.586019035 0.080090984  0.121609077 0.757431824
0.427489621473  0.965509319 0.534490681  0.500642286 0.212766766  0.586318990 0.079462286  0.121451957 0.757738372
0.42763404272  0.965958372 0.534041628  0.500634758 0.213252443  0.586618622 0.078833927  0.121295008 0.758044743
0.427778463968  0.966407095 0.533592905  0.500627391 0.213737935  0.586917931 0.078205907  0.121138227 0.758350938
0.427922885216  0.966855488 0.533144512  0.500620186 0.214223242  0.587216917 0.077578226  0.120981615 0.758656956
0.428067306464  0.967303552 0.532696448  0.500613142 0.214708364  0.587515581 0.076950883  0.120825172 0.758962799
0.428211727712  0.967751287 0.532248713  0.500606260 0.215193302  0.587813924 0.076323877  0.120668897 0.759268466
0.428356148959  0.968198693 0.531801307  0.500599539 0.215678055  0.588111945 0.075697209  0.120512791 0.759573958
0.428500570207  0.968645771 0.531354229  0.500592979 0.216162625  0.588409645 0.075070877  0.120356852 0.759879274
0.428644991455  0.969092521 0.530907479  0.500586579 0.216647011  0.588707025 0.074444882  0.120201082 0.760184414
0.428789412703  0.969538944 0.530461056  0.500580340 0.217131213  0.589004084 0.073819224  0.120045480 0.760489380
0.42893383395  0.969985040 0.530014960  0.500574261 0.217615231  0.589300823 0.073193901  0.119890045 0.760794171
0.429078255198  0.970430808 0.529569192  0.500568343 0.218099066  0.589597243 0.072568913  0.119734778 0.761098788
0.429222676446  0.970876251 0.529123749  0.500562585 0.218582719  0.589893343 0.071944261  0.119579677 0.761403230
0.429367097694  0.971321367 0.528678633  0.500556986 0.219066188  0.590189125 0.071319943  0.119424744 0.761707498
0.429511518942  0.971766157 0.528233843  0.500551548 0.219549475  0.590484588 0.070695959  0.119269978 0.762011592
0.429655940189  0.972210623 0.527789377  0.500546268 0.220032580  0.590779733 0.070072309  0.119115378 0.762315512
0.429800361437  0.972654763 0.527345237  0.500541148 0.220515502  0.591074560 0.069448993  0.118960945 0.762619258
0.429944782685  0.973098579 0.526901421  0.500536188 0.220998243  0.591369069 0.068826010  0.118806678 0.762922831
0.430089203933  0.973542070 0.526457930  0.500531386 0.221480801  0.591663262 0.068203360  0.118652577 0.763226231
0.43023362518  0.973985238 0.526014762  0.500526743 0.221963178  0.591957137 0.067581042  0.118498642 0.763529458
0.430378046428  0.974428082 0.525571918  0.500522258 0.222445374  0.592250697 0.066959056  0.118344873 0.763832512
0.430522467676  0.974870603 0.525129397  0.500517933 0.222927389  0.592543940 0.066337402  0.118191270 0.764135393
0.430666888924  0.975312801 0.524687199  0.500513765 0.223409222  0.592836867 0.065716079  0.118037831 0.764438102
0.430811310172  0.975754677 0.524245323  0.500509755 0.223890875  0.593129480 0.065095087  0.117884558 0.764740639
0.430955731419  0.976196231 0.523803769  0.500505904 0.224372348  0.593421777 0.064474425  0.117731450 0.765043003
0.431100152667  0.976637463 0.523362537  0.500502210 0.224853640  0.593713760 0.063854094  0.117578507 0.765345196
0.431244573915  0.977078373 0.522921627  0.500498674 0.225334752  0.594005428 0.063234092  0.117425728 0.765647217
0.431388995163  0.977518963 0.522481037  0.500495295 0.225815684  0.594296782 0.062614420  0.117273114 0.765949067
0.431533416411  0.977959232 0.522040768  0.500492073 0.226296436  0.594587823 0.061995077  0.117120664 0.766250745
0.431677837658  0.978399181 0.521600819  0.500489009 0.226777009  0.594878550 0.061376062  0.116968378 0.766552252
0.431822258906  0.978838810 0.521161190  0.500486101 0.227257402  0.595168965 0.060757376  0.116816256 0.766853588
0.431966680154  0.979278119 0.520721881  0.500483350 0.227737617  0.595459067 0.060139018  0.116664298 0.767154754
0.432111101402  0.979717109 0.520282891  0.500480756 0.228217652  0.595748857 0.059520988  0.116512504 0.767455749
0.432255522649  0.980155781 0.519844219  0.500478318 0.228697509  0.596038335 0.058903284  0.116360872 0.767756574
0.432399943897  0.980594133 0.519405867  0.500476036 0.229177187  0.596327501 0.058285908  0.116209404 0.768057228
0.432544365145  0.981032168 0.518967832  0.500473911 0.229656687  0.596616356 0.057668858  0.116058099 0.768357713
0.432688786393  0.981469885 0.518530115  0.500471941 0.230136008  0.596904901 0.057052134  0.115906957 0.768658027
0.432833207641  0.981907284 0.518092716  0.500470127 0.230615152  0.597193135 0.056435736  0.115755977 0.768958173
0.432977628888  0.982344367 0.517655633  0.500468468 0.231094118  0.597481058 0.055819663  0.115605160 0.769258148
0.433122050136  0.982781132 0.517218868  0.500466965 0.231572907  0.597768672 0.055203916  0.115454505 0.769557955
0.433266471384  0.983217582 0.516782418  0.500465617 0.232051518  0.598055977 0.054588493  0.115304012 0.769857593
0.433410892632  0.983653715 0.516346285  0.500464424 0.232529953  0.598342972 0.053973394  0.115153681 0.770157061
0.433555313879  0.984089532 0.515910468  0.500463386 0.233008210  0.598629659 0.053358619  0.115003512 0.770456362
0.433699735127  0.984525035 0.515474965  0.500462502 0.233486290  0.598916037 0.052744168  0.114853504 0.770755493
0.433844156375  0.984960222 0.515039778  0.500461773 0.233964194  0.599202107 0.052130040  0.114703658 0.771054457
0.433988577623  0.985395094 0.514604906  0.500461198 0.234441922  0.599487869 0.051516235  0.114553973 0.771353252
0.434132998871  0.985829653 0.514170347  0.500460778 0.234919474  0.599773324 0.050902753  0.114404449 0.771651879
0.434277420118  0.986263897 0.513736103  0.500460511 0.235396849  0.600058472 0.050289592  0.114255086 0.771950339
0.434421841366  0.986697828 0.513302172  0.500460399 0.235874049  0.600343313 0.049676754  0.114105884 0.772248631
0.434566262614  0.987131445 0.512868555  0.500460440 0.236351074  0.600627847 0.049064237  0.113956842 0.772546756
0.434710683862  0.987564750 0.512435250  0.500460634 0.236827923  0.600912076 0.048452041  0.113807960 0.772844714
0.43485510511  0.987997742 0.512002258  0.500460982 0.237304597  0.601195999 0.047840166  0.113659239 0.773142505
0.434999526357  0.988430422 0.511569578  0.500461483 0.237781096  0.601479616 0.047228611  0.113510677 0.773440129
0.435143947605  0.988862790 0.511137210  0.500462137 0.238257420  0.601762928 0.046617376  0.113362276 0.773737586
0.435288368853  0.989294847 0.510705153  0.500462944 0.238733570  0.602045936 0.046006461  0.113214034 0.774034877
0.435432790101  0.989726592 0.510273408  0.500463904 0.239209545  0.602328639 0.045395865  0.113065951 0.774332002
0.435577211348  0.990158026 0.509841974  0.500465016 0.239685346  0.602611038 0.044785588  0.112918028 0.774628961
0.435721632596  0.990589150 0.509410850  0.500466280 0.240160973  0.602893134 0.044175630  0.112770263 0.774925753
0.435866053844  0.991019964 0.508980036  0.500467697 0.240636427  0.603174926 0.043565990  0.112622658 0.775222381
0.436010475092  0.991450468 0.508549532  0.500469265 0.241111707  0.603456414 0.042956667  0.112475212 0.775518842
0.43615489634  0.991880663 0.508119337  0.500470986 0.241586813  0.603737601 0.042347663  0.112327924 0.775815139
0.436299317587  0.992310548 0.507689452  0.500472858 0.242061746  0.604018484 0.041738975  0.112180794 0.776111270
0.436443738835  0.992740125 0.507259875  0.500474881 0.242536507  0.604299066 0.041130605  0.112033823 0.776407236
0.436588160083  0.993169393 0.506830607  0.500477056 0.243011094  0.604579346 0.040522551  0.111887009 0.776703038
0.436732581331  0.993598353 0.506401647  0.500479383 0.243485509  0.604859324 0.039914813  0.111740354 0.776998675
0.436877002579  0.994027005 0.505972995  0.500481860 0.243959751  0.605139002 0.039307391  0.111593856 0.777294147
0.437021423826  0.994455350 0.505544650  0.500484488 0.244433821  0.605418378 0.038700284  0.111447516 0.777589455
0.437165845074  0.994883388 0.505116612  0.500487267 0.244907719  0.605697454 0.038093493  0.111301333 0.777884600
0.437310266322  0.995311119 0.504688881  0.500490196 0.245381446  0.605976231 0.037487016  0.111155308 0.778179580
0.43745468757  0.995738543 0.504261457  0.500493275 0.245855000  0.606254707 0.036880854  0.111009439 0.778474397
0.437599108817  0.996165661 0.503834339  0.500496505 0.246328383  0.606532884 0.036275005  0.110863728 0.778769050
0.437743530065  0.996592474 0.503407526  0.500499885 0.246801595  0.606810761 0.035669471  0.110718173 0.779063540
0.437887951313  0.997018981 0.502981019  0.500503415 0.247274636  0.607088340 0.035064250  0.110572774 0.779357867
0.438032372561  0.997445183 0.502554817  0.500507095 0.247747506  0.607365621 0.034459341  0.110427532 0.779652031
0.438176793809  0.997871081 0.502128919  0.500510924 0.248220205  0.607642603 0.033854746  0.110282446 0.779946032
0.438321215056  0.998296674 0.501703326  0.500514902 0.248692733  0.607919288 0.033250463  0.110137516 0.780239870
0.438465636304  0.998721963 0.501278037  0.500519030 0.249165092  0.608195675 0.032646492  0.109992742 0.780533546
0.438610057552  0.999146948 0.500853052  0.500523307 0.249637280  0.608471764 0.032042832  0.109848123 0.780827060
0.4387544788  0.999571629 0.500428371  0.500527732 0.250109298  0.608747557 0.031439484  0.109703660 0.781120411
0.438898900047  0.999996008 0.500003992  0.500532307 0.250581146  0.609023054 0.030836447  0.109559353 0.781413601
0.439043321295  0.000420084 0.499579916  0.500537030 0.251052825  0.609298254 0.030233721  0.109415200 0.781706629
0.439187742543  0.000843857 0.499156143  0.500541902 0.251524334  0.609573158 0.029631305  0.109271203 0.781999496
0.439332163791  0.001267328 0.498732672  0.500546921 0.251995674  0.609847767 0.029029198  0.109127360 0.782292201
0.439476585039  0.001690498 0.498309502  0.500552089 0.252466846  0.610122080 0.028427402  0.108983672 0.782584745
0.439621006286  0.002113365 0.497886635  0.500557405 0.252937848  0.610396099 0.027825915  0.108840139 0.782877128
0.439765427534  0.002535932 0.497464068  0.500562869 0.253408682  0.610669823 0.027224736  0.108696760 0.783169350
0.439909848782  0.002958198 0.497041802  0.500568480 0.253879347  0.610943252 0.026623866  0.108553534 0.783461412
0.44005427003  0.003380164 0.496619836  0.500574239 0.254349844  0.611216388 0.026023305  0.108410463 0.783753313
0.440198691278  0.003801829 0.496198171  0.500580146 0.254820172  0.611489230 0.025423051  0.108267546 0.784045053
0.440343112525  0.004223195 0.495776805  0.500586199 0.255290333  0.611761779 0.024823105  0.108124783 0.784336634
0.440487533773  0.004644261 0.495355739  0.500592399 0.255760326  0.612034034 0.024223467  0.107982173 0.784628054
0.440631955021  0.005065028 0.494934972  0.500598747 0.256230152  0.612305997 0.023624135  0.107839716 0.784919315
0.440776376269  0.005485496 0.494514504  0.500605240 0.256699810  0.612577668 0.023025110  0.107697412 0.785210416
0.440920797516  0.005905666 0.494094334  0.500611881 0.257169301  0.612849046 0.022426391  0.107555261 0.785501358
0.441065218764  0.006325537 0.493674463  0.500618668 0.257638625  0.613120133 0.021827978  0.107413264 0.785792140
0.441209640012  0.006745111 0.493254889  0.500625601 0.258107783  0.613390928 0.021229871  0.107271419 0.786082764
0.44135406126  0.007164387 0.492835613  0.500632680 0.258576773  0.613661432 0.020632068  0.107129726 0.786373228
0.441498482508  0.007583365 0.492416635  0.500639905 0.259045598  0.613931646 0.020034571  0.106988186 0.786663534
0.441642903755  0.008002047 0.491997953  0.500647276 0.259514256  0.614201568 0.019437379  0.106846798 0.786953681
0.441787325003  0.008420432 0.491579568  0.500654793 0.259982747  0.614471201 0.018840490  0.106705561 0.787243670
0.441931746251  0.008838521 0.491161479  0.500662455 0.260451073  0.614740544 0.018243906  0.106564477 0.787533500
0.442076167499  0.009256314 0.490743686  0.500670262 0.260919234  0.615009597 0.017647625  0.106423544 0.787823173
0.442220588746  0.009673812 0.490326188  0.500678214 0.261387228  0.615278361 0.017051647  0.106282763 0.788112687
0.442365009994  0.010091014 0.489908986  0.500686312 0.261855058  0.615546836 0.016455973  0.106142134 0.788402044
0.442509431242  0.010507921 0.489492079  0.500694554 0.262322722  0.615815022 0.015860601  0.106001655 0.788691244
0.44265385249  0.010924533 0.489075467  0.500702941 0.262790221  0.616082920 0.015265531  0.105861328 0.788980286
0.442798273738  0.011340851 0.488659149  0.500711472 0.263257556  0.616350530 0.014670763  0.105721151 0.789269170
0.442942694985  0.011756875 0.488243125  0.500720148 0.263724726  0.616617852 0.014076297  0.105581125 0.789557898
0.443087116233  0.012172606 0.487827394  0.500728968 0.264191731  0.616884887 0.013482132  0.105441250 0.789846469
0.443231537481  0.012588042 0.487411958  0.500737932 0.264658572  0.617151635 0.012888268  0.105301525 0.790134883
0.443375958729  0.013003186 0.486996814  0.500747040 0.265125249  0.617418096 0.012294705  0.105161950 0.790423141
0.443520379977  0.013418037 0.486581963  0.500756292 0.265591762  0.617684270 0.011701442  0.105022525 0.790711242
0.443664801224  0.013832596 0.486167404  0.500765687 0.266058111  0.617950159 0.011108480  0.104883250 0.790999187
0.443809222472  0.014246862 0.485753138  0.500775226 0.266524297  0.618215761 0.010515816  0.104744125 0.791286976
0.44395364372  0.014660837 0.485339163  0.500784908 0.266990320  0.618481078 0.009923452  0.104605149 0.791574609
0.444098064968  0.015074520 0.484925480  0.500794734 0.267456179  0.618746110 0.009331388  0.104466323 0.791862087
0.444242486215  0.015487912 0.484512088  0.500804702 0.267921875  0.619010857 0.008739622  0.104327646 0.792149409
0.444386907463  0.015901013 0.484098987  0.500814813 0.268387409  0.619275319 0.008148154  0.104189119 0.792436576
0.444531328711  0.016313824 0.483686176  0.500825067 0.268852779  0.619539497 0.007556984  0.104050740 0.792723587
0.444675749959  0.016726344 0.483273656  0.500835463 0.269317988  0.619803390 0.006966112  0.103912510 0.793010444
0.444820171207  0.017138574 0.482861426  0.500846002 0.269783034  0.620067000 0.006375538  0.103774428 0.793297145
0.444964592454  0.017550514 0.482449486  0.500856683 0.270247917  0.620330327 0.005785260  0.103636495 0.793583692
0.445109013702  0.017962166 0.482037834  0.500867506 0.270712639  0.620593370 0.005195280  0.103498711 0.793870085
0.44525343495  0.018373528 0.481626472  0.500878471 0.271177199  0.620856131 0.004605596  0.103361074 0.794156323
0.445397856198  0.018784602 0.481215398  0.500889578 0.271641598  0.621118609 0.004016208  0.103223586 0.794442407
0.445542277445  0.019195387 0.480804613  0.500900827 0.272105835  0.621380805 0.003427115  0.103086245 0.794728337
0.445686698693  0.019605884 0.480394116  0.500912217 0.272569910  0.621642719 0.002838319  0.102949052 0.795014113
0.445831119941  0.020016093 0.479983907  0.500923748 0.273033825  0.621904351 0.002249817  0.102812006 0.795299735
0.445975541189  0.020426015 0.479573985  0.500935421 0.273497579  0.622165702 0.001661610  0.102675108 0.795585204
0.446119962437  0.020835649 0.479164351  0.500947234 0.273961172  0.622426772 0.001073698  0.102538357 0.795870520
0.446264383684  0.021244997 0.478755003  0.500959189 0.274424604  0.622687562 0.000486080  0.102401753 0.796155682
0.446408804932  0.021654058 0.478345942  0.500971284 0.274887877  0.622948070 0.999898757  0.102265296 0.796440691
0.44655322618  0.022062833 0.477937167  0.500983520 0.275350989  0.623208299 0.999311726  0.102128986 0.796725548
0.446697647428  0.022471322 0.477528678  0.500995896 0.275813940  0.623468248 0.998724989  0.101992822 0.797010252
0.446842068676  0.022879525 0.477120475  0.501008413 0.276276732  0.623727917 0.998138545  0.101856805 0.797294803
0.446986489923  0.023287443 0.476712557  0.501021070 0.276739365  0.623987308 0.997552394  0.101720934 0.797579202
0.447130911171  0.023695076 0.476304924  0.501033867 0.277201838  0.624246419 0.996966534  0.101585209 0.797863448
0.447275332419  0.024102425 0.475897575  0.501046804 0.277664151  0.624505251 0.996380967  0.101449630 0.798147543
0.447419753667  0.024509488 0.475490512  0.501059880 0.278126305  0.624763805 0.995795692  0.101314197 0.798431486
0.447564174914  0.024916268 0.475083732  0.501073096 0.278588301  0.625022082 0.995210708  0.101178910 0.798715277
0.447708596162  0.025322764 0.474677236  0.501086452 0.279050137  0.625280080 0.994626015  0.101043768 0.798998916
0.44785301741  0.025728976 0.474271024  0.501099946 0.279511815  0.625537801 0.994041613  0.100908771 0.799282404
0.447997438658  0.026134905 0.473865095  0.501113580 0.279973334  0.625795245 0.993457502  0.100773919 0.799565741
0.448141859906  0.026540552 0.473459448  0.501127353 0.280434695  0.626052412 0.992873680  0.100639213 0.799848927
0.448286281153  0.026945915 0.473054085  0.501141265 0.280895898  0.626309302 0.992290149  0.100504651 0.800131962
0.448430702401  0.027350997 0.472649003  0.501155315 0.281356943  0.626565916 0.991706907  0.100370235 0.800414846
0.448575123649  0.027755796 0.472244204  0.501169504 0.281817830  0.626822254 0.991123954  0.100235962 0.800697580
0.448719544897  0.028160313 0.471839687  0.501183832 0.282278559  0.627078316 0.990541290  0.100101834 0.800980163
0.448863966144  0.028564549 0.471435451  0.501198297 0.282739131  0.627334103 0.989958915  0.099967851 0.801262596
0.449008387392  0.028968504 0.471031496  0.501212901 0.283199546  0.627589615 0.989376828  0.099834011 0.801544878
0.44915280864  0.029372179 0.470627821  0.501227643 0.283659804  0.627844852 0.988795029  0.099700316 0.801827011
0.449297229888  0.029775572 0.470224428  0.501242523 0.284119904  0.628099814 0.988213518  0.099566764 0.802108994
0.449441651136  0.030178686 0.469821314  0.501257540 0.284579848  0.628354502 0.987632294  0.099433356 0.802390828
0.449586072383  0.030581519 0.469418481  0.501272695 0.285039635  0.628608916 0.987051357  0.099300092 0.802672512
0.449730493631  0.030984073 0.469015927  0.501287987 0.285499266  0.628863057 0.986470707  0.099166970 0.802954046
0.449874914879  0.031386348 0.468613652  0.501303416 0.285958741  0.629116924 0.985890343  0.099033992 0.803235432
0.450019336127  0.031788343 0.468211657  0.501318983 0.286418059  0.629370518 0.985310266  0.098901157 0.803516668
0.450163757375  0.032190060 0.467809940  0.501334687 0.286877221  0.629623839 0.984730474  0.098768465 0.803797756
0.450308178622  0.032591498 0.467408502  0.501350527 0.287336228  0.629876887 0.984150969  0.098635916 0.804078695
0.45045259987  0.032992658 0.467007342  0.501366504 0.287795079  0.630129664 0.983571748  0.098503509 0.804359485
0.450597021118  0.033393541 0.466606459  0.501382618 0.288253775  0.630382168 0.982992812  0.098371245 0.804640127
0.450741442366  0.033794145 0.466205855  0.501398868 0.288712315  0.630634401 0.982414161  0.098239123 0.804920621
0.450885863613  0.034194473 0.465805527  0.501415254 0.289170700  0.630886362 0.981835794  0.098107144 0.805200967
0.451030284861  0.034594523 0.465405477  0.501431777 0.289628930  0.631138052 0.981257712  0.097975306 0.805481165
0.451174706109  0.034994297 0.465005703  0.501448435 0.290087006  0.631389472 0.980679913  0.097843610 0.805761215
0.451319127357  0.035393794 0.464606206  0.501465230 0.290544926  0.631640621 0.980102397  0.097712056 0.806041118
0.451463548605  0.035793016 0.464206984  0.501482160 0.291002693  0.631891499 0.979525165  0.097580643 0.806320873
0.451607969852  0.036191961 0.463808039  0.501499225 0.291460305  0.632142108 0.978948215  0.097449372 0.806600481
0.4517523911  0.036590631 0.463409369  0.501516426 0.291917763  0.632392447 0.978371548  0.097318242 0.806879942
0.451896812348  0.036989026 0.463010974  0.501533762 0.292375067  0.632642516 0.977795163  0.097187253 0.807159256
0.452041233596  0.037387145 0.462612855  0.501551234 0.292832217  0.632892317 0.977219061  0.097056405 0.807438423
0.452185654843  0.037784990 0.462215010  0.501568840 0.293289214  0.633141849 0.976643239  0.096925698 0.807717443
0.452330076091  0.038182561 0.461817439  0.501586581 0.293746057  0.633391112 0.976067700  0.096795132 0.807996317
0.452474497339  0.038579858 0.461420142  0.501604457 0.294202747  0.633640106 0.975492441  0.096664706 0.808275045
0.452618918587  0.038976880 0.461023120  0.501622468 0.294659283  0.633888833 0.974917463  0.096534421 0.808553627
0.452763339835  0.039373630 0.460626370  0.501640613 0.295115667  0.634137292 0.974342765  0.096404276 0.808832062
0.452907761082  0.039770106 0.460229894  0.501658892 0.295571898  0.634385484 0.973768348  0.096274270 0.809110352
0.45305218233  0.040166309 0.459833691  0.501677306 0.296027976  0.634633408 0.973194210  0.096144405 0.809388495
0.453196603578  0.040562239 0.459437761  0.501695853 0.296483902  0.634881066 0.972620353  0.096014680 0.809666494
0.453341024826  0.040957897 0.459042103  0.501714535 0.296939675  0.635128457 0.972046774  0.095885094 0.809944347
0.453485446074  0.041353283 0.458646717  0.501733350 0.297395296  0.635375582 0.971473474  0.095755648 0.810222054
0.453629867321  0.041748398 0.458251602  0.501752298 0.297850766  0.635622440 0.970900453  0.095626341 0.810499617
0.453774288569  0.042143240 0.457856760  0.501771381 0.298306083  0.635869033 0.970327711  0.095497173 0.810777034
0.453918709817  0.042537812 0.457462188  0.501790596 0.298761249  0.636115360 0.969755246  0.095368145 0.811054307
0.454063131065  0.042932112 0.457067888  0.501809945 0.299216263  0.636361422 0.969183060  0.095239255 0.811331435
0.454207552312  0.043326142 0.456673858  0.501829427 0.299671126  0.636607220 0.968611150  0.095110504 0.811608419
0.45435197356  0.043719902 0.456280098  0.501849041 0.300125838  0.636852752 0.968039518  0.094981892 0.811885258
0.454496394808  0.044113391 0.455886609  0.501868789 0.300580398  0.637098020 0.967468164  0.094853418 0.812161953
0.454640816056  0.044506611 0.455493389  0.501888669 0.301034808  0.637343024 0.966897085  0.094725082 0.812438504
0.454785237304  0.044899561 0.455100439  0.501908682 0.301489067  0.637587765 0.966326283  0.094596885 0.812714911
0.454929658551  0.045292242 0.454707758  0.501928827 0.301943176  0.637832241 0.965755757  0.094468826 0.812991175
0.455074079799  0.045684654 0.454315346  0.501949104 0.302397134  0.638076454 0.965185507  0.094340905 0.813267294
0.455218501047  0.046076797 0.453923203  0.501969513 0.302850941  0.638320405 0.964615532  0.094213121 0.813543271
0.455362922295  0.046468672 0.453531328  0.501990055 0.303304599  0.638564092 0.964045833  0.094085475 0.813819104
0.455507343543  0.046860278 0.453139722  0.502010728 0.303758107  0.638807517 0.963476408  0.093957967 0.814094794
0.45565176479  0.047251617 0.452748383  0.502031533 0.304211465  0.639050680 0.962907258  0.093830596 0.814370341
0.455796186038  0.047642688 0.452357312  0.502052469 0.304664674  0.639293581 0.962338383  0.093703362 0.814645745
0.455940607286  0.048033492 0.451966508  0.502073537 0.305117733  0.639536221 0.961769781  0.093576265 0.814921006
0.456085028534  0.048424029 0.451575971  0.502094737 0.305570643  0.639778598 0.961201453  0.093449306 0.815196125
0.456229449781  0.048814300 0.451185700  0.502116067 0.306023403  0.640020715 0.960633399  0.093322482 0.815471102
0.456373871029  0.049204303 0.450795697  0.502137528 0.306476015  0.640262571 0.960065618  0.093195796 0.815745936
0.456518292277  0.049594041 0.450405959  0.502159121 0.306928478  0.640504167 0.959498110  0.093069246 0.816020628
0.456662713525  0.049983513 0.450016487  0.502180844 0.307380792  0.640745502 0.958930874  0.092942833 0.816295179
0.456807134773  0.050372719 0.449627281  0.502202697 0.307832958  0.640986577 0.958363911  0.092816555 0.816569587
0.45695155602  0.050761659 0.449238341  0.502224681 0.308284975  0.641227392 0.957797219  0.092690414 0.816843854
0.457095977268  0.051150335 0.448849665  0.502246796 0.308736844  0.641467948 0.957230800  0.092564408 0.817117979
0.457240398516  0.051538746 0.448461254  0.502269041 0.309188565  0.641708244 0.956664652  0.092438539 0.817391963
0.457384819764  0.051926892 0.448073108  0.502291415 0.309640138  0.641948282 0.956098775  0.092312805 0.817665806
0.457529241011  0.052314774 0.447685226  0.502313920 0.310091564  0.642188060 0.955533169  0.092187206 0.817939507
0.457673662259  0.052702392 0.447297608  0.502336555 0.310542842  0.642427581 0.954967834  0.092061743 0.818213068
0.457818083507  0.053089747 0.446910253  0.502359319 0.310993973  0.642666843 0.954402769  0.091936416 0.818486488
0.457962504755  0.053476838 0.446523162  0.502382213 0.311444956  0.642905847 0.953837974  0.091811223 0.818759767
0.458106926003  0.053863665 0.446136335  0.502405236 0.311895792  0.643144594 0.953273449  0.091686165 0.819032906
0.45825134725  0.054250230 0.445749770  0.502428389 0.312346481  0.643383083 0.952709193  0.091561242 0.819305905
0.458395768498  0.054636533 0.445363467  0.502451671 0.312797024  0.643621316 0.952145207  0.091436454 0.819578763
0.458540189746  0.055022573 0.444977427  0.502475082 0.313247420  0.643859291 0.951581489  0.091311800 0.819851482
0.458684610994  0.055408351 0.444591649  0.502498621 0.313697669  0.644097010 0.951018041  0.091187281 0.820124060
0.458829032242  0.055793867 0.444206133  0.502522290 0.314147772  0.644334472 0.950454860  0.091062895 0.820396499
0.458973453489  0.056179121 0.443820879  0.502546087 0.314597729  0.644571679 0.949891948  0.090938644 0.820668798
0.459117874737  0.056564114 0.443435886  0.502570013 0.315047540  0.644808629 0.949329304  0.090814527 0.820940958
0.459262295985  0.056948847 0.443051153  0.502594067 0.315497205  0.645045324 0.948766927  0.090690544 0.821212978
0.459406717233  0.057333318 0.442666682  0.502618249 0.315946724  0.645281764 0.948204817  0.090566695 0.821484859
0.45955113848  0.057717529 0.442282471  0.502642559 0.316396098  0.645517949 0.947642974  0.090442979 0.821756601
0.459695559728  0.058101480 0.441898520  0.502666998 0.316845326  0.645753879 0.947081398  0.090319397 0.822028205
0.459839980976  0.058485171 0.441514829  0.502691564 0.317294409  0.645989555 0.946520089  0.090195947 0.822299669
0.459984402224  0.058868603 0.441131397  0.502716258 0.317743347  0.646224976 0.945959046  0.090072631 0.822570995
0.460128823472  0.059251775 0.440748225  0.502741079 0.318192140  0.646460144 0.945398268  0.089949448 0.822842182
0.460273244719  0.059634688 0.440365312  0.502766029 0.318640788  0.646695058 0.944837756  0.089826398 0.823113232
0.460417665967  0.060017342 0.439982658  0.502791105 0.319089291  0.646929718 0.944277510  0.089703481 0.823384143
0.460562087215  0.060399737 0.439600263  0.502816309 0.319537650  0.647164125 0.943717528  0.089580696 0.823654916
0.460706508463  0.060781874 0.439218126  0.502841639 0.319985865  0.647398279 0.943157812  0.089458044 0.823925551
0.46085092971  0.061163753 0.438836247  0.502867097 0.320433935  0.647632181 0.942598360  0.089335524 0.824196048
0.460995350958  0.061545375 0.438454625  0.502892681 0.320881862  0.647865830 0.942039172  0.089213137 0.824466408
0.461139772206  0.061926738 0.438073262  0.502918393 0.321329644  0.648099227 0.941480248  0.089090881 0.824736630
0.461284193454  0.062307845 0.437692155  0.502944230 0.321777283  0.648332372 0.940921587  0.088968757 0.825006715
0.461428614702  0.062688695 0.437311305  0.502970195 0.322224778  0.648565266 0.940363191  0.088846766 0.825276663
0.461573035949  0.063069287 0.436930713  0.502996285 0.322672130  0.648797908 0.939805057  0.088724905 0.825546474
0.461717457197  0.063449624 0.436550376  0.503022502 0.323119338  0.649030299 0.939247186  0.088603177 0.825816148
0.461861878445  0.063829704 0.436170296  0.503048845 0.323566403  0.649262439 0.938689578  0.088481580 0.826085685
0.462006299693  0.064209528 0.435790472  0.503075313 0.324013326  0.649494328 0.938132232  0.088360114 0.826355086
0.462150720941  0.064589097 0.435410903  0.503101908 0.324460105  0.649725968 0.937575148  0.088238779 0.826624350
0.462295142188  0.064968410 0.435031590  0.503128628 0.324906742  0.649957357 0.937018327  0.088117575 0.826893478
0.462439563436  0.065347468 0.434652532  0.503155474 0.325353236  0.650188496 0.936461766  0.087996502 0.827162470
0.462583984684  0.065726271 0.434273729  0.503182445 0.325799588  0.650419386 0.935905467  0.087875560 0.827431325
0.462728405932  0.066104819 0.433895181  0.503209542 0.326245797  0.650650026 0.935349429  0.087754748 0.827700045
0.462872827179  0.066483113 0.433516887  0.503236763 0.326691864  0.650880417 0.934793651  0.087634067 0.827968629
0.463017248427  0.066861153 0.433138847  0.503264110 0.327137790  0.651110559 0.934238134  0.087513516 0.828237077
0.463161669675  0.067238939 0.432761061  0.503291582 0.327583573  0.651340453 0.933682877  0.087393096 0.828505390
0.463306090923  0.067616472 0.432383528  0.503319178 0.328029215  0.651570099 0.933127881  0.087272805 0.828773568
0.463450512171  0.067993751 0.432006249  0.503346900 0.328474716  0.651799496 0.932573143  0.087152645 0.829041610
0.463594933418  0.068370777 0.431629223  0.503374745 0.328920075  0.652028646 0.932018665  0.087032614 0.829309517
0.463739354666  0.068747550 0.431252450  0.503402715 0.329365292  0.652257548 0.931464447  0.086912713 0.829577289
0.463883775914  0.069124071 0.430875929  0.503430810 0.329810369  0.652486203 0.930910487  0.086792941 0.829844927
0.464028197162  0.069500340 0.430499660  0.503459028 0.330255305  0.652714610 0.930356785  0.086673299 0.830112430
0.464172618409  0.069876356 0.430123644  0.503487371 0.330700100  0.652942771 0.929803343  0.086553786 0.830379798
0.464317039657  0.070252121 0.429747879  0.503515838 0.331144754  0.653170686 0.929250158  0.086434403 0.830647032
0.464461460905  0.070627634 0.429372366  0.503544428 0.331589268  0.653398354 0.928697230  0.086315148 0.830914132
0.464605882153  0.071002895 0.428997105  0.503573142 0.332033641  0.653625776 0.928144561  0.086196022 0.831181097
0.464750303401  0.071377906 0.428622094  0.503601980 0.332477875  0.653852952 0.927592149  0.086077025 0.831447929
0.464894724648  0.071752666 0.428247334  0.503630941 0.332921968  0.654079882 0.927039993  0.085958157 0.831714627
0.465039145896  0.072127176 0.427872824  0.503660025 0.333365921  0.654306567 0.926488095  0.085839417 0.831981191
0.465183567144  0.072501435 0.427498565  0.503689233 0.333809734  0.654533008 0.925936452  0.085720806 0.832247622
0.465327988392  0.072875444 0.427124556  0.503718564 0.334253408  0.654759203 0.925385067  0.085602322 0.832513919
0.46547240964  0.073249204 0.426750796  0.503748017 0.334696943  0.654985154 0.924833937  0.085483967 0.832780083
0.465616830887  0.073622713 0.426377287  0.503777593 0.335140338  0.655210860 0.924283062  0.085365740 0.833046113
0.465761252135  0.073995974 0.426004026  0.503807293 0.335583593  0.655436322 0.923732444  0.085247641 0.833312011
0.465905673383  0.074368986 0.425631014  0.503837114 0.336026710  0.655661541 0.923182080  0.085129669 0.833577776
0.466050094631  0.074741749 0.425258251  0.503867058 0.336469688  0.655886516 0.922631971  0.085011825 0.833843408
0.466194515878  0.075114264 0.424885736  0.503897125 0.336912527  0.656111247 0.922082117  0.084894109 0.834108908
0.466338937126  0.075486530 0.424513470  0.503927313 0.337355228  0.656335736 0.921532517  0.084776519 0.834374275
0.466483358374  0.075858548 0.424141452  0.503957624 0.337797790  0.656559981 0.920983172  0.084659057 0.834639509
0.466627779622  0.076230319 0.423769681  0.503988057 0.338240213  0.656783984 0.920434080  0.084541722 0.834904612
0.46677220087  0.076601842 0.423398158  0.504018611 0.338682499  0.657007745 0.919885242  0.084424515 0.835169582
0.466916622117  0.076973118 0.423026882  0.504049288 0.339124646  0.657231263 0.919336657  0.084307433 0.835434421
0.467061043365  0.077344147 0.422655853  0.504080086 0.339566655  0.657454540 0.918788325  0.084190479 0.835699128
0.467205464613  0.077714929 0.422285071  0.504111005 0.340008527  0.657677575 0.918240247  0.084073651 0.835963703
0.467349885861  0.078085465 0.421914535  0.504142046 0.340450261  0.657900369 0.917692420  0.083956950 0.836228146
0.467494307108  0.078455754 0.421544246  0.504173208 0.340891858  0.658122921 0.917144847  0.083840375 0.836492458
0.467638728356  0.078825797 0.421174203  0.504204491 0.341333317  0.658345233 0.916597525  0.083723926 0.836756639
0.467783149604  0.079195595 0.420804405  0.504235895 0.341774639  0.658567303 0.916050455  0.083607603 0.837020689
0.467927570852  0.079565148 0.420434852  0.504267420 0.342215824  0.658789134 0.915503636  0.083491406 0.837284608
0.4680719921  0.079934455 0.420065545  0.504299065 0.342656872  0.659010724 0.914957069  0.083375335 0.837548395
0.468216413347  0.080303517 0.419696483  0.504330832 0.343097783  0.659232074 0.914410753  0.083259390 0.837812053
0.468360834595  0.080672334 0.419327666  0.504362719 0.343538558  0.659453185 0.913864688  0.083143570 0.838075579
0.468505255843  0.081040907 0.418959093  0.504394726 0.343979196  0.659674056 0.913318873  0.083027875 0.838338975
0.468649677091  0.081409235 0.418590765  0.504426853 0.344419697  0.659894688 0.912773308  0.082912306 0.838602241
0.468794098339  0.081777320 0.418222680  0.504459101 0.344860063  0.660115081 0.912227994  0.082796862 0.838865376
0.468938519586  0.082145161 0.417854839  0.504491469 0.345300292  0.660335235 0.911682929  0.082681543 0.839128382
0.469082940834  0.082512758 0.417487242  0.504523956 0.345740386  0.660555151 0.911138114  0.082566349 0.839391257
0.469227362082  0.082880112 0.417119888  0.504556564 0.346180343  0.660774828 0.910593548  0.082451280 0.839654003
0.46937178333  0.083247223 0.416752777  0.504589291 0.346620165  0.660994268 0.910049231  0.082336336 0.839916619
0.469516204577  0.083614091 0.416385909  0.504622138 0.347059852  0.661213469 0.909505163  0.082221516 0.840179106
0.469660625825  0.083980717 0.416019283  0.504655104 0.347499403  0.661432433 0.908961343  0.082106821 0.840441463
0.469805047073  0.084347100 0.415652900  0.504688189 0.347938818  0.661651160 0.908417772  0.081992249 0.840703691
0.469949468321  0.084713241 0.415286759  0.504721394 0.348378099  0.661869650 0.907874449  0.081877802 0.840965789
0.470093889569  0.085079141 0.414920859  0.504754718 0.348817245  0.662087903 0.907331373  0.081763480 0.841227759
0.470238310816  0.085444799 0.414555201  0.504788161 0.349256256  0.662305919 0.906788545  0.081649281 0.841489599
0.470382732064  0.085810216 0.414189784  0.504821722 0.349695132  0.662523699 0.906245964  0.081535205 0.841751311
0.470527153312  0.086175391 0.413824609  0.504855403 0.350133873  0.662741242 0.905703630  0.081421254 0.842012895
0.47067157456  0.086540326 0.413459674  0.504889202 0.350572480  0.662958550 0.905161543  0.081307426 0.842274350
0.470815995807  0.086905020 0.413094980  0.504923119 0.351010953  0.663175622 0.904619703  0.081193722 0.842535676
0.470960417055  0.087269474 0.412730526  0.504957155 0.351449292  0.663392459 0.904078109  0.081080141 0.842796874
0.471104838303  0.087633687 0.412366313  0.504991310 0.351887497  0.663609060 0.903536760  0.080966683 0.843057944
0.471249259551  0.087997661 0.412002339  0.505025582 0.352325567  0.663825427 0.902995658  0.080853348 0.843318886
0.471393680799  0.088361395 0.411638605  0.505059972 0.352763504  0.664041559 0.902454801  0.080740136 0.843579701
0.471538102046  0.088724890 0.411275110  0.505094481 0.353201308  0.664257456 0.901914189  0.080627047 0.843840387
0.471682523294  0.089088146 0.410911854  0.505129107 0.353638978  0.664473119 0.901373823  0.080514080 0.844100946
0.471826944542  0.089451162 0.410548838  0.505163851 0.354076514  0.664688548 0.900833701  0.080401237 0.844361377
0.47197136579  0.089813940 0.410186060  0.505198712 0.354513918  0.664903743 0.900293824  0.080288515 0.844621681
0.472115787038  0.090176480 0.409823520  0.505233691 0.354951188  0.665118705 0.899754190  0.080175916 0.844881858
0.472260208285  0.090538781 0.409461219  0.505268787 0.355388325  0.665333433 0.899214802  0.080063440 0.845141908
0.472404629533  0.090900845 0.409099155  0.505304001 0.355825330  0.665547929 0.898675656  0.079951085 0.845401831
0.472549050781  0.091262670 0.408737330  0.505339332 0.356262202  0.665762191 0.898136755  0.079838852 0.845661627
0.472693472029  0.091624258 0.408375742  0.505374779 0.356698941  0.665976221 0.897598096  0.079726742 0.845921296
0.472837893276  0.091985609 0.408014391  0.505410344 0.357135548  0.666190018 0.897059681  0.079614753 0.846180839
0.472982314524  0.092346723 0.407653277  0.505446025 0.357572023  0.666403583 0.896521509  0.079502885 0.846440255
0.473126735772  0.092707600 0.407292400  0.505481823 0.358008366  0.666616916 0.895983579  0.079391139 0.846699545
0.47327115702  0.093068241 0.406931759  0.505517738 0.358444576  0.666830018 0.895445891  0.079279515 0.846958709
0.473415578268  0.093428645 0.406571355  0.505553769 0.358880655  0.667042888 0.894908446  0.079168011 0.847217746
0.473559999515  0.093788813 0.406211187  0.505589916 0.359316602  0.667255526 0.894371242  0.079056629 0.847476658
0.473704420763  0.094148746 0.405851254  0.505626179 0.359752418  0.667467934 0.893834280  0.078945368 0.847735444
0.473848842011  0.094508442 0.405491558  0.505662559 0.360188102  0.667680111 0.893297560  0.078834228 0.847994104
0.473993263259  0.094867904 0.405132096  0.505699055 0.360623654  0.667892057 0.892761080  0.078723208 0.848252638
0.474137684507  0.095227130 0.404772870  0.505735666 0.361059076  0.668103773 0.892224842  0.078612309 0.848511048
0.474282105754  0.095586121 0.404413879  0.505772393 0.361494366  0.668315259 0.891688844  0.078501531 0.848769331
0.474426527002  0.095944878 0.404055122  0.505809236 0.361929526  0.668526515 0.891153086  0.078390873 0.849027490
0.47457094825  0.096303400 0.403696600  0.505846195 0.362364554  0.668737541 0.890617569  0.078280336 0.849285523
0.474715369498  0.096661688 0.403338312  0.505883268 0.362799452  0.668948338 0.890082291  0.078169918 0.849543432
0.474859790745  0.097019742 0.402980258  0.505920458 0.363234220  0.669158906 0.889547254  0.078059621 0.849801216
0.475004211993  0.097377563 0.402622437  0.505957762 0.363668857  0.669369244 0.889012455  0.077949444 0.850058875
0.475148633241  0.097735149 0.402264851  0.505995181 0.364103364  0.669579354 0.888477896  0.077839386 0.850316409
0.475293054489  0.098092503 0.401907497  0.506032716 0.364537740  0.669789235 0.887943576  0.077729448 0.850573819
0.475437475737  0.098449623 0.401550377  0.506070365 0.364971987  0.669998888 0.887409495  0.077619630 0.850831105
0.475581896984  0.098806511 0.401193489  0.506108129 0.365406104  0.670208313 0.886875652  0.077509931 0.851088267
0.475726318232  0.099163166 0.400836834  0.506146007 0.365840091  0.670417510 0.886342047  0.077400352 0.851345304
0.47587073948  0.099519589 0.400480411  0.506184001 0.366273948  0.670626480 0.885808680  0.077290892 0.851602217
0.476015160728  0.099875779 0.400124221  0.506222108 0.366707676  0.670835222 0.885275552  0.077181551 0.851859007
0.476159581975  0.100231738 0.399768262  0.506260330 0.367141275  0.671043737 0.884742660  0.077072328 0.852115673
0.476304003223  0.100587465 0.399412535  0.506298666 0.367574744  0.671252024 0.884210006  0.076963225 0.852372215
0.476448424471  0.100942961 0.399057039  0.506337116 0.368008084  0.671460085 0.883677589  0.076854241 0.852628634
0.476592845719  0.101298225 0.398701775  0.506375680 0.368441296  0.671667920 0.883145409  0.076745375 0.852884930
0.476737266967  0.101653258 0.398346742  0.506414358 0.368874378  0.671875528 0.882613465  0.076636628 0.853141102
0.476881688214  0.102008061 0.397991939  0.506453150 0.369307332  0.672082910 0.882081758  0.076527999 0.853397151
0.477026109462  0.102362633 0.397637367  0.506492055 0.369740157  0.672290067 0.881550287  0.076419489 0.853653078
0.47717053071  0.102716975 0.397283025  0.506531074 0.370172854  0.672496997 0.881019052  0.076311097 0.853908881
0.477314951958  0.103071087 0.396928913  0.506570206 0.370605422  0.672703703 0.880488053  0.076202822 0.854164562
0.477459373206  0.103424969 0.396575031  0.506609452 0.371037863  0.672910183 0.879957289  0.076094666 0.854420120
0.477603794453  0.103778621 0.396221379  0.506648811 0.371470175  0.673116438 0.879426760  0.075986628 0.854675555
0.477748215701  0.104132044 0.395867956  0.506688283 0.371902359  0.673322468 0.878896466  0.075878707 0.854930868
0.477892636949  0.104485237 0.395514763  0.506727867 0.372334415  0.673528274 0.878366407  0.075770904 0.855186059
0.478037058197  0.104838202 0.395161798  0.506767565 0.372766344  0.673733856 0.877836582  0.075663219 0.855441128
0.478181479444  0.105190938 0.394809062  0.506807376 0.373198145  0.673939213 0.877306991  0.075555650 0.855696075
0.478325900692  0.105543446 0.394456554  0.506847299 0.373629819  0.674144346 0.876777635  0.075448199 0.855950900
0.47847032194  0.105895725 0.394104275  0.506887335 0.374061366  0.674349256 0.876248512  0.075340866 0.856205603
0.478614743188  0.106247776 0.393752224  0.506927483 0.374492785  0.674553943 0.875719623  0.075233649 0.856460185
0.478759164436  0.106599600 0.393400400  0.506967743 0.374924077  0.674758406 0.875190968  0.075126549 0.856714645
0.478903585683  0.106951196 0.393048804  0.507008116 0.375355242  0.674962646 0.874662545  0.075019566 0.856968983
0.479048006931  0.107302564 0.392697436  0.507048601 0.375786281  0.675166663 0.874134355  0.074912700 0.857223200
0.479192428179  0.107653705 0.392346295  0.507089197 0.376217193  0.675370458 0.873606398  0.074805950 0.857477297
0.479336849427  0.108004620 0.391995380  0.507129906 0.376647978  0.675574031 0.873078674  0.074699317 0.857731272
0.479481270674  0.108355307 0.391644693  0.507170727 0.377078637  0.675777381 0.872551181  0.074592800 0.857985126
0.479625691922  0.108705769 0.391294231  0.507211659 0.377509170  0.675980510 0.872023921  0.074486400 0.858238859
0.47977011317  0.109056004 0.390943996  0.507252702 0.377939577  0.676183416 0.871496892  0.074380115 0.858492472
0.479914534418  0.109406012 0.390593988  0.507293858 0.378369857  0.676386102 0.870970095  0.074273947 0.858745964
0.480058955666  0.109755795 0.390244205  0.507335124 0.378800012  0.676588566 0.870443529  0.074167894 0.858999336
0.480203376913  0.110105353 0.389894647  0.507376502 0.379230041  0.676790808 0.869917194  0.074061957 0.859252587
0.480347798161  0.110454685 0.389545315  0.507417991 0.379659944  0.676992830 0.869391089  0.073956136 0.859505718
0.480492219409  0.110803792 0.389196208  0.507459591 0.380089721  0.677194632 0.868865216  0.073850431 0.859758729
0.480636640657  0.111152674 0.388847326  0.507501302 0.380519374  0.677396213 0.868339573  0.073744841 0.860011620
0.480781061905  0.111501331 0.388498669  0.507543124 0.380948901  0.677597574 0.867814160  0.073639366 0.860264391
0.480925483152  0.111849764 0.388150236  0.507585056 0.381378302  0.677798715 0.867288976  0.073534007 0.860517043
0.4810699044  0.112197973 0.387802027  0.507627099 0.381807579  0.677999636 0.866764023  0.073428762 0.860769575
0.481214325648  0.112545957 0.387454043  0.507669253 0.382236731  0.678200337 0.866239299  0.073323633 0.861021987
0.481358746896  0.112893718 0.387106282  0.507711517 0.382665758  0.678400819 0.865714804  0.073218618 0.861274280
0.481503168143  0.113241255 0.386758745  0.507753891 0.383094661  0.678601082 0.865190538  0.073113719 0.861526454
0.481647589391  0.113588568 0.386411432  0.507796376 0.383523439  0.678801126 0.864666501  0.073008934 0.861778508
0.481792010639  0.113935659 0.386064341  0.507838970 0.383952092  0.679000952 0.864142693  0.072904263 0.862030444
0.481936431887  0.114282526 0.385717474  0.507881675 0.384380621  0.679200559 0.863619113  0.072799707 0.862282260
0.482080853135  0.114629171 0.385370829  0.507924489 0.384809026  0.679399947 0.863095761  0.072695266 0.862533958
0.482225274382  0.114975593 0.385024407  0.507967413 0.385237307  0.679599118 0.862572637  0.072590938 0.862785537
0.48236969563  0.115321793 0.384678207  0.508010447 0.385665464  0.679798071 0.862049740  0.072486725 0.863036998
0.482514116878  0.115667771 0.384332229  0.508053591 0.386093498  0.679996806 0.861527071  0.072382626 0.863288340
0.482658538126  0.116013527 0.383986473  0.508096844 0.386521407  0.680195323 0.861004629  0.072278640 0.863539563
0.482802959373  0.116359061 0.383640939  0.508140206 0.386949193  0.680393624 0.860482414  0.072174769 0.863790669
0.482947380621  0.116704374 0.383295626  0.508183677 0.387376856  0.680591707 0.859960426  0.072071011 0.864041656
0.483091801869  0.117049465 0.382950535  0.508227258 0.387804395  0.680789573 0.859438665  0.071967366 0.864292525
0.483236223117  0.117394336 0.382605664  0.508270948 0.388231812  0.680987223 0.858917130  0.071863835 0.864543277
0.483380644365  0.117738985 0.382261015  0.508314746 0.388659105  0.681184657 0.858395821  0.071760418 0.864793911
0.483525065612  0.118083414 0.381916586  0.508358654 0.389086275  0.681381874 0.857874737  0.071657113 0.865044427
0.48366948686  0.118427623 0.381572377  0.508402670 0.389513322  0.681578876 0.857353880  0.071553922 0.865294825
0.483813908108  0.118771612 0.381228388  0.508446795 0.389940247  0.681775661 0.856833248  0.071450844 0.865545106
0.483958329356  0.119115380 0.380884620  0.508491028 0.390367049  0.681972231 0.856312841  0.071347879 0.865795270
0.484102750604  0.119458929 0.380541071  0.508535370 0.390793729  0.682168586 0.855792659  0.071245026 0.866045317
0.484247171851  0.119802258 0.380197742  0.508579820 0.391220286  0.682364725 0.855272702  0.071142287 0.866295246
0.484391593099  0.120145368 0.379854632  0.508624378 0.391646721  0.682560650 0.854752969  0.071039659 0.866545059
0.484536014347  0.120488259 0.379511741  0.508669044 0.392073034  0.682756360 0.854233461  0.070937145 0.866794755
0.484680435595  0.120830931 0.379169069  0.508713819 0.392499225  0.682951855 0.853714177  0.070834742 0.867044334
0.484824856842  0.121173385 0.378826615  0.508758701 0.392925294  0.683147136 0.853195117  0.070732452 0.867293796
0.48496927809  0.121515620 0.378484380  0.508803691 0.393351242  0.683342203 0.852676281  0.070630275 0.867543142
0.485113699338  0.121857636 0.378142364  0.508848789 0.393777068  0.683537056 0.852157668  0.070528209 0.867792371
0.485258120586  0.122199435 0.377800565  0.508893994 0.394202772  0.683731695 0.851639278  0.070426255 0.868041485
0.485402541834  0.122541016 0.377458984  0.508939307 0.394628355  0.683926121 0.851121111  0.070324413 0.868290482
0.485546963081  0.122882379 0.377117621  0.508984727 0.395053817  0.684120334 0.850603167  0.070222682 0.868539363
0.485691384329  0.123223524 0.376776476  0.509030255 0.395479157  0.684314333 0.850085446  0.070121064 0.868788128
0.485835805577  0.123564453 0.376435547  0.509075890 0.395904377  0.684508120 0.849567947  0.070019556 0.869036777
0.485980226825  0.123905164 0.376094836  0.509121631 0.396329476  0.684701694 0.849050670  0.069918161 0.869285310
0.486124648072  0.124245659 0.375754341  0.509167480 0.396754453  0.684895055 0.848533616  0.069816876 0.869533728
0.48626906932  0.124585937 0.375414063  0.509213436 0.397179311  0.685088204 0.848016783  0.069715703 0.869782031
0.486413490568  0.124925999 0.375074001  0.509259498 0.397604047  0.685281141 0.847500171  0.069614640 0.870030218
0.486557911816  0.125265845 0.374734155  0.509305668 0.398028664  0.685473866 0.846983781  0.069513689 0.870278289
0.486702333064  0.125605474 0.374394526  0.509351943 0.398453160  0.685666380 0.846467612  0.069412849 0.870526246
0.486846754311  0.125944888 0.374055112  0.509398326 0.398877536  0.685858682 0.845951664  0.069312119 0.870774088
0.486991175559  0.126284087 0.373715913  0.509444814 0.399301791  0.686050773 0.845435936  0.069211500 0.871021814
0.487135596807  0.126623070 0.373376930  0.509491409 0.399725927  0.686242652 0.844920429  0.069110992 0.871269426
0.487280018055  0.126961838 0.373038162  0.509538110 0.400149943  0.686434321 0.844405142  0.069010594 0.871516923
0.487424439303  0.127300391 0.372699609  0.509584918 0.400573839  0.686625779 0.843890075  0.068910306 0.871764305
0.48756886055  0.127638729 0.372361271  0.509631831 0.400997616  0.686817027 0.843375228  0.068810129 0.872011573
0.487713281798  0.127976853 0.372023147  0.509678850 0.401421273  0.687008065 0.842860601  0.068710061 0.872258727
0.487857703046  0.128314763 0.371685237  0.509725975 0.401844811  0.687198892 0.842346193  0.068610104 0.872505766
0.488002124294  0.128652458 0.371347542  0.509773205 0.402268230  0.687389510 0.841832004  0.068510257 0.872752692
0.488146545541  0.128989940 0.371010060  0.509820541 0.402691529  0.687579918 0.841318034  0.068410519 0.872999503
0.488290966789  0.129327208 0.370672792  0.509867983 0.403114709  0.687770116 0.840804283  0.068310891 0.873246200
0.488435388037  0.129664262 0.370335738  0.509915530 0.403537771  0.687960106 0.840290750  0.068211373 0.873492783
0.488579809285  0.130001103 0.369998897  0.509963182 0.403960714  0.688149886 0.839777436  0.068111965 0.873739253
0.488724230533  0.130337731 0.369662269  0.510010939 0.404383538  0.688339457 0.839264340  0.068012665 0.873985609
0.48886865178  0.130674147 0.369325853  0.510058802 0.404806243  0.688528820 0.838751461  0.067913475 0.874231851
0.489013073028  0.131010349 0.368989651  0.510106769 0.405228830  0.688717974 0.838238801  0.067814394 0.874477981
0.489157494276  0.131346339 0.368653661  0.510154842 0.405651299  0.688906920 0.837726358  0.067715423 0.874723996
0.489301915524  0.131682117 0.368317883  0.510203019 0.406073650  0.689095658 0.837214132  0.067616560 0.874969899
0.489446336771  0.132017683 0.367982317  0.510251301 0.406495882  0.689284188 0.836702123  0.067517806 0.875215689
0.489590758019  0.132353037 0.367646963  0.510299687 0.406917997  0.689472511 0.836190331  0.067419161 0.875461365
0.489735179267  0.132688179 0.367311821  0.510348178 0.407339994  0.689660626 0.835678756  0.067320625 0.875706929
0.489879600515  0.133023110 0.366976890  0.510396774 0.407761873  0.689848533 0.835167397  0.067222197 0.875952380
0.490024021763  0.133357830 0.366642170  0.510445474 0.408183634  0.690036234 0.834656255  0.067123877 0.876197719
0.49016844301  0.133692339 0.366307661  0.510494277 0.408605278  0.690223728 0.834145328  0.067025666 0.876442945
0.490312864258  0.134026637 0.365973363  0.510543185 0.409026804  0.690411015 0.833634617  0.066927564 0.876688058
0.490457285506  0.134360724 0.365639276  0.510592197 0.409448213  0.690598095 0.833124122  0.066829569 0.876933059
0.490601706754  0.134694600 0.365305400  0.510641313 0.409869505  0.690784970 0.832613842  0.066731683 0.877177948
0.490746128002  0.135028267 0.364971733  0.510690533 0.410290680  0.690971638 0.832103778  0.066633904 0.877422725
0.490890549249  0.135361724 0.364638276  0.510739857 0.410711738  0.691158100 0.831593928  0.066536233 0.877667390
0.491034970497  0.135694970 0.364305030  0.510789284 0.411132679  0.691344357 0.831084294  0.066438670 0.877911943
0.491179391745  0.136028007 0.363971993  0.510838814 0.411553504  0.691530408 0.830574873  0.066341215 0.878156384
0.491323812993  0.136360835 0.363639165  0.510888448 0.411974212  0.691716254 0.830065668  0.066243867 0.878400714
0.49146823424  0.136693453 0.363306547  0.510938186 0.412394803  0.691901894 0.829556676  0.066146627 0.878644932
0.491612655488  0.137025863 0.362974137  0.510988026 0.412815278  0.692087330 0.829047898  0.066049494 0.878889039
0.491757076736  0.137358063 0.362641937  0.511037970 0.413235637  0.692272561 0.828539334  0.065952468 0.879133034
0.491901497984  0.137690055 0.362309945  0.511088017 0.413655879  0.692457588 0.828030984  0.065855549 0.879376918
0.492045919232  0.138021839 0.361978161  0.511138167 0.414076006  0.692642410 0.827522847  0.065758738 0.879620691
0.492190340479  0.138353414 0.361646586  0.511188419 0.414496016  0.692827028 0.827014923  0.065662033 0.879864353
0.492334761727  0.138684781 0.361315219  0.511238775 0.414915911  0.693011442 0.826507212  0.065565435 0.880107904
0.492479182975  0.139015940 0.360984060  0.511289233 0.415335690  0.693195652 0.825999714  0.065468944 0.880351344
0.492623604223  0.139346892 0.360653108  0.511339793 0.415755354  0.693379659 0.825492428  0.065372560 0.880594674
0.492768025471  0.139677636 0.360322364  0.511390456 0.416174902  0.693563462 0.824985354  0.065276282 0.880837893
0.492912446718  0.140008173 0.359991827  0.511441222 0.416594335  0.693747062 0.824478493  0.065180110 0.881081001
0.493056867966  0.140338503 0.359661497  0.511492089 0.417013652  0.693930459 0.823971844  0.065084045 0.881323999
0.493201289214  0.140668626 0.359331374  0.511543059 0.417432854  0.694113653 0.823465406  0.064988086 0.881566887
0.493345710462  0.140998543 0.359001457  0.511594131 0.417851942  0.694296645 0.822959180  0.064892234 0.881809664
0.493490131709  0.141328253 0.358671747  0.511645305 0.418270914  0.694479434 0.822453165  0.064796487 0.882052332
0.493634552957  0.141657757 0.358342243  0.511696581 0.418689771  0.694662021 0.821947361  0.064700846 0.882294889
0.493778974205  0.141987054 0.358012946  0.511747959 0.419108514  0.694844406 0.821441768  0.064605311 0.882537337
0.493923395453  0.142316146 0.357683854  0.511799438 0.419527143  0.695026590 0.820936386  0.064509882 0.882779675
0.494067816701  0.142645032 0.357354968  0.511851019 0.419945656  0.695208571 0.820431215  0.064414558 0.883021903
0.494212237948  0.142973713 0.357026287  0.511902702 0.420364056  0.695390351 0.819926253  0.064319340 0.883264022
0.494356659196  0.143302188 0.356697812  0.511954486 0.420782341  0.695571930 0.819421502  0.064224227 0.883506031
0.494501080444  0.143630458 0.356369542  0.512006371 0.421200512  0.695753307 0.818916961  0.064129220 0.883747931
0.494645501692  0.143958523 0.356041477  0.512058357 0.421618569  0.695934484 0.818412629  0.064034318 0.883989722
0.494789922939  0.144286384 0.355713616  0.512110445 0.422036512  0.696115460 0.817908507  0.063939521 0.884231403
0.494934344187  0.144614040 0.355385960  0.512162634 0.422454341  0.696296235 0.817404594  0.063844829 0.884472976
0.495078765435  0.144941492 0.355058508  0.512214924 0.422872057  0.696476810 0.816900890  0.063750242 0.884714439
0.495223186683  0.145268739 0.354731261  0.512267314 0.423289659  0.696657185 0.816397396  0.063655760 0.884955794
0.495367607931  0.145595783 0.354404217  0.512319805 0.423707147  0.696837360 0.815894109  0.063561383 0.885197040
0.495512029178  0.145922623 0.354077377  0.512372397 0.424124523  0.697017336 0.815391032  0.063467110 0.885438178
0.495656450426  0.146249259 0.353750741  0.512425090 0.424541784  0.697197111 0.814888163  0.063372942 0.885679207
0.495800871674  0.146575692 0.353424308  0.512477883 0.424958933  0.697376687 0.814385501  0.063278878 0.885920127
0.495945292922  0.146901922 0.353098078  0.512530777 0.425375969  0.697556064 0.813883048  0.063184919 0.886160939
0.49608971417  0.147227949 0.352772051  0.512583770 0.425792891  0.697735242 0.813380803  0.063091064 0.886401643
0.496234135417  0.147553773 0.352446227  0.512636864 0.426209701  0.697914221 0.812878765  0.062997313 0.886642239
0.496378556665  0.147879395 0.352120605  0.512690059 0.426626399  0.698093002 0.812376934  0.062903666 0.886882727
0.496522977913  0.148204814 0.351795186  0.512743353 0.427042983  0.698271584 0.811875310  0.062810123 0.887123107
0.496667399161  0.148530030 0.351469970  0.512796747 0.427459455  0.698449967 0.811373894  0.062716684 0.887363379
0.496811820408  0.148855045 0.351144955  0.512850241 0.427875815  0.698628153 0.810872684  0.062623348 0.887603544
0.496956241656  0.149179858 0.350820142  0.512903835 0.428292062  0.698806141 0.810371681  0.062530117 0.887843601
0.497100662904  0.149504470 0.350495530  0.512957528 0.428708197  0.698983930 0.809870883  0.062436989 0.888083550
0.497245084152  0.149828879 0.350171121  0.513011321 0.429124220  0.699161523 0.809370293  0.062343964 0.888323392
0.4973895054  0.150153088 0.349846912  0.513065213 0.429540131  0.699338918 0.808869908  0.062251043 0.888563127
0.497533926647  0.150477095 0.349522905  0.513119205 0.429955931  0.699516116 0.808369729  0.062158225 0.888802755
0.497678347895  0.150800902 0.349199098  0.513173296 0.430371618  0.699693116 0.807869755  0.062065511 0.889042275
0.497822769143  0.151124508 0.348875492  0.513227487 0.430787194  0.699869920 0.807369987  0.061972899 0.889281689
0.497967190391  0.151447913 0.348552087  0.513281776 0.431202658  0.700046528 0.806870424  0.061880390 0.889520995
0.498111611638  0.151771118 0.348228882  0.513336165 0.431618011  0.700222939 0.806371066  0.061787985 0.889760195
0.498256032886  0.152094123 0.347905877  0.513390652 0.432033253  0.700399153 0.805871912  0.061695682 0.889999289
0.498400454134  0.152416928 0.347583072  0.513445238 0.432448383  0.700575172 0.805372964  0.061603482 0.890238275
0.498544875382  0.152739534 0.347260466  0.513499923 0.432863402  0.700750994 0.804874219  0.061511384 0.890477155
0.49868929663  0.153061939 0.346938061  0.513554707 0.433278311  0.700926621 0.804375679  0.061419389 0.890715929
0.498833717877  0.153384145 0.346615855  0.513609589 0.433693108  0.701102053 0.803877343  0.061327496 0.890954597
0.498978139125  0.153706152 0.346293848  0.513664570 0.434107795  0.701277289 0.803379211  0.061235706 0.891193158
0.499122560373  0.154027960 0.345972040  0.513719649 0.434522370  0.701452329 0.802881282  0.061144018 0.891431613
0.499266981621  0.154349570 0.345650430  0.513774826 0.434936836  0.701627175 0.802383557  0.061052432 0.891669962
0.499411402869  0.154670980 0.345329020  0.513830102 0.435351190  0.701801826 0.801886035  0.060960948 0.891908206
0.499555824116  0.154992192 0.345007808  0.513885476 0.435765435  0.701976283 0.801388716  0.060869566 0.892146343
0.499700245364  0.155313206 0.344686794  0.513940948 0.436179569  0.702150545 0.800891600  0.060778286 0.892384375
0.499844666612  0.155634022 0.344365978  0.513996517 0.436593593  0.702324612 0.800394687  0.060687108 0.892622302
0.49998908786  0.155954640 0.344045360  0.514052185 0.437007507  0.702498486 0.799897976  0.060596031 0.892860122
0.500133509107  0.156275060 0.343724940  0.514107950 0.437421311  0.702672166 0.799401467  0.060505056 0.893097838
0.500277930355  0.156595282 0.343404718  0.514163813 0.437835005  0.702845651 0.798905161  0.060414183 0.893335448
0.500422351603  0.156915307 0.343084693  0.514219774 0.438248589  0.703018944 0.798409056  0.060323410 0.893572953
0.500566772851  0.157235135 0.342764865  0.514275832 0.438662064  0.703192043 0.797913154  0.060232739 0.893810353
0.500711194099  0.157554766 0.342445234  0.514331987 0.439075429  0.703364949 0.797417452  0.060142170 0.894047648
0.500855615346  0.157874201 0.342125799  0.514388240 0.439488685  0.703537662 0.796921952  0.060051701 0.894284838
0.501000036594  0.158193438 0.341806562  0.514444590 0.439901832  0.703710181 0.796426653  0.059961334 0.894521923
0.501144457842  0.158512480 0.341487520  0.514501038 0.440314869  0.703882509 0.795931556  0.059871067 0.894758904
0.50128887909  0.158831324 0.341168676  0.514557582 0.440727797  0.704054644 0.795436659  0.059780901 0.894995780
0.501433300337  0.159149973 0.340850027  0.514614223 0.441140616  0.704226586 0.794941962  0.059690836 0.895232551
0.501577721585  0.159468426 0.340531574  0.514670961 0.441553326  0.704398336 0.794447466  0.059600871 0.895469218
0.501722142833  0.159786684 0.340213316  0.514727796 0.441965928  0.704569895 0.793953170  0.059511007 0.895705781
0.501866564081  0.160104745 0.339895255  0.514784728 0.442378420  0.704741262 0.793459074  0.059421244 0.895942240
0.502010985329  0.160422612 0.339577388  0.514841756 0.442790804  0.704912437 0.792965178  0.059331581 0.896178594
0.502155406576  0.160740283 0.339259717  0.514898881 0.443203080  0.705083420 0.792471482  0.059242018 0.896414845
0.502299827824  0.161057759 0.338942241  0.514956102 0.443615247  0.705254213 0.791977985  0.059152555 0.896650991
0.502444249072  0.161375041 0.338624959  0.515013419 0.444027306  0.705424814 0.791484687  0.059063193 0.896887034
0.50258867032  0.161692128 0.338307872  0.515070833 0.444439257  0.705595225 0.790991589  0.058973930 0.897122973
0.502733091568  0.162009020 0.337990980  0.515128343 0.444851099  0.705765444 0.790498689  0.058884767 0.897358808
0.502877512815  0.162325718 0.337674282  0.515185949 0.445262834  0.705935473 0.790005988  0.058795704 0.897594540
0.503021934063  0.162642222 0.337357778  0.515243651 0.445674461  0.706105312 0.789513486  0.058706741 0.897830169
0.503166355311  0.162958532 0.337041468  0.515301449 0.446085980  0.706274961 0.789021182  0.058617878 0.898065694
0.503310776559  0.163274649 0.336725351  0.515359343 0.446497391  0.706444420 0.788529076  0.058529114 0.898301116
0.503455197806  0.163590572 0.336409428  0.515417332 0.446908695  0.706613688 0.788037168  0.058440449 0.898536434
0.503599619054  0.163906301 0.336093699  0.515475418 0.447319891  0.706782768 0.787545458  0.058351884 0.898771650
0.503744040302  0.164221838 0.335778162  0.515533598 0.447730980  0.706951657 0.787053946  0.058263418 0.899006763
0.50388846155  0.164537181 0.335462819  0.515591874 0.448141961  0.707120357 0.786562630  0.058175051 0.899241773
0.504032882798  0.164852332 0.335147668  0.515650246 0.448552836  0.707288869 0.786071513  0.058086783 0.899476680
0.504177304045  0.165167290 0.334832710  0.515708713 0.448963603  0.707457191 0.785580592  0.057998614 0.899711484
0.504321725293  0.165482055 0.334517945  0.515767275 0.449374263  0.707625324 0.785089868  0.057910544 0.899946186
0.504466146541  0.165796628 0.334203372  0.515825932 0.449784817  0.707793269 0.784599341  0.057822573 0.900180786
0.504610567789  0.166111009 0.333888991  0.515884685 0.450195264  0.707961025 0.784109010  0.057734701 0.900415283
0.504754989036  0.166425198 0.333574802  0.515943532 0.450605604  0.708128594 0.783618876  0.057646927 0.900649678
0.504899410284  0.166739196 0.333260804  0.516002474 0.451015837  0.708295974 0.783128937  0.057559252 0.900883970
0.505043831532  0.167053002 0.332946998  0.516061511 0.451425964  0.708463166 0.782639195  0.057471675 0.901118161
0.50518825278  0.167366616 0.332633384  0.516120643 0.451835985  0.708630170 0.782149649  0.057384197 0.901352249
0.505332674028  0.167680039 0.332319961  0.516179869 0.452245899  0.708796986 0.781660298  0.057296817 0.901586236
0.505477095275  0.167993271 0.332006729  0.516239190 0.452655708  0.708963616 0.781171142  0.057209535 0.901820121
0.505621516523  0.168306313 0.331693687  0.516298605 0.453065410  0.709130058 0.780682182  0.057122351 0.902053904
0.505765937771  0.168619163 0.331380837  0.516358115 0.453475006  0.709296313 0.780193417  0.057035265 0.902287586
0.505910359019  0.168931823 0.331068177  0.516417719 0.453884496  0.709462381 0.779704846  0.056948277 0.902521166
0.506054780267  0.169244293 0.330755707  0.516477417 0.454293881  0.709628262 0.779216470  0.056861387 0.902754644
0.506199201514  0.169556572 0.330443428  0.516537209 0.454703160  0.709793957 0.778728289  0.056774594 0.902988021
0.506343622762  0.169868662 0.330131338  0.516597096 0.455112333  0.709959465 0.778240302  0.056687899 0.903221297
0.50648804401  0.170180561 0.329819439  0.516657076 0.455521401  0.710124787 0.777752510  0.056601302 0.903454472
0.506632465258  0.170492271 0.329507729  0.516717150 0.455930364  0.710289923 0.777264911  0.056514802 0.903687546
0.506776886505  0.170803792 0.329196208  0.516777318 0.456339221  0.710454874 0.776777506  0.056428400 0.903920519
0.506921307753  0.171115123 0.328884877  0.516837579 0.456747973  0.710619638 0.776290295  0.056342094 0.904153391
0.507065729001  0.171426265 0.328573735  0.516897935 0.457156620  0.710784217 0.775803277  0.056255886 0.904386162
0.507210150249  0.171737219 0.328262781  0.516958383 0.457565162  0.710948611 0.775316452  0.056169775 0.904618833
0.507354571497  0.172047983 0.327952017  0.517018925 0.457973599  0.711112819 0.774829820  0.056083761 0.904851402
0.507498992744  0.172358559 0.327641441  0.517079561 0.458381931  0.711276842 0.774343382  0.055997844 0.905083872
0.507643413992  0.172668946 0.327331054  0.517140290 0.458790159  0.711440681 0.773857136  0.055912024 0.905316241
0.50778783524  0.172979145 0.327020855  0.517201111 0.459198282  0.711604335 0.773371082  0.055826301 0.905548510
0.507932256488  0.173289156 0.326710844  0.517262026 0.459606301  0.711767804 0.772885221  0.055740674 0.905780678
0.508076677735  0.173598979 0.326401021  0.517323035 0.460014215  0.711931089 0.772399552  0.055655144 0.906012747
0.508221098983  0.173908615 0.326091385  0.517384136 0.460422025  0.712094189 0.771914075  0.055569710 0.906244715
0.508365520231  0.174218062 0.325781938  0.517445329 0.460829731  0.712257106 0.771428790  0.055484373 0.906476583
0.508509941479  0.174527323 0.325472677  0.517506616 0.461237333  0.712419839 0.770943696  0.055399132 0.906708352
0.508654362727  0.174836396 0.325163604  0.517567995 0.461644830  0.712582388 0.770458794  0.055313987 0.906940021
0.508798783974  0.175145282 0.324854718  0.517629467 0.462052224  0.712744753 0.769974084  0.055228939 0.907171590
0.508943205222  0.175453981 0.324546019  0.517691032 0.462459514  0.712906936 0.769489564  0.055143986 0.907403059
0.50908762647  0.175762494 0.324237506  0.517752689 0.462866700  0.713068935 0.769005235  0.055059129 0.907634430
0.509232047718  0.176070820 0.323929180  0.517814438 0.463273783  0.713230751 0.768521097  0.054974369 0.907865700
0.509376468966  0.176378959 0.323621041  0.517876279 0.463680762  0.713392384 0.768037150  0.054889704 0.908096872
0.509520890213  0.176686913 0.323313087  0.517938213 0.464087638  0.713553834 0.767553393  0.054805134 0.908327944
0.509665311461  0.176994680 0.323005320  0.518000239 0.464494411  0.713715102 0.767069827  0.054720661 0.908558917
0.509809732709  0.177302261 0.322697739  0.518062357 0.464901080  0.713876188 0.766586450  0.054636283 0.908789791
0.509954153957  0.177609657 0.322390343  0.518124566 0.465307646  0.714037091 0.766103263  0.054552000 0.909020566
0.510098575204  0.177916867 0.322083133  0.518186868 0.465714109  0.714197812 0.765620266  0.054467813 0.909251243
0.510242996452  0.178223892 0.321776108  0.518249261 0.466120469  0.714358352 0.765137459  0.054383721 0.909481820
0.5103874177  0.178530732 0.321469268  0.518311747 0.466526727  0.714518709 0.764654841  0.054299724 0.909712299
0.510531838948  0.178837387 0.321162613  0.518374323 0.466932881  0.714678885 0.764172412  0.054215822 0.909942679
0.510676260196  0.179143857 0.320856143  0.518436992 0.467338933  0.714838880 0.763690172  0.054132015 0.910172961
0.510820681443  0.179450142 0.320549858  0.518499751 0.467744882  0.714998694 0.763208121  0.054048303 0.910403145
0.510965102691  0.179756242 0.320243758  0.518562602 0.468150729  0.715158326 0.762726258  0.053964686 0.910633230
0.511109523939  0.180062159 0.319937841  0.518625545 0.468556474  0.715317778 0.762244584  0.053881164 0.910863217
0.511253945187  0.180367891 0.319632109  0.518688578 0.468962116  0.715477049 0.761763099  0.053797736 0.911093106
0.511398366435  0.180673439 0.319326561  0.518751703 0.469367656  0.715636139 0.761281801  0.053714403 0.911322897
0.511542787682  0.180978803 0.319021197  0.518814919 0.469773095  0.715795049 0.760800692  0.053631165 0.911552589
0.51168720893  0.181283984 0.318716016  0.518878226 0.470178431  0.715953779 0.760319770  0.053548021 0.911782184
0.511831630178  0.181588981 0.318411019  0.518941624 0.470583665  0.716112328 0.759839036  0.053464971 0.912011682
0.511976051426  0.181893795 0.318106205  0.519005112 0.470988797  0.716270698 0.759358489  0.053382015 0.912241081
0.512120472673  0.182198425 0.317801575  0.519068691 0.471393828  0.716428888 0.758878130  0.053299154 0.912470383
0.512264893921  0.182502873 0.317497127  0.519132361 0.471798757  0.716586898 0.758397958  0.053216387 0.912699588
0.512409315169  0.182807137 0.317192863  0.519196121 0.472203585  0.716744729 0.757917973  0.053133713 0.912928695
0.512553736417  0.183111219 0.316888781  0.519259972 0.472608311  0.716902381 0.757438174  0.053051134 0.913157705
0.512698157665  0.183415119 0.316584881  0.519323914 0.473012936  0.717059853 0.756958562  0.052968648 0.913386617
0.512842578912  0.183718836 0.316281164  0.519387945 0.473417460  0.717217147 0.756479137  0.052886256 0.913615433
0.51298700016  0.184022371 0.315977629  0.519452067 0.473821882  0.717374262 0.755999898  0.052803958 0.913844151
0.513131421408  0.184325724 0.315674276  0.519516279 0.474226204  0.717531198 0.755520845  0.052721753 0.914072773
0.513275842656  0.184628895 0.315371105  0.519580581 0.474630424  0.717687956 0.755041978  0.052639642 0.914301297
0.513420263903  0.184931885 0.315068115  0.519644974 0.475034544  0.717844535 0.754563296  0.052557624 0.914529725
0.513564685151  0.185234693 0.314765307  0.519709456 0.475438563  0.718000937 0.754084800  0.052475700 0.914758056
0.513709106399  0.185537319 0.314462681  0.519774028 0.475842481  0.718157160 0.753606490  0.052393869 0.914986291
0.513853527647  0.185839764 0.314160236  0.519838689 0.476246299  0.718313206 0.753128365  0.052312130 0.915214428
0.513997948895  0.186142029 0.313857971  0.519903441 0.476650016  0.718469073 0.752650425  0.052230485 0.915442470
0.514142370142  0.186444112 0.313555888  0.519968282 0.477053633  0.718624764 0.752172670  0.052148933 0.915670415
0.51428679139  0.186746015 0.313253985  0.520033212 0.477457150  0.718780277 0.751695099  0.052067474 0.915898264
0.514431212638  0.187047737 0.312952263  0.520098232 0.477860566  0.718935613 0.751217713  0.051986108 0.916126017
0.514575633886  0.187349279 0.312650721  0.520163342 0.478263883  0.719090771 0.750740512  0.051904834 0.916353674
0.514720055134  0.187650641 0.312349359  0.520228540 0.478667099  0.719245753 0.750263495  0.051823653 0.916581234
0.514864476381  0.187951822 0.312048178  0.520293828 0.479070215  0.719400559 0.749786661  0.051742565 0.916808699
0.515008897629  0.188252824 0.311747176  0.520359205 0.479473232  0.719555187 0.749310012  0.051661569 0.917036068
0.515153318877  0.188553646 0.311446354  0.520424671 0.479876149  0.719709640 0.748833547  0.051580665 0.917263341
0.515297740125  0.188854288 0.311145712  0.520490226 0.480278966  0.719863916 0.748357265  0.051499854 0.917490519
0.515442161372  0.189154751 0.310845249  0.520555870 0.480681684  0.720018016 0.747881166  0.051419135 0.917717601
0.51558658262  0.189455035 0.310544965  0.520621603 0.481084302  0.720171940 0.747405251  0.051338508 0.917944587
0.515731003868  0.189755140 0.310244860  0.520687425 0.481486821  0.720325688 0.746929519  0.051257973 0.918171479
0.515875425116  0.190055065 0.309944935  0.520753335 0.481889240  0.720479261 0.746453969  0.051177530 0.918398275
0.516019846364  0.190354812 0.309645188  0.520819334 0.482291560  0.720632658 0.745978602  0.051097179 0.918624975
0.516164267611  0.190654381 0.309345619  0.520885421 0.482693782  0.720785880 0.745503418  0.051016920 0.918851581
0.516308688859  0.190953771 0.309046229  0.520951597 0.483095904  0.720938927 0.745028417  0.050936753 0.919078091
0.516453110107  0.191252982 0.308747018  0.521017861 0.483497927  0.721091798 0.744553597  0.050856677 0.919304507
0.516597531355  0.191552016 0.308447984  0.521084213 0.483899852  0.721244495 0.744078960  0.050776693 0.919530827
0.516741952602  0.191850871 0.308149129  0.521150654 0.484301678  0.721397018 0.743604504  0.050696800 0.919757053
0.51688637385  0.192149549 0.307850451  0.521217182 0.484703405  0.721549366 0.743130231  0.050616999 0.919983185
0.517030795098  0.192448049 0.307551951  0.521283799 0.485105033  0.721701539 0.742656139  0.050537289 0.920209221
0.517175216346  0.192746372 0.307253628  0.521350504 0.485506564  0.721853538 0.742182228  0.050457670 0.920435163
0.517319637594  0.193044517 0.306955483  0.521417297 0.485907995  0.722005364 0.741708498  0.050378143 0.920661011
0.517464058841  0.193342485 0.306657515  0.521484177 0.486309329  0.722157015 0.741234950  0.050298706 0.920886764
0.517608480089  0.193640277 0.306359723  0.521551145 0.486710564  0.722308492 0.740761582  0.050219361 0.921112423
0.517752901337  0.193937891 0.306062109  0.521618201 0.487111701  0.722459796 0.740288396  0.050140107 0.921337988
0.517897322585  0.194235329 0.305764671  0.521685345 0.487512741  0.722610927 0.739815389  0.050060943 0.921563459
0.518041743833  0.194532590 0.305467410  0.521752576 0.487913682  0.722761884 0.739342564  0.049981870 0.921788835
0.51818616508  0.194829675 0.305170325  0.521819894 0.488314525  0.722912669 0.738869918  0.049902888 0.922014118
0.518330586328  0.195126583 0.304873417  0.521887300 0.488715271  0.723063280 0.738397453  0.049823996 0.922239307
0.518475007576  0.195423316 0.304576684  0.521954793 0.489115919  0.723213718 0.737925167  0.049745195 0.922464402
0.518619428824  0.195719872 0.304280128  0.522022373 0.489516470  0.723363984 0.737453062  0.049666485 0.922689404
0.518763850071  0.196016253 0.303983747  0.522090040 0.489916923  0.723514077 0.736981136  0.049587864 0.922914312
0.518908271319  0.196312458 0.303687542  0.522157795 0.490317279  0.723663998 0.736509389  0.049509334 0.923139126
0.519052692567  0.196608488 0.303391512  0.522225636 0.490717537  0.723813747 0.736037822  0.049430895 0.923363847
0.519197113815  0.196904343 0.303095657  0.522293565 0.491117698  0.723963323 0.735566434  0.049352545 0.923588475
0.519341535063  0.197200022 0.302799978  0.522361580 0.491517762  0.724112728 0.735095224  0.049274285 0.923813009
0.51948595631  0.197495527 0.302504473  0.522429682 0.491917729  0.724261961 0.734624194  0.049196116 0.924037450
0.519630377558  0.197790857 0.302209143  0.522497870 0.492317600  0.724411022 0.734153342  0.049118036 0.924261798
0.519774798806  0.198086012 0.301913988  0.522566145 0.492717373  0.724559912 0.733682669  0.049040046 0.924486054
0.519919220054  0.198380992 0.301619008  0.522634507 0.493117049  0.724708631 0.733212174  0.048962146 0.924710216
0.520063641301  0.198675799 0.301324201  0.522702955 0.493516629  0.724857179 0.732741857  0.048884335 0.924934285
0.520208062549  0.198970431 0.301029569  0.522771490 0.493916113  0.725005555 0.732271718  0.048806614 0.925158262
0.520352483797  0.199264889 0.300735111  0.522840110 0.494315499  0.725153761 0.731801757  0.048728982 0.925382146
0.520496905045  0.199559173 0.300440827  0.522908818 0.494714790  0.725301796 0.731331974  0.048651440 0.925605937
0.520641326293  0.199853284 0.300146716  0.522977611 0.495113984  0.725449660 0.730862368  0.048573987 0.925829636
0.52078574754  0.200147221 0.299852779  0.523046490 0.495513082  0.725597355 0.730392940  0.048496624 0.926053242
0.520930168788  0.200440984 0.299559016  0.523115455 0.495912083  0.725744878 0.729923689  0.048419349 0.926276756
0.521074590036  0.200734575 0.299265425  0.523184506 0.496310989  0.725892232 0.729454615  0.048342164 0.926500178
0.521219011284  0.201027992 0.298972008  0.523253643 0.496709799  0.726039416 0.728985717  0.048265068 0.926723508
0.521363432532  0.201321236 0.298678764  0.523322866 0.497108513  0.726186430 0.728516997  0.048188060 0.926946746
0.521507853779  0.201614308 0.298385692  0.523392175 0.497507131  0.726333275 0.728048453  0.048111142 0.927169891
0.521652275027  0.201907206 0.298092794  0.523461569 0.497905653  0.726479950 0.727580085  0.048034312 0.927392945
0.521796696275  0.202199933 0.297800067  0.523531049 0.498304080  0.726626455 0.727111894  0.047957571 0.927615907
0.521941117523  0.202492487 0.297507513  0.523600614 0.498702411  0.726772792 0.726643879  0.047880919 0.927838777
0.52208553877  0.202784869 0.297215131  0.523670264 0.499100647  0.726918959 0.726176039  0.047804355 0.928061555
0.522229960018  0.203077079 0.296922921  0.523740000 0.499498787  0.727064958 0.725708376  0.047727879 0.928284242
0.522374381266  0.203369117 0.296630883  0.523809822 0.499896832  0.727210788 0.725240888  0.047651492 0.928506837
0.522518802514  0.203660983 0.296339017  0.523879728 0.500294782  0.727356449 0.724773576  0.047575194 0.928729341
0.522663223762  0.203952678 0.296047322  0.523949719 0.500692637  0.727501942 0.724306439  0.047498983 0.928951753
0.522807645009  0.204244201 0.295755799  0.524019796 0.501090397  0.727647266 0.723839477  0.047422861 0.929174075
0.522952066257  0.204535553 0.295464447  0.524089957 0.501488062  0.727792422 0.723372690  0.047346826 0.929396305
0.523096487505  0.204826734 0.295173266  0.524160204 0.501885632  0.727937411 0.722906077  0.047270880 0.929618443
0.523240908753  0.205117744 0.294882256  0.524230535 0.502283107  0.728082231 0.722439640  0.047195022 0.929840491
0.52338533  0.205408584 0.294591416  0.524300951 0.502680488  0.728226884 0.721973377  0.047119251 0.930062448
0.523529751248  0.205699252 0.294300748  0.524371451 0.503077774  0.728371369 0.721507288  0.047043569 0.930284314
0.523674172496  0.205989750 0.294010250  0.524442037 0.503474965  0.728515687 0.721041374  0.046967973 0.930506090
0.523818593744  0.206280078 0.293719922  0.524512706 0.503872063  0.728659838 0.720575634  0.046892466 0.930727774
0.523963014992  0.206570235 0.293429765  0.524583461 0.504269066  0.728803821 0.720110067  0.046817046 0.930949368
0.524107436239  0.206860223 0.293139777  0.524654299 0.504665974  0.728947638 0.719644675  0.046741714 0.931170872
0.524251857487  0.207150040 0.292849960  0.524725222 0.505062789  0.729091287 0.719179456  0.046666469 0.931392285
0.524396278735  0.207439688 0.292560312  0.524796229 0.505459509  0.729234770 0.718714410  0.046591311 0.931613607
0.524540699983  0.207729167 0.292270833  0.524867320 0.505856135  0.729378087 0.718249538  0.046516240 0.931834840
0.524685121231  0.208018475 0.291981525  0.524938496 0.506252668  0.729521237 0.717784838  0.046441257 0.932055982
0.524829542478  0.208307615 0.291692385  0.525009755 0.506649107  0.729664221 0.717320312  0.046366361 0.932277034
0.524973963726  0.208596585 0.291403415  0.525081098 0.507045452  0.729807038 0.716855959  0.046291551 0.932497996
0.525118384974  0.208885387 0.291114613  0.525152525 0.507441703  0.729949690 0.716391778  0.046216829 0.932718867
0.525262806222  0.209174019 0.290825981  0.525224036 0.507837861  0.730092176 0.715927769  0.046142193 0.932939649
0.525407227469  0.209462483 0.290537517  0.525295631 0.508233925  0.730234496 0.715463934  0.046067645 0.933160342
0.525551648717  0.209750778 0.290249222  0.525367309 0.508629896  0.730376651 0.715000270  0.045993183 0.933380944
0.525696069965  0.210038905 0.289961095  0.525439071 0.509025774  0.730518641 0.714536778  0.045918807 0.933601457
0.525840491213  0.210326863 0.289673137  0.525510917 0.509421558  0.730660465 0.714073458  0.045844518 0.933821880
0.525984912461  0.210614654 0.289385346  0.525582846 0.509817250  0.730802124 0.713610310  0.045770316 0.934042214
0.526129333708  0.210902276 0.289097724  0.525654858 0.510212848  0.730943618 0.713147334  0.045696200 0.934262458
0.526273754956  0.211189731 0.288810269  0.525726954 0.510608353  0.731084948 0.712684529  0.045622170 0.934482613
0.526418176204  0.211477018 0.288522982  0.525799132 0.511003766  0.731226112 0.712221895  0.045548227 0.934702679
0.526562597452  0.211764138 0.288235862  0.525871394 0.511399085  0.731367113 0.711759433  0.045474370 0.934922655
0.526707018699  0.212051090 0.287948910  0.525943739 0.511794312  0.731507949 0.711297141  0.045400598 0.935142543
0.526851439947  0.212337875 0.287662125  0.526016168 0.512189446  0.731648620 0.710835020  0.045326913 0.935362341
0.526995861195  0.212624492 0.287375508  0.526088679 0.512584488  0.731789128 0.710373070  0.045253314 0.935582051
0.527140282443  0.212910943 0.287089057  0.526161272 0.512979437  0.731929472 0.709911290  0.045179801 0.935801671
0.527284703691  0.213197228 0.286802772  0.526233949 0.513374294  0.732069651 0.709449681  0.045106373 0.936021203
0.527429124938  0.213483345 0.286516655  0.526306708 0.513769059  0.732209668 0.708988242  0.045033031 0.936240646
0.527573546186  0.213769296 0.286230704  0.526379550 0.514163731  0.732349520 0.708526973  0.044959775 0.936460001
0.527717967434  0.214055081 0.285944919  0.526452475 0.514558311  0.732489210 0.708065874  0.044886604 0.936679266
0.527862388682  0.214340699 0.285659301  0.526525482 0.514952800  0.732628736 0.707604945  0.044813519 0.936898444
0.52800680993  0.214626151 0.285373849  0.526598572 0.515347196  0.732768099 0.707144186  0.044740520 0.937117533
0.528151231177  0.214911438 0.285088562  0.526671744 0.515741500  0.732907299 0.706683596  0.044667605 0.937336534
0.528295652425  0.215196559 0.284803441  0.526744998 0.516135713  0.733046337 0.706223175  0.044594776 0.937555446
0.528440073673  0.215481514 0.284518486  0.526818335 0.516529833  0.733185211 0.705762923  0.044522032 0.937774270
0.528584494921  0.215766303 0.284233697  0.526891753 0.516923863  0.733323923 0.705302841  0.044449373 0.937993007
0.528728916168  0.216050928 0.283949072  0.526965254 0.517317800  0.733462473 0.704842927  0.044376800 0.938211655
0.528873337416  0.216335387 0.283664613  0.527038837 0.517711646  0.733600861 0.704383182  0.044304311 0.938430215
0.529017758664  0.216619681 0.283380319  0.527112502 0.518105401  0.733739086 0.703923605  0.044231907 0.938648687
0.529162179912  0.216903810 0.283096190  0.527186249 0.518499065  0.733877150 0.703464197  0.044159588 0.938867072
0.52930660116  0.217187775 0.282812225  0.527260077 0.518892637  0.734015052 0.703004958  0.044087354 0.939085369
0.529451022407  0.217471574 0.282528426  0.527333987 0.519286118  0.734152792 0.702545886  0.044015204 0.939303578
0.529595443655  0.217755210 0.282244790  0.527407979 0.519679508  0.734290370 0.702086983  0.043943139 0.939521700
0.529739864903  0.218038681 0.281961319  0.527482053 0.520072807  0.734427787 0.701628247  0.043871159 0.939739735
0.529884286151  0.218321988 0.281678012  0.527556208 0.520466015  0.734565043 0.701169679  0.043799263 0.939957681
0.530028707399  0.218605131 0.281394869  0.527630444 0.520859132  0.734702138 0.700711278  0.043727452 0.940175541
0.530173128646  0.218888110 0.281111890  0.527704762 0.521252159  0.734839072 0.700253045  0.043655724 0.940393314
0.530317549894  0.219170925 0.280829075  0.527779162 0.521645095  0.734975845 0.699794979  0.043584081 0.940610999
0.530461971142  0.219453576 0.280546424  0.527853642 0.522037940  0.735112457 0.699337080  0.043512523 0.940828597
0.53060639239  0.219736065 0.280263935  0.527928204 0.522430695  0.735248909 0.698879348  0.043441048 0.941046108
0.530750813637  0.220018389 0.279981611  0.528002847 0.522823360  0.735385200 0.698421783  0.043369657 0.941263532
0.530895234885  0.220300551 0.279699449  0.528077571 0.523215934  0.735521331 0.697964385  0.043298350 0.941480870
0.531039656133  0.220582550 0.279417450  0.528152375 0.523608418  0.735657302 0.697507153  0.043227128 0.941698120
0.531184077381  0.220864385 0.279135615  0.528227261 0.524000811  0.735793113 0.697050087  0.043155989 0.941915284
0.531328498629  0.221146058 0.278853942  0.528302228 0.524393115  0.735928764 0.696593188  0.043084933 0.942132361
0.531472919876  0.221427569 0.278572431  0.528377275 0.524785328  0.736064255 0.696136455  0.043013962 0.942349352
0.531617341124  0.221708917 0.278291083  0.528452404 0.525177452  0.736199587 0.695679888  0.042943074 0.942566256
0.531761762372  0.221990102 0.278009898  0.528527612 0.525569486  0.736334759 0.695223486  0.042872269 0.942783074
0.53190618362  0.222271126 0.277728874  0.528602902 0.525961430  0.736469772 0.694767250  0.042801548 0.942999806
0.532050604867  0.222551987 0.277448013  0.528678272 0.526353284  0.736604626 0.694311180  0.042730910 0.943216451
0.532195026115  0.222832686 0.277167314  0.528753722 0.526745049  0.736739320 0.693855274  0.042660356 0.943433010
0.532339447363  0.223113224 0.276886776  0.528829253 0.527136724  0.736873856 0.693399535  0.042589885 0.943649483
0.532483868611  0.223393600 0.276606400  0.528904864 0.527528310  0.737008233 0.692943960  0.042519497 0.943865870
0.532628289859  0.223673815 0.276326185  0.528980555 0.527919807  0.737142452 0.692488550  0.042449192 0.944082171
0.532772711106  0.223953868 0.276046132  0.529056326 0.528311214  0.737276512 0.692033305  0.042378970 0.944298386
0.532917132354  0.224233760 0.275766240  0.529132178 0.528702532  0.737410413 0.691578224  0.042308831 0.944514516
0.533061553602  0.224513491 0.275486509  0.529208110 0.529093760  0.737544156 0.691123308  0.042238775 0.944730559
0.53320597485  0.224793061 0.275206939  0.529284121 0.529484900  0.737677742 0.690668556  0.042168802 0.944946517
0.533350396098  0.225072470 0.274927530  0.529360213 0.529875951  0.737811169 0.690213969  0.042098911 0.945162390
0.533494817345  0.225351719 0.274648281  0.529436384 0.530266913  0.737944439 0.689759545  0.042029104 0.945378177
0.533639238593  0.225630807 0.274369193  0.529512635 0.530657786  0.738077550 0.689305285  0.041959378 0.945593878
0.533783659841  0.225909735 0.274090265  0.529588966 0.531048570  0.738210505 0.688851189  0.041889736 0.945809494
0.533928081089  0.226188502 0.273811498  0.529665376 0.531439266  0.738343302 0.688397257  0.041820175 0.946025025
0.534072502336  0.226467110 0.273532890  0.529741866 0.531829873  0.738475941 0.687943488  0.041750697 0.946240471
0.534216923584  0.226745557 0.273254443  0.529818435 0.532220392  0.738608424 0.687489883  0.041681302 0.946455832
0.534361344832  0.227023845 0.272976155  0.529895084 0.532610822  0.738740749 0.687036441  0.041611989 0.946671107
0.53450576608  0.227301973 0.272698027  0.529971812 0.533001164  0.738872918 0.686583161  0.041542757 0.946886298
0.534650187328  0.227579941 0.272420059  0.530048620 0.533391417  0.739004930 0.686130045  0.041473608 0.947101403
0.534794608575  0.227857750 0.272142250  0.530125507 0.533781583  0.739136785 0.685677091  0.041404541 0.947316424
0.534939029823  0.228135400 0.271864600  0.530202473 0.534171660  0.739268484 0.685224300  0.041335556 0.947531360
0.535083451071  0.228412891 0.271587109  0.530279518 0.534561649  0.739400026 0.684771672  0.041266653 0.947746212
0.535227872319  0.228690222 0.271309778  0.530356642 0.534951550  0.739531412 0.684319206  0.041197832 0.947960978
0.535372293566  0.228967395 0.271032605  0.530433845 0.535341364  0.739662643 0.683866902  0.041129092 0.948175661
0.535516714814  0.229244409 0.270755591  0.530511126 0.535731090  0.739793717 0.683414760  0.041060434 0.948390259
0.535661136062  0.229521265 0.270478735  0.530588487 0.536120727  0.739924635 0.682962779  0.040991858 0.948604772
0.53580555731  0.229797962 0.270202038  0.530665927 0.536510278  0.740055398 0.682510961  0.040923363 0.948819201
0.535949978558  0.230074501 0.269925499  0.530743445 0.536899740  0.740186005 0.682059305  0.040854950 0.949033546
0.536094399805  0.230350882 0.269649118  0.530821042 0.537289116  0.740316457 0.681607809  0.040786618 0.949247807
0.536238821053  0.230627104 0.269372896  0.530898717 0.537678404  0.740446754 0.681156475  0.040718367 0.949461983
0.536383242301  0.230903169 0.269096831  0.530976471 0.538067604  0.740576895 0.680705303  0.040650198 0.949676076
0.536527663549  0.231179076 0.268820924  0.531054303 0.538456717  0.740706882 0.680254291  0.040582109 0.949890085
0.536672084797  0.231454825 0.268545175  0.531132214 0.538845743  0.740836714 0.679803441  0.040514102 0.950104009
0.536816506044  0.231730417 0.268269583  0.531210203 0.539234682  0.740966390 0.679352751  0.040446176 0.950317850
0.536960927292  0.232005852 0.267994148  0.531288270 0.539623534  0.741095913 0.678902222  0.040378331 0.950531608
0.53710534854  0.232281129 0.267718871  0.531366416 0.540012299  0.741225280 0.678451853  0.040310567 0.950745281
0.537249769788  0.232556249 0.267443751  0.531444639 0.540400978  0.741354494 0.678001644  0.040242884 0.950958871
0.537394191035  0.232831212 0.267168788  0.531522941 0.540789569  0.741483553 0.677551596  0.040175282 0.951172378
0.537538612283  0.233106019 0.266893981  0.531601321 0.541178074  0.741612458 0.677101708  0.040107760 0.951385801
0.537683033531  0.233380669 0.266619331  0.531679778 0.541566492  0.741741209 0.676651980  0.040040319 0.951599140
0.537827454779  0.233655162 0.266344838  0.531758313 0.541954823  0.741869807 0.676202412  0.039972958 0.951812397
0.537971876027  0.233929499 0.266070501  0.531836927 0.542343068  0.741998251 0.675753003  0.039905678 0.952025570
0.538116297274  0.234203679 0.265796321  0.531915617 0.542731227  0.742126541 0.675303754  0.039838479 0.952238660
0.538260718522  0.234477704 0.265522296  0.531994386 0.543119299  0.742254677 0.674854664  0.039771359 0.952451667
0.53840513977  0.234751572 0.265248428  0.532073232 0.543507285  0.742382661 0.674405734  0.039704321 0.952664591
0.538549561018  0.235025285 0.264974715  0.532152156 0.543895185  0.742510491 0.673956963  0.039637362 0.952877432
0.538693982265  0.235298842 0.264701158  0.532231157 0.544282998  0.742638168 0.673508350  0.039570483 0.953090190
0.538838403513  0.235572243 0.264427757  0.532310235 0.544670726  0.742765693 0.673059897  0.039503685 0.953302865
0.538982824761  0.235845489 0.264154511  0.532389391 0.545058368  0.742893064 0.672611602  0.039436966 0.953515458
0.539127246009  0.236118579 0.263881421  0.532468624 0.545445923  0.743020283 0.672163466  0.039370328 0.953727968
0.539271667257  0.236391514 0.263608486  0.532547934 0.545833394  0.743147349 0.671715488  0.039303769 0.953940396
0.539416088504  0.236664294 0.263335706  0.532627322 0.546220778  0.743274263 0.671267668  0.039237291 0.954152740
0.539560509752  0.236936920 0.263063080  0.532706786 0.546608076  0.743401025 0.670820007  0.039170892 0.954365003
0.539704931  0.237209390 0.262790610  0.532786328 0.546995290  0.743527635 0.670372504  0.039104572 0.954577183
0.539849352248  0.237481706 0.262518294  0.532865946 0.547382417  0.743654092 0.669925158  0.039038333 0.954789281
0.539993773496  0.237753867 0.262246133  0.532945642 0.547769459  0.743780398 0.669477970  0.038972173 0.955001296
0.540138194743  0.238025874 0.261974126  0.533025414 0.548156416  0.743906552 0.669030940  0.038906092 0.955213230
0.540282615991  0.238297726 0.261702274  0.533105263 0.548543288  0.744032554 0.668584068  0.038840091 0.955425081
0.540427037239  0.238569424 0.261430576  0.533185188 0.548930074  0.744158405 0.668137352  0.038774169 0.955636851
0.540571458487  0.238840969 0.261159031  0.533265191 0.549316775  0.744284104 0.667690794  0.038708326 0.955848538
0.540715879734  0.239112359 0.260887641  0.533345269 0.549703391  0.744409653 0.667244393  0.038642563 0.956060144
0.540860300982  0.239383596 0.260616404  0.533425425 0.550089923  0.744535050 0.666798149  0.038576879 0.956271667
0.54100472223  0.239654679 0.260345321  0.533505656 0.550476369  0.744660296 0.666352062  0.038511274 0.956483109
0.541149143478  0.239925608 0.260074392  0.533585965 0.550862730  0.744785391 0.665906131  0.038445747 0.956694470
0.541293564726  0.240196385 0.259803615  0.533666349 0.551249007  0.744910336 0.665460357  0.038380300 0.956905749
0.541437985973  0.240467008 0.259532992  0.533746810 0.551635199  0.745035130 0.665014739  0.038314932 0.957116946
0.541582407221  0.240737478 0.259262522  0.533827347 0.552021306  0.745159773 0.664569278  0.038249642 0.957328062
0.541726828469  0.241007794 0.258992206  0.533907960 0.552407329  0.745284267 0.664123972  0.038184432 0.957539096
0.541871249717  0.241277958 0.258722042  0.533988649 0.552793268  0.745408610 0.663678823  0.038119300 0.957750049
0.542015670964  0.241547970 0.258452030  0.534069414 0.553179122  0.745532803 0.663233829  0.038054246 0.957960921
0.542160092212  0.241817829 0.258182171  0.534150255 0.553564892  0.745656845 0.662788992  0.037989271 0.958171712
0.54230451346  0.242087535 0.257912465  0.534231171 0.553950577  0.745780739 0.662344309  0.037924375 0.958382421
0.542448934708  0.242357089 0.257642911  0.534312164 0.554336178  0.745904482 0.661899783  0.037859557 0.958593050
0.542593355956  0.242626491 0.257373509  0.534393233 0.554721696  0.746028076 0.661455411  0.037794817 0.958803598
0.542737777203  0.242895741 0.257104259  0.534474377 0.555107129  0.746151520 0.661011195  0.037730156 0.959014064
0.542882198451  0.243164838 0.256835162  0.534555596 0.555492478  0.746274815 0.660567134  0.037665573 0.959224450
0.543026619699  0.243433784 0.256566216  0.534636892 0.555877744  0.746397961 0.660123227  0.037601068 0.959434755
0.543171040947  0.243702579 0.256297421  0.534718262 0.556262925  0.746520958 0.659679476  0.037536641 0.959644980
0.543315462195  0.243971222 0.256028778  0.534799709 0.556648023  0.746643805 0.659235879  0.037472292 0.959855124
0.543459883442  0.244239713 0.255760287  0.534881230 0.557033038  0.746766504 0.658792437  0.037408022 0.960065187
0.54360430469  0.244508053 0.255491947  0.534962827 0.557417968  0.746889054 0.658349149  0.037343829 0.960275170
0.543748725938  0.244776242 0.255223758  0.535044499 0.557802815  0.747011456 0.657906015  0.037279713 0.960485072
0.543893147186  0.245044280 0.254955720  0.535126247 0.558187579  0.747133709 0.657463035  0.037215676 0.960694895
0.544037568433  0.245312167 0.254687833  0.535208069 0.558572260  0.747255814 0.657020210  0.037151716 0.960904636
0.544181989681  0.245579903 0.254420097  0.535289967 0.558956857  0.747377771 0.656577538  0.037087834 0.961114298
0.544326410929  0.245847489 0.254152511  0.535371939 0.559341371  0.747499579 0.656135020  0.037024030 0.961323879
0.544470832177  0.246114924 0.253885076  0.535453987 0.559725801  0.747621240 0.655692656  0.036960303 0.961533381
0.544615253425  0.246382208 0.253617792  0.535536109 0.560110149  0.747742753 0.655250445  0.036896653 0.961742802
0.544759674672  0.246649343 0.253350657  0.535618306 0.560494414  0.747864118 0.654808387  0.036833081 0.961952144
0.54490409592  0.246916327 0.253083673  0.535700578 0.560878596  0.747985335 0.654366483  0.036769586 0.962161406
0.545048517168  0.247183161 0.252816839  0.535782925 0.561262695  0.748106405 0.653924731  0.036706169 0.962370587
0.545192938416  0.247449846 0.252550154  0.535865346 0.561646711  0.748227328 0.653483133  0.036642828 0.962579690
0.545337359663  0.247716380 0.252283620  0.535947842 0.562030644  0.748348103 0.653041687  0.036579565 0.962788712
0.545481780911  0.247982765 0.252017235  0.536030412 0.562414495  0.748468732 0.652600394  0.036516379 0.962997655
0.545626202159  0.248249001 0.251750999  0.536113057 0.562798263  0.748589213 0.652159254  0.036453269 0.963206518
0.545770623407  0.248515087 0.251484913  0.536195776 0.563181949  0.748709548 0.651718266  0.036390237 0.963415302
0.545915044655  0.248781024 0.251218976  0.536278570 0.563565553  0.748829735 0.651277431  0.036327281 0.963624007
0.546059465902  0.249046811 0.250953189  0.536361437 0.563949074  0.748949777 0.650836747  0.036264403 0.963832632
0.54620388715  0.249312450 0.250687550  0.536444379 0.564332512  0.749069671 0.650396216  0.036201601 0.964041178
0.546348308398  0.249577940 0.250422060  0.536527395 0.564715869  0.749189420 0.649955836  0.036138875 0.964249645
0.546492729646  0.249843281 0.250156719  0.536610486 0.565099143  0.749309022 0.649515608  0.036076227 0.964458032
0.546637150894  0.250108473 0.249891527  0.536693650 0.565482336  0.749428478 0.649075532  0.036013654 0.964666341
0.546781572141  0.250373517 0.249626483  0.536776888 0.565865446  0.749547788 0.648635607  0.035951159 0.964874571
0.546925993389  0.250638413 0.249361587  0.536860200 0.566248474  0.749666952 0.648195834  0.035888739 0.965082721
0.547070414637  0.250903160 0.249096840  0.536943586 0.566631421  0.749785970 0.647756212  0.035826396 0.965290793
0.547214835885  0.251167759 0.248832241  0.537027046 0.567014286  0.749904843 0.647316741  0.035764130 0.965498786
0.547359257132  0.251432211 0.248567789  0.537110579 0.567397069  0.750023570 0.646877421  0.035701939 0.965706701
0.54750367838  0.251696514 0.248303486  0.537194186 0.567779770  0.750142152 0.646438252  0.035639825 0.965914537
0.547648099628  0.251960669 0.248039331  0.537277867 0.568162390  0.750260589 0.645999234  0.035577787 0.966122294
0.547792520876  0.252224677 0.247775323  0.537361621 0.568544929  0.750378880 0.645560366  0.035515825 0.966329972
0.547936942124  0.252488538 0.247511462  0.537445449 0.568927386  0.750497027 0.645121649  0.035453938 0.966537573
0.548081363371  0.252752251 0.247247749  0.537529350 0.569309761  0.750615028 0.644683082  0.035392128 0.966745094
0.548225784619  0.253015817 0.246984183  0.537613325 0.569692056  0.750732885 0.644244666  0.035330393 0.966952538
0.548370205867  0.253279235 0.246720765  0.537697373 0.570074269  0.750850597 0.643806399  0.035268735 0.967159903
0.548514627115  0.253542507 0.246457493  0.537781494 0.570456401  0.750968165 0.643368283  0.035207152 0.967367190
0.548659048363  0.253805632 0.246194368  0.537865688 0.570838452  0.751085588 0.642930316  0.035145644 0.967574399
0.54880346961  0.254068610 0.245931390  0.537949955 0.571220422  0.751202867 0.642492499  0.035084213 0.967781530
0.548947890858  0.254331441 0.245668559  0.538034296 0.571602311  0.751320001 0.642054831  0.035022856 0.967988583
0.549092312106  0.254594126 0.245405874  0.538118709 0.571984119  0.751436992 0.641617314  0.034961576 0.968195558
0.549236733354  0.254856664 0.245143336  0.538203196 0.572365846  0.751553839 0.641179945  0.034900370 0.968402455
0.549381154601  0.255119056 0.244880944  0.538287755 0.572747493  0.751670542 0.640742726  0.034839240 0.968609275
0.549525575849  0.255381302 0.244618698  0.538372387 0.573129059  0.751787101 0.640305655  0.034778185 0.968816016
0.549669997097  0.255643402 0.244356598  0.538457092 0.573510544  0.751903516 0.639868734  0.034717206 0.969022681
0.549814418345  0.255905357 0.244094643  0.538541870 0.573891949  0.752019788 0.639431961  0.034656301 0.969229267
0.549958839593  0.256167165 0.243832835  0.538626720 0.574273273  0.752135917 0.638995338  0.034595472 0.969435776
0.55010326084  0.256428828 0.243571172  0.538711643 0.574654517  0.752251902 0.638558862  0.034534718 0.969642207
0.550247682088  0.256690345 0.243309655  0.538796638 0.575035681  0.752367745 0.638122536  0.034474038 0.969848561
0.550392103336  0.256951716 0.243048284  0.538881706 0.575416765  0.752483444 0.637686357  0.034413434 0.970054838
0.550536524584  0.257212943 0.242787057  0.538966846 0.575797768  0.752599001 0.637250327  0.034352904 0.970261038
0.550680945831  0.257474024 0.242525976  0.539052059 0.576178691  0.752714414 0.636814445  0.034292450 0.970467160
0.550825367079  0.257734960 0.242265040  0.539137344 0.576559534  0.752829686 0.636378710  0.034232069 0.970673205
0.550969788327  0.257995751 0.242004249  0.539222701 0.576940298  0.752944814 0.635943124  0.034171764 0.970879173
0.551114209575  0.258256398 0.241743602  0.539308130 0.577320981  0.753059800 0.635507685  0.034111533 0.971085064
0.551258630823  0.258516900 0.241483100  0.539393632 0.577701585  0.753174644 0.635072394  0.034051377 0.971290878
0.55140305207  0.258777257 0.241222743  0.539479205 0.578082108  0.753289346 0.634637251  0.033991295 0.971496616
0.551547473318  0.259037469 0.240962531  0.539564851 0.578462552  0.753403906 0.634202254  0.033931287 0.971702276
0.551691894566  0.259297538 0.240702462  0.539650569 0.578842917  0.753518324 0.633767405  0.033871354 0.971907860
0.551836315814  0.259557462 0.240442538  0.539736358 0.579223202  0.753632600 0.633332703  0.033811495 0.972113367
0.551980737062  0.259817242 0.240182758  0.539822219 0.579603407  0.753746734 0.632898148  0.033751711 0.972318797
0.552125158309  0.260076878 0.239923122  0.539908152 0.579983533  0.753860726 0.632463740  0.033692000 0.972524151
0.552269579557  0.260336370 0.239663630  0.539994157 0.580363580  0.753974578 0.632029478  0.033632364 0.972729429
0.552414000805  0.260595719 0.239404281  0.540080233 0.580743547  0.754088288 0.631595363  0.033572802 0.972934630
0.552558422053  0.260854924 0.239145076  0.540166381 0.581123436  0.754201856 0.631161395  0.033513313 0.973139754
0.5527028433  0.261113985 0.238886015  0.540252601 0.581503245  0.754315284 0.630727573  0.033453899 0.973344803
0.552847264548  0.261372903 0.238627097  0.540338892 0.581882975  0.754428570 0.630293897  0.033394558 0.973549775
0.552991685796  0.261631678 0.238368322  0.540425254 0.582262626  0.754541716 0.629860367  0.033335292 0.973754671
0.553136107044  0.261890310 0.238109690  0.540511688 0.582642198  0.754654721 0.629426983  0.033276099 0.973959491
0.553280528292  0.262148799 0.237851201  0.540598193 0.583021691  0.754767585 0.628993745  0.033216979 0.974164234
0.553424949539  0.262407144 0.237592856  0.540684769 0.583401105  0.754880309 0.628560653  0.033157934 0.974368902
0.553569370787  0.262665347 0.237334653  0.540771417 0.583780441  0.754992892 0.628127706  0.033098961 0.974573494
0.553713792035  0.262923408 0.237076592  0.540858136 0.584159698  0.755105335 0.627694905  0.033040063 0.974778010
0.553858213283  0.263181326 0.236818674  0.540944925 0.584538876  0.755217638 0.627262249  0.032981237 0.974982451
0.55400263453  0.263439101 0.236560899  0.541031786 0.584917976  0.755329800 0.626829738  0.032922486 0.975186815
0.554147055778  0.263696734 0.236303266  0.541118718 0.585296998  0.755441823 0.626397372  0.032863807 0.975391104
0.554291477026  0.263954225 0.236045775  0.541205721 0.585675941  0.755553706 0.625965152  0.032805202 0.975595318
0.554435898274  0.264211574 0.235788426  0.541292794 0.586054805  0.755665449 0.625533076  0.032746670 0.975799455
0.554580319522  0.264468781 0.235531219  0.541379939 0.586433592  0.755777053 0.625101145  0.032688211 0.976003518
0.554724740769  0.264725846 0.235274154  0.541467154 0.586812300  0.755888517 0.624669359  0.032629825 0.976207505
0.554869162017  0.264982769 0.235017231  0.541554440 0.587190930  0.755999841 0.624237717  0.032571512 0.976411416
0.555013583265  0.265239551 0.234760449  0.541641796 0.587569482  0.756111027 0.623806220  0.032513272 0.976615253
0.555158004513  0.265496191 0.234503809  0.541729223 0.587947956  0.756222073 0.623374867  0.032455105 0.976819014
0.555302425761  0.265752690 0.234247310  0.541816720 0.588326352  0.756332980 0.622943658  0.032397010 0.977022700
0.555446847008  0.266009048 0.233990952  0.541904288 0.588704670  0.756443748 0.622512593  0.032338989 0.977226311
0.555591268256  0.266265265 0.233734735  0.541991927 0.589082911  0.756554378 0.622081671  0.032281040 0.977429847
0.555735689504  0.266521340 0.233478660  0.542079636 0.589461073  0.756664869 0.621650894  0.032223164 0.977633307
0.555880110752  0.266777275 0.233222725  0.542167415 0.589839158  0.756775221 0.621220260  0.032165361 0.977836693
0.556024531999  0.267033069 0.232966931  0.542255264 0.590217166  0.756885434 0.620789770  0.032107630 0.978040005
0.556168953247  0.267288722 0.232711278  0.542343183 0.590595096  0.756995510 0.620359424  0.032049971 0.978243241
0.556313374495  0.267544235 0.232455765  0.542431173 0.590972948  0.757105447 0.619929220  0.031992385 0.978446403
0.556457795743  0.267799607 0.232200393  0.542519232 0.591350723  0.757215246 0.619499160  0.031934871 0.978649490
0.556602216991  0.268054839 0.231945161  0.542607362 0.591728421  0.757324907 0.619069243  0.031877430 0.978852502
0.556746638238  0.268309930 0.231690070  0.542695561 0.592106041  0.757434430 0.618639469  0.031820061 0.979055440
0.556891059486  0.268564882 0.231435118  0.542783831 0.592483584  0.757543815 0.618209837  0.031762764 0.979258304
0.557035480734  0.268819694 0.231180306  0.542872170 0.592861050  0.757653062 0.617780349  0.031705539 0.979461093
0.557179901982  0.269074366 0.230925634  0.542960579 0.593238439  0.757762172 0.617351002  0.031648386 0.979663807
0.557324323229  0.269328898 0.230671102  0.543049058 0.593615751  0.757871145 0.616921799  0.031591305 0.979866448
0.557468744477  0.269583290 0.230416710  0.543137607 0.593992986  0.757979980 0.616492737  0.031534296 0.980069014
0.557613165725  0.269837543 0.230162457  0.543226225 0.594370145  0.758088678 0.616063818  0.031477359 0.980271506
0.557757586973  0.270091657 0.229908343  0.543314912 0.594747226  0.758197238 0.615635041  0.031420494 0.980473924
0.557902008221  0.270345631 0.229654369  0.543403670 0.595124231  0.758305662 0.615206406  0.031363701 0.980676268
0.558046429468  0.270599466 0.229400534  0.543492496 0.595501159  0.758413949 0.614777913  0.031306979 0.980878538
0.558190850716  0.270853162 0.229146838  0.543581392 0.595878010  0.758522099 0.614349562  0.031250329 0.981080734
0.558335271964  0.271106719 0.228893281  0.543670358 0.596254785  0.758630112 0.613921352  0.031193751 0.981282856
0.558479693212  0.271360138 0.228639862  0.543759392 0.596631483  0.758737989 0.613493284  0.031137244 0.981484905
0.55862411446  0.271613417 0.228386583  0.543848496 0.597008105  0.758845730 0.613065357  0.031080808 0.981686880
0.558768535707  0.271866559 0.228133441  0.543937669 0.597384651  0.758953334 0.612637572  0.031024444 0.981888781
0.558912956955  0.272119561 0.227880439  0.544026911 0.597761120  0.759060801 0.612209927  0.030968152 0.982090608
0.559057378203  0.272372425 0.227627575  0.544116223 0.598137513  0.759168133 0.611782424  0.030911930 0.982292362
0.559201799451  0.272625151 0.227374849  0.544205603 0.598513830  0.759275329 0.611355061  0.030855780 0.982494042
0.559346220698  0.272877739 0.227122261  0.544295052 0.598890070  0.759382388 0.610927840  0.030799701 0.982695649
0.559490641946  0.273130189 0.226869811  0.544384570 0.599266235  0.759489312 0.610500759  0.030743694 0.982897183
0.559635063194  0.273382501 0.226617499  0.544474157 0.599642324  0.759596100 0.610073819  0.030687757 0.983098644
0.559779484442  0.273634675 0.226365325  0.544563813 0.600018337  0.759702753 0.609647019  0.030631891 0.983300031
0.55992390569  0.273886711 0.226113289  0.544653538 0.600394274  0.759809270 0.609220359  0.030576096 0.983501345
0.560068326937  0.274138610 0.225861390  0.544743331 0.600770135  0.759915652 0.608793840  0.030520373 0.983702585
0.560212748185  0.274390372 0.225609628  0.544833193 0.601145921  0.760021899 0.608367461  0.030464720 0.983903753
0.560357169433  0.274641996 0.225358004  0.544923123 0.601521631  0.760128010 0.607941222  0.030409137 0.984104848
0.560501590681  0.274893483 0.225106517  0.545013122 0.601897265  0.760233987 0.607515122  0.030353626 0.984305870
0.560646011928  0.275144832 0.224855168  0.545103189 0.602272824  0.760339828 0.607089163  0.030298185 0.984506819
0.560790433176  0.275396045 0.224603955  0.545193325 0.602648307  0.760445535 0.606663343  0.030242815 0.984707695
0.560934854424  0.275647121 0.224352879  0.545283529 0.603023715  0.760551107 0.606237662  0.030187515 0.984908498
0.561079275672  0.275898060 0.224101940  0.545373802 0.603399048  0.760656544 0.605812122  0.030132286 0.985109229
0.56122369692  0.276148862 0.223851138  0.545464143 0.603774305  0.760761847 0.605386720  0.030077128 0.985309887
0.561368118167  0.276399528 0.223600472  0.545554551 0.604149487  0.760867016 0.604961457  0.030022039 0.985510473
0.561512539415  0.276650057 0.223349943  0.545645028 0.604524594  0.760972050 0.604536334  0.029967021 0.985710986
0.561656960663  0.276900450 0.223099550  0.545735574 0.604899626  0.761076950 0.604111350  0.029912074 0.985911426
0.561801381911  0.277150707 0.222849293  0.545826187 0.605274583  0.761181716 0.603686504  0.029857196 0.986111795
0.561945803159  0.277400828 0.222599172  0.545916868 0.605649465  0.761286349 0.603261797  0.029802389 0.986312090
0.562090224406  0.277650813 0.222349187  0.546007617 0.606024273  0.761390847 0.602837229  0.029747652 0.986512314
0.562234645654  0.277900661 0.222099339  0.546098434 0.606399005  0.761495212 0.602412799  0.029692984 0.986712465
0.562379066902  0.278150374 0.221849626  0.546189319 0.606773662  0.761599443 0.601988508  0.029638387 0.986912544
0.56252348815  0.278399952 0.221600048  0.546280271 0.607148245  0.761703540 0.601564355  0.029583860 0.987112552
0.562667909397  0.278649393 0.221350607  0.546371292 0.607522754  0.761807504 0.601140340  0.029529403 0.987312487
0.562812330645  0.278898700 0.221101300  0.546462380 0.607897187  0.761911335 0.600716463  0.029475015 0.987512350
0.562956751893  0.279147871 0.220852129  0.546553535 0.608271546  0.762015033 0.600292724  0.029420697 0.987712141
0.563101173141  0.279396907 0.220603093  0.546644758 0.608645831  0.762118597 0.599869122  0.029366449 0.987911860
0.563245594389  0.279645807 0.220354193  0.546736049 0.609020042  0.762222029 0.599445659  0.029312271 0.988111508
0.563390015636  0.279894573 0.220105427  0.546827407 0.609394178  0.762325328 0.599022333  0.029258162 0.988311083
0.563534436884  0.280143204 0.219856796  0.546918832 0.609768239  0.762428494 0.598599145  0.029204122 0.988510588
0.563678858132  0.280391700 0.219608300  0.547010325 0.610142227  0.762531527 0.598176093  0.029150153 0.988710020
0.56382327938  0.280640061 0.219359939  0.547101885 0.610516140  0.762634428 0.597753180  0.029096252 0.988909381
0.563967700627  0.280888287 0.219111713  0.547193512 0.610889980  0.762737196 0.597330403  0.029042421 0.989108670
0.564112121875  0.281136380 0.218863620  0.547285207 0.611263745  0.762839832 0.596907763  0.028988659 0.989307888
0.564256543123  0.281384338 0.218615662  0.547376968 0.611637437  0.762942336 0.596485260  0.028934967 0.989507035
0.564400964371  0.281632161 0.218367839  0.547468797 0.612011054  0.763044708 0.596062894  0.028881344 0.989706110
0.564545385619  0.281879851 0.218120149  0.547560693 0.612384598  0.763146947 0.595640665  0.028827789 0.989905114
0.564689806866  0.282127406 0.217872594  0.547652656 0.612758068  0.763249055 0.595218572  0.028774304 0.990104047
0.564834228114  0.282374828 0.217625172  0.547744685 0.613131464  0.763351031 0.594796616  0.028720888 0.990302908
0.564978649362  0.282622116 0.217377884  0.547836782 0.613504787  0.763452875 0.594374796  0.028667541 0.990501699
0.56512307061  0.282869270 0.217130730  0.547928945 0.613878036  0.763554588 0.593953112  0.028614263 0.990700418
0.565267491858  0.283116290 0.216883710  0.548021175 0.614251212  0.763656169 0.593531565  0.028561054 0.990899067
0.565411913105  0.283363177 0.216636823  0.548113472 0.614624314  0.763757619 0.593110153  0.028507914 0.991097644
0.565556334353  0.283609931 0.216390069  0.548205835 0.614997343  0.763858938 0.592688877  0.028454842 0.991296151
0.565700755601  0.283856551 0.216143449  0.548298265 0.615370298  0.763960125 0.592267737  0.028401839 0.991494587
0.565845176849  0.284103039 0.215896961  0.548390762 0.615743180  0.764061182 0.591846733  0.028348905 0.991692952
0.565989598096  0.284349393 0.215650607  0.548483325 0.616115989  0.764162107 0.591425864  0.028296039 0.991891247
0.566134019344  0.284595614 0.215404386  0.548575954 0.616488725  0.764262902 0.591005131  0.028243242 0.992089470
0.566278440592  0.284841702 0.215158298  0.548668650 0.616861388  0.764363565 0.590584533  0.028190513 0.992287624
0.56642286184  0.285087658 0.214912342  0.548761413 0.617233978  0.764464099 0.590164071  0.028137853 0.992485706
0.566567283088  0.285333481 0.214666519  0.548854241 0.617606495  0.764564501 0.589743743  0.028085261 0.992683719
0.566711704335  0.285579172 0.214420828  0.548947136 0.617978938  0.764664773 0.589323550  0.028032738 0.992881661
0.566856125583  0.285824730 0.214175270  0.549040097 0.618351310  0.764764915 0.588903493  0.027980282 0.993079532
0.567000546831  0.286070156 0.213929844  0.549133124 0.618723608  0.764864927 0.588483570  0.027927895 0.993277333
0.567144968079  0.286315449 0.213684551  0.549226217 0.619095833  0.764964809 0.588063782  0.027875576 0.993475064
0.567289389327  0.286560611 0.213439389  0.549319377 0.619467986  0.765064560 0.587644128  0.027823326 0.993672725
0.567433810574  0.286805641 0.213194359  0.549412602 0.619840067  0.765164182 0.587224609  0.027771143 0.993870316
0.567578231822  0.287050538 0.212949462  0.549505893 0.620212074  0.765263674 0.586805224  0.027719028 0.994067837
0.56772265307  0.287295304 0.212704696  0.549599250 0.620584010  0.765363036 0.586385973  0.027666981 0.994265287
0.567867074318  0.287539939 0.212460061  0.549692673 0.620955873  0.765462268 0.585966857  0.027615002 0.994462668
0.568011495565  0.287784441 0.212215559  0.549786162 0.621327663  0.765561371 0.585547874  0.027563091 0.994659979
0.568155916813  0.288028813 0.211971187  0.549879716 0.621699382  0.765660345 0.585129026  0.027511248 0.994857220
0.568300338061  0.288273053 0.211726947  0.549973336 0.622071028  0.765759189 0.584710311  0.027459472 0.995054391
0.568444759309  0.288517162 0.211482838  0.550067022 0.622442602  0.765857904 0.584291730  0.027407764 0.995251493
0.568589180557  0.288761139 0.211238861  0.550160773 0.622814103  0.765956490 0.583873282  0.027356124 0.995448525
0.568733601804  0.289004986 0.210995014  0.550254590 0.623185533  0.766054947 0.583454968  0.027304551 0.995645487
0.568878023052  0.289248701 0.210751299  0.550348472 0.623556891  0.766153276 0.583036787  0.027253046 0.995842380
0.5690224443  0.289492286 0.210507714  0.550442420 0.623928177  0.766251475 0.582618740  0.027201608 0.996039203
0.569166865548  0.289735741 0.210264259  0.550536433 0.624299391  0.766349546 0.582200826  0.027150238 0.996235957
0.569311286795  0.289979064 0.210020936  0.550630511 0.624670533  0.766447488 0.581783044  0.027098935 0.996432641
0.569455708043  0.290222257 0.209777743  0.550724655 0.625041603  0.766545302 0.581365396  0.027047699 0.996629257
0.569600129291  0.290465320 0.209534680  0.550818864 0.625412602  0.766642987 0.580947880  0.026996531 0.996825802
0.569744550539  0.290708252 0.209291748  0.550913138 0.625783529  0.766740544 0.580530498  0.026945429 0.997022279
0.569888971787  0.290951055 0.209048945  0.551007477 0.626154385  0.766837973 0.580113247  0.026894395 0.997218687
0.570033393034  0.291193727 0.208806273  0.551101881 0.626525169  0.766935274 0.579696130  0.026843428 0.997415025
0.570177814282  0.291436269 0.208563731  0.551196350 0.626895881  0.767032447 0.579279144  0.026792528 0.997611294
0.57032223553  0.291678681 0.208321319  0.551290884 0.627266522  0.767129492 0.578862291  0.026741695 0.997807495
0.570466656778  0.291920964 0.208079036  0.551385484 0.627637092  0.767226409 0.578445570  0.026690929 0.998003626
0.570611078026  0.292163117 0.207836883  0.551480148 0.628007591  0.767323199 0.578028981  0.026640229 0.998199689
0.570755499273  0.292405140 0.207594860  0.551574876 0.628378018  0.767419861 0.577612524  0.026589597 0.998395683
0.570899920521  0.292647034 0.207352966  0.551669670 0.628748374  0.767516395 0.577196199  0.026539031 0.998591608
0.571044341769  0.292888799 0.207111201  0.551764528 0.629118660  0.767612803 0.576780006  0.026488532 0.998787464
0.571188763017  0.293130434 0.206869566  0.551859451 0.629488874  0.767709083 0.576363944  0.026438100 0.998983252
0.571333184264  0.293371940 0.206628060  0.551954439 0.629859017  0.767805235 0.575948014  0.026387734 0.999178971
0.571477605512  0.293613317 0.206386683  0.552049491 0.630229089  0.767901261 0.575532215  0.026337435 0.999374622
0.57162202676  0.293854566 0.206145434  0.552144607 0.630599090  0.767997160 0.575116548  0.026287202 0.999570204
0.571766448008  0.294095685 0.205904315  0.552239788 0.630969021  0.768092932 0.574701012  0.026237036 0.999765717
0.571910869256  0.294336676 0.205663324  0.552335034 0.631338881  0.768188577 0.574285606  0.026186936 0.999961163
0.572055290503  0.294577538 0.205422462  0.552430344 0.631708670  0.768284096 0.573870332  0.026136902 0.000156540
0.572199711751  0.294818271 0.205181729  0.552525718 0.632078388  0.768379488 0.573455189  0.026086935 0.000351848
0.572344132999  0.295058876 0.204941124  0.552621157 0.632448036  0.768474754 0.573040176  0.026037034 0.000547089
0.572488554247  0.295299353 0.204700647  0.552716659 0.632817614  0.768569893 0.572625295  0.025987199 0.000742261
0.572632975494  0.295539702 0.204460298  0.552812226 0.633187121  0.768664906 0.572210543  0.025937430 0.000937366
0.572777396742  0.295779922 0.204220078  0.552907857 0.633556557  0.768759793 0.571795922  0.025887728 0.001132402
0.57292181799  0.296020015 0.203979985  0.553003552 0.633925923  0.768854554 0.571381432  0.025838091 0.001327370
0.573066239238  0.296259979 0.203740021  0.553099311 0.634295219  0.768949189 0.570967072  0.025788520 0.001522270
0.573210660486  0.296499816 0.203500184  0.553195134 0.634664445  0.769043698 0.570552842  0.025739016 0.001717103
0.573355081733  0.296739525 0.203260475  0.553291021 0.635033601  0.769138081 0.570138742  0.025689577 0.001911868
0.573499502981  0.296979107 0.203020893  0.553386972 0.635402686  0.769232338 0.569724772  0.025640204 0.002106564
0.573643924229  0.297218561 0.202781439  0.553482986 0.635771702  0.769326471 0.569310931  0.025590896 0.002301194
0.573788345477  0.297457887 0.202542113  0.553579065 0.636140647  0.769420477 0.568897221  0.025541655 0.002495755
0.573932766725  0.297697086 0.202302914  0.553675207 0.636509523  0.769514358 0.568483640  0.025492479 0.002690249
0.574077187972  0.297936159 0.202063841  0.553771413 0.636878328  0.769608114 0.568070188  0.025443369 0.002884676
0.57422160922  0.298175104 0.201824896  0.553867682 0.637247064  0.769701745 0.567656866  0.025394324 0.003079034
0.574366030468  0.298413922 0.201586078  0.553964015 0.637615730  0.769795251 0.567243674  0.025345345 0.003273326
0.574510451716  0.298652613 0.201347387  0.554060412 0.637984327  0.769888632 0.566830610  0.025296431 0.003467550
0.574654872963  0.298891177 0.201108823  0.554156872 0.638352854  0.769981888 0.566417676  0.025247582 0.003661707
0.574799294211  0.299129615 0.200870385  0.554253395 0.638721311  0.770075019 0.566004870  0.025198799 0.003855796
0.574943715459  0.299367926 0.200632074  0.554349982 0.639089699  0.770168026 0.565592194  0.025150082 0.004049818
0.575088136707  0.299606110 0.200393890  0.554446632 0.639458017  0.770260908 0.565179646  0.025101429 0.004243773
0.575232557955  0.299844169 0.200155831  0.554543346 0.639826266  0.770353665 0.564767227  0.025052842 0.004437661
0.575376979202  0.300082101 0.199917899  0.554640122 0.640194445  0.770446298 0.564354937  0.025004320 0.004631482
0.57552140045  0.300319906 0.199680094  0.554736962 0.640562555  0.770538807 0.563942775  0.024955863 0.004825236
0.575665821698  0.300557586 0.199442414  0.554833865 0.640930596  0.770631192 0.563530741  0.024907471 0.005018923
0.575810242946  0.300795140 0.199204860  0.554930831 0.641298568  0.770723453 0.563118836  0.024859144 0.005212543
0.575954664193  0.301032568 0.198967432  0.555027860 0.641666471  0.770815589 0.562707058  0.024810882 0.005406097
0.576099085441  0.301269870 0.198730130  0.555124952 0.642034304  0.770907602 0.562295409  0.024762685 0.005599583
0.576243506689  0.301507046 0.198492954  0.555222108 0.642402069  0.770999491 0.561883888  0.024714552 0.005793003
0.576387927937  0.301744097 0.198255903  0.555319325 0.642769764  0.771091256 0.561472495  0.024666485 0.005986356
0.576532349185  0.301981022 0.198018978  0.555416606 0.643137391  0.771182898 0.561061229  0.024618482 0.006179642
0.576676770432  0.302217822 0.197782178  0.555513950 0.643504949  0.771274416 0.560650091  0.024570544 0.006372862
0.57682119168  0.302454497 0.197545503  0.555611356 0.643872438  0.771365811 0.560239081  0.024522671 0.006566015
0.576965612928  0.302691046 0.197308954  0.555708825 0.644239859  0.771457082 0.559828198  0.024474862 0.006759102
0.577110034176  0.302927470 0.197072530  0.555806357 0.644607210  0.771548231 0.559417442  0.024427117 0.006952122
0.577254455424  0.303163770 0.196836230  0.555903952 0.644974493  0.771639256 0.559006813  0.024379438 0.007145077
0.577398876671  0.303399944 0.196600056  0.556001608 0.645341708  0.771730158 0.558596312  0.024331822 0.007337964
0.577543297919  0.303635994 0.196364006  0.556099328 0.645708854  0.771820937 0.558185938  0.024284271 0.007530786
0.577687719167  0.303871919 0.196128081  0.556197110 0.646075932  0.771911593 0.557775691  0.024236784 0.007723541
0.577832140415  0.304107719 0.195892281  0.556294954 0.646442941  0.772002127 0.557365570  0.024189362 0.007916230
0.577976561662  0.304343395 0.195656605  0.556392861 0.646809882  0.772092538 0.556955576  0.024142004 0.008108853
0.57812098291  0.304578947 0.195421053  0.556490830 0.647176754  0.772182827 0.556545709  0.024094710 0.008301410
0.578265404158  0.304814374 0.195185626  0.556588861 0.647543559  0.772272993 0.556135969  0.024047480 0.008493901
0.578409825406  0.305049677 0.194950323  0.556686955 0.647910295  0.772363037 0.555726354  0.024000314 0.008686326
0.578554246654  0.305284856 0.194715144  0.556785110 0.648276963  0.772452958 0.555316867  0.023953212 0.008878685
0.578698667901  0.305519911 0.194480089  0.556883328 0.648643563  0.772542757 0.554907505  0.023906175 0.009070979
0.578843089149  0.305754842 0.194245158  0.556981608 0.649010095  0.772632435 0.554498269  0.023859201 0.009263206
0.578987510397  0.305989649 0.194010351  0.557079950 0.649376559  0.772721990 0.554089160  0.023812291 0.009455368
0.579131931645  0.306224333 0.193775667  0.557178354 0.649742956  0.772811423 0.553680176  0.023765445 0.009647464
0.579276352892  0.306458893 0.193541107  0.557276820 0.650109284  0.772900735 0.553271318  0.023718663 0.009839495
0.57942077414  0.306693329 0.193306671  0.557375348 0.650475545  0.772989925 0.552862586  0.023671944 0.010031460
0.579565195388  0.306927642 0.193072358  0.557473938 0.650841738  0.773078994 0.552453980  0.023625289 0.010223359
0.579709616636  0.307161832 0.192838168  0.557572589 0.651207863  0.773167940 0.552045499  0.023578698 0.010415193
0.579854037884  0.307395898 0.192604102  0.557671302 0.651573921  0.773256766 0.551637143  0.023532170 0.010606962
0.579998459131  0.307629842 0.192370158  0.557770077 0.651939911  0.773345470 0.551228913  0.023485706 0.010798665
0.580142880379  0.307863662 0.192136338  0.557868914 0.652305833  0.773434053 0.550820808  0.023439305 0.010990303
0.580287301627  0.308097359 0.191902641  0.557967812 0.652671688  0.773522515 0.550412828  0.023392968 0.011181876
0.580431722875  0.308330934 0.191669066  0.558066772 0.653037476  0.773610856 0.550004973  0.023346694 0.011373383
0.580576144123  0.308564386 0.191435614  0.558165793 0.653403197  0.773699076 0.549597243  0.023300484 0.011564825
0.58072056537  0.308797715 0.191202285  0.558264876 0.653768850  0.773787175 0.549189638  0.023254337 0.011756203
0.580864986618  0.309030921 0.190969079  0.558364020 0.654134436  0.773875154 0.548782158  0.023208253 0.011947515
0.581009407866  0.309264006 0.190735994  0.558463226 0.654499955  0.773963012 0.548374802  0.023162232 0.012138762
0.581153829114  0.309496967 0.190503033  0.558562493 0.654865406  0.774050749 0.547967570  0.023116274 0.012329944
0.581298250361  0.309729807 0.190270193  0.558661821 0.655230791  0.774138366 0.547560463  0.023070380 0.012521061
0.581442671609  0.309962524 0.190037476  0.558761211 0.655596109  0.774225862 0.547153481  0.023024548 0.012712114
0.581587092857  0.310195120 0.189804880  0.558860661 0.655961359  0.774313238 0.546746622  0.022978780 0.012903102
0.581731514105  0.310427593 0.189572407  0.558960173 0.656326543  0.774400494 0.546339888  0.022933074 0.013094025
0.581875935353  0.310659945 0.189340055  0.559059746 0.656691660  0.774487630 0.545933278  0.022887432 0.013284883
0.5820203566  0.310892175 0.189107825  0.559159380 0.657056710  0.774574646 0.545526791  0.022841852 0.013475676
0.582164777848  0.311124283 0.188875717  0.559259075 0.657421694  0.774661542 0.545120429  0.022796335 0.013666405
0.582309199096  0.311356269 0.188643731  0.559358831 0.657786611  0.774748319 0.544714190  0.022750881 0.013857070
0.582453620344  0.311588134 0.188411866  0.559458648 0.658151461  0.774834975 0.544308075  0.022705489 0.014047670
0.582598041591  0.311819878 0.188180122  0.559558526 0.658516244  0.774921512 0.543902083  0.022660160 0.014238205
0.582742462839  0.312051500 0.187948500  0.559658465 0.658880961  0.775007930 0.543496215  0.022614894 0.014428677
0.582886884087  0.312283001 0.187716999  0.559758464 0.659245612  0.775094228 0.543090470  0.022569690 0.014619083
0.583031305335  0.312514381 0.187485619  0.559858524 0.659610196  0.775180406 0.542684848  0.022524549 0.014809426
0.583175726583  0.312745640 0.187254360  0.559958645 0.659974714  0.775266466 0.542279350  0.022479470 0.014999704
0.58332014783  0.312976778 0.187023222  0.560058827 0.660339166  0.775352406 0.541873974  0.022434454 0.015189919
0.583464569078  0.313207796 0.186792204  0.560159069 0.660703551  0.775438227 0.541468722  0.022389500 0.015380069
0.583608990326  0.313438692 0.186561308  0.560259371 0.661067870  0.775523929 0.541063592  0.022344608 0.015570155
0.583753411574  0.313669468 0.186330532  0.560359735 0.661432123  0.775609513 0.540658585  0.022299779 0.015760176
0.583897832822  0.313900124 0.186099876  0.560460158 0.661796310  0.775694977 0.540253701  0.022255012 0.015950134
0.584042254069  0.314130659 0.185869341  0.560560642 0.662160431  0.775780323 0.539848939  0.022210307 0.016140029
0.584186675317  0.314361073 0.185638927  0.560661187 0.662524486  0.775865550 0.539444300  0.022165664 0.016329859
0.584331096565  0.314591368 0.185408632  0.560761792 0.662888475  0.775950659 0.539039783  0.022121083 0.016519625
0.584475517813  0.314821542 0.185178458  0.560862457 0.663252398  0.776035650 0.538635388  0.022076565 0.016709328
0.58461993906  0.315051596 0.184948404  0.560963182 0.663616255  0.776120522 0.538231115  0.022032108 0.016898966
0.584764360308  0.315281530 0.184718470  0.561063967 0.663980047  0.776205275 0.537826965  0.021987713 0.017088542
0.584908781556  0.315511344 0.184488656  0.561164813 0.664343773  0.776289911 0.537422936  0.021943380 0.017278053
0.585053202804  0.315741039 0.184258961  0.561265719 0.664707433  0.776374429 0.537019029  0.021899109 0.017467501
0.585197624052  0.315970613 0.184029387  0.561366685 0.665071028  0.776458828 0.536615244  0.021854899 0.017656886
0.585342045299  0.316200069 0.183799931  0.561467710 0.665434557  0.776543110 0.536211581  0.021810752 0.017846207
0.585486466547  0.316429404 0.183570596  0.561568796 0.665798020  0.776627274 0.535808040  0.021766666 0.018035464
0.585630887795  0.316658620 0.183341380  0.561669942 0.666161419  0.776711320 0.535404619  0.021722642 0.018224658
0.585775309043  0.316887717 0.183112283  0.561771148 0.666524751  0.776795249 0.535001320  0.021678679 0.018413789
0.585919730291  0.317116695 0.182883305  0.561872413 0.666888019  0.776879060 0.534598143  0.021634778 0.018602857
0.586064151538  0.317345554 0.182654446  0.561973738 0.667251221  0.776962754 0.534195087  0.021590938 0.018791861
0.586208572786  0.317574293 0.182425707  0.562075123 0.667614358  0.777046330 0.533792151  0.021547160 0.018980803
0.586352994034  0.317802914 0.182197086  0.562176568 0.667977430  0.777129790 0.533389337  0.021503444 0.019169681
0.586497415282  0.318031416 0.181968584  0.562278072 0.668340436  0.777213132 0.532986644  0.021459788 0.019358496
0.586641836529  0.318259798 0.181740202  0.562379636 0.668703378  0.777296357 0.532584071  0.021416194 0.019547248
0.586786257777  0.318488063 0.181511937  0.562481259 0.669066254  0.777379465 0.532181620  0.021372661 0.019735937
0.586930679025  0.318716208 0.181283792  0.562582942 0.669429066  0.777462456 0.531779288  0.021329190 0.019924563
0.587075100273  0.318944236 0.181055764  0.562684685 0.669791813  0.777545330 0.531377078  0.021285779 0.020113126
0.587219521521  0.319172145 0.180827855  0.562786487 0.670154495  0.777628088 0.530974987  0.021242430 0.020301627
0.587363942768  0.319399935 0.180600065  0.562888348 0.670517112  0.777710729 0.530573018  0.021199142 0.020490064
0.587508364016  0.319627607 0.180372393  0.562990269 0.670879664  0.777793253 0.530171168  0.021155915 0.020678439
0.587652785264  0.319855162 0.180144838  0.563092249 0.671242151  0.777875662 0.529769438  0.021112749 0.020866751
0.587797206512  0.320082598 0.179917402  0.563194288 0.671604574  0.777957953 0.529367829  0.021069644 0.021055001
0.587941627759  0.320309916 0.179690084  0.563296386 0.671966933  0.778040129 0.528966339  0.021026599 0.021243188
0.588086049007  0.320537116 0.179462884  0.563398544 0.672329226  0.778122188 0.528564970  0.020983616 0.021431312
0.588230470255  0.320764199 0.179235801  0.563500761 0.672691456  0.778204131 0.528163720  0.020940693 0.021619374
0.588374891503  0.320991164 0.179008836  0.563603036 0.673053620  0.778285959 0.527762590  0.020897831 0.021807374
0.588519312751  0.321218011 0.178781989  0.563705371 0.673415721  0.778367670 0.527361579  0.020855030 0.021995311
0.588663733998  0.321444741 0.178555259  0.563807765 0.673777757  0.778449266 0.526960688  0.020812289 0.022183186
0.588808155246  0.321671354 0.178328646  0.563910218 0.674139729  0.778530745 0.526559916  0.020769610 0.022370999
0.588952576494  0.321897849 0.178102151  0.564012729 0.674501636  0.778612110 0.526159264  0.020726990 0.022558749
0.589096997742  0.322124227 0.177875773  0.564115300 0.674863480  0.778693358 0.525758731  0.020684431 0.022746437
0.58924141899  0.322350488 0.177649512  0.564217929 0.675225259  0.778774492 0.525358316  0.020641933 0.022934063
0.589385840237  0.322576632 0.177423368  0.564320617 0.675586974  0.778855509 0.524958021  0.020599495 0.023121627
0.589530261485  0.322802659 0.177197341  0.564423364 0.675948625  0.778936412 0.524557845  0.020557117 0.023309129
0.589674682733  0.323028569 0.176971431  0.564526170 0.676310213  0.779017199 0.524157788  0.020514800 0.023496569
0.589819103981  0.323254362 0.176745638  0.564629034 0.676671736  0.779097872 0.523757849  0.020472543 0.023683947
0.589963525228  0.323480039 0.176519961  0.564731957 0.677033195  0.779178429 0.523358029  0.020430347 0.023871263
0.590107946476  0.323705599 0.176294401  0.564834938 0.677394591  0.779258871 0.522958328  0.020388210 0.024058518
0.590252367724  0.323931043 0.176068957  0.564937978 0.677755923  0.779339199 0.522558745  0.020346134 0.024245710
0.590396788972  0.324156370 0.175843630  0.565041076 0.678117191  0.779419412 0.522159280  0.020304118 0.024432841
0.59054121022  0.324381581 0.175618419  0.565144233 0.678478395  0.779499510 0.521759933  0.020262162 0.024619910
0.590685631467  0.324606676 0.175393324  0.565247448 0.678839536  0.779579493 0.521360705  0.020220265 0.024806917
0.590830052715  0.324831654 0.175168346  0.565350721 0.679200613  0.779659362 0.520961595  0.020178429 0.024993863
0.590974473963  0.325056517 0.174943483  0.565454053 0.679561627  0.779739117 0.520562603  0.020136653 0.025180747
0.591118895211  0.325281264 0.174718736  0.565557443 0.679922577  0.779818757 0.520163729  0.020094937 0.025367570
0.591263316458  0.325505894 0.174494106  0.565660891 0.680283464  0.779898283 0.519764972  0.020053280 0.025554331
0.591407737706  0.325730409 0.174269591  0.565764398 0.680644288  0.779977695 0.519366334  0.020011683 0.025741031
0.591552158954  0.325954809 0.174045191  0.565867962 0.681005048  0.780056993 0.518967813  0.019970146 0.025927669
0.591696580202  0.326179092 0.173820908  0.565971585 0.681365745  0.780136177 0.518569409  0.019928669 0.026114246
0.59184100145  0.326403261 0.173596739  0.566075265 0.681726378  0.780215247 0.518171123  0.019887252 0.026300762
0.591985422697  0.326627314 0.173372686  0.566179004 0.682086949  0.780294203 0.517772954  0.019845894 0.026487217
0.592129843945  0.326851251 0.173148749  0.566282800 0.682447457  0.780373046 0.517374903  0.019804595 0.026673610
0.592274265193  0.327075073 0.172924927  0.566386655 0.682807901  0.780451775 0.516976968  0.019763356 0.026859943
0.592418686441  0.327298781 0.172701219  0.566490567 0.683168282  0.780530390 0.516579151  0.019722177 0.027046214
0.592563107689  0.327522373 0.172477627  0.566594537 0.683528601  0.780608892 0.516181451  0.019681057 0.027232424
0.592707528936  0.327745850 0.172254150  0.566698565 0.683888856  0.780687281 0.515783867  0.019639996 0.027418573
0.592851950184  0.327969212 0.172030788  0.566802651 0.684249049  0.780765556 0.515386401  0.019598995 0.027604662
0.592996371432  0.328192460 0.171807540  0.566906794 0.684609179  0.780843718 0.514989051  0.019558052 0.027790689
0.59314079268  0.328415592 0.171584408  0.567010995 0.684969246  0.780921767 0.514591817  0.019517170 0.027976656
0.593285213927  0.328638610 0.171361390  0.567115254 0.685329250  0.780999703 0.514194701  0.019476346 0.028162561
0.593429635175  0.328861514 0.171138486  0.567219570 0.685689192  0.781077526 0.513797700  0.019435582 0.028348406
0.593574056423  0.329084303 0.170915697  0.567323943 0.686049071  0.781155236 0.513400816  0.019394876 0.028534191
0.593718477671  0.329306978 0.170693022  0.567428375 0.686408888  0.781232834 0.513004048  0.019354230 0.028719915
0.593862898919  0.329529539 0.170470461  0.567532863 0.686768642  0.781310318 0.512607397  0.019313643 0.028905578
0.594007320166  0.329751985 0.170248015  0.567637409 0.687128334  0.781387691 0.512210861  0.019273114 0.029091180
0.594151741414  0.329974318 0.170025682  0.567742012 0.687487963  0.781464950 0.511814442  0.019232645 0.029276722
0.594296162662  0.330196536 0.169803464  0.567846673 0.687847530  0.781542097 0.511418138  0.019192235 0.029462204
0.59444058391  0.330418640 0.169581360  0.567951391 0.688207035  0.781619132 0.511021950  0.019151883 0.029647625
0.594585005157  0.330640631 0.169359369  0.568056166 0.688566477  0.781696055 0.510625878  0.019111590 0.029832986
0.594729426405  0.330862508 0.169137492  0.568160999 0.688925857  0.781772865 0.510229921  0.019071356 0.030018286
0.594873847653  0.331084271 0.168915729  0.568265888 0.689285175  0.781849564 0.509834080  0.019031181 0.030203526
0.595018268901  0.331305921 0.168694079  0.568370835 0.689644431  0.781926150 0.509438355  0.018991064 0.030388706
0.595162690149  0.331527457 0.168472543  0.568475838 0.690003625  0.782002625 0.509042744  0.018951006 0.030573826
0.595307111396  0.331748880 0.168251120  0.568580899 0.690362757  0.782078987 0.508647249  0.018911007 0.030758886
0.595451532644  0.331970189 0.168029811  0.568686017 0.690721826  0.782155238 0.508251870  0.018871066 0.030943885
0.595595953892  0.332191385 0.167808615  0.568791191 0.691080834  0.782231377 0.507856605  0.018831183 0.031128825
0.59574037514  0.332412469 0.167587531  0.568896423 0.691439781  0.782307405 0.507461455  0.018791359 0.031313704
0.595884796388  0.332633439 0.167366561  0.569001711 0.691798665  0.782383321 0.507066420  0.018751594 0.031498524
0.596029217635  0.332854296 0.167145704  0.569107056 0.692157487  0.782459126 0.506671500  0.018711886 0.031683284
0.596173638883  0.333075040 0.166924960  0.569212458 0.692516248  0.782534820 0.506276695  0.018672237 0.031867983
0.596318060131  0.333295672 0.166704328  0.569317917 0.692874947  0.782610402 0.505882004  0.018632647 0.032052623
0.596462481379  0.333516191 0.166483809  0.569423432 0.693233585  0.782685873 0.505487428  0.018593114 0.032237204
0.596606902626  0.333736597 0.166263403  0.569529004 0.693592161  0.782761233 0.505092966  0.018553640 0.032421724
0.596751323874  0.333956890 0.166043110  0.569634633 0.693950675  0.782836482 0.504698619  0.018514224 0.032606185
0.596895745122  0.334177072 0.165822928  0.569740318 0.694309128  0.782911620 0.504304386  0.018474866 0.032790586
0.59704016637  0.334397141 0.165602859  0.569846059 0.694667520  0.782986647 0.503910267  0.018435566 0.032974928
0.597184587618  0.334617097 0.165382903  0.569951858 0.695025850  0.783061564 0.503516262  0.018396324 0.033159210
0.597329008865  0.334836942 0.165163058  0.570057712 0.695384119  0.783136369 0.503122371  0.018357140 0.033343432
0.597473430113  0.335056674 0.164943326  0.570163623 0.695742327  0.783211065 0.502728595  0.018318014 0.033527596
0.597617851361  0.335276294 0.164723706  0.570269590 0.696100473  0.783285650 0.502334932  0.018278945 0.033711699
0.597762272609  0.335495803 0.164504197  0.570375614 0.696458559  0.783360124 0.501941382  0.018239935 0.033895744
0.597906693856  0.335715200 0.164284800  0.570481694 0.696816583  0.783434488 0.501547947  0.018200982 0.034079729
0.598051115104  0.335934484 0.164065516  0.570587830 0.697174546  0.783508742 0.501154625  0.018162088 0.034263655
0.598195536352  0.336153658 0.163846342  0.570694022 0.697532448  0.783582886 0.500761416  0.018123250 0.034447522
0.5983399576  0.336372719 0.163627281  0.570800271 0.697890289  0.783656919 0.500368321  0.018084471 0.034631329
0.598484378848  0.336591669 0.163408331  0.570906575 0.698248069  0.783730843 0.499975339  0.018045749 0.034815077
0.598628800095  0.336810508 0.163189492  0.571012936 0.698605788  0.783804657 0.499582470  0.018007085 0.034998767
0.598773221343  0.337029235 0.162970765  0.571119353 0.698963447  0.783878360 0.499189715  0.017968478 0.035182397
0.598917642591  0.337247851 0.162752149  0.571225825 0.699321044  0.783951955 0.498797072  0.017929929 0.035365968
0.599062063839  0.337466356 0.162533644  0.571332354 0.699678581  0.784025439 0.498404543  0.017891437 0.035549481
0.599206485087  0.337684750 0.162315250  0.571438938 0.700036058  0.784098814 0.498012126  0.017853002 0.035732934
0.599350906334  0.337903033 0.162096967  0.571545579 0.700393473  0.784172079 0.497619822  0.017814625 0.035916329
0.599495327582  0.338121205 0.161878795  0.571652275 0.700750828  0.784245235 0.497227631  0.017776305 0.036099664
0.59963974883  0.338339266 0.161660734  0.571759027 0.701108123  0.784318282 0.496835553  0.017738043 0.036282941
0.599784170078  0.338557217 0.161442783  0.571865835 0.701465357  0.784391219 0.496443587  0.017699837 0.036466160
0.599928591325  0.338775056 0.161224944  0.571972698 0.701822530  0.784464048 0.496051733  0.017661689 0.036649319
0.600073012573  0.338992786 0.161007214  0.572079617 0.702179643  0.784536767 0.495659992  0.017623598 0.036832420
0.600217433821  0.339210404 0.160789596  0.572186592 0.702536696  0.784609377 0.495268363  0.017585565 0.037015463
0.600361855069  0.339427913 0.160572087  0.572293622 0.702893688  0.784681878 0.494876846  0.017547588 0.037198447
0.600506276317  0.339645311 0.160354689  0.572400708 0.703250621  0.784754270 0.494485441  0.017509668 0.037381372
0.600650697564  0.339862598 0.160137402  0.572507849 0.703607493  0.784826554 0.494094148  0.017471805 0.037564239
0.600795118812  0.340079776 0.159920224  0.572615046 0.703964304  0.784898729 0.493702968  0.017433999 0.037747048
0.60093954006  0.340296844 0.159703156  0.572722298 0.704321056  0.784970795 0.493311899  0.017396250 0.037929798
0.601083961308  0.340513801 0.159486199  0.572829606 0.704677748  0.785042753 0.492920941  0.017358558 0.038112490
0.601228382555  0.340730649 0.159269351  0.572936969 0.705034379  0.785114602 0.492530096  0.017320923 0.038295124
0.601372803803  0.340947387 0.159052613  0.573044387 0.705390951  0.785186343 0.492139362  0.017283344 0.038477699
0.601517225051  0.341164015 0.158835985  0.573151861 0.705747463  0.785257976 0.491748739  0.017245822 0.038660217
0.601661646299  0.341380533 0.158619467  0.573259389 0.706103915  0.785329501 0.491358228  0.017208357 0.038842676
0.601806067547  0.341596942 0.158403058  0.573366973 0.706460307  0.785400917 0.490967828  0.017170948 0.039025077
0.601950488794  0.341813241 0.158186759  0.573474612 0.706816639  0.785472225 0.490577539  0.017133596 0.039207420
0.602094910042  0.342029431 0.157970569  0.573582306 0.707172911  0.785543426 0.490187362  0.017096301 0.039389705
0.60223933129  0.342245512 0.157754488  0.573690055 0.707529124  0.785614518 0.489797296  0.017059062 0.039571932
0.602383752538  0.342461484 0.157538516  0.573797860 0.707885277  0.785685503 0.489407340  0.017021879 0.039754101
0.602528173786  0.342677346 0.157322654  0.573905719 0.708241371  0.785756380 0.489017495  0.016984753 0.039936212
0.602672595033  0.342893099 0.157106901  0.574013633 0.708597405  0.785827150 0.488627762  0.016947684 0.040118266
0.602817016281  0.343108743 0.156891257  0.574121602 0.708953380  0.785897811 0.488238139  0.016910670 0.040300262
0.602961437529  0.343324279 0.156675721  0.574229626 0.709309295  0.785968366 0.487848626  0.016873713 0.040482200
0.603105858777  0.343539705 0.156460295  0.574337705 0.709665150  0.786038813 0.487459224  0.016836812 0.040664080
0.603250280024  0.343755023 0.156244977  0.574445838 0.710020947  0.786109153 0.487069933  0.016799968 0.040845903
0.603394701272  0.343970232 0.156029768  0.574554026 0.710376684  0.786179385 0.486680752  0.016763179 0.041027668
0.60353912252  0.344185332 0.155814668  0.574662269 0.710732362  0.786249510 0.486291681  0.016726447 0.041209375
0.603683543768  0.344400324 0.155599676  0.574770567 0.711087980  0.786319528 0.485902721  0.016689771 0.041391025
0.603827965016  0.344615208 0.155384792  0.574878919 0.711443540  0.786389440 0.485513870  0.016653151 0.041572618
0.603972386263  0.344829983 0.155170017  0.574987326 0.711799040  0.786459244 0.485125130  0.016616586 0.041754153
0.604116807511  0.345044650 0.154955350  0.575095787 0.712154481  0.786528941 0.484736499  0.016580078 0.041935630
0.604261228759  0.345259209 0.154740791  0.575204303 0.712509863  0.786598532 0.484347979  0.016543626 0.042117051
0.604405650007  0.345473660 0.154526340  0.575312873 0.712865186  0.786668016 0.483959568  0.016507230 0.042298414
0.604550071255  0.345688003 0.154311997  0.575421498 0.713220451  0.786737394 0.483571267  0.016470889 0.042479720
0.604694492502  0.345902237 0.154097763  0.575530177 0.713575656  0.786806665 0.483183075  0.016434604 0.042660969
0.60483891375  0.346116364 0.153883636  0.575638911 0.713930802  0.786875829 0.482794993  0.016398375 0.042842160
0.604983334998  0.346330384 0.153669616  0.575747698 0.714285890  0.786944887 0.482407021  0.016362202 0.043023294
0.605127756246  0.346544295 0.153455705  0.575856540 0.714640919  0.787013839 0.482019158  0.016326084 0.043204372
0.605272177493  0.346758099 0.153241901  0.575965437 0.714995889  0.787082685 0.481631404  0.016290022 0.043385392
0.605416598741  0.346971795 0.153028205  0.576074387 0.715350801  0.787151424 0.481243759  0.016254016 0.043566355
0.605561019989  0.347185384 0.152814616  0.576183392 0.715705654  0.787220058 0.480856224  0.016218065 0.043747262
0.605705441237  0.347398866 0.152601134  0.576292451 0.716060448  0.787288585 0.480468797  0.016182170 0.043928111
0.605849862485  0.347612240 0.152387760  0.576401563 0.716415184  0.787357007 0.480081480  0.016146330 0.044108904
0.605994283732  0.347825507 0.152174493  0.576510730 0.716769861  0.787425322 0.479694271  0.016110545 0.044289639
0.60613870498  0.348038667 0.151961333  0.576619951 0.717124480  0.787493533 0.479307171  0.016074816 0.044470318
0.606283126228  0.348251720 0.151748280  0.576729226 0.717479041  0.787561637 0.478920180  0.016039143 0.044650941
0.606427547476  0.348464666 0.151535334  0.576838555 0.717833543  0.787629636 0.478533297  0.016003524 0.044831506
0.606571968723  0.348677505 0.151322495  0.576947937 0.718187987  0.787697529 0.478146523  0.015967961 0.045012015
0.606716389971  0.348890238 0.151109762  0.577057374 0.718542373  0.787765317 0.477759857  0.015932453 0.045192468
0.606860811219  0.349102863 0.150897137  0.577166864 0.718896700  0.787833000 0.477373300  0.015897000 0.045372864
0.607005232467  0.349315382 0.150684618  0.577276408 0.719250969  0.787900577 0.476986851  0.015861603 0.045553203
0.607149653715  0.349527795 0.150472205  0.577386006 0.719605181  0.787968049 0.476600510  0.015826260 0.045733486
0.607294074962  0.349740101 0.150259899  0.577495657 0.719959334  0.788035416 0.476214278  0.015790973 0.045913712
0.60743849621  0.349952300 0.150047700  0.577605362 0.720313429  0.788102678 0.475828153  0.015755740 0.046093882
0.607582917458  0.350164393 0.149835607  0.577715121 0.720667466  0.788169835 0.475442136  0.015720563 0.046273996
0.607727338706  0.350376380 0.149623620  0.577824933 0.721021445  0.788236887 0.475056228  0.015685440 0.046454053
0.607871759954  0.350588261 0.149411739  0.577934799 0.721375367  0.788303834 0.474670427  0.015650372 0.046634054
0.608016181201  0.350800036 0.149199964  0.578044719 0.721729230  0.788370677 0.474284733  0.015615360 0.046813999
0.608160602449  0.351011705 0.148988295  0.578154691 0.722083036  0.788437415 0.473899148  0.015580402 0.046993888
0.608305023697  0.351223268 0.148776732  0.578264718 0.722436784  0.788504048 0.473513669  0.015545499 0.047173721
0.608449444945  0.351434724 0.148565276  0.578374797 0.722790474  0.788570577 0.473128299  0.015510650 0.047353497
0.608593866192  0.351646076 0.148353924  0.578484930 0.723144107  0.788637002 0.472743035  0.015475856 0.047533218
0.60873828744  0.351857321 0.148142679  0.578595117 0.723497682  0.788703322 0.472357879  0.015441117 0.047712882
0.608882708688  0.352068461 0.147931539  0.578705356 0.723851199  0.788769538 0.471972831  0.015406433 0.047892491
0.609027129936  0.352279496 0.147720504  0.578815649 0.724204659  0.788835649 0.471587889  0.015371803 0.048072043
0.609171551184  0.352490425 0.147509575  0.578925995 0.724558061  0.788901657 0.471203054  0.015337227 0.048251540
0.609315972431  0.352701248 0.147298752  0.579036394 0.724911406  0.788967561 0.470818327  0.015302706 0.048430981
0.609460393679  0.352911966 0.147088034  0.579146846 0.725264694  0.789033360 0.470433706  0.015268240 0.048610366
0.609604814927  0.353122579 0.146877421  0.579257351 0.725617924  0.789099056 0.470049192  0.015233828 0.048789696
0.609749236175  0.353333087 0.146666913  0.579367910 0.725971097  0.789164648 0.469664785  0.015199470 0.048968969
0.609893657422  0.353543490 0.146456510  0.579478521 0.726324213  0.789230136 0.469280484  0.015165167 0.049148187
0.61003807867  0.353753788 0.146246212  0.579589186 0.726677271  0.789295520 0.468896291  0.015130918 0.049327350
0.610182499918  0.353963981 0.146036019  0.579699903 0.727030272  0.789360801 0.468512203  0.015096723 0.049506457
0.610326921166  0.354174069 0.145825931  0.579810673 0.727383217  0.789425979 0.468128222  0.015062582 0.049685508
0.610471342414  0.354384053 0.145615947  0.579921496 0.727736104  0.789491053 0.467744347  0.015028496 0.049864504
0.610615763661  0.354593932 0.145406068  0.580032372 0.728088934  0.789556024 0.467360579  0.014994464 0.050043444
0.610760184909  0.354803706 0.145196294  0.580143300 0.728441707  0.789620891 0.466976916  0.014960486 0.050222329
0.610904606157  0.355013376 0.144986624  0.580254282 0.728794423  0.789685655 0.466593360  0.014926562 0.050401159
0.611049027405  0.355222941 0.144777059  0.580365316 0.729147082  0.789750316 0.466209910  0.014892691 0.050579933
0.611193448653  0.355432402 0.144567598  0.580476403 0.729499685  0.789814874 0.465826565  0.014858875 0.050758652
0.6113378699  0.355641758 0.144358242  0.580587542 0.729852230  0.789879330 0.465443327  0.014825113 0.050937316
0.611482291148  0.355851011 0.144148989  0.580698734 0.730204719  0.789943682 0.465060194  0.014791405 0.051115924
0.611626712396  0.356060159 0.143939841  0.580809978 0.730557151  0.790007931 0.464677167  0.014757750 0.051294478
0.611771133644  0.356269203 0.143730797  0.580921275 0.730909527  0.790072078 0.464294246  0.014724150 0.051472976
0.611915554891  0.356478144 0.143521856  0.581032625 0.731261846  0.790136122 0.463911430  0.014690603 0.051651419
0.612059976139  0.356686980 0.143313020  0.581144027 0.731614108  0.790200063 0.463528719  0.014657110 0.051829807
0.612204397387  0.356895713 0.143104287  0.581255481 0.731966313  0.790263902 0.463146114  0.014623670 0.052008140
0.612348818635  0.357104342 0.142895658  0.581366988 0.732318463  0.790327638 0.462763614  0.014590285 0.052186419
0.612493239883  0.357312867 0.142687133  0.581478547 0.732670555  0.790391272 0.462381220  0.014556953 0.052364642
0.61263766113  0.357521289 0.142478711  0.581590158 0.733022592  0.790454804 0.461998930  0.014523674 0.052542810
0.612782082378  0.357729607 0.142270393  0.581701822 0.733374572  0.790518234 0.461616746  0.014490449 0.052720924
0.612926503626  0.357937821 0.142062179  0.581813538 0.733726495  0.790581561 0.461234666  0.014457278 0.052898983
0.613070924874  0.358145933 0.141854067  0.581925306 0.734078362  0.790644786 0.460852692  0.014424160 0.053076987
0.613215346121  0.358353941 0.141646059  0.582037126 0.734430174  0.790707910 0.460470822  0.014391095 0.053254936
0.613359767369  0.358561846 0.141438154  0.582148998 0.734781928  0.790770931 0.460089057  0.014358084 0.053432831
0.613504188617  0.358769647 0.141230353  0.582260923 0.735133627  0.790833851 0.459707396  0.014325126 0.053610671
0.613648609865  0.358977346 0.141022654  0.582372899 0.735485270  0.790896668 0.459325840  0.014292221 0.053788456
0.613793031113  0.359184942 0.140815058  0.582484927 0.735836856  0.790959385 0.458944389  0.014259370 0.053966187
0.61393745236  0.359392435 0.140607565  0.582597008 0.736188387  0.791021999 0.458563042  0.014226572 0.054143864
0.614081873608  0.359599825 0.140400175  0.582709140 0.736539861  0.791084512 0.458181800  0.014193827 0.054321486
0.614226294856  0.359807112 0.140192888  0.582821324 0.736891280  0.791146923 0.457800661  0.014161135 0.054499053
0.614370716104  0.360014297 0.139985703  0.582933560 0.737242643  0.791209233 0.457419627  0.014128497 0.054676567
0.614515137352  0.360221379 0.139778621  0.583045848 0.737593950  0.791271442 0.457038697  0.014095911 0.054854026
0.614659558599  0.360428358 0.139571642  0.583158188 0.737945201  0.791333549 0.456657871  0.014063379 0.055031430
0.614803979847  0.360635236 0.139364764  0.583270579 0.738296396  0.791395556 0.456277149  0.014030899 0.055208780
0.614948401095  0.360842010 0.139157990  0.583383022 0.738647536  0.791457461 0.455896530  0.013998473 0.055386077
0.615092822343  0.361048683 0.138951317  0.583495517 0.738998620  0.791519265 0.455516016  0.013966099 0.055563318
0.61523724359  0.361255253 0.138744747  0.583608063 0.739349648  0.791580968 0.455135605  0.013933779 0.055740506
0.615381664838  0.361461721 0.138538279  0.583720661 0.739700621  0.791642570 0.454755298  0.013901511 0.055917640
0.615526086086  0.361668087 0.138331913  0.583833311 0.740051538  0.791704072 0.454375094  0.013869296 0.056094720
0.615670507334  0.361874351 0.138125649  0.583946012 0.740402400  0.791765473 0.453994994  0.013837133 0.056271745
0.615814928582  0.362080513 0.137919487  0.584058765 0.740753206  0.791826773 0.453614998  0.013805024 0.056448717
0.615959349829  0.362286574 0.137713426  0.584171569 0.741103957  0.791887972 0.453235104  0.013772967 0.056625635
0.616103771077  0.362492532 0.137507468  0.584284424 0.741454652  0.791949071 0.452855314  0.013740963 0.056802499
0.616248192325  0.362698389 0.137301611  0.584397331 0.741805292  0.792010069 0.452475627  0.013709011 0.056979309
0.616392613573  0.362904144 0.137095856  0.584510289 0.742155877  0.792070968 0.452096043  0.013677112 0.057156065
0.61653703482  0.363109798 0.136890202  0.584623299 0.742506407  0.792131765 0.451716562  0.013645266 0.057332767
0.616681456068  0.363315351 0.136684649  0.584736359 0.742856881  0.792192463 0.451337184  0.013613472 0.057509416
0.616825877316  0.363520801 0.136479199  0.584849471 0.743207300  0.792253060 0.450957909  0.013581730 0.057686011
0.616970298564  0.363726151 0.136273849  0.584962635 0.743557664  0.792313558 0.450578737  0.013550041 0.057862552
0.617114719812  0.363931399 0.136068601  0.585075849 0.743907973  0.792373955 0.450199667  0.013518405 0.058039040
0.617259141059  0.364136547 0.135863453  0.585189115 0.744258227  0.792434252 0.449820700  0.013486820 0.058215474
0.617403562307  0.364341593 0.135658407  0.585302431 0.744608426  0.792494450 0.449441836  0.013455288 0.058391855
0.617547983555  0.364546538 0.135453462  0.585415799 0.744958570  0.792554547 0.449063074  0.013423808 0.058568182
0.617692404803  0.364751382 0.135248618  0.585529217 0.745308659  0.792614545 0.448684414  0.013392381 0.058744456
0.617836826051  0.364956125 0.135043875  0.585642687 0.745658694  0.792674444 0.448305857  0.013361006 0.058920676
0.617981247298  0.365160768 0.134839232  0.585756208 0.746008673  0.792734243 0.447927402  0.013329682 0.059096843
0.618125668546  0.365365310 0.134634690  0.585869779 0.746358598  0.792793942 0.447549049  0.013298411 0.059272956
0.618270089794  0.365569751 0.134430249  0.585983402 0.746708468  0.792853542 0.447170798  0.013267193 0.059449017
0.618414511042  0.365774091 0.134225909  0.586097075 0.747058283  0.792913042 0.446792649  0.013236026 0.059625024
0.618558932289  0.365978331 0.134021669  0.586210799 0.747408044  0.792972443 0.446414602  0.013204911 0.059800978
0.618703353537  0.366182471 0.133817529  0.586324574 0.747757750  0.793031745 0.446036657  0.013173848 0.059976878
0.618847774785  0.366386511 0.133613489  0.586438400 0.748107401  0.793090948 0.445658814  0.013142837 0.060152726
0.618992196033  0.366590450 0.133409550  0.586552276 0.748456998  0.793150051 0.445281073  0.013111878 0.060328520
0.619136617281  0.366794288 0.133205712  0.586666203 0.748806540  0.793209056 0.444903433  0.013080971 0.060504262
0.619281038528  0.366998027 0.133001973  0.586780180 0.749156028  0.793267962 0.444525894  0.013050115 0.060679950
0.619425459776  0.367201666 0.132798334  0.586894209 0.749505462  0.793326769 0.444148458  0.013019312 0.060855586
0.619569881024  0.367405205 0.132594795  0.587008287 0.749854841  0.793385477 0.443771122  0.012988560 0.061031168
0.619714302272  0.367608643 0.132391357  0.587122417 0.750204166  0.793444086 0.443393888  0.012957860 0.061206698
0.619858723519  0.367811982 0.132188018  0.587236597 0.750553437  0.793502597 0.443016755  0.012927211 0.061382174
0.620003144767  0.368015222 0.131984778  0.587350827 0.750902653  0.793561009 0.442639723  0.012896614 0.061557598
0.620147566015  0.368218361 0.131781639  0.587465107 0.751251815  0.793619323 0.442262793  0.012866069 0.061732969
0.620291987263  0.368421401 0.131578599  0.587579438 0.751600923  0.793677538 0.441885963  0.012835575 0.061908288
0.620436408511  0.368624341 0.131375659  0.587693820 0.751949977  0.793735655 0.441509235  0.012805133 0.062083553
0.620580829758  0.368827182 0.131172818  0.587808252 0.752298977  0.793793673 0.441132607  0.012774743 0.062258766
0.620725251006  0.369029924 0.130970076  0.587922734 0.752647923  0.793851594 0.440756080  0.012744403 0.062433927
0.620869672254  0.369232566 0.130767434  0.588037266 0.752996815  0.793909416 0.440379654  0.012714116 0.062609035
0.621014093502  0.369435109 0.130564891  0.588151848 0.753345653  0.793967140 0.440003328  0.012683879 0.062784090
0.62115851475  0.369637553 0.130362447  0.588266481 0.753694437  0.794024766 0.439627103  0.012653694 0.062959093
0.621302935997  0.369839897 0.130160103  0.588381164 0.754043167  0.794082294 0.439250978  0.012623560 0.063134043
0.621447357245  0.370042143 0.129957857  0.588495897 0.754391844  0.794139724 0.438874954  0.012593478 0.063308941
0.621591778493  0.370244290 0.129755710  0.588610680 0.754740466  0.794197057 0.438499031  0.012563447 0.063483787
0.621736199741  0.370446338 0.129553662  0.588725513 0.755089035  0.794254291 0.438123207  0.012533466 0.063658580
0.621880620988  0.370648286 0.129351714  0.588840396 0.755437550  0.794311428 0.437747484  0.012503537 0.063833321
0.622025042236  0.370850137 0.129149863  0.588955329 0.755786012  0.794368468 0.437371861  0.012473660 0.064008009
0.622169463484  0.371051888 0.128948112  0.589070311 0.756134420  0.794425410 0.436996338  0.012443833 0.064182646
0.622313884732  0.371253541 0.128746459  0.589185344 0.756482774  0.794482254 0.436620914  0.012414057 0.064357230
0.62245830598  0.371455096 0.128544904  0.589300427 0.756831075  0.794539001 0.436245591  0.012384333 0.064531762
0.622602727227  0.371656552 0.128343448  0.589415559 0.757179322  0.794595651 0.435870368  0.012354659 0.064706242
0.622747148475  0.371857909 0.128142091  0.589530742 0.757527516  0.794652204 0.435495244  0.012325036 0.064880669
0.622891569723  0.372059168 0.127940832  0.589645974 0.757875656  0.794708659 0.435120220  0.012295464 0.065055045
0.623035990971  0.372260330 0.127739670  0.589761256 0.758223744  0.794765017 0.434745296  0.012265943 0.065229369
0.623180412219  0.372461392 0.127538608  0.589876587 0.758571777  0.794821279 0.434370471  0.012236473 0.065403641
0.623324833466  0.372662357 0.127337643  0.589991968 0.758919758  0.794877443 0.433995746  0.012207054 0.065577861
0.623469254714  0.372863224 0.127136776  0.590107399 0.759267685  0.794933510 0.433621120  0.012177685 0.065752029
0.623613675962  0.373063993 0.126936007  0.590222879 0.759615559  0.794989481 0.433246593  0.012148367 0.065926145
0.62375809721  0.373264664 0.126735336  0.590338409 0.759963380  0.795045354 0.432872165  0.012119100 0.066100209
0.623902518457  0.373465237 0.126534763  0.590453989 0.760311148  0.795101132 0.432497837  0.012089883 0.066274222
0.624046939705  0.373665712 0.126334288  0.590569618 0.760658862  0.795156812 0.432123608  0.012060718 0.066448182
0.624191360953  0.373866090 0.126133910  0.590685296 0.761006524  0.795212396 0.431749478  0.012031602 0.066622092
0.624335782201  0.374066370 0.125933630  0.590801024 0.761354133  0.795267883 0.431375447  0.012002537 0.066795949
0.624480203449  0.374266552 0.125733448  0.590916801 0.761701688  0.795323274 0.431001514  0.011973523 0.066969755
0.624624624696  0.374466637 0.125533363  0.591032627 0.762049191  0.795378569 0.430627681  0.011944559 0.067143509
0.624769045944  0.374666625 0.125333375  0.591148503 0.762396641  0.795433767 0.430253946  0.011915646 0.067317212
0.624913467192  0.374866515 0.125133485  0.591264428 0.762744038  0.795488870 0.429880310  0.011886783 0.067490863
0.62505788844  0.375066309 0.124933691  0.591380403 0.763091382  0.795543876 0.429506772  0.011857970 0.067664463
0.625202309687  0.375266005 0.124733995  0.591496426 0.763438674  0.795598786 0.429133333  0.011829207 0.067838011
0.625346730935  0.375465603 0.124534397  0.591612499 0.763785913  0.795653600 0.428759992  0.011800495 0.068011508
0.625491152183  0.375665105 0.124334895  0.591728621 0.764133099  0.795708318 0.428386750  0.011771834 0.068184954
0.625635573431  0.375864510 0.124135490  0.591844792 0.764480232  0.795762940 0.428013606  0.011743222 0.068358348
0.625779994679  0.376063818 0.123936182  0.591961012 0.764827313  0.795817466 0.427640560  0.011714660 0.068531691
0.625924415926  0.376263029 0.123736971  0.592077281 0.765174342  0.795871897 0.427267612  0.011686149 0.068704983
0.626068837174  0.376462144 0.123537856  0.592193599 0.765521317  0.795926232 0.426894763  0.011657688 0.068878224
0.626213258422  0.376661161 0.123338839  0.592309967 0.765868241  0.795980472 0.426522011  0.011629277 0.069051413
0.62635767967  0.376860082 0.123139918  0.592426383 0.766215112  0.796034616 0.426149357  0.011600916 0.069224551
0.626502100918  0.377058907 0.122941093  0.592542848 0.766561930  0.796088664 0.425776801  0.011572605 0.069397638
0.626646522165  0.377257635 0.122742365  0.592659361 0.766908696  0.796142617 0.425404343  0.011544343 0.069570675
0.626790943413  0.377456267 0.122543733  0.592775924 0.767255410  0.796196475 0.425031983  0.011516132 0.069743660
0.626935364661  0.377654802 0.122345198  0.592892536 0.767602072  0.796250237 0.424659720  0.011487971 0.069916594
0.627079785909  0.377853241 0.122146759  0.593009196 0.767948681  0.796303905 0.424287555  0.011459859 0.070089477
0.627224207156  0.378051584 0.121948416  0.593125905 0.768295238  0.796357477 0.423915487  0.011431798 0.070262309
0.627368628404  0.378249831 0.121750169  0.593242663 0.768641743  0.796410954 0.423543517  0.011403786 0.070435091
0.627513049652  0.378447982 0.121552018  0.593359469 0.768988196  0.796464336 0.423171644  0.011375824 0.070607821
0.6276574709  0.378646036 0.121353964  0.593476324 0.769334597  0.796517623 0.422799868  0.011347912 0.070780501
0.627801892148  0.378843995 0.121156005  0.593593228 0.769680945  0.796570816 0.422428190  0.011320049 0.070953130
0.627946313395  0.379041858 0.120958142  0.593710180 0.770027242  0.796623913 0.422056609  0.011292236 0.071125709
0.628090734643  0.379239625 0.120760375  0.593827181 0.770373487  0.796676916 0.421685124  0.011264472 0.071298236
0.628235155891  0.379437297 0.120562703  0.593944230 0.770719680  0.796729825 0.421313737  0.011236758 0.071470713
0.628379577139  0.379634872 0.120365128  0.594061328 0.771065821  0.796782638 0.420942447  0.011209094 0.071643140
0.628523998386  0.379832353 0.120167647  0.594178474 0.771411910  0.796835358 0.420571253  0.011181479 0.071815516
0.628668419634  0.380029737 0.119970263  0.594295669 0.771757947  0.796887982 0.420200156  0.011153914 0.071987841
0.628812840882  0.380227027 0.119772973  0.594412912 0.772103933  0.796940513 0.419829156  0.011126398 0.072160116
0.62895726213  0.380424221 0.119575779  0.594530203 0.772449867  0.796992949 0.419458253  0.011098932 0.072332340
0.629101683378  0.380621319 0.119378681  0.594647543 0.772795749  0.797045291 0.419087446  0.011071514 0.072504514
0.629246104625  0.380818323 0.119181677  0.594764931 0.773141579  0.797097538 0.418716736  0.011044147 0.072676638
0.629390525873  0.381015231 0.118984769  0.594882367 0.773487358  0.797149692 0.418346122  0.011016828 0.072848711
0.629534947121  0.381212044 0.118787956  0.594999852 0.773833086  0.797201751 0.417975604  0.010989559 0.073020734
0.629679368369  0.381408762 0.118591238  0.595117384 0.774178761  0.797253717 0.417605183  0.010962339 0.073192707
0.629823789617  0.381605386 0.118394614  0.595234965 0.774524386  0.797305588 0.417234858  0.010935168 0.073364629
0.629968210864  0.381801914 0.118198086  0.595352594 0.774869959  0.797357366 0.416864629  0.010908046 0.073536501
0.630112632112  0.381998347 0.118001653  0.595470271 0.775215480  0.797409050 0.416494496  0.010880974 0.073708323
0.63025705336  0.382194686 0.117805314  0.595587996 0.775560950  0.797460640 0.416124459  0.010853950 0.073880095
0.630401474608  0.382390930 0.117609070  0.595705769 0.775906369  0.797512137 0.415754518  0.010826976 0.074051817
0.630545895855  0.382587080 0.117412920  0.595823590 0.776251736  0.797563540 0.415384673  0.010800050 0.074223489
0.630690317103  0.382783134 0.117216866  0.595941459 0.776597053  0.797614850 0.415014924  0.010773174 0.074395111
0.630834738351  0.382979095 0.117020905  0.596059376 0.776942318  0.797666066 0.414645270  0.010746347 0.074566683
0.630979159599  0.383174961 0.116825039  0.596177340 0.777287531  0.797717188 0.414275712  0.010719568 0.074738205
0.631123580847  0.383370733 0.116629267  0.596295353 0.777632694  0.797768218 0.413906250  0.010692838 0.074909676
0.631268002094  0.383566410 0.116433590  0.596413413 0.777977806  0.797819154 0.413536883  0.010666157 0.075081099
0.631412423342  0.383761993 0.116238007  0.596531522 0.778322866  0.797869997 0.413167611  0.010639525 0.075252471
0.63155684459  0.383957482 0.116042518  0.596649678 0.778667876  0.797920747 0.412798435  0.010612942 0.075423793
0.631701265838  0.384152877 0.115847123  0.596767881 0.779012834  0.797971404 0.412429354  0.010586408 0.075595066
0.631845687085  0.384348178 0.115651822  0.596886133 0.779357742  0.798021967 0.412060369  0.010559922 0.075766289
0.631990108333  0.384543385 0.115456615  0.597004432 0.779702599  0.798072438 0.411691478  0.010533485 0.075937462
0.632134529581  0.384738498 0.115261502  0.597122778 0.780047404  0.798122816 0.411322683  0.010507096 0.076108586
0.632278950829  0.384933518 0.115066482  0.597241173 0.780392159  0.798173102 0.410953983  0.010480756 0.076279660
0.632423372077  0.385128443 0.114871557  0.597359614 0.780736864  0.798223294 0.410585377  0.010454465 0.076450684
0.632567793324  0.385323275 0.114676725  0.597478104 0.781081517  0.798273394 0.410216867  0.010428222 0.076621659
0.632712214572  0.385518014 0.114481986  0.597596641 0.781426120  0.798323401 0.409848451  0.010402028 0.076792585
0.63285663582  0.385712659 0.114287341  0.597715225 0.781770672  0.798373316 0.409480130  0.010375882 0.076963461
0.633001057068  0.385907210 0.114092790  0.597833857 0.782115173  0.798423138 0.409111904  0.010349785 0.077134287
0.633145478316  0.386101668 0.113898332  0.597952536 0.782459624  0.798472868 0.408743772  0.010323736 0.077305064
0.633289899563  0.386296033 0.113703967  0.598071262 0.782804024  0.798522506 0.408375735  0.010297735 0.077475792
0.633434320811  0.386490304 0.113509696  0.598190036 0.783148374  0.798572051 0.408007792  0.010271783 0.077646470
0.633578742059  0.386684482 0.113315518  0.598308857 0.783492673  0.798621504 0.407639944  0.010245879 0.077817099
0.633723163307  0.386878567 0.113121433  0.598427726 0.783836922  0.798670865 0.407272190  0.010220023 0.077987679
0.633867584554  0.387072559 0.112927441  0.598546641 0.784181121  0.798720134 0.406904530  0.010194216 0.078158210
0.634012005802  0.387266458 0.112733542  0.598665604 0.784525269  0.798769310 0.406536965  0.010168456 0.078328691
0.63415642705  0.387460264 0.112539736  0.598784614 0.784869366  0.798818395 0.406169493  0.010142745 0.078499124
0.634300848298  0.387653977 0.112346023  0.598903671 0.785213414  0.798867388 0.405802116  0.010117082 0.078669507
0.634445269546  0.387847598 0.112152402  0.599022776 0.785557411  0.798916290 0.405434832  0.010091467 0.078839841
0.634589690793  0.388041125 0.111958875  0.599141927 0.785901358  0.798965099 0.405067643  0.010065901 0.079010126
0.634734112041  0.388234560 0.111765440  0.599261125 0.786245254  0.799013817 0.404700547  0.010040382 0.079180362
0.634878533289  0.388427903 0.111572097  0.599380371 0.786589101  0.799062443 0.404333545  0.010014911 0.079350549
0.635022954537  0.388621153 0.111378847  0.599499663 0.786932898  0.799110977 0.403966637  0.009989488 0.079520687
0.635167375784  0.388814310 0.111185690  0.599619003 0.787276644  0.799159420 0.403599823  0.009964113 0.079690776
0.635311797032  0.389007375 0.110992625  0.599738389 0.787620340  0.799207772 0.403233102  0.009938786 0.079860817
0.63545621828  0.389200348 0.110799652  0.599857822 0.787963987  0.799256032 0.402866474  0.009913507 0.080030808
0.635600639528  0.389393228 0.110606772  0.599977302 0.788307583  0.799304201 0.402499940  0.009888276 0.080200751
0.635745060776  0.389586016 0.110413984  0.600096829 0.788651130  0.799352279 0.402133499  0.009863092 0.080370645
0.635889482023  0.389778712 0.110221288  0.600216403 0.788994626  0.799400266 0.401767152  0.009837956 0.080540490
0.636033903271  0.389971316 0.110028684  0.600336023 0.789338073  0.799448161 0.401400898  0.009812868 0.080710287
0.636178324519  0.390163828 0.109836172  0.600455690 0.789681470  0.799495965 0.401034737  0.009787828 0.080880035
0.636322745767  0.390356248 0.109643752  0.600575404 0.790024817  0.799543679 0.400668669  0.009762835 0.081049734
0.636467167015  0.390548576 0.109451424  0.600695165 0.790368115  0.799591301 0.400302694  0.009737890 0.081219385
0.636611588262  0.390740812 0.109259188  0.600814972 0.790711363  0.799638833 0.399936812  0.009712992 0.081388987
0.63675600951  0.390932957 0.109067043  0.600934826 0.791054561  0.799686274 0.399571023  0.009688142 0.081558541
0.636900430758  0.391125010 0.108874990  0.601054726 0.791397709  0.799733624 0.399205327  0.009663340 0.081728046
0.637044852006  0.391316971 0.108683029  0.601174673 0.791740808  0.799780883 0.398839724  0.009638585 0.081897503
0.637189273253  0.391508841 0.108491159  0.601294666 0.792083858  0.799828052 0.398474213  0.009613878 0.082066911
0.637333694501  0.391700619 0.108299381  0.601414706 0.792426858  0.799875130 0.398108795  0.009589218 0.082236271
0.637478115749  0.391892306 0.108107694  0.601534793 0.792769808  0.799922118 0.397743469  0.009564605 0.082405583
0.637622536997  0.392083901 0.107916099  0.601654925 0.793112709  0.799969015 0.397378236  0.009540040 0.082574846
0.637766958245  0.392275405 0.107724595  0.601775105 0.793455561  0.800015822 0.397013095  0.009515522 0.082744061
0.637911379492  0.392466818 0.107533182  0.601895330 0.793798363  0.800062539 0.396648047  0.009491051 0.082913228
0.63805580074  0.392658140 0.107341860  0.602015602 0.794141116  0.800109165 0.396283091  0.009466628 0.083082347
0.638200221988  0.392849370 0.107150630  0.602135920 0.794483819  0.800155702 0.395918227  0.009442251 0.083251417
0.638344643236  0.393040510 0.106959490  0.602256284 0.794826474  0.800202148 0.395553456  0.009417922 0.083420439
0.638489064483  0.393231559 0.106768441  0.602376695 0.795169079  0.800248504 0.395188776  0.009393641 0.083589414
0.638633485731  0.393422516 0.106577484  0.602497152 0.795511635  0.800294770 0.394824189  0.009369406 0.083758340
0.638777906979  0.393613383 0.106386617  0.602617655 0.795854142  0.800340947 0.394459693  0.009345218 0.083927218
0.638922328227  0.393804159 0.106195841  0.602738204 0.796196600  0.800387033 0.394095289  0.009321078 0.084096048
0.639066749475  0.393994845 0.106005155  0.602858799 0.796539008  0.800433030 0.393730978  0.009296984 0.084264830
0.639211170722  0.394185439 0.105814561  0.602979441 0.796881368  0.800478937 0.393366757  0.009272938 0.084433565
0.63935559197  0.394375944 0.105624056  0.603100128 0.797223679  0.800524754 0.393002629  0.009248938 0.084602251
0.639500013218  0.394566357 0.105433643  0.603220861 0.797565940  0.800570482 0.392638592  0.009224986 0.084770890
0.639644434466  0.394756680 0.105243320  0.603341641 0.797908153  0.800616120 0.392274647  0.009201080 0.084939480
0.639788855714  0.394946913 0.105053087  0.603462466 0.798250317  0.800661668 0.391910793  0.009177221 0.085108023
0.639933276961  0.395137056 0.104862944  0.603583337 0.798592432  0.800707128 0.391547031  0.009153409 0.085276519
0.640077698209  0.395327108 0.104672892  0.603704254 0.798934499  0.800752497 0.391183360  0.009129644 0.085444966
0.640222119457  0.395517070 0.104482930  0.603825218 0.799276516  0.800797778 0.390819780  0.009105926 0.085613366
0.640366540705  0.395706942 0.104293058  0.603946226 0.799618485  0.800842969 0.390456292  0.009082254 0.085781718
0.640510961952  0.395896723 0.104103277  0.604067281 0.799960405  0.800888072 0.390092894  0.009058629 0.085950023
0.6406553832  0.396086415 0.103913585  0.604188381 0.800302276  0.800933085 0.389729588  0.009035051 0.086118280
0.640799804448  0.396276017 0.103723983  0.604309528 0.800644099  0.800978009 0.389366373  0.009011519 0.086286489
0.640944225696  0.396465529 0.103534471  0.604430720 0.800985873  0.801022844 0.389003249  0.008988034 0.086454651
0.641088646944  0.396654951 0.103345049  0.604551957 0.801327599  0.801067590 0.388640215  0.008964596 0.086622765
0.641233068191  0.396844283 0.103155717  0.604673240 0.801669276  0.801112247 0.388277273  0.008941204 0.086790832
0.641377489439  0.397033526 0.102966474  0.604794569 0.802010905  0.801156816 0.387914421  0.008917859 0.086958852
0.641521910687  0.397222679 0.102777321  0.604915944 0.802352485  0.801201295 0.387551660  0.008894560 0.087126824
0.641666331935  0.397411743 0.102588257  0.605037364 0.802694017  0.801245686 0.387188990  0.008871307 0.087294749
0.641810753183  0.397600717 0.102399283  0.605158829 0.803035500  0.801289989 0.386826410  0.008848101 0.087462627
0.64195517443  0.397789601 0.102210399  0.605280340 0.803376935  0.801334203 0.386463921  0.008824941 0.087630457
0.642099595678  0.397978396 0.102021604  0.605401896 0.803718322  0.801378328 0.386101522  0.008801828 0.087798240
0.642244016926  0.398167102 0.101832898  0.605523498 0.804059661  0.801422365 0.385739213  0.008778761 0.087965976
0.642388438174  0.398355719 0.101644281  0.605645146 0.804400951  0.801466314 0.385376995  0.008755740 0.088133665
0.642532859421  0.398544246 0.101455754  0.605766838 0.804742193  0.801510174 0.385014867  0.008732766 0.088301306
0.642677280669  0.398732685 0.101267315  0.605888576 0.805083387  0.801553946 0.384652829  0.008709838 0.088468901
0.642821701917  0.398921034 0.101078966  0.606010360 0.805424533  0.801597630 0.384290882  0.008686956 0.088636448
0.642966123165  0.399109294 0.100890706  0.606132188 0.805765631  0.801641225 0.383929024  0.008664120 0.088803948
0.643110544413  0.399297465 0.100702535  0.606254062 0.806106680  0.801684733 0.383567256  0.008641330 0.088971402
0.64325496566  0.399485548 0.100514452  0.606375981 0.806447682  0.801728153 0.383205579  0.008618587 0.089138808
0.643399386908  0.399673541 0.100326459  0.606497946 0.806788636  0.801771485 0.382843991  0.008595889 0.089306168
0.643543808156  0.399861446 0.100138554  0.606619955 0.807129542  0.801814728 0.382482493  0.008573238 0.089473480
0.643688229404  0.400049262 0.099950738  0.606742010 0.807470399  0.801857884 0.382121084  0.008550632 0.089640746
0.643832650651  0.400236990 0.099763010  0.606864110 0.807811209  0.801900953 0.381759765  0.008528072 0.089807965
0.643977071899  0.400424629 0.099575371  0.606986255 0.808151972  0.801943933 0.381398536  0.008505559 0.089975137
0.644121493147  0.400612179 0.099387821  0.607108444 0.808492686  0.801986826 0.381037397  0.008483091 0.090142262
0.644265914395  0.400799641 0.099200359  0.607230679 0.808833353  0.802029631 0.380676347  0.008460669 0.090309341
0.644410335643  0.400987015 0.099012985  0.607352959 0.809173972  0.802072349 0.380315386  0.008438293 0.090476373
0.64455475689  0.401174300 0.098825700  0.607475284 0.809514543  0.802114979 0.379954515  0.008415963 0.090643358
0.644699178138  0.401361497 0.098638503  0.607597654 0.809855066  0.802157522 0.379593733  0.008393679 0.090810296
0.644843599386  0.401548606 0.098451394  0.607720068 0.810195542  0.802199978 0.379233040  0.008371440 0.090977188
0.644988020634  0.401735627 0.098264373  0.607842528 0.810535970  0.802242346 0.378872436  0.008349247 0.091144034
0.645132441882  0.401922560 0.098077440  0.607965032 0.810876351  0.802284627 0.378511921  0.008327100 0.091310832
0.645276863129  0.402109405 0.097890595  0.608087581 0.811216685  0.802326821 0.378151496  0.008304998 0.091477585
0.645421284377  0.402296161 0.097703839  0.608210175 0.811556970  0.802368928 0.377791159  0.008282942 0.091644291
0.645565705625  0.402482830 0.097517170  0.608332814 0.811897209  0.802410948 0.377430911  0.008260932 0.091810950
0.645710126873  0.402669411 0.097330589  0.608455498 0.812237400  0.802452881 0.377070752  0.008238967 0.091977563
0.64585454812  0.402855904 0.097144096  0.608578226 0.812577543  0.802494727 0.376710682  0.008217048 0.092144130
0.645998969368  0.403042310 0.096957690  0.608700998 0.812917639  0.802536486 0.376350701  0.008195174 0.092310650
0.646143390616  0.403228628 0.096771372  0.608823816 0.813257688  0.802578158 0.375990808  0.008173346 0.092477124
0.646287811864  0.403414858 0.096585142  0.608946678 0.813597690  0.802619744 0.375631004  0.008151563 0.092643552
0.646432233112  0.403601001 0.096398999  0.609069584 0.813937644  0.802661242 0.375271288  0.008129825 0.092809934
0.646576654359  0.403787057 0.096212943  0.609192536 0.814277552  0.802702655 0.374911661  0.008108133 0.092976269
0.646721075607  0.403973025 0.096026975  0.609315531 0.814617412  0.802743980 0.374552122  0.008086487 0.093142558
0.646865496855  0.404158905 0.095841095  0.609438571 0.814957225  0.802785219 0.374192671  0.008064885 0.093308801
0.647009918103  0.404344699 0.095655301  0.609561656 0.815296990  0.802826372 0.373833309  0.008043329 0.093474998
0.64715433935  0.404530405 0.095469595  0.609684785 0.815636709  0.802867438 0.373474035  0.008021818 0.093641149
0.647298760598  0.404716024 0.095283976  0.609807958 0.815976381  0.802908418 0.373114849  0.008000352 0.093807254
0.647443181846  0.404901556 0.095098444  0.609931176 0.816316006  0.802949312 0.372755751  0.007978932 0.093973312
0.647587603094  0.405087001 0.094912999  0.610054438 0.816655583  0.802990119 0.372396741  0.007957557 0.094139325
0.647732024342  0.405272359 0.094727641  0.610177745 0.816995114  0.803030841 0.372037819  0.007936226 0.094305292
0.647876445589  0.405457630 0.094542370  0.610301095 0.817334598  0.803071476 0.371678985  0.007914941 0.094471213
0.648020866837  0.405642814 0.094357186  0.610424490 0.817674035  0.803112025 0.371320238  0.007893701 0.094637088
0.648165288085  0.405827912 0.094172088  0.610547930 0.818013426  0.803152488 0.370961580  0.007872506 0.094802917
0.648309709333  0.406012923 0.093987077  0.610671413 0.818352769  0.803192866 0.370603009  0.007851356 0.094968701
0.648454130581  0.406197847 0.093802153  0.610794941 0.818692066  0.803233157 0.370244526  0.007830251 0.095134439
0.648598551828  0.406382684 0.093617316  0.610918512 0.819031316  0.803273363 0.369886130  0.007809191 0.095300131
0.648742973076  0.406567435 0.093432565  0.611042128 0.819370520  0.803313483 0.369527822  0.007788176 0.095465777
0.648887394324  0.406752100 0.093247900  0.611165788 0.819709676  0.803353517 0.369169601  0.007767205 0.095631377
0.649031815572  0.406936678 0.093063322  0.611289492 0.820048787  0.803393466 0.368811468  0.007746280 0.095796932
0.649176236819  0.407121169 0.092878831  0.611413240 0.820387850  0.803433329 0.368453422  0.007725399 0.095962441
0.649320658067  0.407305575 0.092694425  0.611537032 0.820726867  0.803473106 0.368095463  0.007704563 0.096127905
0.649465079315  0.407489894 0.092510106  0.611660868 0.821065838  0.803512798 0.367737592  0.007683772 0.096293323
0.649609500563  0.407674127 0.092325873  0.611784748 0.821404762  0.803552405 0.367379807  0.007663026 0.096458696
0.649753921811  0.407858274 0.092141726  0.611908671 0.821743639  0.803591927 0.367022110  0.007642324 0.096624023
0.649898343058  0.408042334 0.091957666  0.612032639 0.822082471  0.803631363 0.366664500  0.007621667 0.096789305
0.650042764306  0.408226309 0.091773691  0.612156650 0.822421256  0.803670714 0.366306976  0.007601055 0.096954541
0.650187185554  0.408410198 0.091589802  0.612280706 0.822759994  0.803709979 0.365949540  0.007580487 0.097119732
0.650331606802  0.408594001 0.091405999  0.612404805 0.823098686  0.803749160 0.365592190  0.007559964 0.097284877
0.650476028049  0.408777718 0.091222282  0.612528948 0.823437332  0.803788256 0.365234927  0.007539485 0.097449977
0.650620449297  0.408961349 0.091038651  0.612653134 0.823775932  0.803827266 0.364877751  0.007519051 0.097615032
0.650764870545  0.409144895 0.090855105  0.612777364 0.824114485  0.803866192 0.364520661  0.007498661 0.097780042
0.650909291793  0.409328355 0.090671645  0.612901638 0.824452993  0.803905033 0.364163658  0.007478316 0.097945006
0.651053713041  0.409511730 0.090488270  0.613025956 0.824791454  0.803943789 0.363806742  0.007458015 0.098109925
0.651198134288  0.409695018 0.090304982  0.613150317 0.825129869  0.803982460 0.363449912  0.007437759 0.098274799
0.651342555536  0.409878222 0.090121778  0.613274722 0.825468238  0.804021047 0.363093168  0.007417547 0.098439628
0.651486976784  0.410061340 0.089938660  0.613399170 0.825806561  0.804059549 0.362736511  0.007397379 0.098604412
0.651631398032  0.410244373 0.089755627  0.613523662 0.826144838  0.804097966 0.362379940  0.007377256 0.098769151
0.65177581928  0.410427320 0.089572680  0.613648198 0.826483070  0.804136299 0.362023455  0.007357177 0.098933844
0.651920240527  0.410610182 0.089389818  0.613772777 0.826821255  0.804174547 0.361667056  0.007337142 0.099098493
0.652064661775  0.410792959 0.089207041  0.613897399 0.827159394  0.804212711 0.361310743  0.007317151 0.099263097
0.652209083023  0.410975651 0.089024349  0.614022065 0.827497487  0.804250791 0.360954517  0.007297205 0.099427655
0.652353504271  0.411158258 0.088841742  0.614146774 0.827835535  0.804288786 0.360598376  0.007277302 0.099592169
0.652497925518  0.411340780 0.088659220  0.614271526 0.828173537  0.804326698 0.360242321  0.007257444 0.099756638
0.652642346766  0.411523217 0.088476783  0.614396322 0.828511493  0.804364524 0.359886353  0.007237630 0.099921062
0.652786768014  0.411705569 0.088294431  0.614521161 0.828849403  0.804402267 0.359530469  0.007217860 0.100085441
0.652931189262  0.411887836 0.088112164  0.614646044 0.829187268  0.804439926 0.359174672  0.007198134 0.100249776
0.65307561051  0.412070018 0.087929982  0.614770970 0.829525087  0.804477501 0.358818960  0.007178452 0.100414066
0.653220031757  0.412252116 0.087747884  0.614895939 0.829862860  0.804514992 0.358463334  0.007158814 0.100578311
0.653364453005  0.412434129 0.087565871  0.615020951 0.830200588  0.804552398 0.358107794  0.007139220 0.100742511
0.653508874253  0.412616058 0.087383942  0.615146006 0.830538270  0.804589722 0.357752339  0.007119670 0.100906667
0.653653295501  0.412797902 0.087202098  0.615271104 0.830875907  0.804626961 0.357396969  0.007100163 0.101070778
0.653797716748  0.412979661 0.087020339  0.615396246 0.831213498  0.804664116 0.357041685  0.007080701 0.101234844
0.653942137996  0.413161337 0.086838663  0.615521431 0.831551044  0.804701188 0.356686485  0.007061282 0.101398866
0.654086559244  0.413342927 0.086657073  0.615646658 0.831888544  0.804738177 0.356331372  0.007041907 0.101562843
0.654230980492  0.413524434 0.086475566  0.615771929 0.832225999  0.804775081 0.355976343  0.007022576 0.101726776
0.65437540174  0.413705856 0.086294144  0.615897243 0.832563409  0.804811903 0.355621400  0.007003289 0.101890664
0.654519822987  0.413887194 0.086112806  0.616022599 0.832900773  0.804848640 0.355266541  0.006984045 0.102054508
0.654664244235  0.414068448 0.085931552  0.616147999 0.833238092  0.804885295 0.354911768  0.006964846 0.102218308
0.654808665483  0.414249618 0.085750382  0.616273442 0.833575366  0.804921866 0.354557079  0.006945689 0.102382063
0.654953086731  0.414430704 0.085569296  0.616398927 0.833912594  0.804958354 0.354202475  0.006926577 0.102545774
0.655097507979  0.414611706 0.085388294  0.616524455 0.834249778  0.804994758 0.353847957  0.006907508 0.102709440
0.655241929226  0.414792624 0.085207376  0.616650026 0.834586916  0.805031080 0.353493523  0.006888482 0.102873062
0.655386350474  0.414973458 0.085026542  0.616775640 0.834924009  0.805067318 0.353139173  0.006869500 0.103036640
0.655530771722  0.415154209 0.084845791  0.616901297 0.835261057  0.805103473 0.352784908  0.006850562 0.103200174
0.65567519297  0.415334876 0.084665124  0.617026996 0.835598059  0.805139546 0.352430728  0.006831666 0.103363664
0.655819614217  0.415515459 0.084484541  0.617152739 0.835935017  0.805175535 0.352076633  0.006812815 0.103527109
0.655964035465  0.415695958 0.084304042  0.617278524 0.836271930  0.805211442 0.351722621  0.006794007 0.103690510
0.656108456713  0.415876374 0.084123626  0.617404351 0.836608798  0.805247265 0.351368695  0.006775242 0.103853867
0.656252877961  0.416056707 0.083943293  0.617530221 0.836945621  0.805283006 0.351014852  0.006756521 0.104017180
0.656397299209  0.416236956 0.083763044  0.617656134 0.837282399  0.805318664 0.350661094  0.006737842 0.104180449
0.656541720456  0.416417122 0.083582878  0.617782089 0.837619132  0.805354240 0.350307420  0.006719208 0.104343674
0.656686141704  0.416597204 0.083402796  0.617908087 0.837955821  0.805389733 0.349953830  0.006700616 0.104506855
0.656830562952  0.416777203 0.083222797  0.618034128 0.838292464  0.805425143 0.349600324  0.006682068 0.104669992
0.6569749842  0.416957119 0.083042881  0.618160211 0.838629063  0.805460471 0.349246903  0.006663563 0.104833085
0.657119405447  0.417136952 0.082863048  0.618286336 0.838965617  0.805495717 0.348893565  0.006645101 0.104996135
0.657263826695  0.417316702 0.082683298  0.618412504 0.839302127  0.805530880 0.348540311  0.006626682 0.105159140
0.657408247943  0.417496369 0.082503631  0.618538714 0.839638592  0.805565961 0.348187141  0.006608306 0.105322102
0.657552669191  0.417675953 0.082324047  0.618664967 0.839975012  0.805600959 0.347834055  0.006589974 0.105485020
0.657697090439  0.417855453 0.082144547  0.618791262 0.840311387  0.805635875 0.347481053  0.006571684 0.105647894
0.657841511686  0.418034871 0.081965129  0.618917600 0.840647718  0.805670710 0.347128134  0.006553438 0.105810724
0.657985932934  0.418214207 0.081785793  0.619043979 0.840984005  0.805705462 0.346775299  0.006535234 0.105973511
0.658130354182  0.418393459 0.081606541  0.619170401 0.841320247  0.805740132 0.346422548  0.006517074 0.106136254
0.65827477543  0.418572629 0.081427371  0.619296866 0.841656444  0.805774720 0.346069880  0.006498956 0.106298953
0.658419196678  0.418751716 0.081248284  0.619423372 0.841992597  0.805809226 0.345717295  0.006480882 0.106461609
0.658563617925  0.418930721 0.081069279  0.619549921 0.842328706  0.805843650 0.345364794  0.006462850 0.106624221
0.658708039173  0.419109643 0.080890357  0.619676512 0.842664770  0.805877992 0.345012377  0.006444861 0.106786789
0.658852460421  0.419288482 0.080711518  0.619803145 0.843000790  0.805912253 0.344660042  0.006426915 0.106949314
0.658996881669  0.419467240 0.080532760  0.619929820 0.843336765  0.805946432 0.344307791  0.006409012 0.107111796
0.659141302916  0.419645915 0.080354085  0.620056537 0.843672697  0.805980529 0.343955623  0.006391151 0.107274234
0.659285724164  0.419824507 0.080175493  0.620183296 0.844008584  0.806014545 0.343603538  0.006373334 0.107436629
0.659430145412  0.420003018 0.079996982  0.620310098 0.844344427  0.806048479 0.343251536  0.006355559 0.107598980
0.65957456666  0.420181446 0.079818554  0.620436941 0.844680226  0.806082331 0.342899617  0.006337826 0.107761288
0.659718987908  0.420359792 0.079640208  0.620563826 0.845015980  0.806116102 0.342547781  0.006320137 0.107923553
0.659863409155  0.420538056 0.079461944  0.620690754 0.845351691  0.806149792 0.342196027  0.006302490 0.108085774
0.660007830403  0.420716238 0.079283762  0.620817723 0.845687357  0.806183400 0.341844357  0.006284885 0.108247952
0.660152251651  0.420894338 0.079105662  0.620944734 0.846022979  0.806216928 0.341492769  0.006267324 0.108410087
0.660296672899  0.421072356 0.078927644  0.621071787 0.846358558  0.806250373 0.341141265  0.006249804 0.108572178
0.660441094147  0.421250293 0.078749707  0.621198882 0.846694092  0.806283738 0.340789842  0.006232328 0.108734227
0.660585515394  0.421428147 0.078571853  0.621326019 0.847029582  0.806317022 0.340438503  0.006214893 0.108896232
0.660729936642  0.421605920 0.078394080  0.621453197 0.847365029  0.806350224 0.340087245  0.006197502 0.109058194
0.66087435789  0.421783611 0.078216389  0.621580417 0.847700431  0.806383346 0.339736071  0.006180152 0.109220113
0.661018779138  0.421961221 0.078038779  0.621707679 0.848035790  0.806416386 0.339384978  0.006162845 0.109381989
0.661163200385  0.422138749 0.077861251  0.621834983 0.848371105  0.806449346 0.339033968  0.006145581 0.109543822
0.661307621633  0.422316195 0.077683805  0.621962329 0.848706376  0.806482225 0.338683041  0.006128358 0.109705612
0.661452042881  0.422493560 0.077506440  0.622089716 0.849041603  0.806515023 0.338332195  0.006111178 0.109867359
0.661596464129  0.422670844 0.077329156  0.622217144 0.849376787  0.806547740 0.337981432  0.006094041 0.110029063
0.661740885377  0.422848046 0.077151954  0.622344615 0.849711927  0.806580377 0.337630751  0.006076945 0.110190724
0.661885306624  0.423025167 0.076974833  0.622472127 0.850047023  0.806612933 0.337280152  0.006059892 0.110352342
0.662029727872  0.423202207 0.076797793  0.622599680 0.850382076  0.806645408 0.336929635  0.006042881 0.110513917
0.66217414912  0.423379166 0.076620834  0.622727275 0.850717085  0.806677803 0.336579199  0.006025913 0.110675450
0.662318570368  0.423556043 0.076443957  0.622854912 0.851052050  0.806710118 0.336228846  0.006008986 0.110836940
0.662462991615  0.423732840 0.076267160  0.622982590 0.851386972  0.806742352 0.335878575  0.005992102 0.110998387
0.662607412863  0.423909555 0.076090445  0.623110309 0.851721851  0.806774505 0.335528385  0.005975259 0.111159791
0.662751834111  0.424086190 0.075913810  0.623238070 0.852056686  0.806806579 0.335178277  0.005958459 0.111321152
0.662896255359  0.424262743 0.075737257  0.623365872 0.852391477  0.806838572 0.334828251  0.005941701 0.111482471
0.663040676607  0.424439216 0.075560784  0.623493716 0.852726225  0.806870485 0.334478306  0.005924984 0.111643747
0.663185097854  0.424615608 0.075384392  0.623621601 0.853060930  0.806902317 0.334128443  0.005908310 0.111804981
0.663329519102  0.424791919 0.075208081  0.623749527 0.853395591  0.806934070 0.333778661  0.005891678 0.111966172
0.66347394035  0.424968150 0.075031850  0.623877495 0.853730209  0.806965742 0.333428961  0.005875087 0.112127320
0.663618361598  0.425144300 0.074855700  0.624005504 0.854064784  0.806997335 0.333079342  0.005858539 0.112288426
0.663762782846  0.425320369 0.074679631  0.624133554 0.854399315  0.807028848 0.332729805  0.005842032 0.112449489
0.663907204093  0.425496358 0.074503642  0.624261645 0.854733804  0.807060280 0.332380349  0.005825567 0.112610510
0.664051625341  0.425672267 0.074327733  0.624389778 0.855068249  0.807091633 0.332030973  0.005809144 0.112771489
0.664196046589  0.425848095 0.074151905  0.624517951 0.855402651  0.807122907 0.331681680  0.005792763 0.112932425
0.664340467837  0.426023842 0.073976158  0.624646166 0.855737009  0.807154100 0.331332467  0.005776424 0.113093319
0.664484889084  0.426199510 0.073800490  0.624774422 0.856071325  0.807185214 0.330983335  0.005760126 0.113254170
0.664629310332  0.426375097 0.073624903  0.624902719 0.856405598  0.807216248 0.330634284  0.005743870 0.113414979
0.66477373158  0.426550604 0.073449396  0.625031057 0.856739827  0.807247203 0.330285314  0.005727656 0.113575746
0.664918152828  0.426726031 0.073273969  0.625159436 0.857074014  0.807278078 0.329936425  0.005711483 0.113736470
0.665062574076  0.426901378 0.073098622  0.625287856 0.857408158  0.807308873 0.329587617  0.005695352 0.113897152
0.665206995323  0.427076644 0.072923356  0.625416318 0.857742258  0.807339589 0.329238890  0.005679263 0.114057792
0.665351416571  0.427251831 0.072748169  0.625544820 0.858076316  0.807370226 0.328890243  0.005663215 0.114218390
0.665495837819  0.427426938 0.072573062  0.625673363 0.858410331  0.807400784 0.328541677  0.005647208 0.114378946
0.665640259067  0.427601965 0.072398035  0.625801947 0.858744303  0.807431262 0.328193191  0.005631244 0.114539459
0.665784680314  0.427776912 0.072223088  0.625930571 0.859078232  0.807461661 0.327844786  0.005615320 0.114699931
0.665929101562  0.427951780 0.072048220  0.626059237 0.859412118  0.807491981 0.327496462  0.005599438 0.114860360
0.66607352281  0.428126568 0.071873432  0.626187943 0.859745962  0.807522222 0.327148218  0.005583598 0.115020748
0.666217944058  0.428301276 0.071698724  0.626316691 0.860079763  0.807552384 0.326800054  0.005567799 0.115181093
0.666362365306  0.428475904 0.071524096  0.626445479 0.860413521  0.807582467 0.326451971  0.005552041 0.115341396
0.666506786553  0.428650453 0.071349547  0.626574307 0.860747237  0.807612471 0.326103967  0.005536325 0.115501658
0.666651207801  0.428824923 0.071175077  0.626703177 0.861080910  0.807642396 0.325756044  0.005520650 0.115661877
0.666795629049  0.428999313 0.071000687  0.626832087 0.861414540  0.807672242 0.325408202  0.005505016 0.115822055
0.666940050297  0.429173624 0.070826376  0.626961038 0.861748128  0.807702009 0.325060439  0.005489424 0.115982191
0.667084471545  0.429347855 0.070652145  0.627090029 0.862081673  0.807731698 0.324712756  0.005473872 0.116142285
0.667228892792  0.429522007 0.070477993  0.627219062 0.862415176  0.807761308 0.324365153  0.005458362 0.116302337
0.66737331404  0.429696080 0.070303920  0.627348134 0.862748636  0.807790840 0.324017631  0.005442894 0.116462347
0.667517735288  0.429870074 0.070129926  0.627477248 0.863082054  0.807820292 0.323670188  0.005427466 0.116622316
0.667662156536  0.430043989 0.069956011  0.627606401 0.863415429  0.807849667 0.323322824  0.005412079 0.116782243
0.667806577783  0.430217825 0.069782175  0.627735596 0.863748762  0.807878963 0.322975541  0.005396734 0.116942128
0.667950999031  0.430391581 0.069608419  0.627864831 0.864082053  0.807908180 0.322628337  0.005381429 0.117101972
0.668095420279  0.430565259 0.069434741  0.627994106 0.864415301  0.807937319 0.322281213  0.005366166 0.117261774
0.668239841527  0.430738858 0.069261142  0.628123422 0.864748507  0.807966380 0.321934169  0.005350944 0.117421534
0.668384262775  0.430912378 0.069087622  0.628252778 0.865081671  0.807995362 0.321587204  0.005335763 0.117581253
0.668528684022  0.431085819 0.068914181  0.628382174 0.865414793  0.808024267 0.321240318  0.005320622 0.117740930
0.66867310527  0.431259181 0.068740819  0.628511611 0.865747872  0.808053093 0.320893512  0.005305523 0.117900566
0.668817526518  0.431432465 0.068567535  0.628641089 0.866080909  0.808081841 0.320546786  0.005290464 0.118060160
0.668961947766  0.431605670 0.068394330  0.628770606 0.866413904  0.808110511 0.320200138  0.005275447 0.118219713
0.669106369013  0.431778797 0.068221203  0.628900164 0.866746857  0.808139103 0.319853570  0.005260470 0.118379224
0.669250790261  0.431951845 0.068048155  0.629029762 0.867079768  0.808167617 0.319507081  0.005245534 0.118538694
0.669395211509  0.432124815 0.067875185  0.629159401 0.867412637  0.808196053 0.319160671  0.005230639 0.118698123
0.669539632757  0.432297706 0.067702294  0.629289079 0.867745463  0.808224411 0.318814341  0.005215785 0.118857510
0.669684054005  0.432470519 0.067529481  0.629418798 0.868078248  0.808252692 0.318468089  0.005200971 0.119016856
0.669828475252  0.432643253 0.067356747  0.629548557 0.868410991  0.808280894 0.318121916  0.005186198 0.119176161
0.6699728965  0.432815909 0.067184091  0.629678356 0.868743692  0.808309020 0.317775823  0.005171466 0.119335424
0.670117317748  0.432988487 0.067011513  0.629808195 0.869076351  0.808337067 0.317429808  0.005156774 0.119494646
0.670261738996  0.433160987 0.066839013  0.629938074 0.869408968  0.808365037 0.317083872  0.005142124 0.119653827
0.670406160244  0.433333409 0.066666591  0.630067994 0.869741543  0.808392929 0.316738015  0.005127513 0.119812967
0.670550581491  0.433505753 0.066494247  0.630197953 0.870074077  0.808420744 0.316392236  0.005112944 0.119972065
0.670695002739  0.433678019 0.066321981  0.630327952 0.870406568  0.808448481 0.316046536  0.005098415 0.120131123
0.670839423987  0.433850207 0.066149793  0.630457992 0.870739018  0.808476141 0.315700915  0.005083926 0.120290139
0.670983845235  0.434022317 0.065977683  0.630588071 0.871071426  0.808503724 0.315355372  0.005069478 0.120449115
0.671128266482  0.434194349 0.065805651  0.630718190 0.871403793  0.808531229 0.315009908  0.005055071 0.120608049
0.67127268773  0.434366303 0.065633697  0.630848349 0.871736118  0.808558657 0.314664522  0.005040703 0.120766942
0.671417108978  0.434538180 0.065461820  0.630978548 0.872068401  0.808586008 0.314319214  0.005026377 0.120925795
0.671561530226  0.434709978 0.065290022  0.631108787 0.872400642  0.808613282 0.313973985  0.005012091 0.121084606
0.671705951474  0.434881700 0.065118300  0.631239066 0.872732842  0.808640478 0.313628835  0.004997845 0.121243377
0.671850372721  0.435053343 0.064946657  0.631369385 0.873065001  0.808667598 0.313283762  0.004983639 0.121402106
0.671994793969  0.435224910 0.064775090  0.631499743 0.873397118  0.808694641 0.312938767  0.004969474 0.121560795
0.672139215217  0.435396398 0.064603602  0.631630141 0.873729193  0.808721606 0.312593851  0.004955349 0.121719443
0.672283636465  0.435567810 0.064432190  0.631760579 0.874061228  0.808748495 0.312249013  0.004941264 0.121878050
0.672428057712  0.435739144 0.064260856  0.631891057 0.874393220  0.808775307 0.311904253  0.004927220 0.122036616
0.67257247896  0.435910400 0.064089600  0.632021574 0.874725171  0.808802042 0.311559570  0.004913216 0.122195142
0.672716900208  0.436081580 0.063918420  0.632152131 0.875057081  0.808828701 0.311214966  0.004899252 0.122353627
0.672861321456  0.436252682 0.063747318  0.632282727 0.875388950  0.808855283 0.310870439  0.004885328 0.122512071
0.673005742704  0.436423707 0.063576293  0.632413363 0.875720777  0.808881788 0.310525991  0.004871444 0.122670474
0.673150163951  0.436594655 0.063405345  0.632544039 0.876052563  0.808908216 0.310181620  0.004857601 0.122828837
0.673294585199  0.436765525 0.063234475  0.632674754 0.876384308  0.808934568 0.309837326  0.004843797 0.122987159
0.673439006447  0.436936319 0.063063681  0.632805509 0.876716011  0.808960844 0.309493111  0.004830034 0.123145441
0.673583427695  0.437107036 0.062892964  0.632936304 0.877047674  0.808987043 0.309148972  0.004816311 0.123303682
0.673727848943  0.437277676 0.062722324  0.633067137 0.877379295  0.809013166 0.308804912  0.004802627 0.123461883
0.67387227019  0.437448239 0.062551761  0.633198011 0.877710875  0.809039212 0.308460929  0.004788984 0.123620043
0.674016691438  0.437618725 0.062381275  0.633328923 0.878042414  0.809065183 0.308117023  0.004775381 0.123778162
0.674161112686  0.437789135 0.062210865  0.633459876 0.878373912  0.809091076 0.307773195  0.004761817 0.123936241
0.674305533934  0.437959468 0.062040532  0.633590867 0.878705369  0.809116894 0.307429444  0.004748294 0.124094280
0.674449955181  0.438129724 0.061870276  0.633721898 0.879036784  0.809142636 0.307085770  0.004734810 0.124252278
0.674594376429  0.438299904 0.061700096  0.633852968 0.879368159  0.809168301 0.306742173  0.004721366 0.124410236
0.674738797677  0.438470007 0.061529993  0.633984078 0.879699493  0.809193891 0.306398654  0.004707962 0.124568154
0.674883218925  0.438640033 0.061359967  0.634115227 0.880030786  0.809219404 0.306055212  0.004694598 0.124726031
0.675027640173  0.438809983 0.061190017  0.634246415 0.880362038  0.809244842 0.305711847  0.004681273 0.124883868
0.67517206142  0.438979857 0.061020143  0.634377642 0.880693250  0.809270204 0.305368558  0.004667989 0.125041665
0.675316482668  0.439149655 0.060850345  0.634508909 0.881024420  0.809295489 0.305025347  0.004654744 0.125199422
0.675460903916  0.439319376 0.060680624  0.634640215 0.881355550  0.809320699 0.304682213  0.004641538 0.125357138
0.675605325164  0.439489021 0.060510979  0.634771560 0.881686638  0.809345834 0.304339155  0.004628373 0.125514814
0.675749746411  0.439658589 0.060341411  0.634902944 0.882017687  0.809370892 0.303996174  0.004615247 0.125672450
0.675894167659  0.439828082 0.060171918  0.635034367 0.882348694  0.809395875 0.303653270  0.004602161 0.125830046
0.676038588907  0.439997498 0.060002502  0.635165829 0.882679661  0.809420783 0.303310443  0.004589114 0.125987602
0.676183010155  0.440166839 0.059833161  0.635297331 0.883010587  0.809445615 0.302967692  0.004576107 0.126145118
0.676327431403  0.440336103 0.059663897  0.635428871 0.883341472  0.809470371 0.302625018  0.004563139 0.126302593
0.67647185265  0.440505292 0.059494708  0.635560451 0.883672317  0.809495052 0.302282420  0.004550211 0.126460029
0.676616273898  0.440674404 0.059325596  0.635692069 0.884003121  0.809519657 0.301939899  0.004537322 0.126617425
0.676760695146  0.440843441 0.059156559  0.635823727 0.884333885  0.809544188 0.301597454  0.004524473 0.126774780
0.676905116394  0.441012402 0.058987598  0.635955423 0.884664608  0.809568642 0.301255086  0.004511663 0.126932096
0.677049537642  0.441181288 0.058818712  0.636087159 0.884995291  0.809593022 0.300912794  0.004498893 0.127089372
0.677193958889  0.441350097 0.058649903  0.636218933 0.885325933  0.809617327 0.300570578  0.004486162 0.127246608
0.677338380137  0.441518831 0.058481169  0.636350746 0.885656535  0.809641556 0.300228439  0.004473471 0.127403805
0.677482801385  0.441687490 0.058312510  0.636482598 0.885987096  0.809665710 0.299886375  0.004460819 0.127560961
0.677627222633  0.441856072 0.058143928  0.636614489 0.886317617  0.809689789 0.299544388  0.004448206 0.127718078
0.67777164388  0.442024580 0.057975420  0.636746418 0.886648098  0.809713793 0.299202476  0.004435632 0.127875154
0.677916065128  0.442193012 0.057806988  0.636878387 0.886978539  0.809737723 0.298860641  0.004423098 0.128032191
0.678060486376  0.442361368 0.057638632  0.637010394 0.887308939  0.809761577 0.298518882  0.004410603 0.128189189
0.678204907624  0.442529650 0.057470350  0.637142440 0.887639299  0.809785356 0.298177198  0.004398147 0.128346147
0.678349328872  0.442697856 0.057302144  0.637274525 0.887969618  0.809809061 0.297835591  0.004385730 0.128503065
0.678493750119  0.442865986 0.057134014  0.637406648 0.888299898  0.809832691 0.297494059  0.004373352 0.128659943
0.678638171367  0.443034042 0.056965958  0.637538810 0.888630137  0.809856246 0.297152603  0.004361014 0.128816782
0.678782592615  0.443202022 0.056797978  0.637671011 0.888960336  0.809879726 0.296811223  0.004348715 0.128973581
0.678927013863  0.443369928 0.056630072  0.637803250 0.889290495  0.809903132 0.296469918  0.004336455 0.129130341
0.679071435111  0.443537758 0.056462242  0.637935528 0.889620614  0.809926464 0.296128689  0.004324233 0.129287061
0.679215856358  0.443705513 0.056294487  0.638067844 0.889950693  0.809949720 0.295787535  0.004312051 0.129443742
0.679360277606  0.443873194 0.056126806  0.638200199 0.890280732  0.809972903 0.295446457  0.004299908 0.129600383
0.679504698854  0.444040799 0.055959201  0.638332593 0.890610731  0.809996011 0.295105455  0.004287804 0.129756985
0.679649120102  0.444208330 0.055791670  0.638465025 0.890940690  0.810019044 0.294764527  0.004275739 0.129913547
0.679793541349  0.444375786 0.055624214  0.638597495 0.891270609  0.810042003 0.294423675  0.004263713 0.130070070
0.679937962597  0.444543167 0.055456833  0.638730004 0.891600488  0.810064888 0.294082899  0.004251725 0.130226553
0.680082383845  0.444710473 0.055289527  0.638862551 0.891930327  0.810087699 0.293742197  0.004239777 0.130382998
0.680226805093  0.444877705 0.055122295  0.638995137 0.892260127  0.810110435 0.293401571  0.004227867 0.130539403
0.680371226341  0.445044863 0.054955137  0.639127761 0.892589886  0.810133098 0.293061020  0.004215996 0.130695768
0.680515647588  0.445211945 0.054788055  0.639260424 0.892919606  0.810155686 0.292720544  0.004204164 0.130852095
0.680660068836  0.445378953 0.054621047  0.639393125 0.893249286  0.810178200 0.292380143  0.004192371 0.131008382
0.680804490084  0.445545887 0.054454113  0.639525864 0.893578926  0.810200641 0.292039817  0.004180617 0.131164630
0.680948911332  0.445712747 0.054287253  0.639658641 0.893908527  0.810223007 0.291699565  0.004168901 0.131320839
0.681093332579  0.445879532 0.054120468  0.639791457 0.894238087  0.810245299 0.291359389  0.004157224 0.131477008
0.681237753827  0.446046243 0.053953757  0.639924311 0.894567609  0.810267518 0.291019288  0.004145586 0.131633139
0.681382175075  0.446212879 0.053787121  0.640057203 0.894897090  0.810289663 0.290679261  0.004133986 0.131789230
0.681526596323  0.446379441 0.053620559  0.640190133 0.895226532  0.810311734 0.290339309  0.004122425 0.131945283
0.681671017571  0.446545930 0.053454070  0.640323102 0.895555934  0.810333731 0.289999432  0.004110903 0.132101296
0.681815438818  0.446712344 0.053287656  0.640456108 0.895885297  0.810355655 0.289659629  0.004099419 0.132257270
0.681959860066  0.446878684 0.053121316  0.640589153 0.896214621  0.810377505 0.289319901  0.004087974 0.132413206
0.682104281314  0.447044950 0.052955050  0.640722236 0.896543904  0.810399281 0.288980247  0.004076567 0.132569102
0.682248702562  0.447211142 0.052788858  0.640855357 0.896873149  0.810420984 0.288640668  0.004065199 0.132724959
0.68239312381  0.447377260 0.052622740  0.640988516 0.897202354  0.810442614 0.288301164  0.004053869 0.132880778
0.682537545057  0.447543305 0.052456695  0.641121713 0.897531519  0.810464170 0.287961733  0.004042578 0.133036557
0.682681966305  0.447709275 0.052290725  0.641254948 0.897860646  0.810485652 0.287622377  0.004031325 0.133192298
0.682826387553  0.447875172 0.052124828  0.641388221 0.898189732  0.810507062 0.287283095  0.004020111 0.133348000
0.682970808801  0.448040995 0.051959005  0.641521532 0.898518780  0.810528398 0.286943888  0.004008934 0.133503663
0.683115230048  0.448206745 0.051793255  0.641654881 0.898847788  0.810549661 0.286604754  0.003997797 0.133659287
0.683259651296  0.448372421 0.051627579  0.641788268 0.899176757  0.810570850 0.286265695  0.003986697 0.133814873
0.683404072544  0.448538023 0.051461977  0.641921692 0.899505687  0.810591967 0.285926710  0.003975636 0.133970420
0.683548493792  0.448703552 0.051296448  0.642055155 0.899834577  0.810613010 0.285587799  0.003964614 0.134125928
0.68369291504  0.448869007 0.051130993  0.642188655 0.900163429  0.810633981 0.285248961  0.003953629 0.134281397
0.683837336287  0.449034389 0.050965611  0.642322194 0.900492241  0.810654878 0.284910198  0.003942683 0.134436828
0.683981757535  0.449199698 0.050800302  0.642455770 0.900821014  0.810675703 0.284571509  0.003931775 0.134592220
0.684126178783  0.449364933 0.050635067  0.642589384 0.901149748  0.810696454 0.284232893  0.003920905 0.134747574
0.684270600031  0.449530095 0.050469905  0.642723035 0.901478443  0.810717133 0.283894351  0.003910073 0.134902889
0.684415021278  0.449695184 0.050304816  0.642856724 0.901807099  0.810737739 0.283555883  0.003899280 0.135058165
0.684559442526  0.449860199 0.050139801  0.642990451 0.902135716  0.810758272 0.283217488  0.003888524 0.135213403
0.684703863774  0.450025142 0.049974858  0.643124216 0.902464293  0.810778732 0.282879167  0.003877807 0.135368602
0.684848285022  0.450190011 0.049809989  0.643258018 0.902792832  0.810799120 0.282540920  0.003867128 0.135523763
0.68499270627  0.450354807 0.049645193  0.643391858 0.903121332  0.810819435 0.282202746  0.003856486 0.135678886
0.685137127517  0.450519531 0.049480469  0.643525736 0.903449793  0.810839678 0.281864646  0.003845883 0.135833970
0.685281548765  0.450684181 0.049315819  0.643659651 0.903778216  0.810859848 0.281526619  0.003835318 0.135989016
0.685425970013  0.450848759 0.049151241  0.643793604 0.904106599  0.810879945 0.281188665  0.003824791 0.136144023
0.685570391261  0.451013263 0.048986737  0.643927594 0.904434943  0.810899970 0.280850785  0.003814301 0.136298992
0.685714812509  0.451177695 0.048822305  0.644061622 0.904763249  0.810919923 0.280512978  0.003803850 0.136453922
0.685859233756  0.451342055 0.048657945  0.644195687 0.905091516  0.810939803 0.280175244  0.003793436 0.136608815
0.686003655004  0.451506341 0.048493659  0.644329790 0.905419744  0.810959611 0.279837583  0.003783061 0.136763669
0.686148076252  0.451670555 0.048329445  0.644463931 0.905747934  0.810979347 0.279499996  0.003772723 0.136918485
0.6862924975  0.451834696 0.048165304  0.644598108 0.906076085  0.810999011 0.279162481  0.003762423 0.137073262
0.686436918747  0.451998765 0.048001235  0.644732323 0.906404197  0.811018602 0.278825040  0.003752161 0.137228002
0.686581339995  0.452162761 0.047837239  0.644866576 0.906732271  0.811038122 0.278487672  0.003741936 0.137382703
0.686725761243  0.452326685 0.047673315  0.645000866 0.907060305  0.811057569 0.278150376  0.003731750 0.137537366
0.686870182491  0.452490536 0.047509464  0.645135193 0.907388302  0.811076944 0.277813153  0.003721601 0.137691991
0.687014603739  0.452654315 0.047345685  0.645269557 0.907716260  0.811096247 0.277476003  0.003711490 0.137846578
0.687159024986  0.452818022 0.047181978  0.645403959 0.908044179  0.811115479 0.277138926  0.003701416 0.138001127
0.687303446234  0.452981656 0.047018344  0.645538398 0.908372060  0.811134638 0.276801922  0.003691380 0.138155638
0.687447867482  0.453145218 0.046854782  0.645672875 0.908699902  0.811153726 0.276464990  0.003681382 0.138310111
0.68759228873  0.453308708 0.046691292  0.645807388 0.909027706  0.811172741 0.276128131  0.003671421 0.138464546
0.687736709977  0.453472126 0.046527874  0.645941939 0.909355472  0.811191685 0.275791345  0.003661498 0.138618943
0.687881131225  0.453635472 0.046364528  0.646076527 0.909683199  0.811210558 0.275454631  0.003651613 0.138773302
0.688025552473  0.453798746 0.046201254  0.646211152 0.910010888  0.811229359 0.275117989  0.003641765 0.138927623
0.688169973721  0.453961948 0.046038052  0.646345814 0.910338538  0.811248088 0.274781420  0.003631954 0.139081906
0.688314394969  0.454125077 0.045874923  0.646480514 0.910666150  0.811266745 0.274444924  0.003622181 0.139236151
0.688458816216  0.454288135 0.045711865  0.646615250 0.910993724  0.811285331 0.274108499  0.003612446 0.139390359
0.688603237464  0.454451122 0.045548878  0.646750023 0.911321260  0.811303846 0.273772147  0.003602748 0.139544528
0.688747658712  0.454614036 0.045385964  0.646884834 0.911648757  0.811322289 0.273435867  0.003593087 0.139698660
0.68889207996  0.454776879 0.045223121  0.647019682 0.911976216  0.811340660 0.273099660  0.003583464 0.139852754
0.689036501208  0.454939649 0.045060351  0.647154566 0.912303637  0.811358961 0.272763524  0.003573878 0.140006811
0.689180922455  0.455102349 0.044897651  0.647289488 0.912631020  0.811377190 0.272427461  0.003564329 0.140160830
0.689325343703  0.455264976 0.044735024  0.647424446 0.912958365  0.811395348 0.272091470  0.003554818 0.140314811
0.689469764951  0.455427532 0.044572468  0.647559442 0.913285672  0.811413434 0.271755550  0.003545344 0.140468754
0.689614186199  0.455590017 0.044409983  0.647694474 0.913612940  0.811431450 0.271419703  0.003535907 0.140622660
0.689758607446  0.455752430 0.044247570  0.647829544 0.913940171  0.811449394 0.271083927  0.003526508 0.140776528
0.689903028694  0.455914772 0.044085228  0.647964650 0.914267363  0.811467268 0.270748224  0.003517146 0.140930358
0.690047449942  0.456077042 0.043922958  0.648099793 0.914594518  0.811485070 0.270412592  0.003507821 0.141084151
0.69019187119  0.456239241 0.043760759  0.648234972 0.914921635  0.811502801 0.270077032  0.003498533 0.141237907
0.690336292438  0.456401368 0.043598632  0.648370189 0.915248713  0.811520461 0.269741543  0.003489282 0.141391625
0.690480713685  0.456563425 0.043436575  0.648505443 0.915575754  0.811538051 0.269406126  0.003480069 0.141545305
0.690625134933  0.456725410 0.043274590  0.648640733 0.915902757  0.811555570 0.269070781  0.003470892 0.141698948
0.690769556181  0.456887324 0.043112676  0.648776060 0.916229722  0.811573017 0.268735508  0.003461753 0.141852554
0.690913977429  0.457049167 0.042950833  0.648911423 0.916556650  0.811590395 0.268400305  0.003452650 0.142006122
0.691058398676  0.457210939 0.042789061  0.649046823 0.916883539  0.811607701 0.268065175  0.003443585 0.142159653
0.691202819924  0.457372640 0.042627360  0.649182260 0.917210391  0.811624937 0.267730116  0.003434557 0.142313147
0.691347241172  0.457534270 0.042465730  0.649317734 0.917537205  0.811642102 0.267395128  0.003425566 0.142466603
0.69149166242  0.457695829 0.042304171  0.649453244 0.917863981  0.811659196 0.267060211  0.003416611 0.142620021
0.691636083668  0.457857317 0.042142683  0.649588791 0.918190720  0.811676220 0.266725366  0.003407694 0.142773403
0.691780504915  0.458018735 0.041981265  0.649724375 0.918517420  0.811693174 0.266390592  0.003398814 0.142926747
0.691924926163  0.458180082 0.041819918  0.649859995 0.918844084  0.811710057 0.266055889  0.003389970 0.143080054
0.692069347411  0.458341357 0.041658643  0.649995651 0.919170709  0.811726870 0.265721257  0.003381163 0.143233324
0.692213768659  0.458502563 0.041497437  0.650131344 0.919497298  0.811743612 0.265386697  0.003372394 0.143386557
0.692358189907  0.458663697 0.041336303  0.650267074 0.919823848  0.811760284 0.265052207  0.003363661 0.143539752
0.692502611154  0.458824761 0.041175239  0.650402840 0.920150361  0.811776886 0.264717788  0.003354965 0.143692911
0.692647032402  0.458985755 0.041014245  0.650538642 0.920476837  0.811793417 0.264383441  0.003346305 0.143846032
0.69279145365  0.459146678 0.040853322  0.650674481 0.920803275  0.811809879 0.264049164  0.003337682 0.143999116
0.692935874898  0.459307530 0.040692470  0.650810356 0.921129675  0.811826270 0.263714958  0.003329097 0.144152163
0.693080296145  0.459468312 0.040531688  0.650946268 0.921456038  0.811842591 0.263380823  0.003320547 0.144305173
0.693224717393  0.459629024 0.040370976  0.651082216 0.921782364  0.811858843 0.263046758  0.003312035 0.144458147
0.693369138641  0.459789665 0.040210335  0.651218201 0.922108653  0.811875024 0.262712765  0.003303559 0.144611083
0.693513559889  0.459950236 0.040049764  0.651354221 0.922434904  0.811891135 0.262378842  0.003295120 0.144763982
0.693657981137  0.460110737 0.039889263  0.651490278 0.922761117  0.811907176 0.262044989  0.003286717 0.144916844
0.693802402384  0.460271168 0.039728832  0.651626372 0.923087294  0.811923148 0.261711207  0.003278351 0.145069669
0.693946823632  0.460431529 0.039568471  0.651762501 0.923413433  0.811939049 0.261377496  0.003270022 0.145222458
0.69409124488  0.460591819 0.039408181  0.651898667 0.923739535  0.811954881 0.261043855  0.003261729 0.145375209
0.694235666128  0.460752040 0.039247960  0.652034869 0.924065600  0.811970643 0.260710285  0.003253473 0.145527924
0.694380087375  0.460912190 0.039087810  0.652171107 0.924391627  0.811986336 0.260376784  0.003245253 0.145680602
0.694524508623  0.461072271 0.038927729  0.652307382 0.924717617  0.812001959 0.260043355  0.003237069 0.145833243
0.694668929871  0.461232281 0.038767719  0.652443692 0.925043571  0.812017512 0.259709995  0.003228922 0.145985847
0.694813351119  0.461392222 0.038607778  0.652580039 0.925369487  0.812032995 0.259376706  0.003220812 0.146138415
0.694957772367  0.461552093 0.038447907  0.652716421 0.925695366  0.812048410 0.259043487  0.003212738 0.146290946
0.695102193614  0.461711894 0.038288106  0.652852840 0.926021208  0.812063754 0.258710338  0.003204700 0.146443440
0.695246614862  0.461871626 0.038128374  0.652989295 0.926347013  0.812079029 0.258377259  0.003196699 0.146595897
0.69539103611  0.462031287 0.037968713  0.653125786 0.926672781  0.812094235 0.258044250  0.003188734 0.146748318
0.695535457358  0.462190880 0.037809120  0.653262313 0.926998512  0.812109372 0.257711311  0.003180805 0.146900702
0.695679878606  0.462350402 0.037649598  0.653398876 0.927324206  0.812124439 0.257378442  0.003172913 0.147053050
0.695824299853  0.462509855 0.037490145  0.653535475 0.927649863  0.812139437 0.257045643  0.003165057 0.147205361
0.695968721101  0.462669238 0.037330762  0.653672110 0.927975483  0.812154366 0.256712914  0.003157237 0.147357636
0.696113142349  0.462828553 0.037171447  0.653808780 0.928301066  0.812169225 0.256380255  0.003149453 0.147509874
0.696257563597  0.462987797 0.037012203  0.653945487 0.928626613  0.812184016 0.256047665  0.003141706 0.147662075
0.696401984844  0.463146972 0.036853028  0.654082230 0.928952122  0.812198737 0.255715146  0.003133995 0.147814240
0.696546406092  0.463306078 0.036693922  0.654219008 0.929277595  0.812213390 0.255382696  0.003126320 0.147966369
0.69669082734  0.463465115 0.036534885  0.654355822 0.929603031  0.812227973 0.255050315  0.003118681 0.148118461
0.696835248588  0.463624082 0.036375918  0.654492673 0.929928430  0.812242488 0.254718004  0.003111078 0.148270517
0.696979669836  0.463782981 0.036217019  0.654629558 0.930253793  0.812256933 0.254385763  0.003103511 0.148422536
0.697124091083  0.463941810 0.036058190  0.654766480 0.930579119  0.812271310 0.254053591  0.003095980 0.148574519
0.697268512331  0.464100570 0.035899430  0.654903438 0.930904408  0.812285618 0.253721488  0.003088486 0.148726466
0.697412933579  0.464259261 0.035740739  0.655040431 0.931229661  0.812299857 0.253389455  0.003081027 0.148878376
0.697557354827  0.464417883 0.035582117  0.655177460 0.931554877  0.812314027 0.253057491  0.003073605 0.149030250
0.697701776075  0.464576435 0.035423565  0.655314524 0.931880056  0.812328129 0.252725597  0.003066218 0.149182088
0.697846197322  0.464734919 0.035265081  0.655451625 0.932205199  0.812342162 0.252393772  0.003058867 0.149333890
0.69799061857  0.464893335 0.035106665  0.655588761 0.932530305  0.812356127 0.252062016  0.003051553 0.149485655
0.698135039818  0.465051681 0.034948319  0.655725932 0.932855375  0.812370023 0.251730329  0.003044274 0.149637384
0.698279461066  0.465209958 0.034790042  0.655863139 0.933180408  0.812383850 0.251398711  0.003037031 0.149789078
0.698423882313  0.465368167 0.034631833  0.656000382 0.933505405  0.812397609 0.251067163  0.003029824 0.149940734
0.698568303561  0.465526307 0.034473693  0.656137661 0.933830365  0.812411299 0.250735683  0.003022653 0.150092355
0.698712724809  0.465684379 0.034315621  0.656274975 0.934155289  0.812424922 0.250404272  0.003015517 0.150243940
0.698857146057  0.465842382 0.034157618  0.656412324 0.934480176  0.812438475 0.250072931  0.003008418 0.150395489
0.699001567305  0.466000316 0.033999684  0.656549709 0.934805027  0.812451961 0.249741658  0.003001354 0.150547001
0.699145988552  0.466158182 0.033841818  0.656687129 0.935129842  0.812465378 0.249410454  0.002994326 0.150698478
0.6992904098  0.466315979 0.033684021  0.656824585 0.935454621  0.812478727 0.249079319  0.002987333 0.150849918
0.699434831048  0.466473708 0.033526292  0.656962077 0.935779363  0.812492008 0.248748253  0.002980377 0.151001323
0.699579252296  0.466631368 0.033368632  0.657099603 0.936104069  0.812505221 0.248417255  0.002973456 0.151152692
0.699723673543  0.466788960 0.033211040  0.657237166 0.936428738  0.812518365 0.248086326  0.002966571 0.151304024
0.699868094791  0.466946484 0.033053516  0.657374763 0.936753372  0.812531442 0.247755465  0.002959721 0.151455321
0.700012516039  0.467103939 0.032896061  0.657512396 0.937077969  0.812544450 0.247424674  0.002952907 0.151606582
0.700156937287  0.467261327 0.032738673  0.657650064 0.937402530  0.812557391 0.247093950  0.002946129 0.151757807
0.700301358535  0.467418646 0.032581354  0.657787768 0.937727055  0.812570264 0.246763295  0.002939386 0.151908997
0.700445779782  0.467575897 0.032424103  0.657925507 0.938051544  0.812583068 0.246432709  0.002932678 0.152060150
0.70059020103  0.467733080 0.032266920  0.658063281 0.938375997  0.812595805 0.246102191  0.002926007 0.152211268
0.700734622278  0.467890195 0.032109805  0.658201091 0.938700414  0.812608475 0.245771741  0.002919370 0.152362350
0.700879043526  0.468047241 0.031952759  0.658338935 0.939024794  0.812621076 0.245441360  0.002912770 0.152513396
0.701023464774  0.468204220 0.031795780  0.658476815 0.939349139  0.812633610 0.245111047  0.002906204 0.152664406
0.701167886021  0.468361131 0.031638869  0.658614730 0.939673448  0.812646076 0.244780802  0.002899675 0.152815381
0.701312307269  0.468517974 0.031482026  0.658752680 0.939997720  0.812658474 0.244450625  0.002893180 0.152966320
0.701456728517  0.468674750 0.031325250  0.658890666 0.940321957  0.812670805 0.244120517  0.002886721 0.153117224
0.701601149765  0.468831457 0.031168543  0.659028686 0.940646158  0.812683069 0.243790476  0.002880297 0.153268091
0.701745571012  0.468988097 0.031011903  0.659166742 0.940970323  0.812695264 0.243460504  0.002873909 0.153418924
0.70188999226  0.469144669 0.030855331  0.659304833 0.941294452  0.812707393 0.243130599  0.002867556 0.153569720
0.702034413508  0.469301174 0.030698826  0.659442958 0.941618545  0.812719454 0.242800762  0.002861239 0.153720481
0.702178834756  0.469457611 0.030542389  0.659581119 0.941942603  0.812731447 0.242470994  0.002854956 0.153871207
0.702323256004  0.469613980 0.030386020  0.659719315 0.942266624  0.812743374 0.242141293  0.002848709 0.154021897
0.702467677251  0.469770282 0.030229718  0.659857546 0.942590610  0.812755233 0.241811660  0.002842497 0.154172552
0.702612098499  0.469926516 0.030073484  0.659995812 0.942914561  0.812767024 0.241482095  0.002836321 0.154323171
0.702756519747  0.470082683 0.029917317  0.660134113 0.943238475  0.812778749 0.241152597  0.002830179 0.154473755
0.702900940995  0.470238782 0.029761218  0.660272449 0.943562354  0.812790406 0.240823167  0.002824073 0.154624303
0.703045362242  0.470394814 0.029605186  0.660410819 0.943886197  0.812801997 0.240493805  0.002818002 0.154774816
0.70318978349  0.470550779 0.029449221  0.660549225 0.944210004  0.812813520 0.240164510  0.002811966 0.154925293
0.703334204738  0.470706677 0.029293323  0.660687665 0.944533776  0.812824976 0.239835283  0.002805965 0.155075736
0.703478625986  0.470862507 0.029137493  0.660826141 0.944857512  0.812836365 0.239506123  0.002799999 0.155226142
0.703623047234  0.471018270 0.028981730  0.660964651 0.945181213  0.812847687 0.239177031  0.002794069 0.155376514
0.703767468481  0.471173966 0.028826034  0.661103196 0.945504878  0.812858943 0.238848006  0.002788173 0.155526850
0.703911889729  0.471329595 0.028670405  0.661241776 0.945828508  0.812870131 0.238519049  0.002782312 0.155677151
0.704056310977  0.471485157 0.028514843  0.661380391 0.946152102  0.812881253 0.238190159  0.002776487 0.155827417
0.704200732225  0.471640652 0.028359348  0.661519040 0.946475661  0.812892308 0.237861336  0.002770696 0.155977648
0.704345153473  0.471796079 0.028203921  0.661657724 0.946799184  0.812903296 0.237532580  0.002764940 0.156127843
0.70448957472  0.471951440 0.028048560  0.661796443 0.947122672  0.812914217 0.237203891  0.002759220 0.156278004
0.704633995968  0.472106735 0.027893265  0.661935197 0.947446124  0.812925072 0.236875270  0.002753534 0.156428129
0.704778417216  0.472261962 0.027738038  0.662073985 0.947769541  0.812935860 0.236546716  0.002747883 0.156578219
0.704922838464  0.472417122 0.027582878  0.662212808 0.948092923  0.812946581 0.236218229  0.002742267 0.156728274
0.705067259711  0.472572216 0.027427784  0.662351665 0.948416269  0.812957236 0.235889808  0.002736686 0.156878294
0.705211680959  0.472727243 0.027272757  0.662490557 0.948739581  0.812967825 0.235561455  0.002731139 0.157028279
0.705356102207  0.472882203 0.027117797  0.662629484 0.949062856  0.812978347 0.235233169  0.002725628 0.157178229
0.705500523455  0.473037097 0.026962903  0.662768446 0.949386097  0.812988803 0.234904949  0.002720151 0.157328143
0.705644944703  0.473191924 0.026808076  0.662907442 0.949709302  0.812999192 0.234576797  0.002714709 0.157478023
0.70578936595  0.473346685 0.026653315  0.663046472 0.950032472  0.813009515 0.234248711  0.002709302 0.157627868
0.705933787198  0.473501379 0.026498621  0.663185537 0.950355607  0.813019771 0.233920692  0.002703929 0.157777678
0.706078208446  0.473656007 0.026343993  0.663324636 0.950678707  0.813029962 0.233592740  0.002698592 0.157927453
0.706222629694  0.473810568 0.026189432  0.663463770 0.951001772  0.813040086 0.233264854  0.002693288 0.158077194
0.706367050941  0.473965063 0.026034937  0.663602939 0.951324802  0.813050144 0.232937035  0.002688020 0.158226899
0.706511472189  0.474119491 0.025880509  0.663742142 0.951647796  0.813060136 0.232609282  0.002682786 0.158376569
0.706655893437  0.474273853 0.025726147  0.663881379 0.951970756  0.813070061 0.232281596  0.002677587 0.158526205
0.706800314685  0.474428150 0.025571850  0.664020651 0.952293680  0.813079921 0.231953976  0.002672422 0.158675806
0.706944735933  0.474582379 0.025417621  0.664159957 0.952616570  0.813089715 0.231626423  0.002667292 0.158825372
0.70708915718  0.474736543 0.025263457  0.664299297 0.952939424  0.813099443 0.231298937  0.002662197 0.158974904
0.707233578428  0.474890641 0.025109359  0.664438672 0.953262244  0.813109104 0.230971516  0.002657136 0.159124400
0.707377999676  0.475044672 0.024955328  0.664578081 0.953585028  0.813118700 0.230644162  0.002652109 0.159273862
0.707522420924  0.475198637 0.024801363  0.664717524 0.953907778  0.813128230 0.230316874  0.002647117 0.159423290
0.707666842172  0.475352537 0.024647463  0.664857002 0.954230493  0.813137695 0.229989653  0.002642160 0.159572682
0.707811263419  0.475506370 0.024493630  0.664996514 0.954553173  0.813147093 0.229662497  0.002637237 0.159722040
0.707955684667  0.475660138 0.024339862  0.665136060 0.954875818  0.813156426 0.229335408  0.002632348 0.159871364
0.708100105915  0.475813840 0.024186160  0.665275640 0.955198428  0.813165693 0.229008385  0.002627494 0.160020652
0.708244527163  0.475967476 0.024032524  0.665415255 0.955521004  0.813174895 0.228681427  0.002622674 0.160169907
0.70838894841  0.476121046 0.023878954  0.665554904 0.955843544  0.813184031 0.228354536  0.002617889 0.160319126
0.708533369658  0.476274550 0.023725450  0.665694587 0.956166050  0.813193101 0.228027711  0.002613138 0.160468312
0.708677790906  0.476427989 0.023572011  0.665834304 0.956488522  0.813202106 0.227700952  0.002608421 0.160617462
0.708822212154  0.476581362 0.023418638  0.665974055 0.956810958  0.813211045 0.227374258  0.002603738 0.160766578
0.708966633402  0.476734669 0.023265331  0.666113840 0.957133360  0.813219919 0.227047631  0.002599090 0.160915660
0.709111054649  0.476887911 0.023112089  0.666253660 0.957455728  0.813228727 0.226721069  0.002594476 0.161064707
0.709255475897  0.477041087 0.022958913  0.666393513 0.957778060  0.813237471 0.226394573  0.002589896 0.161213720
0.709399897145  0.477194198 0.022805802  0.666533400 0.958100358  0.813246148 0.226068142  0.002585351 0.161362699
0.709544318393  0.477347243 0.022652757  0.666673322 0.958422622  0.813254761 0.225741778  0.002580839 0.161511643
0.70968873964  0.477500223 0.022499777  0.666813277 0.958744851  0.813263308 0.225415478  0.002576362 0.161660553
0.709833160888  0.477653138 0.022346862  0.666953267 0.959067045  0.813271790 0.225089245  0.002571919 0.161809428
0.709977582136  0.477805987 0.022194013  0.667093290 0.959389205  0.813280207 0.224763077  0.002567510 0.161958269
0.710122003384  0.477958771 0.022041229  0.667233348 0.959711331  0.813288559 0.224436974  0.002563136 0.162107076
0.710266424632  0.478111490 0.021888510  0.667373439 0.960033422  0.813296846 0.224110937  0.002558795 0.162255849
0.710410845879  0.478264143 0.021735857  0.667513564 0.960355479  0.813305068 0.223784966  0.002554488 0.162404587
0.710555267127  0.478416732 0.021583268  0.667653723 0.960677501  0.813313224 0.223459059  0.002550216 0.162553292
0.710699688375  0.478569255 0.021430745  0.667793916 0.960999489  0.813321316 0.223133218  0.002545977 0.162701962
0.710844109623  0.478721713 0.021278287  0.667934143 0.961321442  0.813329343 0.222807442  0.002541773 0.162850598
0.710988530871  0.478874106 0.021125894  0.668074404 0.961643361  0.813337305 0.222481732  0.002537602 0.162999199
0.711132952118  0.479026434 0.020973566  0.668214698 0.961965246  0.813345202 0.222156086  0.002533466 0.163147767
0.711277373366  0.479178698 0.020821302  0.668355026 0.962287096  0.813353034 0.221830506  0.002529363 0.163296300
0.711421794614  0.479330896 0.020669104  0.668495388 0.962608913  0.813360802 0.221504991  0.002525294 0.163444800
0.711566215862  0.479483029 0.020516971  0.668635784 0.962930695  0.813368505 0.221179541  0.002521259 0.163593265
0.711710637109  0.479635098 0.020364902  0.668776214 0.963252443  0.813376143 0.220854156  0.002517259 0.163741697
0.711855058357  0.479787102 0.020212898  0.668916677 0.963574156  0.813383716 0.220528836  0.002513291 0.163890094
0.711999479605  0.479939041 0.020060959  0.669057174 0.963895836  0.813391225 0.220203581  0.002509358 0.164038457
0.712143900853  0.480090915 0.019909085  0.669197704 0.964217481  0.813398669 0.219878391  0.002505459 0.164186787
0.712288322101  0.480242725 0.019757275  0.669338268 0.964539092  0.813406049 0.219553265  0.002501593 0.164335082
0.712432743348  0.480394470 0.019605530  0.669478866 0.964860669  0.813413365 0.219228205  0.002497761 0.164483344
0.712577164596  0.480546150 0.019453850  0.669619498 0.965182212  0.813420616 0.218903209  0.002493963 0.164631571
0.712721585844  0.480697766 0.019302234  0.669760163 0.965503721  0.813427802 0.218578278  0.002490199 0.164779765
0.712866007092  0.480849317 0.019150683  0.669900861 0.965825196  0.813434924 0.218253411  0.002486468 0.164927925
0.713010428339  0.481000804 0.018999196  0.670041593 0.966146637  0.813441982 0.217928609  0.002482771 0.165076051
0.713154849587  0.481152226 0.018847774  0.670182359 0.966468044  0.813448975 0.217603872  0.002479108 0.165224143
0.713299270835  0.481303585 0.018696415  0.670323158 0.966789417  0.813455905 0.217279200  0.002475478 0.165372201
0.713443692083  0.481454878 0.018545122  0.670463991 0.967110756  0.813462770 0.216954591  0.002471883 0.165520226
0.713588113331  0.481606108 0.018393892  0.670604857 0.967432061  0.813469571 0.216630048  0.002468320 0.165668217
0.713732534578  0.481757273 0.018242727  0.670745757 0.967753333  0.813476307 0.216305568  0.002464791 0.165816174
0.713876955826  0.481908374 0.018091626  0.670886690 0.968074570  0.813482980 0.215981154  0.002461296 0.165964098
0.714021377074  0.482059411 0.017940589  0.671027656 0.968395774  0.813489589 0.215656803  0.002457835 0.166111987
0.714165798322  0.482210383 0.017789617  0.671168656 0.968716944  0.813496133 0.215332517  0.002454406 0.166259844
0.71431021957  0.482361292 0.017638708  0.671309690 0.969038079  0.813502614 0.215008295  0.002451012 0.166407666
0.714454640817  0.482512136 0.017487864  0.671450756 0.969359182  0.813509031 0.214684137  0.002447651 0.166555455
0.714599062065  0.482662917 0.017337083  0.671591856 0.969680250  0.813515383 0.214360044  0.002444323 0.166703210
0.714743483313  0.482813633 0.017186367  0.671732990 0.970001285  0.813521672 0.214036014  0.002441029 0.166850932
0.714887904561  0.482964286 0.017035714  0.671874156 0.970322286  0.813527897 0.213712049  0.002437768 0.166998620
0.715032325808  0.483114874 0.016885126  0.672015356 0.970643253  0.813534059 0.213388147  0.002434541 0.167146275
0.715176747056  0.483265399 0.016734601  0.672156589 0.970964187  0.813540156 0.213064310  0.002431347 0.167293896
0.715321168304  0.483415860 0.016584140  0.672297856 0.971285087  0.813546190 0.212740537  0.002428186 0.167441483
0.715465589552  0.483566257 0.016433743  0.672439155 0.971605953  0.813552160 0.212416827  0.002425059 0.167589038
0.7156100108  0.483716590 0.016283410  0.672580488 0.971926786  0.813558067 0.212093182  0.002421965 0.167736558
0.715754432047  0.483866860 0.016133140  0.672721854 0.972247586  0.813563910 0.211769600  0.002418904 0.167884046
0.715898853295  0.484017066 0.015982934  0.672863253 0.972568351  0.813569690 0.211446082  0.002415877 0.168031500
0.716043274543  0.484167208 0.015832792  0.673004686 0.972889084  0.813575405 0.211122628  0.002412883 0.168178920
0.716187695791  0.484317287 0.015682713  0.673146151 0.973209782  0.813581058 0.210799238  0.002409922 0.168326307
0.716332117039  0.484467302 0.015532698  0.673287650 0.973530448  0.813586647 0.210475911  0.002406994 0.168473661
0.716476538286  0.484617254 0.015382746  0.673429182 0.973851079  0.813592173 0.210152648  0.002404100 0.168620982
0.716620959534  0.484767143 0.015232857  0.673570746 0.974171678  0.813597635 0.209829448  0.002401239 0.168768269
0.716765380782  0.484916967 0.015083033  0.673712344 0.974492243  0.813603034 0.209506312  0.002398411 0.168915523
0.71690980203  0.485066729 0.014933271  0.673853975 0.974812774  0.813608370 0.209183240  0.002395616 0.169062743
0.717054223277  0.485216427 0.014783573  0.673995639 0.975133273  0.813613642 0.208860231  0.002392854 0.169209931
0.717198644525  0.485366062 0.014633938  0.674137336 0.975453738  0.813618852 0.208537285  0.002390125 0.169357085
0.717343065773  0.485515634 0.014484366  0.674279066 0.975774169  0.813623998 0.208214403  0.002387430 0.169504206
0.717487487021  0.485665142 0.014334858  0.674420829 0.976094568  0.813629081 0.207891585  0.002384767 0.169651294
0.717631908269  0.485814587 0.014185413  0.674562624 0.976414933  0.813634101 0.207568829  0.002382138 0.169798349
0.717776329516  0.485963969 0.014036031  0.674704453 0.976735264  0.813639057 0.207246137  0.002379541 0.169945370
0.717920750764  0.486113288 0.013886712  0.674846315 0.977055563  0.813643951 0.206923508  0.002376978 0.170092359
0.718065172012  0.486262544 0.013737456  0.674988209 0.977375828  0.813648782 0.206600942  0.002374447 0.170239314
0.71820959326  0.486411737 0.013588263  0.675130137 0.977696061  0.813653550 0.206278439  0.002371950 0.170386237
0.718354014507  0.486560867 0.013439133  0.675272097 0.978016260  0.813658255 0.205956000  0.002369485 0.170533126
0.718498435755  0.486709933 0.013290067  0.675414090 0.978336426  0.813662897 0.205633623  0.002367054 0.170679982
0.718642857003  0.486858937 0.013141063  0.675556116 0.978656559  0.813667477 0.205311310  0.002364655 0.170826806
0.718787278251  0.487007879 0.012992121  0.675698175 0.978976658  0.813671993 0.204989059  0.002362289 0.170973596
0.718931699499  0.487156757 0.012843243  0.675840266 0.979296725  0.813676447 0.204666872  0.002359956 0.171120353
0.719076120746  0.487305572 0.012694428  0.675982390 0.979616759  0.813680838 0.204344747  0.002357656 0.171267078
0.719220541994  0.487454325 0.012545675  0.676124547 0.979936759  0.813685167 0.204022685  0.002355389 0.171413769
0.719364963242  0.487603015 0.012396985  0.676266737 0.980256727  0.813689433 0.203700686  0.002353154 0.171560428
0.71950938449  0.487751642 0.012248358  0.676408959 0.980576662  0.813693636 0.203378750  0.002350953 0.171707054
0.719653805738  0.487900207 0.012099793  0.676551214 0.980896563  0.813697776 0.203056876  0.002348784 0.171853647
0.719798226985  0.488048709 0.011951291  0.676693502 0.981216432  0.813701855 0.202735066  0.002346648 0.172000207
0.719942648233  0.488197149 0.011802851  0.676835822 0.981536268  0.813705870 0.202413317  0.002344544 0.172146734
0.720087069481  0.488345526 0.011654474  0.676978175 0.981856071  0.813709824 0.202091632  0.002342473 0.172293229
0.720231490729  0.488493840 0.011506160  0.677120561 0.982175841  0.813713714 0.201770009  0.002340435 0.172439690
0.720375911976  0.488642092 0.011357908  0.677262979 0.982495579  0.813717543 0.201448448  0.002338430 0.172586119
0.720520333224  0.488790282 0.011209718  0.677405430 0.982815283  0.813721309 0.201126951  0.002336457 0.172732516
0.720664754472  0.488938409 0.011061591  0.677547913 0.983134955  0.813725013 0.200805515  0.002334517 0.172878879
0.72080917572  0.489086474 0.010913526  0.677690429 0.983454594  0.813728655 0.200484142  0.002332609 0.173025210
0.720953596968  0.489234477 0.010765523  0.677832978 0.983774200  0.813732234 0.200162831  0.002330735 0.173171508
0.721098018215  0.489382418 0.010617582  0.677975558 0.984093774  0.813735751 0.199841583  0.002328892 0.173317774
0.721242439463  0.489530296 0.010469704  0.678118172 0.984413314  0.813739206 0.199520397  0.002327082 0.173464007
0.721386860711  0.489678112 0.010321888  0.678260818 0.984732822  0.813742599 0.199199273  0.002325305 0.173610207
0.721531281959  0.489825866 0.010174134  0.678403496 0.985052298  0.813745930 0.198878212  0.002323560 0.173756375
0.721675703206  0.489973558 0.010026442  0.678546207 0.985371741  0.813749199 0.198557212  0.002321848 0.173902510
0.721820124454  0.490121187 0.009878813  0.678688950 0.985691151  0.813752406 0.198236275  0.002320168 0.174048613
0.721964545702  0.490268755 0.009731245  0.678831725 0.986010529  0.813755551 0.197915400  0.002318521 0.174194683
0.72210896695  0.490416261 0.009583739  0.678974533 0.986329874  0.813758634 0.197594586  0.002316906 0.174340721
0.722253388198  0.490563705 0.009436295  0.679117373 0.986649186  0.813761655 0.197273835  0.002315323 0.174486726
0.722397809445  0.490711087 0.009288913  0.679260246 0.986968466  0.813764614 0.196953146  0.002313773 0.174632699
0.722542230693  0.490858407 0.009141593  0.679403151 0.987287713  0.813767512 0.196632519  0.002312256 0.174778639
0.722686651941  0.491005665 0.008994335  0.679546088 0.987606928  0.813770348 0.196311954  0.002310770 0.174924547
0.722831073189  0.491152862 0.008847138  0.679689057 0.987926111  0.813773122 0.195991450  0.002309317 0.175070423
0.722975494437  0.491299997 0.008700003  0.679832059 0.988245261  0.813775834 0.195671008  0.002307896 0.175216266
0.723119915684  0.491447070 0.008552930  0.679975093 0.988564379  0.813778485 0.195350629  0.002306508 0.175362077
0.723264336932  0.491594081 0.008405919  0.680118159 0.988883464  0.813781074 0.195030310  0.002305152 0.175507855
0.72340875818  0.491741031 0.008258969  0.680261258 0.989202517  0.813783601 0.194710054  0.002303828 0.175653602
0.723553179428  0.491887919 0.008112081  0.680404388 0.989521538  0.813786067 0.194389859  0.002302536 0.175799315
0.723697600675  0.492034745 0.007965255  0.680547551 0.989840526  0.813788471 0.194069726  0.002301277 0.175944997
0.723842021923  0.492181510 0.007818490  0.680690746 0.990159482  0.813790814 0.193749654  0.002300050 0.176090646
0.723986443171  0.492328214 0.007671786  0.680833973 0.990478405  0.813793096 0.193429644  0.002298855 0.176236264
0.724130864419  0.492474856 0.007525144  0.680977232 0.990797297  0.813795316 0.193109696  0.002297692 0.176381849
0.724275285667  0.492621437 0.007378563  0.681120523 0.991116156  0.813797475 0.192789808  0.002296561 0.176527401
0.724419706914  0.492767956 0.007232044  0.681263847 0.991434983  0.813799572 0.192469983  0.002295462 0.176672922
0.724564128162  0.492914414 0.007085586  0.681407202 0.991753778  0.813801608 0.192150218  0.002294396 0.176818410
0.72470854941  0.493060811 0.006939189  0.681550589 0.992072540  0.813803583 0.191830515  0.002293361 0.176963867
0.724852970658  0.493207147 0.006792853  0.681694009 0.992391271  0.813805497 0.191510874  0.002292359 0.177109291
0.724997391905  0.493353421 0.006646579  0.681837460 0.992709969  0.813807349 0.191191293  0.002291389 0.177254683
0.725141813153  0.493499634 0.006500366  0.681980944 0.993028635  0.813809140 0.190871774  0.002290450 0.177400043
0.725286234401  0.493645786 0.006354214  0.682124459 0.993347269  0.813810871 0.190552316  0.002289544 0.177545371
0.725430655649  0.493791877 0.006208123  0.682268007 0.993665872  0.813812540 0.190232919  0.002288670 0.177690667
0.725575076897  0.493937906 0.006062094  0.682411586 0.993984442  0.813814148 0.189913583  0.002287827 0.177835931
0.725719498144  0.494083875 0.005916125  0.682555197 0.994302980  0.813815695 0.189594309  0.002287017 0.177981163
0.725863919392  0.494229783 0.005770217  0.682698840 0.994621486  0.813817181 0.189275095  0.002286238 0.178126363
0.72600834064  0.494375630 0.005624370  0.682842515 0.994939960  0.813818606 0.188955942  0.002285492 0.178271532
0.726152761888  0.494521416 0.005478584  0.682986222 0.995258402  0.813819971 0.188636850  0.002284777 0.178416668
0.726297183136  0.494667141 0.005332859  0.683129961 0.995576812  0.813821274 0.188317819  0.002284094 0.178561772
0.726441604383  0.494812805 0.005187195  0.683273731 0.995895190  0.813822517 0.187998849  0.002283443 0.178706844
0.726586025631  0.494958408 0.005041592  0.683417534 0.996213536  0.813823699 0.187679940  0.002282824 0.178851885
0.726730446879  0.495103951 0.004896049  0.683561368 0.996531851  0.813824820 0.187361092  0.002282237 0.178996894
0.726874868127  0.495249433 0.004750567  0.683705234 0.996850134  0.813825881 0.187042304  0.002281682 0.179141871
0.727019289374  0.495394854 0.004605146  0.683849132 0.997168384  0.813826880 0.186723577  0.002281158 0.179286816
0.727163710622  0.495540215 0.004459785  0.683993061 0.997486603  0.813827820 0.186404911  0.002280666 0.179431729
0.72730813187  0.495685515 0.004314485  0.684137022 0.997804791  0.813828698 0.186086306  0.002280206 0.179576611
0.727452553118  0.495830754 0.004169246  0.684281015 0.998122946  0.813829516 0.185767761  0.002279777 0.179721461
0.727596974366  0.495975933 0.004024067  0.684425040 0.998441070  0.813830274 0.185449276  0.002279380 0.179866279
0.727741395613  0.496121051 0.003878949  0.684569096 0.998759162  0.813830971 0.185130852  0.002279015 0.180011065
0.727885816861  0.496266109 0.003733891  0.684713184 0.999077222  0.813831607 0.184812489  0.002278682 0.180155820
0.728030238109  0.496411106 0.003588894  0.684857303 0.999395251  0.813832183 0.184494186  0.002278380 0.180300543
0.728174659357  0.496556043 0.003443957  0.685001454 0.999713248  0.813832699 0.184175943  0.002278110 0.180445234
0.728319080604  0.496700920 0.003299080  0.685145637 0.000031213  0.813833154 0.183857761  0.002277871 0.180589894
0.728463501852  0.496845737 0.003154263  0.685289852 0.000349147  0.813833550 0.183539639  0.002277665 0.180734522
0.7286079231  0.496990493 0.003009507  0.685434097 0.000667049  0.813833884 0.183221577  0.002277489 0.180879119
0.728752344348  0.497135188 0.002864812  0.685578375 0.000984920  0.813834159 0.182903576  0.002277345 0.181023684
0.728896765596  0.497279824 0.002720176  0.685722684 0.001302759  0.813834373 0.182585635  0.002277233 0.181168218
0.729041186843  0.497424400 0.002575600  0.685867024 0.001620566  0.813834528 0.182267754  0.002277152 0.181312720
0.729185608091  0.497568915 0.002431085  0.686011396 0.001938342  0.813834622 0.181949933  0.002277103 0.181457190
0.729330029339  0.497713370 0.002286630  0.686155800 0.002256087  0.813834656 0.181632172  0.002277085 0.181601629
0.729474450587  0.497857765 0.002142235  0.686300235 0.002573800  0.813834630 0.181314472  0.002277099 0.181746037
0.729618871835  0.498002101 0.001997899  0.686444701 0.002891482  0.813834544 0.180996831  0.002277144 0.181890413
0.729763293082  0.498146376 0.001853624  0.686589199 0.003209132  0.813834398 0.180679250  0.002277220 0.182034758
0.72990771433  0.498290591 0.001709409  0.686733728 0.003526751  0.813834191 0.180361730  0.002277328 0.182179071
0.730052135578  0.498434746 0.001565254  0.686878288 0.003844338  0.813833926 0.180044269  0.002277468 0.182323353
0.730196556826  0.498578842 0.001421158  0.687022880 0.004161894  0.813833600 0.179726868  0.002277638 0.182467604
0.730340978073  0.498722877 0.001277123  0.687167504 0.004479419  0.813833214 0.179409527  0.002277840 0.182611823
0.730485399321  0.498866853 0.001133147  0.687312158 0.004796913  0.813832769 0.179092245  0.002278074 0.182756011
0.730629820569  0.499010769 0.000989231  0.687456844 0.005114375  0.813832263 0.178775024  0.002278338 0.182900168
0.730774241817  0.499154626 0.000845374  0.687601561 0.005431806  0.813831698 0.178457862  0.002278634 0.183044293
0.730918663065  0.499298422 0.000701578  0.687746310 0.005749205  0.813831074 0.178140760  0.002278961 0.183188387
0.731063084312  0.499442159 0.000557841  0.687891090 0.006066574  0.813830389 0.177823717  0.002279320 0.183332450
0.73120750556  0.499585837 0.000414163  0.688035901 0.006383911  0.813829645 0.177506734  0.002279710 0.183476482
0.731351926808  0.499729454 0.000270546  0.688180743 0.006701217  0.813828842 0.177189811  0.002280130 0.183620482
0.731496348056  0.499873013 0.000126987  0.688325616 0.007018492  0.813827979 0.176872947  0.002280583 0.183764451
0.731640769303  0.500016511 0.999983489  0.688470521 0.007335736  0.813827056 0.176556142  0.002281066 0.183908389
0.731785190551  0.500159951 0.999840049  0.688615457 0.007652948  0.813826074 0.176239397  0.002281580 0.184052296
0.731929611799  0.500303330 0.999696670  0.688760424 0.007970130  0.813825032 0.175922712  0.002282126 0.184196172
0.732074033047  0.500446651 0.999553349  0.688905422 0.008287280  0.813823931 0.175606086  0.002282703 0.184340017
0.732218454295  0.500589912 0.999410088  0.689050452 0.008604400  0.813822771 0.175289519  0.002283310 0.184483831
0.732362875542  0.500733114 0.999266886  0.689195512 0.008921488  0.813821551 0.174973011  0.002283949 0.184627613
0.73250729679  0.500876256 0.999123744  0.689340603 0.009238546  0.813820272 0.174656563  0.002284619 0.184771365
0.732651718038  0.501019339 0.998980661  0.689485726 0.009555572  0.813818934 0.174340174  0.002285320 0.184915085
0.732796139286  0.501162363 0.998837637  0.689630880 0.009872567  0.813817536 0.174023844  0.002286053 0.185058775
0.732940560534  0.501305328 0.998694672  0.689776064 0.010189532  0.813816079 0.173707573  0.002286816 0.185202433
0.733084981781  0.501448234 0.998551766  0.689921280 0.010506465  0.813814563 0.173391362  0.002287610 0.185346061
0.733229403029  0.501591080 0.998408920  0.690066527 0.010823368  0.813812988 0.173075209  0.002288435 0.185489657
0.733373824277  0.501733868 0.998266132  0.690211805 0.011140240  0.813811354 0.172759116  0.002289291 0.185633223
0.733518245525  0.501876596 0.998123404  0.690357113 0.011457080  0.813809661 0.172443081  0.002290178 0.185776758
0.733662666772  0.502019266 0.997980734  0.690502453 0.011773890  0.813807908 0.172127106  0.002291096 0.185920262
0.73380708802  0.502161876 0.997838124  0.690647823 0.012090669  0.813806097 0.171811189  0.002292044 0.186063735
0.733951509268  0.502304428 0.997695572  0.690793225 0.012407418  0.813804227 0.171495331  0.002293024 0.186207177
0.734095930516  0.502446920 0.997553080  0.690938657 0.012724135  0.813802297 0.171179532  0.002294035 0.186350588
0.734240351764  0.502589354 0.997410646  0.691084121 0.013040822  0.813800309 0.170863792  0.002295076 0.186493969
0.734384773011  0.502731729 0.997268271  0.691229615 0.013357478  0.813798262 0.170548111  0.002296148 0.186637318
0.734529194259  0.502874045 0.997125955  0.691375140 0.013674104  0.813796157 0.170232489  0.002297251 0.186780637
0.734673615507  0.503016303 0.996983697  0.691520696 0.013990698  0.813793992 0.169916925  0.002298385 0.186923925
0.734818036755  0.503158501 0.996841499  0.691666282 0.014307262  0.813791769 0.169601419  0.002299550 0.187067183
0.734962458003  0.503300641 0.996699359  0.691811900 0.014623795  0.813789486 0.169285973  0.002300745 0.187210410
0.73510687925  0.503442723 0.996557277  0.691957548 0.014940298  0.813787146 0.168970585  0.002301971 0.187353606
0.735251300498  0.503584745 0.996415255  0.692103227 0.015256770  0.813784746 0.168655255  0.002303228 0.187496771
0.735395721746  0.503726710 0.996273290  0.692248937 0.015573212  0.813782288 0.168339985  0.002304516 0.187639906
0.735540142994  0.503868615 0.996131385  0.692394678 0.015889622  0.813779772 0.168024772  0.002305834 0.187783010
0.735684564241  0.504010463 0.995989537  0.692540449 0.016206003  0.813777196 0.167709618  0.002307183 0.187926083
0.735828985489  0.504152251 0.995847749  0.692686251 0.016522352  0.813774563 0.167394523  0.002308562 0.188069126
0.735973406737  0.504293982 0.995706018  0.692832084 0.016838672  0.813771871 0.167079485  0.002309973 0.188212138
0.736117827985  0.504435653 0.995564347  0.692977947 0.017154960  0.813769120 0.166764506  0.002311413 0.188355120
0.736262249233  0.504577267 0.995422733  0.693123841 0.017471219  0.813766311 0.166449586  0.002312885 0.188498071
0.73640667048  0.504718822 0.995281178  0.693269766 0.017787446  0.813763443 0.166134723  0.002314387 0.188640992
0.736551091728  0.504860319 0.995139681  0.693415721 0.018103644  0.813760518 0.165819919  0.002315919 0.188783882
0.736695512976  0.505001758 0.994998242  0.693561707 0.018419811  0.813757534 0.165505173  0.002317482 0.188926742
0.736839934224  0.505143138 0.994856862  0.693707723 0.018735947  0.813754491 0.165190485  0.002319076 0.189069571
0.736984355471  0.505284460 0.994715540  0.693853770 0.019052053  0.813751391 0.164875856  0.002320700 0.189212370
0.737128776719  0.505425725 0.994574275  0.693999848 0.019368129  0.813748232 0.164561284  0.002322355 0.189355138
0.737273197967  0.505566931 0.994433069  0.694145956 0.019684175  0.813745015 0.164246771  0.002324040 0.189497876
0.737417619215  0.505708078 0.994291922  0.694292094 0.020000190  0.813741740 0.163932315  0.002325755 0.189640583
0.737562040463  0.505849168 0.994150832  0.694438263 0.020316175  0.813738406 0.163617917  0.002327501 0.189783261
0.73770646171  0.505990200 0.994009800  0.694584463 0.020632129  0.813735015 0.163303578  0.002329278 0.189925907
0.737850882958  0.506131174 0.993868826  0.694730693 0.020948054  0.813731566 0.162989296  0.002331085 0.190068524
0.737995304206  0.506272090 0.993727910  0.694876953 0.021263948  0.813728059 0.162675072  0.002332922 0.190211110
0.738139725454  0.506412948 0.993587052  0.695023244 0.021579812  0.813724493 0.162360906  0.002334789 0.190353666
0.738284146702  0.506553748 0.993446252  0.695169566 0.021895646  0.813720870 0.162046797  0.002336687 0.190496191
0.738428567949  0.506694491 0.993305509  0.695315917 0.022211449  0.813717189 0.161732747  0.002338615 0.190638687
0.738572989197  0.506835175 0.993164825  0.695462300 0.022527223  0.813713450 0.161418754  0.002340574 0.190781152
0.738717410445  0.506975802 0.993024198  0.695608712 0.022842966  0.813709653 0.161104818  0.002342563 0.190923587
0.738861831693  0.507116371 0.992883629  0.695755155 0.023158679  0.813705798 0.160790941  0.002344582 0.191065991
0.73900625294  0.507256883 0.992743117  0.695901628 0.023474362  0.813701886 0.160477121  0.002346631 0.191208366
0.739150674188  0.507397337 0.992602663  0.696048132 0.023790015  0.813697916 0.160163358  0.002348711 0.191350710
0.739295095436  0.507537733 0.992462267  0.696194666 0.024105638  0.813693888 0.159849653  0.002350821 0.191493024
0.739439516684  0.507678071 0.992321929  0.696341230 0.024421231  0.813689802 0.159536006  0.002352961 0.191635308
0.739583937932  0.507818352 0.992181648  0.696487824 0.024736794  0.813685659 0.159222416  0.002355131 0.191777562
0.739728359179  0.507958576 0.992041424  0.696634449 0.025052327  0.813681459 0.158908883  0.002357331 0.191919786
0.739872780427  0.508098742 0.991901258  0.696781103 0.025367830  0.813677200 0.158595408  0.002359562 0.192061980
0.740017201675  0.508238850 0.991761150  0.696927789 0.025683303  0.813672884 0.158281990  0.002361822 0.192204144
0.740161622923  0.508378902 0.991621098  0.697074504 0.025998746  0.813668511 0.157968630  0.002364113 0.192346277
0.74030604417  0.508518895 0.991481105  0.697221249 0.026314159  0.813664080 0.157655326  0.002366434 0.192488381
0.740450465418  0.508658832 0.991341168  0.697368025 0.026629543  0.813659592 0.157342080  0.002368785 0.192630455
0.740594886666  0.508798711 0.991201289  0.697514831 0.026944896  0.813655046 0.157028891  0.002371166 0.192772498
0.740739307914  0.508938533 0.991061467  0.697661667 0.027260220  0.813650443 0.156715760  0.002373577 0.192914512
0.740883729162  0.509078298 0.990921702  0.697808533 0.027575513  0.813645783 0.156402685  0.002376018 0.193056496
0.741028150409  0.509218005 0.990781995  0.697955429 0.027890777  0.813641066 0.156089668  0.002378489 0.193198450
0.741172571657  0.509357655 0.990642345  0.698102355 0.028206011  0.813636291 0.155776707  0.002380991 0.193340374
0.741316992905  0.509497248 0.990502752  0.698249311 0.028521216  0.813631459 0.155463804  0.002383522 0.193482268
0.741461414153  0.509636784 0.990363216  0.698396298 0.028836390  0.813626569 0.155150958  0.002386083 0.193624132
0.741605835401  0.509776263 0.990223737  0.698543314 0.029151535  0.813621623 0.154838168  0.002388674 0.193765967
0.741750256648  0.509915685 0.990084315  0.698690361 0.029466651  0.813616619 0.154525436  0.002391295 0.193907771
0.741894677896  0.510055050 0.989944950  0.698837437 0.029781736  0.813611559 0.154212760  0.002393946 0.194049546
0.742039099144  0.510194358 0.989805642  0.698984544 0.030096792  0.813606441 0.153900141  0.002396626 0.194191291
0.742183520392  0.510333609 0.989666391  0.699131680 0.030411818  0.813601266 0.153587579  0.002399337 0.194333006
0.742327941639  0.510472803 0.989527197  0.699278846 0.030726815  0.813596034 0.153275074  0.002402077 0.194474692
0.742472362887  0.510611941 0.989388059  0.699426043 0.031041782  0.813590745 0.152962625  0.002404848 0.194616348
0.742616784135  0.510751021 0.989248979  0.699573269 0.031356719  0.813585400 0.152650233  0.002407648 0.194757974
0.742761205383  0.510890045 0.989109955  0.699720525 0.031671627  0.813579997 0.152337898  0.002410478 0.194899570
0.742905626631  0.511029012 0.988970988  0.699867811 0.031986505  0.813574538 0.152025620  0.002413337 0.195041137
0.743050047878  0.511167922 0.988832078  0.700015127 0.032301354  0.813569022 0.151713398  0.002416227 0.195182674
0.743194469126  0.511306775 0.988693225  0.700162473 0.032616173  0.813563449 0.151401232  0.002419146 0.195324181
0.743338890374  0.511445572 0.988554428  0.700309849 0.032930963  0.813557819 0.151089124  0.002422095 0.195465659
0.743483311622  0.511584312 0.988415688  0.700457254 0.033245723  0.813552132 0.150777071  0.002425074 0.195607107
0.743627732869  0.511722996 0.988277004  0.700604689 0.033560454  0.813546389 0.150465075  0.002428082 0.195748525
0.743772154117  0.511861623 0.988138377  0.700752154 0.033875155  0.813540589 0.150153136  0.002431120 0.195889914
0.743916575365  0.512000194 0.987999806  0.700899649 0.034189827  0.813534732 0.149841253  0.002434188 0.196031274
0.744060996613  0.512138708 0.987861292  0.701047174 0.034504470  0.813528819 0.149529426  0.002437285 0.196172603
0.744205417861  0.512277165 0.987722835  0.701194728 0.034819083  0.813522850 0.149217655  0.002440412 0.196313904
0.744349839108  0.512415567 0.987584433  0.701342312 0.035133667  0.813516823 0.148905941  0.002443569 0.196455175
0.744494260356  0.512553912 0.987446088  0.701489926 0.035448221  0.813510741 0.148594283  0.002446755 0.196596416
0.744638681604  0.512692200 0.987307800  0.701637570 0.035762747  0.813504601 0.148282681  0.002449971 0.196737628
0.744783102852  0.512830432 0.987169568  0.701785243 0.036077242  0.813498406 0.147971136  0.002453216 0.196878811
0.7449275241  0.512968608 0.987031392  0.701932946 0.036391709  0.813492154 0.147659646  0.002456491 0.197019964
0.745071945347  0.513106728 0.986893272  0.702080678 0.036706146  0.813485845 0.147348213  0.002459795 0.197161087
0.745216366595  0.513244791 0.986755209  0.702228440 0.037020555  0.813479480 0.147036836  0.002463129 0.197302182
0.745360787843  0.513382798 0.986617202  0.702376232 0.037334934  0.813473059 0.146725514  0.002466493 0.197443246
0.745505209091  0.513520750 0.986479250  0.702524053 0.037649283  0.813466582 0.146414249  0.002469886 0.197584282
0.745649630338  0.513658645 0.986341355  0.702671904 0.037963604  0.813460048 0.146103040  0.002473308 0.197725288
0.745794051586  0.513796483 0.986203517  0.702819785 0.038277895  0.813453458 0.145791886  0.002476760 0.197866265
0.745938472834  0.513934266 0.986065734  0.702967695 0.038592158  0.813446812 0.145480789  0.002480241 0.198007213
0.746082894082  0.514071993 0.985928007  0.703115635 0.038906391  0.813440110 0.145169747  0.002483752 0.198148131
0.74622731533  0.514209664 0.985790336  0.703263604 0.039220595  0.813433352 0.144858761  0.002487292 0.198289020
0.746371736577  0.514347279 0.985652721  0.703411603 0.039534770  0.813426538 0.144547831  0.002490861 0.198429880
0.746516157825  0.514484838 0.985515162  0.703559631 0.039848916  0.813419667 0.144236957  0.002494460 0.198570711
0.746660579073  0.514622341 0.985377659  0.703707688 0.040163032  0.813412741 0.143926138  0.002498088 0.198711512
0.746805000321  0.514759789 0.985240211  0.703855775 0.040477120  0.813405759 0.143615376  0.002501745 0.198852284
0.746949421568  0.514897180 0.985102820  0.704003892 0.040791179  0.813398720 0.143304668  0.002505432 0.198993028
0.747093842816  0.515034516 0.984965484  0.704152038 0.041105209  0.813391626 0.142994017  0.002509148 0.199133741
0.747238264064  0.515171796 0.984828204  0.704300213 0.041419210  0.813384476 0.142683421  0.002512894 0.199274426
0.747382685312  0.515309020 0.984690980  0.704448418 0.041733182  0.813377270 0.142372880  0.002516668 0.199415082
0.74752710656  0.515446189 0.984553811  0.704596652 0.042047125  0.813370008 0.142062395  0.002520472 0.199555708
0.747671527807  0.515583301 0.984416699  0.704744916 0.042361039  0.813362691 0.141751965  0.002524305 0.199696306
0.747815949055  0.515720359 0.984279641  0.704893209 0.042674924  0.813355317 0.141441591  0.002528167 0.199836874
0.747960370303  0.515857361 0.984142639  0.705041531 0.042988781  0.813347888 0.141131273  0.002532059 0.199977414
0.748104791551  0.515994307 0.984005693  0.705189883 0.043302608  0.813340403 0.140821009  0.002535979 0.200117924
0.748249212799  0.516131197 0.983868803  0.705338263 0.043616407  0.813332863 0.140510801  0.002539929 0.200258406
0.748393634046  0.516268033 0.983731967  0.705486674 0.043930177  0.813325267 0.140200648  0.002543908 0.200398858
0.748538055294  0.516404812 0.983595188  0.705635113 0.044243918  0.813317615 0.139890551  0.002547916 0.200539281
0.748682476542  0.516541537 0.983458463  0.705783582 0.044557630  0.813309908 0.139580509  0.002551953 0.200679676
0.74882689779  0.516678206 0.983321794  0.705932080 0.044871314  0.813302145 0.139270522  0.002556019 0.200820041
0.748971319037  0.516814819 0.983185181  0.706080607 0.045184969  0.813294327 0.138960590  0.002560114 0.200960378
0.749115740285  0.516951378 0.983048622  0.706229163 0.045498595  0.813286453 0.138650713  0.002564239 0.201100686
0.749260161533  0.517087881 0.982912119  0.706377749 0.045812192  0.813278524 0.138340891  0.002568392 0.201240964
0.749404582781  0.517224329 0.982775671  0.706526363 0.046125761  0.813270540 0.138031125  0.002572574 0.201381214
0.749549004029  0.517360721 0.982639279  0.706675007 0.046439301  0.813262500 0.137721413  0.002576786 0.201521436
0.749693425276  0.517497059 0.982502941  0.706823680 0.046752813  0.813254405 0.137411757  0.002581026 0.201661628
0.749837846524  0.517633341 0.982366659  0.706972382 0.047066296  0.813246254 0.137102155  0.002585296 0.201801791
0.749982267772  0.517769568 0.982230432  0.707121114 0.047379750  0.813238048 0.136792608  0.002589594 0.201941926
0.75012668902  0.517905740 0.982094260  0.707269874 0.047693175  0.813229787 0.136483116  0.002593921 0.202082032
0.750271110267  0.518041857 0.981958143  0.707418663 0.048006573  0.813221471 0.136173679  0.002598277 0.202222109
0.750415531515  0.518177919 0.981822081  0.707567482 0.048319941  0.813213099 0.135864297  0.002602662 0.202362157
0.750559952763  0.518313926 0.981686074  0.707716330 0.048633281  0.813204673 0.135554970  0.002607076 0.202502177
0.750704374011  0.518449878 0.981550122  0.707865206 0.048946593  0.813196191 0.135245697  0.002611519 0.202642168
